;FLAVOR:Marlin
;TIME:2118
;Filament used: 1.54817m
;Layer height: 0.25
;MINX:26.227
;MINY:51.227
;MINZ:0.3
;MAXX:93.773
;MAXY:68.773
;MAXZ:40.8
;Generated with Cura_SteamEngine 4.8.0
M140 S60
M105
M190 S60
M104 S190
M105
M109 S190
M82 ;absolute extrusion mode
G28 ;Home
G1 Z15.0 F6000 ;Move the platform down 15mm
;Prime the extruder
G92 E0
G1 F200 E3
G92 E0
G92 E0
G92 E0
G1 F2700 E-4
;LAYER_COUNT:163
;LAYER:0
M107
M204 S1000
M205 X30 Y30
G0 F1350 X31.271 Y51.659 Z0.3
M204 S500
M205 X10 Y10
;TYPE:SKIRT
G1 F2700 E0
G1 F900 X31.776 Y51.443 E0.03528
G1 X32.307 Y51.302 E0.07057
G1 X32.878 Y51.239 E0.10747
G1 X33.516 Y51.227 E0.14846
G1 X86.347 Y51.227 E3.54199
G1 X87.049 Y51.237 E3.58708
G1 X87.596 Y51.285 E3.62235
G1 X88.13 Y51.412 E3.65761
G1 X88.64 Y51.615 E3.69287
G1 X89.116 Y51.889 E3.72815
G1 X89.561 Y52.244 E3.76471
G1 X89.946 Y52.61 E3.79884
G1 X92.227 Y54.891 E4.00604
G1 X92.685 Y55.363 E4.04829
G1 X93.037 Y55.783 E4.08349
G1 X93.325 Y56.251 E4.11878
G1 X93.542 Y56.755 E4.15403
G1 X93.684 Y57.286 E4.18934
G1 X93.768 Y58.107 E4.24235
G1 X93.773 Y58.516 E4.26862
G1 X93.773 Y61.347 E4.45047
G1 X93.763 Y62.049 E4.49556
G1 X93.715 Y62.596 E4.53084
G1 X93.588 Y63.13 E4.56609
G1 X93.385 Y63.64 E4.60135
G1 X93.111 Y64.116 E4.63663
G1 X92.756 Y64.561 E4.6732
G1 X92.365 Y64.971 E4.70959
G1 X90.115 Y67.22 E4.91393
G1 X89.621 Y67.699 E4.95813
G1 X89.201 Y68.051 E4.99333
G1 X88.733 Y68.339 E5.02863
G1 X88.228 Y68.556 E5.06393
G1 X87.698 Y68.697 E5.09916
G1 X87.122 Y68.761 E5.13639
G1 X86.484 Y68.773 E5.17738
G1 X33.653 Y68.773 E8.5709
G1 X32.951 Y68.763 E8.616
G1 X32.404 Y68.715 E8.65127
G1 X31.87 Y68.588 E8.68653
G1 X31.36 Y68.385 E8.72179
G1 X30.884 Y68.111 E8.75707
G1 X30.439 Y67.756 E8.79363
G1 X30.018 Y67.353 E8.83107
G1 X27.769 Y65.105 E9.03532
G1 X27.298 Y64.618 E9.07884
G1 X26.946 Y64.197 E9.11409
G1 X26.659 Y63.729 E9.14935
G1 X26.443 Y63.224 E9.18463
G1 X26.302 Y62.693 E9.21992
G1 X26.239 Y62.122 E9.25682
G1 X26.227 Y61.484 E9.29781
G1 X26.227 Y58.653 E9.47966
G1 X26.237 Y57.951 E9.52475
G1 X26.285 Y57.404 E9.56003
G1 X26.412 Y56.87 E9.59528
G1 X26.615 Y56.36 E9.63054
G1 X26.889 Y55.884 E9.66582
G1 X27.244 Y55.439 E9.70239
G1 X27.635 Y55.029 E9.73878
G1 X29.895 Y52.769 E9.94408
G1 X30.382 Y52.298 E9.98759
G1 X30.803 Y51.946 E10.02284
G1 X30.919 Y51.875 E10.03158
G0 F720 X31.271 Y51.659
M204 S1000
M205 X30 Y30
G0 F1350 X31.573 Y52.084
M204 S500
M205 X10 Y10
G1 F900 X32.047 Y51.896 E10.06433
G1 X32.545 Y51.785 E10.09711
G1 X33.113 Y51.747 E10.13367
G1 X33.522 Y51.742 E10.15995
G1 X86.339 Y51.742 E13.55257
G1 X87.041 Y51.752 E13.59767
G1 X87.549 Y51.8 E13.63045
G1 X88.044 Y51.925 E13.66324
G1 X88.512 Y52.127 E13.69598
G1 X88.944 Y52.399 E13.72877
G1 X89.363 Y52.762 E13.76438
G1 X89.614 Y53.007 E13.78691
G1 X91.857 Y55.249 E13.99062
G1 X92.315 Y55.721 E14.03287
G1 X92.641 Y56.114 E14.06567
G1 X92.901 Y56.553 E14.09844
G1 X93.089 Y57.027 E14.13119
G1 X93.215 Y57.632 E14.17089
G1 X93.258 Y58.522 E14.22812
G1 X93.258 Y61.339 E14.40907
G1 X93.248 Y62.041 E14.45417
G1 X93.2 Y62.549 E14.48694
G1 X93.075 Y63.044 E14.51974
G1 X92.873 Y63.512 E14.55248
G1 X92.601 Y63.944 E14.58527
G1 X92.238 Y64.363 E14.62088
G1 X91.972 Y64.636 E14.64536
G1 X89.757 Y66.85 E14.84653
G1 X89.263 Y67.329 E14.89073
G1 X88.87 Y67.654 E14.92348
G1 X88.431 Y67.914 E14.95626
G1 X87.957 Y68.103 E14.98903
G1 X87.459 Y68.215 E15.02182
G1 X86.957 Y68.251 E15.05415
G1 X86.478 Y68.258 E15.08492
G1 X33.661 Y68.258 E18.47755
G1 X32.959 Y68.248 E18.52265
G1 X32.451 Y68.2 E18.55542
G1 X31.956 Y68.075 E18.58822
G1 X31.488 Y67.873 E18.62096
G1 X31.056 Y67.601 E18.65375
G1 X30.637 Y67.238 E18.68936
G1 X30.355 Y66.962 E18.7147
G1 X28.139 Y64.747 E18.91596
G1 X27.668 Y64.26 E18.95948
G1 X27.343 Y63.867 E18.99224
G1 X27.084 Y63.427 E19.02503
G1 X26.896 Y62.953 E19.05779
G1 X26.785 Y62.455 E19.09056
G1 X26.747 Y61.887 E19.12713
G1 X26.742 Y61.478 E19.1534
G1 X26.742 Y58.661 E19.33435
G1 X26.752 Y57.959 E19.37944
G1 X26.8 Y57.451 E19.41222
G1 X26.925 Y56.956 E19.44501
G1 X27.127 Y56.488 E19.47775
G1 X27.399 Y56.056 E19.51055
G1 X27.762 Y55.637 E19.54615
G1 X28.028 Y55.365 E19.57059
G1 X30.253 Y53.139 E19.77276
G1 X30.74 Y52.668 E19.81628
G1 X31.133 Y52.343 E19.84903
G1 X31.217 Y52.293 E19.85531
G0 F720 X31.573 Y52.084
M204 S1000
M205 X30 Y30
G1 F2700 E15.85531
;MESH:temperaturetowerv2.stl
G0 F1350 X32.298 Y54.762
G0 X33.326 Y55.789
G0 X88.714 Y58.532
M204 S500
M205 X10 Y10
;TYPE:WALL-INNER
G1 F2700 E19.85531
G1 F900 X88.714 Y61.468 E20.01246
G1 X86.468 Y63.714 E20.18248
G1 X33.532 Y63.714 E23.01593
G1 X31.286 Y61.468 E23.18594
G1 X31.286 Y58.532 E23.34309
G1 X33.532 Y56.286 E23.51311
G1 X86.468 Y56.286 E26.34656
G1 X88.422 Y58.24 E26.49447
G0 F720 X88.714 Y58.532
M204 S1000
M205 X30 Y30
G0 F1350 X89.229 Y58.319
M204 S500
M205 X10 Y10
G1 F900 X89.229 Y61.681 E26.67442
G1 X86.681 Y64.229 E26.8673
G1 X33.319 Y64.229 E29.72355
G1 X30.771 Y61.681 E29.91642
G1 X30.771 Y58.319 E30.09638
G1 X33.319 Y55.771 E30.28925
G1 X86.681 Y55.771 E33.1455
G1 X88.937 Y58.027 E33.31627
G0 F720 X89.229 Y58.319
M204 S1000
M205 X30 Y30
G0 F1350 X89.743 Y58.107
M204 S500
M205 X10 Y10
;TYPE:WALL-OUTER
G1 F900 X89.743 Y61.893 E33.51892
G1 X86.893 Y64.743 E33.73466
G1 X33.107 Y64.743 E36.6136
G1 X30.257 Y61.893 E36.82934
G1 X30.257 Y58.107 E37.03199
G1 X33.107 Y55.257 E37.24772
G1 X86.893 Y55.257 E40.12667
G1 X89.451 Y57.815 E40.3203
G0 F720 X89.743 Y58.107
M204 S1000
M205 X30 Y30
G0 F1350 X89.743 Y58.357
G0 X89.129 Y58.357
G0 X88.21 Y58.742
M204 S500
M205 X10 Y10
;TYPE:SKIN
G1 F900 X88.21 Y61.258 E40.48191
G1 X86.258 Y63.21 E40.65923
G1 X33.742 Y63.21 E44.03253
G1 X31.79 Y61.258 E44.20985
G1 X31.79 Y58.742 E44.37146
G1 X33.742 Y56.79 E44.54878
G1 X86.258 Y56.79 E47.92207
G1 X87.918 Y58.45 E48.07287
G0 F720 X88.21 Y58.742
M204 S1000
M205 X30 Y30
G0 F1350 X86.154 Y57.021
M204 S500
M205 X10 Y10
G1 F900 X87.977 Y58.844 E48.23847
M204 S1000
M205 X30 Y30
G0 F1350 X87.977 Y59.573
M204 S500
M205 X10 Y10
G1 F900 X85.426 Y57.021 E48.47025
M204 S1000
M205 X30 Y30
G0 F1350 X84.697 Y57.021
M204 S500
M205 X10 Y10
G1 F900 X87.977 Y60.301 E48.7682
M204 S1000
M205 X30 Y30
G0 F1350 X87.977 Y61.029
M204 S500
M205 X10 Y10
G1 F900 X83.969 Y57.021 E49.13229
M204 S1000
M205 X30 Y30
G0 F1350 X83.241 Y57.021
M204 S500
M205 X10 Y10
G1 F900 X87.679 Y61.459 E49.53544
M204 S1000
M205 X30 Y30
G0 F1350 X87.314 Y61.823
M204 S500
M205 X10 Y10
G1 F900 X82.512 Y57.021 E49.97165
M204 S1000
M205 X30 Y30
G0 F1350 X81.784 Y57.021
M204 S500
M205 X10 Y10
G1 F900 X86.95 Y62.187 E50.44093
M204 S1000
M205 X30 Y30
G0 F1350 X86.586 Y62.552
M204 S500
M205 X10 Y10
G1 F900 X81.056 Y57.021 E50.94332
M204 S1000
M205 X30 Y30
G0 F1350 X80.328 Y57.021
M204 S500
M205 X10 Y10
G1 F900 X86.222 Y62.916 E51.47878
M204 S1000
M205 X30 Y30
G0 F1350 X85.555 Y62.977
M204 S500
M205 X10 Y10
G1 F900 X79.599 Y57.021 E52.01982
M204 S1000
M205 X30 Y30
G0 F1350 X78.871 Y57.021
M204 S500
M205 X10 Y10
G1 F900 X84.827 Y62.977 E52.56087
M204 S1000
M205 X30 Y30
G0 F1350 X84.099 Y62.977
M204 S500
M205 X10 Y10
G1 F900 X78.143 Y57.021 E53.10191
M204 S1000
M205 X30 Y30
G0 F1350 X77.414 Y57.021
M204 S500
M205 X10 Y10
G1 F900 X83.37 Y62.977 E53.64295
M204 S1000
M205 X30 Y30
G0 F1350 X82.642 Y62.977
M204 S500
M205 X10 Y10
G1 F900 X76.686 Y57.021 E54.184
M204 S1000
M205 X30 Y30
G0 F1350 X75.958 Y57.021
M204 S500
M205 X10 Y10
G1 F900 X81.914 Y62.977 E54.72504
M204 S1000
M205 X30 Y30
G0 F1350 X81.185 Y62.977
M204 S500
M205 X10 Y10
G1 F900 X75.229 Y57.021 E55.26608
M204 S1000
M205 X30 Y30
G0 F1350 X74.501 Y57.021
M204 S500
M205 X10 Y10
G1 F900 X80.457 Y62.977 E55.80713
M204 S1000
M205 X30 Y30
G0 F1350 X79.729 Y62.977
M204 S500
M205 X10 Y10
G1 F900 X73.773 Y57.021 E56.34817
M204 S1000
M205 X30 Y30
G0 F1350 X73.044 Y57.021
M204 S500
M205 X10 Y10
G1 F900 X79 Y62.977 E56.88921
M204 S1000
M205 X30 Y30
G0 F1350 X78.272 Y62.977
M204 S500
M205 X10 Y10
G1 F900 X72.316 Y57.021 E57.43026
M204 S1000
M205 X30 Y30
G0 F1350 X71.588 Y57.021
M204 S500
M205 X10 Y10
G1 F900 X77.544 Y62.977 E57.9713
M204 S1000
M205 X30 Y30
G0 F1350 X76.815 Y62.977
M204 S500
M205 X10 Y10
G1 F900 X70.859 Y57.021 E58.51234
M204 S1000
M205 X30 Y30
G0 F1350 X70.131 Y57.021
M204 S500
M205 X10 Y10
G1 F900 X76.087 Y62.977 E59.05339
M204 S1000
M205 X30 Y30
G0 F1350 X75.359 Y62.977
M204 S500
M205 X10 Y10
G1 F900 X69.403 Y57.021 E59.59443
M204 S1000
M205 X30 Y30
G0 F1350 X68.674 Y57.021
M204 S500
M205 X10 Y10
G1 F900 X74.63 Y62.977 E60.13547
M204 S1000
M205 X30 Y30
G0 F1350 X73.902 Y62.977
M204 S500
M205 X10 Y10
G1 F900 X67.946 Y57.021 E60.67652
M204 S1000
M205 X30 Y30
G0 F1350 X67.218 Y57.021
M204 S500
M205 X10 Y10
G1 F900 X73.174 Y62.977 E61.21756
M204 S1000
M205 X30 Y30
G0 F1350 X72.445 Y62.977
M204 S500
M205 X10 Y10
G1 F900 X66.489 Y57.021 E61.7586
M204 S1000
M205 X30 Y30
G0 F1350 X65.761 Y57.021
M204 S500
M205 X10 Y10
G1 F900 X71.717 Y62.977 E62.29965
M204 S1000
M205 X30 Y30
G0 F1350 X70.989 Y62.977
M204 S500
M205 X10 Y10
G1 F900 X65.033 Y57.021 E62.84069
M204 S1000
M205 X30 Y30
G0 F1350 X64.304 Y57.021
M204 S500
M205 X10 Y10
G1 F900 X70.26 Y62.977 E63.38174
M204 S1000
M205 X30 Y30
G0 F1350 X69.532 Y62.977
M204 S500
M205 X10 Y10
G1 F900 X63.576 Y57.021 E63.92278
M204 S1000
M205 X30 Y30
G0 F1350 X62.848 Y57.021
M204 S500
M205 X10 Y10
G1 F900 X68.804 Y62.977 E64.46382
M204 S1000
M205 X30 Y30
G0 F1350 X68.075 Y62.977
M204 S500
M205 X10 Y10
G1 F900 X62.12 Y57.021 E65.00482
M204 S1000
M205 X30 Y30
G0 F1350 X61.391 Y57.021
M204 S500
M205 X10 Y10
G1 F900 X67.347 Y62.977 E65.54586
M204 S1000
M205 X30 Y30
G0 F1350 X66.619 Y62.977
M204 S500
M205 X10 Y10
G1 F900 X60.663 Y57.021 E66.08691
M204 S1000
M205 X30 Y30
G0 F1350 X59.935 Y57.021
M204 S500
M205 X10 Y10
G1 F900 X65.891 Y62.977 E66.62795
M204 S1000
M205 X30 Y30
G0 F1350 X65.162 Y62.977
M204 S500
M205 X10 Y10
G1 F900 X59.206 Y57.021 E67.16899
M204 S1000
M205 X30 Y30
G0 F1350 X58.478 Y57.021
M204 S500
M205 X10 Y10
G1 F900 X64.434 Y62.977 E67.71004
M204 S1000
M205 X30 Y30
G0 F1350 X63.706 Y62.977
M204 S500
M205 X10 Y10
G1 F900 X57.75 Y57.021 E68.25108
M204 S1000
M205 X30 Y30
G0 F1350 X57.021 Y57.021
M204 S500
M205 X10 Y10
G1 F900 X62.977 Y62.977 E68.79212
M204 S1000
M205 X30 Y30
G0 F1350 X62.249 Y62.977
M204 S500
M205 X10 Y10
G1 F900 X56.293 Y57.021 E69.33317
M204 S1000
M205 X30 Y30
G0 F1350 X55.565 Y57.021
M204 S500
M205 X10 Y10
G1 F900 X61.521 Y62.977 E69.87421
M204 S1000
M205 X30 Y30
G0 F1350 X60.792 Y62.977
M204 S500
M205 X10 Y10
G1 F900 X54.836 Y57.021 E70.41526
M204 S1000
M205 X30 Y30
G0 F1350 X54.108 Y57.021
M204 S500
M205 X10 Y10
G1 F900 X60.064 Y62.977 E70.9563
M204 S1000
M205 X30 Y30
G0 F1350 X59.335 Y62.977
M204 S500
M205 X10 Y10
G1 F900 X53.38 Y57.021 E71.4973
M204 S1000
M205 X30 Y30
G0 F1350 X52.651 Y57.021
M204 S500
M205 X10 Y10
G1 F900 X58.607 Y62.977 E72.03834
M204 S1000
M205 X30 Y30
G0 F1350 X57.878 Y62.977
M204 S500
M205 X10 Y10
G1 F900 X51.923 Y57.021 E72.57934
M204 S1000
M205 X30 Y30
G0 F1350 X51.195 Y57.021
M204 S500
M205 X10 Y10
G1 F900 X57.15 Y62.977 E73.12034
M204 S1000
M205 X30 Y30
G0 F1350 X56.422 Y62.977
M204 S500
M205 X10 Y10
G1 F900 X50.466 Y57.021 E73.66138
M204 S1000
M205 X30 Y30
G0 F1350 X49.738 Y57.021
M204 S500
M205 X10 Y10
G1 F900 X55.693 Y62.977 E74.20238
M204 S1000
M205 X30 Y30
G0 F1350 X54.965 Y62.977
M204 S500
M205 X10 Y10
G1 F900 X49.01 Y57.021 E74.74338
M204 S1000
M205 X30 Y30
G0 F1350 X48.281 Y57.021
M204 S500
M205 X10 Y10
G1 F900 X54.237 Y62.977 E75.28442
M204 S1000
M205 X30 Y30
G0 F1350 X53.508 Y62.977
M204 S500
M205 X10 Y10
G1 F900 X47.553 Y57.021 E75.82542
M204 S1000
M205 X30 Y30
G0 F1350 X46.825 Y57.021
M204 S500
M205 X10 Y10
G1 F900 X52.78 Y62.977 E76.36642
M204 S1000
M205 X30 Y30
G0 F1350 X52.052 Y62.977
M204 S500
M205 X10 Y10
G1 F900 X46.096 Y57.021 E76.90746
M204 S1000
M205 X30 Y30
G0 F1350 X45.368 Y57.021
M204 S500
M205 X10 Y10
G1 F900 X51.323 Y62.977 E77.44846
M204 S1000
M205 X30 Y30
G0 F1350 X50.595 Y62.977
M204 S500
M205 X10 Y10
G1 F900 X44.64 Y57.021 E77.98946
M204 S1000
M205 X30 Y30
G0 F1350 X43.912 Y57.021
M204 S500
M205 X10 Y10
G1 F900 X49.867 Y62.977 E78.53045
M204 S1000
M205 X30 Y30
G0 F1350 X49.138 Y62.977
M204 S500
M205 X10 Y10
G1 F900 X43.183 Y57.021 E79.07145
M204 S1000
M205 X30 Y30
G0 F1350 X42.455 Y57.021
M204 S500
M205 X10 Y10
G1 F900 X48.41 Y62.977 E79.61245
M204 S1000
M205 X30 Y30
G0 F1350 X47.682 Y62.977
M204 S500
M205 X10 Y10
G1 F900 X41.727 Y57.021 E80.15345
M204 S1000
M205 X30 Y30
G0 F1350 X40.998 Y57.021
M204 S500
M205 X10 Y10
G1 F900 X46.954 Y62.977 E80.69449
M204 S1000
M205 X30 Y30
G0 F1350 X46.225 Y62.977
M204 S500
M205 X10 Y10
G1 F900 X40.27 Y57.021 E81.23549
M204 S1000
M205 X30 Y30
G0 F1350 X39.542 Y57.021
M204 S500
M205 X10 Y10
G1 F900 X45.497 Y62.977 E81.77649
M204 S1000
M205 X30 Y30
G0 F1350 X44.769 Y62.977
M204 S500
M205 X10 Y10
G1 F900 X38.813 Y57.021 E82.31753
M204 S1000
M205 X30 Y30
G0 F1350 X38.085 Y57.021
M204 S500
M205 X10 Y10
G1 F900 X44.04 Y62.977 E82.85853
M204 S1000
M205 X30 Y30
G0 F1350 X43.312 Y62.977
M204 S500
M205 X10 Y10
G1 F900 X37.357 Y57.021 E83.39953
M204 S1000
M205 X30 Y30
G0 F1350 X36.628 Y57.021
M204 S500
M205 X10 Y10
G1 F900 X42.584 Y62.977 E83.94057
M204 S1000
M205 X30 Y30
G0 F1350 X41.855 Y62.977
M204 S500
M205 X10 Y10
G1 F900 X35.9 Y57.021 E84.48157
M204 S1000
M205 X30 Y30
G0 F1350 X35.172 Y57.021
M204 S500
M205 X10 Y10
G1 F900 X41.127 Y62.977 E85.02257
M204 S1000
M205 X30 Y30
G0 F1350 X40.399 Y62.977
M204 S500
M205 X10 Y10
G1 F900 X34.443 Y57.021 E85.56361
M204 S1000
M205 X30 Y30
G0 F1350 X33.777 Y57.083
M204 S500
M205 X10 Y10
G1 F900 X39.67 Y62.977 E86.09898
M204 S1000
M205 X30 Y30
G0 F1350 X38.942 Y62.977
M204 S500
M205 X10 Y10
G1 F900 X33.412 Y57.447 E86.60132
M204 S1000
M205 X30 Y30
G0 F1350 X33.048 Y57.811
M204 S500
M205 X10 Y10
G1 F900 X38.214 Y62.977 E87.0706
M204 S1000
M205 X30 Y30
G0 F1350 X37.485 Y62.977
M204 S500
M205 X10 Y10
G1 F900 X32.684 Y58.175 E87.50677
M204 S1000
M205 X30 Y30
G0 F1350 X32.32 Y58.539
M204 S500
M205 X10 Y10
G1 F900 X36.757 Y62.977 E87.90987
M204 S1000
M205 X30 Y30
G0 F1350 X36.029 Y62.977
M204 S500
M205 X10 Y10
G1 F900 X32.022 Y58.969 E88.27392
M204 S1000
M205 X30 Y30
G0 F1350 X32.022 Y59.698
M204 S500
M205 X10 Y10
G1 F900 X35.3 Y62.977 E88.57173
M204 S1000
M205 X30 Y30
G0 F1350 X34.572 Y62.977
M204 S500
M205 X10 Y10
G1 F900 X32.022 Y60.426 E88.80342
M204 S1000
M205 X30 Y30
G0 F1350 X32.022 Y61.154
M204 S500
M205 X10 Y10
G1 F900 X33.844 Y62.977 E88.96898
G1 X34.056 Y63.189
M204 S1000
M205 X30 Y30
;MESH:NONMESH
G0 F600 X34.056 Y63.189 Z0.55
G0 F1350 X88.55 Y58.602
;TIME_ELAPSED:110.298440
;LAYER:1
M104 S200 T0 ; littlefish custom hot end temp
M106 S127.5
M204 S500
M205 X10 Y10
;TYPE:WALL-INNER
;MESH:temperaturetowerv2.stl
G1 F1650 X88.55 Y61.398 E89.09006
G1 X86.398 Y63.55 E89.22186
G1 X33.602 Y63.55 E91.50823
G1 X31.45 Y61.398 E91.64002
G1 X31.45 Y58.602 E91.76111
G1 X33.602 Y56.45 E91.8929
G1 X86.398 Y56.45 E94.17927
G1 X88.188 Y58.24 E94.2889
G0 F1320 X88.55 Y58.602
M204 S1500
M205 X30 Y30
G0 F2475 X89.05 Y58.394
M204 S500
M205 X10 Y10
G1 F1650 X89.05 Y61.606 E94.428
G1 X86.606 Y64.05 E94.57767
G1 X33.394 Y64.05 E96.88206
G1 X30.95 Y61.606 E97.03174
G1 X30.95 Y58.394 E97.17084
G1 X33.394 Y55.95 E97.32052
G1 X86.606 Y55.95 E99.6249
G1 X88.688 Y58.032 E99.75241
G0 F1320 X89.05 Y58.394
M204 S1500
M205 X30 Y30
G0 F2475 X89.55 Y58.186
M204 S500
M205 X10 Y10
;TYPE:WALL-OUTER
G1 F1050 X89.55 Y61.814 E99.90952
G1 X86.814 Y64.55 E100.07709
G1 X33.186 Y64.55 E102.39949
G1 X30.45 Y61.814 E102.56705
G1 X30.45 Y58.186 E102.72416
G1 X33.186 Y55.45 E102.89172
G1 X86.814 Y55.45 E105.21412
G1 X89.188 Y57.824 E105.35952
G0 F840 X89.55 Y58.186
M204 S1500
M205 X30 Y30
G0 F2475 X89.55 Y58.436
G0 X88.95 Y58.436
G0 X88.06 Y58.806
M204 S500
M205 X10 Y10
;TYPE:SKIN
G1 F1050 X88.06 Y61.194 E105.48362
G1 X86.194 Y63.06 E105.62076
G1 X33.806 Y63.06 E108.34331
G1 X31.94 Y61.194 E108.48045
G1 X31.94 Y58.806 E108.60455
G1 X33.806 Y56.94 E108.7417
G1 X86.194 Y56.94 E111.46425
G1 X87.698 Y58.444 E111.57478
G0 F840 X88.06 Y58.806
M204 S1500
M205 X30 Y30
G0 F2475 X85.657 Y62.834
M204 S500
M205 X10 Y10
G1 F1050 X87.833 Y60.658 E111.73471
M204 S1500
M205 X30 Y30
G0 F2475 X87.833 Y59.951
M204 S500
M205 X10 Y10
G1 F1050 X84.95 Y62.834 E111.94659
M204 S1500
M205 X30 Y30
G0 F2475 X84.243 Y62.834
M204 S500
M205 X10 Y10
G1 F1050 X87.833 Y59.244 E112.21044
M204 S1500
M205 X30 Y30
G0 F2475 X87.652 Y58.718
M204 S500
M205 X10 Y10
G1 F1050 X83.536 Y62.834 E112.51295
M204 S1500
M205 X30 Y30
G0 F2475 X82.829 Y62.834
M204 S500
M205 X10 Y10
G1 F1050 X87.299 Y58.364 E112.84147
M204 S1500
M205 X30 Y30
G0 F2475 X86.945 Y58.011
M204 S500
M205 X10 Y10
G1 F1050 X82.121 Y62.834 E113.19598
M204 S1500
M205 X30 Y30
G0 F2475 X81.414 Y62.834
M204 S500
M205 X10 Y10
G1 F1050 X86.592 Y57.657 E113.5765
M204 S1500
M205 X30 Y30
G0 F2475 X86.238 Y57.303
M204 S500
M205 X10 Y10
G1 F1050 X80.707 Y62.834 E113.983
M204 S1500
M205 X30 Y30
G0 F2475 X80 Y62.834
M204 S500
M205 X10 Y10
G1 F1050 X85.671 Y57.163 E114.39979
M204 S1500
M205 X30 Y30
G0 F2475 X84.964 Y57.163
M204 S500
M205 X10 Y10
G1 F1050 X79.293 Y62.834 E114.81658
M204 S1500
M205 X30 Y30
G0 F2475 X78.586 Y62.834
M204 S500
M205 X10 Y10
G1 F1050 X84.257 Y57.163 E115.23337
M204 S1500
M205 X30 Y30
G0 F2475 X83.55 Y57.163
M204 S500
M205 X10 Y10
G1 F1050 X77.879 Y62.834 E115.65017
M204 S1500
M205 X30 Y30
G0 F2475 X77.172 Y62.834
M204 S500
M205 X10 Y10
G1 F1050 X82.843 Y57.163 E116.06696
M204 S1500
M205 X30 Y30
G0 F2475 X82.136 Y57.163
M204 S500
M205 X10 Y10
G1 F1050 X76.465 Y62.834 E116.48375
M204 S1500
M205 X30 Y30
G0 F2475 X75.758 Y62.834
M204 S500
M205 X10 Y10
G1 F1050 X81.429 Y57.163 E116.90054
M204 S1500
M205 X30 Y30
G0 F2475 X80.721 Y57.163
M204 S500
M205 X10 Y10
G1 F1050 X75.05 Y62.834 E117.31733
M204 S1500
M205 X30 Y30
G0 F2475 X74.343 Y62.834
M204 S500
M205 X10 Y10
G1 F1050 X80.014 Y57.163 E117.73412
M204 S1500
M205 X30 Y30
G0 F2475 X79.307 Y57.163
M204 S500
M205 X10 Y10
G1 F1050 X73.636 Y62.834 E118.15091
M204 S1500
M205 X30 Y30
G0 F2475 X72.929 Y62.834
M204 S500
M205 X10 Y10
G1 F1050 X78.6 Y57.163 E118.5677
M204 S1500
M205 X30 Y30
G0 F2475 X77.893 Y57.163
M204 S500
M205 X10 Y10
G1 F1050 X72.222 Y62.834 E118.9845
M204 S1500
M205 X30 Y30
G0 F2475 X71.515 Y62.834
M204 S500
M205 X10 Y10
G1 F1050 X77.186 Y57.163 E119.40129
M204 S1500
M205 X30 Y30
G0 F2475 X76.479 Y57.163
M204 S500
M205 X10 Y10
G1 F1050 X70.808 Y62.834 E119.81808
M204 S1500
M205 X30 Y30
G0 F2475 X70.101 Y62.834
M204 S500
M205 X10 Y10
G1 F1050 X75.772 Y57.163 E120.23487
M204 S1500
M205 X30 Y30
G0 F2475 X75.065 Y57.163
M204 S500
M205 X10 Y10
G1 F1050 X69.394 Y62.834 E120.65166
M204 S1500
M205 X30 Y30
G0 F2475 X68.686 Y62.834
M204 S500
M205 X10 Y10
G1 F1050 X74.357 Y57.163 E121.06845
M204 S1500
M205 X30 Y30
G0 F2475 X73.65 Y57.163
M204 S500
M205 X10 Y10
G1 F1050 X67.979 Y62.834 E121.48524
M204 S1500
M205 X30 Y30
G0 F2475 X67.272 Y62.834
M204 S500
M205 X10 Y10
G1 F1050 X72.943 Y57.163 E121.90204
M204 S1500
M205 X30 Y30
G0 F2475 X72.236 Y57.163
M204 S500
M205 X10 Y10
G1 F1050 X66.565 Y62.834 E122.31883
M204 S1500
M205 X30 Y30
G0 F2475 X65.858 Y62.834
M204 S500
M205 X10 Y10
G1 F1050 X71.529 Y57.163 E122.73562
M204 S1500
M205 X30 Y30
G0 F2475 X70.822 Y57.163
M204 S500
M205 X10 Y10
G1 F1050 X65.151 Y62.834 E123.15241
M204 S1500
M205 X30 Y30
G0 F2475 X64.444 Y62.834
M204 S500
M205 X10 Y10
G1 F1050 X70.115 Y57.163 E123.5692
M204 S1500
M205 X30 Y30
G0 F2475 X69.408 Y57.163
M204 S500
M205 X10 Y10
G1 F1050 X63.737 Y62.834 E123.98599
M204 S1500
M205 X30 Y30
G0 F2475 X63.03 Y62.834
M204 S500
M205 X10 Y10
G1 F1050 X68.701 Y57.163 E124.40278
M204 S1500
M205 X30 Y30
G0 F2475 X67.993 Y57.163
M204 S500
M205 X10 Y10
G1 F1050 X62.322 Y62.834 E124.81957
M204 S1500
M205 X30 Y30
G0 F2475 X61.615 Y62.834
M204 S500
M205 X10 Y10
G1 F1050 X67.286 Y57.163 E125.23637
M204 S1500
M205 X30 Y30
G0 F2475 X66.579 Y57.163
M204 S500
M205 X10 Y10
G1 F1050 X60.908 Y62.834 E125.65316
M204 S1500
M205 X30 Y30
G0 F2475 X60.201 Y62.834
M204 S500
M205 X10 Y10
G1 F1050 X65.872 Y57.163 E126.06995
M204 S1500
M205 X30 Y30
G0 F2475 X65.165 Y57.163
M204 S500
M205 X10 Y10
G1 F1050 X59.494 Y62.834 E126.48674
M204 S1500
M205 X30 Y30
G0 F2475 X58.787 Y62.834
M204 S500
M205 X10 Y10
G1 F1050 X64.458 Y57.163 E126.90353
M204 S1500
M205 X30 Y30
G0 F2475 X63.751 Y57.163
M204 S500
M205 X10 Y10
G1 F1050 X58.08 Y62.834 E127.32032
M204 S1500
M205 X30 Y30
G0 F2475 X57.373 Y62.834
M204 S500
M205 X10 Y10
G1 F1050 X63.044 Y57.163 E127.73711
M204 S1500
M205 X30 Y30
G0 F2475 X62.337 Y57.163
M204 S500
M205 X10 Y10
G1 F1050 X56.666 Y62.834 E128.15391
M204 S1500
M205 X30 Y30
G0 F2475 X55.959 Y62.834
M204 S500
M205 X10 Y10
G1 F1050 X61.63 Y57.163 E128.5707
M204 S1500
M205 X30 Y30
G0 F2475 X60.922 Y57.163
M204 S500
M205 X10 Y10
G1 F1050 X55.251 Y62.834 E128.98749
M204 S1500
M205 X30 Y30
G0 F2475 X54.544 Y62.834
M204 S500
M205 X10 Y10
G1 F1050 X60.215 Y57.163 E129.40428
M204 S1500
M205 X30 Y30
G0 F2475 X59.508 Y57.163
M204 S500
M205 X10 Y10
G1 F1050 X53.837 Y62.834 E129.82107
M204 S1500
M205 X30 Y30
G0 F2475 X53.13 Y62.834
M204 S500
M205 X10 Y10
G1 F1050 X58.801 Y57.163 E130.23786
M204 S1500
M205 X30 Y30
G0 F2475 X58.094 Y57.163
M204 S500
M205 X10 Y10
G1 F1050 X52.423 Y62.834 E130.65465
M204 S1500
M205 X30 Y30
G0 F2475 X51.716 Y62.834
M204 S500
M205 X10 Y10
G1 F1050 X57.387 Y57.163 E131.07144
M204 S1500
M205 X30 Y30
G0 F2475 X56.68 Y57.163
M204 S500
M205 X10 Y10
G1 F1050 X51.009 Y62.834 E131.48824
M204 S1500
M205 X30 Y30
G0 F2475 X50.302 Y62.834
M204 S500
M205 X10 Y10
G1 F1050 X55.973 Y57.163 E131.90503
M204 S1500
M205 X30 Y30
G0 F2475 X55.266 Y57.163
M204 S500
M205 X10 Y10
G1 F1050 X49.595 Y62.834 E132.32182
M204 S1500
M205 X30 Y30
G0 F2475 X48.887 Y62.834
M204 S500
M205 X10 Y10
G1 F1050 X54.558 Y57.163 E132.73861
M204 S1500
M205 X30 Y30
G0 F2475 X53.851 Y57.163
M204 S500
M205 X10 Y10
G1 F1050 X48.18 Y62.834 E133.1554
M204 S1500
M205 X30 Y30
G0 F2475 X47.473 Y62.834
M204 S500
M205 X10 Y10
G1 F1050 X53.144 Y57.163 E133.57219
M204 S1500
M205 X30 Y30
G0 F2475 X52.437 Y57.163
M204 S500
M205 X10 Y10
G1 F1050 X46.766 Y62.834 E133.98898
M204 S1500
M205 X30 Y30
G0 F2475 X46.059 Y62.834
M204 S500
M205 X10 Y10
G1 F1050 X51.73 Y57.163 E134.40578
M204 S1500
M205 X30 Y30
G0 F2475 X51.023 Y57.163
M204 S500
M205 X10 Y10
G1 F1050 X45.352 Y62.834 E134.82257
M204 S1500
M205 X30 Y30
G0 F2475 X44.645 Y62.834
M204 S500
M205 X10 Y10
G1 F1050 X50.316 Y57.163 E135.23936
M204 S1500
M205 X30 Y30
G0 F2475 X49.609 Y57.163
M204 S500
M205 X10 Y10
G1 F1050 X43.938 Y62.834 E135.65615
M204 S1500
M205 X30 Y30
G0 F2475 X43.231 Y62.834
M204 S500
M205 X10 Y10
G1 F1050 X48.902 Y57.163 E136.07294
M204 S1500
M205 X30 Y30
G0 F2475 X48.194 Y57.163
M204 S500
M205 X10 Y10
G1 F1050 X42.523 Y62.834 E136.48973
M204 S1500
M205 X30 Y30
G0 F2475 X41.816 Y62.834
M204 S500
M205 X10 Y10
G1 F1050 X47.487 Y57.163 E136.90652
M204 S1500
M205 X30 Y30
G0 F2475 X46.78 Y57.163
M204 S500
M205 X10 Y10
G1 F1050 X41.109 Y62.834 E137.32331
M204 S1500
M205 X30 Y30
G0 F2475 X40.402 Y62.834
M204 S500
M205 X10 Y10
G1 F1050 X46.073 Y57.163 E137.74011
M204 S1500
M205 X30 Y30
G0 F2475 X45.366 Y57.163
M204 S500
M205 X10 Y10
G1 F1050 X39.695 Y62.834 E138.1569
M204 S1500
M205 X30 Y30
G0 F2475 X38.988 Y62.834
M204 S500
M205 X10 Y10
G1 F1050 X44.659 Y57.163 E138.57369
M204 S1500
M205 X30 Y30
G0 F2475 X43.952 Y57.163
M204 S500
M205 X10 Y10
G1 F1050 X38.281 Y62.834 E138.99048
M204 S1500
M205 X30 Y30
G0 F2475 X37.574 Y62.834
M204 S500
M205 X10 Y10
G1 F1050 X43.245 Y57.163 E139.40727
M204 S1500
M205 X30 Y30
G0 F2475 X42.538 Y57.163
M204 S500
M205 X10 Y10
G1 F1050 X36.867 Y62.834 E139.82406
M204 S1500
M205 X30 Y30
G0 F2475 X36.16 Y62.834
M204 S500
M205 X10 Y10
G1 F1050 X41.831 Y57.163 E140.24085
M204 S1500
M205 X30 Y30
G0 F2475 X41.123 Y57.163
M204 S500
M205 X10 Y10
G1 F1050 X35.452 Y62.834 E140.65765
M204 S1500
M205 X30 Y30
G0 F2475 X34.745 Y62.834
M204 S500
M205 X10 Y10
G1 F1050 X40.416 Y57.163 E141.07444
M204 S1500
M205 X30 Y30
G0 F2475 X39.709 Y57.163
M204 S500
M205 X10 Y10
G1 F1050 X34.038 Y62.834 E141.49123
M204 S1500
M205 X30 Y30
G0 F2475 X33.615 Y62.55
M204 S500
M205 X10 Y10
G1 F1050 X39.002 Y57.163 E141.88715
M204 S1500
M205 X30 Y30
G0 F2475 X38.295 Y57.163
M204 S500
M205 X10 Y10
G1 F1050 X33.262 Y62.197 E142.25708
M204 S1500
M205 X30 Y30
G0 F2475 X32.908 Y61.843
M204 S500
M205 X10 Y10
G1 F1050 X37.588 Y57.163 E142.60104
M204 S1500
M205 X30 Y30
G0 F2475 X36.881 Y57.163
M204 S500
M205 X10 Y10
G1 F1050 X32.555 Y61.49 E142.91902
M204 S1500
M205 X30 Y30
G0 F2475 X32.201 Y61.136
M204 S500
M205 X10 Y10
G1 F1050 X36.174 Y57.163 E143.21102
M204 S1500
M205 X30 Y30
G0 F2475 X35.467 Y57.163
M204 S500
M205 X10 Y10
G1 F1050 X32.164 Y60.466 E143.45377
M204 S1500
M205 X30 Y30
G0 F2475 X32.164 Y59.759
M204 S500
M205 X10 Y10
G1 F1050 X34.759 Y57.163 E143.64453
M204 S1500
M205 X30 Y30
G0 F2475 X34.052 Y57.163
M204 S500
M205 X10 Y10
G1 F1050 X32.164 Y59.051 E143.78329
G1 X31.952 Y59.263
M204 S1500
M205 X30 Y30
;MESH:NONMESH
G0 F600 X31.952 Y59.263 Z0.8
G0 F2475 X88.55 Y58.602
;TIME_ELAPSED:174.569878
;LAYER:2
M106 S255
M204 S500
M205 X10 Y10
;TYPE:WALL-INNER
;MESH:temperaturetowerv2.stl
G1 F2400 X88.55 Y61.398 E143.90437
G1 X86.398 Y63.55 E144.03617
G1 X33.602 Y63.55 E146.32253
G1 X31.45 Y61.398 E146.45433
G1 X31.45 Y58.602 E146.57541
G1 X33.602 Y56.45 E146.70721
G1 X86.398 Y56.45 E148.99358
G1 X88.188 Y58.24 E149.10321
G0 F1920 X88.55 Y58.602
M204 S2000
M205 X30 Y30
G0 F3600 X89.05 Y58.394
M204 S500
M205 X10 Y10
G1 F2400 X89.05 Y61.606 E149.2423
G1 X86.606 Y64.05 E149.39198
G1 X33.394 Y64.05 E151.69637
G1 X30.95 Y61.606 E151.84605
G1 X30.95 Y58.394 E151.98514
G1 X33.394 Y55.95 E152.13482
G1 X86.606 Y55.95 E154.43921
G1 X88.688 Y58.032 E154.56672
G0 F1920 X89.05 Y58.394
M204 S2000
M205 X30 Y30
G0 F3600 X89.55 Y58.186
M204 S500
M205 X10 Y10
;TYPE:WALL-OUTER
G1 F1200 X89.55 Y61.814 E154.72383
G1 X86.814 Y64.55 E154.89139
G1 X33.186 Y64.55 E157.21379
G1 X30.45 Y61.814 E157.38136
G1 X30.45 Y58.186 E157.53847
G1 X33.186 Y55.45 E157.70603
G1 X86.814 Y55.45 E160.02843
G1 X89.188 Y57.824 E160.17382
G0 F960 X89.55 Y58.186
M204 S2000
M205 X30 Y30
G0 F3600 X89.55 Y58.436
G0 X88.95 Y58.436
G0 X88.06 Y58.806
M204 S500
M205 X10 Y10
;TYPE:SKIN
G1 F1200 X88.06 Y61.194 E160.29793
G1 X86.194 Y63.06 E160.43507
G1 X33.806 Y63.06 E163.15762
G1 X31.94 Y61.194 E163.29476
G1 X31.94 Y58.806 E163.41886
G1 X33.806 Y56.94 E163.556
G1 X86.194 Y56.94 E166.27855
G1 X87.698 Y58.444 E166.38909
G0 F960 X88.06 Y58.806
M204 S2000
M205 X30 Y30
G0 F3600 X85.448 Y57.164
M204 S500
M205 X10 Y10
G1 F1200 X87.834 Y59.55 E166.56445
M204 S2000
M205 X30 Y30
G0 F3600 X87.834 Y60.257
M204 S500
M205 X10 Y10
G1 F1200 X84.741 Y57.164 E166.79177
M204 S2000
M205 X30 Y30
G0 F3600 X84.034 Y57.164
M204 S500
M205 X10 Y10
G1 F1200 X87.834 Y60.964 E167.07105
M204 S2000
M205 X30 Y30
G0 F3600 X87.548 Y61.385
M204 S500
M205 X10 Y10
G1 F1200 X83.327 Y57.164 E167.38128
M204 S2000
M205 X30 Y30
G0 F3600 X82.62 Y57.164
M204 S500
M205 X10 Y10
G1 F1200 X87.194 Y61.738 E167.71744
M204 S2000
M205 X30 Y30
G0 F3600 X86.841 Y62.092
M204 S500
M205 X10 Y10
G1 F1200 X81.913 Y57.164 E168.07963
M204 S2000
M205 X30 Y30
G0 F3600 X81.206 Y57.164
M204 S500
M205 X10 Y10
G1 F1200 X86.487 Y62.446 E168.46779
M204 S2000
M205 X30 Y30
G0 F3600 X86.134 Y62.799
M204 S500
M205 X10 Y10
G1 F1200 X80.499 Y57.164 E168.88194
M204 S2000
M205 X30 Y30
G0 F3600 X79.792 Y57.164
M204 S500
M205 X10 Y10
G1 F1200 X85.461 Y62.834 E169.29862
M204 S2000
M205 X30 Y30
G0 F3600 X84.754 Y62.834
M204 S500
M205 X10 Y10
G1 F1200 X79.084 Y57.164 E169.71534
M204 S2000
M205 X30 Y30
G0 F3600 X78.377 Y57.164
M204 S500
M205 X10 Y10
G1 F1200 X84.047 Y62.834 E170.13205
M204 S2000
M205 X30 Y30
G0 F3600 X83.34 Y62.834
M204 S500
M205 X10 Y10
G1 F1200 X77.67 Y57.164 E170.54877
M204 S2000
M205 X30 Y30
G0 F3600 X76.963 Y57.164
M204 S500
M205 X10 Y10
G1 F1200 X82.633 Y62.834 E170.96549
M204 S2000
M205 X30 Y30
G0 F3600 X81.926 Y62.834
M204 S500
M205 X10 Y10
G1 F1200 X76.256 Y57.164 E171.38221
M204 S2000
M205 X30 Y30
G0 F3600 X75.549 Y57.164
M204 S500
M205 X10 Y10
G1 F1200 X81.218 Y62.834 E171.79889
M204 S2000
M205 X30 Y30
G0 F3600 X80.511 Y62.834
M204 S500
M205 X10 Y10
G1 F1200 X74.842 Y57.164 E172.21557
M204 S2000
M205 X30 Y30
G0 F3600 X74.135 Y57.164
M204 S500
M205 X10 Y10
G1 F1200 X79.804 Y62.834 E172.63225
M204 S2000
M205 X30 Y30
G0 F3600 X79.097 Y62.834
M204 S500
M205 X10 Y10
G1 F1200 X73.428 Y57.164 E173.04893
M204 S2000
M205 X30 Y30
G0 F3600 X72.72 Y57.164
M204 S500
M205 X10 Y10
G1 F1200 X78.39 Y62.834 E173.46565
M204 S2000
M205 X30 Y30
G0 F3600 X77.683 Y62.834
M204 S500
M205 X10 Y10
G1 F1200 X72.013 Y57.164 E173.88237
M204 S2000
M205 X30 Y30
G0 F3600 X71.306 Y57.164
M204 S500
M205 X10 Y10
G1 F1200 X76.976 Y62.834 E174.29909
M204 S2000
M205 X30 Y30
G0 F3600 X76.269 Y62.834
M204 S500
M205 X10 Y10
G1 F1200 X70.599 Y57.164 E174.7158
M204 S2000
M205 X30 Y30
G0 F3600 X69.892 Y57.164
M204 S500
M205 X10 Y10
G1 F1200 X75.562 Y62.834 E175.13252
M204 S2000
M205 X30 Y30
G0 F3600 X74.855 Y62.834
M204 S500
M205 X10 Y10
G1 F1200 X69.185 Y57.164 E175.54924
M204 S2000
M205 X30 Y30
G0 F3600 X68.478 Y57.164
M204 S500
M205 X10 Y10
G1 F1200 X74.147 Y62.834 E175.96592
M204 S2000
M205 X30 Y30
G0 F3600 X73.44 Y62.834
M204 S500
M205 X10 Y10
G1 F1200 X67.771 Y57.164 E176.3826
M204 S2000
M205 X30 Y30
G0 F3600 X67.064 Y57.164
M204 S500
M205 X10 Y10
G1 F1200 X72.733 Y62.834 E176.79928
M204 S2000
M205 X30 Y30
G0 F3600 X72.026 Y62.834
M204 S500
M205 X10 Y10
G1 F1200 X66.357 Y57.164 E177.21596
M204 S2000
M205 X30 Y30
G0 F3600 X65.649 Y57.164
M204 S500
M205 X10 Y10
G1 F1200 X71.319 Y62.834 E177.63268
M204 S2000
M205 X30 Y30
G0 F3600 X70.612 Y62.834
M204 S500
M205 X10 Y10
G1 F1200 X64.942 Y57.164 E178.0494
M204 S2000
M205 X30 Y30
G0 F3600 X64.235 Y57.164
M204 S500
M205 X10 Y10
G1 F1200 X69.905 Y62.834 E178.46612
M204 S2000
M205 X30 Y30
G0 F3600 X69.198 Y62.834
M204 S500
M205 X10 Y10
G1 F1200 X63.528 Y57.164 E178.88283
M204 S2000
M205 X30 Y30
G0 F3600 X62.821 Y57.164
M204 S500
M205 X10 Y10
G1 F1200 X68.491 Y62.834 E179.29955
M204 S2000
M205 X30 Y30
G0 F3600 X67.783 Y62.834
M204 S500
M205 X10 Y10
G1 F1200 X62.114 Y57.164 E179.71623
M204 S2000
M205 X30 Y30
G0 F3600 X61.407 Y57.164
M204 S500
M205 X10 Y10
G1 F1200 X67.076 Y62.834 E180.13291
M204 S2000
M205 X30 Y30
G0 F3600 X66.369 Y62.834
M204 S500
M205 X10 Y10
G1 F1200 X60.7 Y57.164 E180.5496
M204 S2000
M205 X30 Y30
G0 F3600 X59.993 Y57.164
M204 S500
M205 X10 Y10
G1 F1200 X65.662 Y62.834 E180.96628
M204 S2000
M205 X30 Y30
G0 F3600 X64.955 Y62.834
M204 S500
M205 X10 Y10
G1 F1200 X59.285 Y57.164 E181.38299
M204 S2000
M205 X30 Y30
G0 F3600 X58.578 Y57.164
M204 S500
M205 X10 Y10
G1 F1200 X64.248 Y62.834 E181.79971
M204 S2000
M205 X30 Y30
G0 F3600 X63.541 Y62.834
M204 S500
M205 X10 Y10
G1 F1200 X57.871 Y57.164 E182.21643
M204 S2000
M205 X30 Y30
G0 F3600 X57.164 Y57.164
M204 S500
M205 X10 Y10
G1 F1200 X62.834 Y62.834 E182.63315
M204 S2000
M205 X30 Y30
G0 F3600 X62.127 Y62.834
M204 S500
M205 X10 Y10
G1 F1200 X56.457 Y57.164 E183.04987
M204 S2000
M205 X30 Y30
G0 F3600 X55.75 Y57.164
M204 S500
M205 X10 Y10
G1 F1200 X61.42 Y62.834 E183.46658
M204 S2000
M205 X30 Y30
G0 F3600 X60.712 Y62.834
M204 S500
M205 X10 Y10
G1 F1200 X55.043 Y57.164 E183.88327
M204 S2000
M205 X30 Y30
G0 F3600 X54.336 Y57.164
M204 S500
M205 X10 Y10
G1 F1200 X60.005 Y62.834 E184.29995
M204 S2000
M205 X30 Y30
G0 F3600 X59.298 Y62.834
M204 S500
M205 X10 Y10
G1 F1200 X53.629 Y57.164 E184.71663
M204 S2000
M205 X30 Y30
G0 F3600 X52.921 Y57.164
M204 S500
M205 X10 Y10
G1 F1200 X58.591 Y62.834 E185.13335
M204 S2000
M205 X30 Y30
G0 F3600 X57.884 Y62.834
M204 S500
M205 X10 Y10
G1 F1200 X52.214 Y57.164 E185.55006
M204 S2000
M205 X30 Y30
G0 F3600 X51.507 Y57.164
M204 S500
M205 X10 Y10
G1 F1200 X57.177 Y62.834 E185.96678
M204 S2000
M205 X30 Y30
G0 F3600 X56.47 Y62.834
M204 S500
M205 X10 Y10
G1 F1200 X50.8 Y57.164 E186.3835
M204 S2000
M205 X30 Y30
G0 F3600 X50.093 Y57.164
M204 S500
M205 X10 Y10
G1 F1200 X55.763 Y62.834 E186.80022
M204 S2000
M205 X30 Y30
G0 F3600 X55.056 Y62.834
M204 S500
M205 X10 Y10
G1 F1200 X49.386 Y57.164 E187.21693
M204 S2000
M205 X30 Y30
G0 F3600 X48.679 Y57.164
M204 S500
M205 X10 Y10
G1 F1200 X54.348 Y62.834 E187.63362
M204 S2000
M205 X30 Y30
G0 F3600 X53.641 Y62.834
M204 S500
M205 X10 Y10
G1 F1200 X47.972 Y57.164 E188.0503
M204 S2000
M205 X30 Y30
G0 F3600 X47.265 Y57.164
M204 S500
M205 X10 Y10
G1 F1200 X52.934 Y62.834 E188.46698
M204 S2000
M205 X30 Y30
G0 F3600 X52.227 Y62.834
M204 S500
M205 X10 Y10
G1 F1200 X46.558 Y57.164 E188.88366
M204 S2000
M205 X30 Y30
G0 F3600 X45.85 Y57.164
M204 S500
M205 X10 Y10
G1 F1200 X51.52 Y62.834 E189.30038
M204 S2000
M205 X30 Y30
G0 F3600 X50.813 Y62.834
M204 S500
M205 X10 Y10
G1 F1200 X45.143 Y57.164 E189.71709
M204 S2000
M205 X30 Y30
G0 F3600 X44.436 Y57.164
M204 S500
M205 X10 Y10
G1 F1200 X50.106 Y62.834 E190.13381
M204 S2000
M205 X30 Y30
G0 F3600 X49.399 Y62.834
M204 S500
M205 X10 Y10
G1 F1200 X43.729 Y57.164 E190.55053
M204 S2000
M205 X30 Y30
G0 F3600 X43.022 Y57.164
M204 S500
M205 X10 Y10
G1 F1200 X48.692 Y62.834 E190.96725
M204 S2000
M205 X30 Y30
G0 F3600 X47.984 Y62.834
M204 S500
M205 X10 Y10
G1 F1200 X42.315 Y57.164 E191.38393
M204 S2000
M205 X30 Y30
G0 F3600 X41.608 Y57.164
M204 S500
M205 X10 Y10
G1 F1200 X47.277 Y62.834 E191.80061
M204 S2000
M205 X30 Y30
G0 F3600 X46.57 Y62.834
M204 S500
M205 X10 Y10
G1 F1200 X40.901 Y57.164 E192.21729
M204 S2000
M205 X30 Y30
G0 F3600 X40.194 Y57.164
M204 S500
M205 X10 Y10
G1 F1200 X45.863 Y62.834 E192.63397
M204 S2000
M205 X30 Y30
G0 F3600 X45.156 Y62.834
M204 S500
M205 X10 Y10
G1 F1200 X39.486 Y57.164 E193.05069
M204 S2000
M205 X30 Y30
G0 F3600 X38.779 Y57.164
M204 S500
M205 X10 Y10
G1 F1200 X44.449 Y62.834 E193.46741
M204 S2000
M205 X30 Y30
G0 F3600 X43.742 Y62.834
M204 S500
M205 X10 Y10
G1 F1200 X38.072 Y57.164 E193.88413
M204 S2000
M205 X30 Y30
G0 F3600 X37.365 Y57.164
M204 S500
M205 X10 Y10
G1 F1200 X43.035 Y62.834 E194.30084
M204 S2000
M205 X30 Y30
G0 F3600 X42.328 Y62.834
M204 S500
M205 X10 Y10
G1 F1200 X36.658 Y57.164 E194.71756
M204 S2000
M205 X30 Y30
G0 F3600 X35.951 Y57.164
M204 S500
M205 X10 Y10
G1 F1200 X41.621 Y62.834 E195.13428
M204 S2000
M205 X30 Y30
G0 F3600 X40.913 Y62.834
M204 S500
M205 X10 Y10
G1 F1200 X35.244 Y57.164 E195.55096
M204 S2000
M205 X30 Y30
G0 F3600 X34.537 Y57.164
M204 S500
M205 X10 Y10
G1 F1200 X40.206 Y62.834 E195.96764
M204 S2000
M205 X30 Y30
G0 F3600 X39.499 Y62.834
M204 S500
M205 X10 Y10
G1 F1200 X33.864 Y57.199 E196.38179
M204 S2000
M205 X30 Y30
G0 F3600 X33.511 Y57.552
M204 S500
M205 X10 Y10
G1 F1200 X38.792 Y62.834 E196.76995
M204 S2000
M205 X30 Y30
G0 F3600 X38.085 Y62.834
M204 S500
M205 X10 Y10
G1 F1200 X33.157 Y57.906 E197.13214
M204 S2000
M205 X30 Y30
G0 F3600 X32.804 Y58.259
M204 S500
M205 X10 Y10
G1 F1200 X37.378 Y62.834 E197.46834
M204 S2000
M205 X30 Y30
G0 F3600 X36.671 Y62.834
M204 S500
M205 X10 Y10
G1 F1200 X32.45 Y58.613 E197.77856
M204 S2000
M205 X30 Y30
G0 F3600 X32.164 Y59.034
M204 S500
M205 X10 Y10
G1 F1200 X35.964 Y62.834 E198.05785
M204 S2000
M205 X30 Y30
G0 F3600 X35.257 Y62.834
M204 S500
M205 X10 Y10
G1 F1200 X32.164 Y59.742 E198.28513
M204 S2000
M205 X30 Y30
G0 F3600 X32.164 Y60.449
M204 S500
M205 X10 Y10
G1 F1200 X34.549 Y62.834 E198.46042
G1 X34.761 Y63.046
M204 S2000
M205 X30 Y30
;MESH:NONMESH
G0 F600 X34.761 Y63.046 Z1.05
G0 F3600 X80.19 Y61.025
;TIME_ELAPSED:229.315662
;LAYER:3
M204 S500
M205 X10 Y10
;TYPE:FILL
;MESH:temperaturetowerv2.stl
G1 F2400 X82.242 Y58.974 E198.58606
G1 X82.454 Y58.762
M204 S2000
M205 X30 Y30
G0 F3600 X82.548 Y61.025
M204 S500
M205 X10 Y10
G1 F2400 X84.599 Y58.974 E198.71167
G1 X84.811 Y58.762
M204 S2000
M205 X30 Y30
G0 F3600 X86.024 Y59.906
M204 S500
M205 X10 Y10
G1 F2400 X84.905 Y61.026 E198.78023
G1 X84.693 Y61.238
M204 S2000
M205 X30 Y30
G0 F3600 X88.55 Y58.602
M204 S500
M205 X10 Y10
;TYPE:WALL-INNER
G1 F2400 X88.55 Y61.398 E198.90131
G1 X86.398 Y63.55 E199.03311
G1 X33.602 Y63.55 E201.31948
G1 X31.45 Y61.398 E201.45127
G1 X31.45 Y58.602 E201.57236
G1 X33.602 Y56.45 E201.70415
G1 X86.398 Y56.45 E203.99052
G1 X88.188 Y58.24 E204.10015
G0 F1920 X88.55 Y58.602
M204 S2000
M205 X30 Y30
G0 F3600 X89.05 Y58.394
M204 S500
M205 X10 Y10
G1 F2400 X89.05 Y61.606 E204.23925
G1 X86.606 Y64.05 E204.38893
G1 X33.394 Y64.05 E206.69331
G1 X30.95 Y61.606 E206.84299
G1 X30.95 Y58.394 E206.98209
G1 X33.394 Y55.95 E207.13177
G1 X86.606 Y55.95 E209.43615
G1 X88.688 Y58.032 E209.56366
G0 F1920 X89.05 Y58.394
M204 S2000
M205 X30 Y30
G0 F3600 X89.55 Y58.186
M204 S500
M205 X10 Y10
;TYPE:WALL-OUTER
G1 F1200 X89.55 Y61.814 E209.72077
G1 X86.814 Y64.55 E209.88834
G1 X33.186 Y64.55 E212.21074
G1 X30.45 Y61.814 E212.3783
G1 X30.45 Y58.186 E212.53541
G1 X33.186 Y55.45 E212.70297
G1 X86.814 Y55.45 E215.02537
G1 X89.188 Y57.824 E215.17077
G0 F960 X89.55 Y58.186
M204 S2000
M205 X30 Y30
G0 F3600 X89.55 Y58.436
G0 X88.95 Y58.436
G0 X88.06 Y58.806
M204 S500
M205 X10 Y10
;TYPE:SKIN
G1 F1200 X88.06 Y61.194 E215.29487
G1 X86.194 Y63.06 E215.43201
G1 X33.806 Y63.06 E218.15456
G1 X31.94 Y61.194 E218.2917
G1 X31.94 Y58.806 E218.4158
G1 X33.806 Y56.94 E218.55295
G1 X86.194 Y56.94 E221.2755
G1 X87.698 Y58.444 E221.38603
G0 F960 X88.06 Y58.806
M204 S2000
M205 X30 Y30
G0 F3600 X86.215 Y58.785
M204 S500
M205 X10 Y10
G1 F1200 X79.758 Y58.784 E221.7216
G1 X79.759 Y61.215 E221.84793
G1 X86.216 Y61.216 E222.1835
G1 X86.215 Y59.297 E222.28323
G0 F960 X86.215 Y58.785
M204 S2000
M205 X30 Y30
G0 F3600 X85.657 Y62.834
M204 S500
M205 X10 Y10
G1 F1200 X87.833 Y60.658 E222.44315
M204 S2000
M205 X30 Y30
G0 F3600 X87.833 Y59.951
M204 S500
M205 X10 Y10
G1 F1200 X86.44 Y61.345 E222.54557
M204 S2000
M205 X30 Y30
G0 F3600 X86.344 Y61.44
M204 S500
M205 X10 Y10
G1 F1200 X84.95 Y62.834 E222.64802
M204 S2000
M205 X30 Y30
G0 F3600 X84.243 Y62.834
M204 S500
M205 X10 Y10
G1 F1200 X85.637 Y61.44 E222.75047
M204 S2000
M205 X30 Y30
G0 F3600 X84.93 Y61.44
M204 S500
M205 X10 Y10
G1 F1200 X83.536 Y62.834 E222.85292
M204 S2000
M205 X30 Y30
G0 F3600 X82.829 Y62.834
M204 S500
M205 X10 Y10
G1 F1200 X84.223 Y61.44 E222.95538
M204 S2000
M205 X30 Y30
G0 F3600 X83.516 Y61.44
M204 S500
M205 X10 Y10
G1 F1200 X82.121 Y62.834 E223.05786
M204 S2000
M205 X30 Y30
G0 F3600 X81.414 Y62.834
M204 S500
M205 X10 Y10
G1 F1200 X82.809 Y61.439 E223.16039
M204 S2000
M205 X30 Y30
G0 F3600 X82.102 Y61.439
M204 S500
M205 X10 Y10
G1 F1200 X80.707 Y62.834 E223.26292
M204 S2000
M205 X30 Y30
G0 F3600 X80 Y62.834
M204 S500
M205 X10 Y10
G1 F1200 X81.395 Y61.439 E223.36544
M204 S2000
M205 X30 Y30
G0 F3600 X80.688 Y61.439
M204 S500
M205 X10 Y10
G1 F1200 X79.293 Y62.834 E223.46797
M204 S2000
M205 X30 Y30
G0 F3600 X78.586 Y62.834
M204 S500
M205 X10 Y10
G1 F1200 X79.981 Y61.439 E223.57049
M204 S2000
M205 X30 Y30
G0 F3600 X79.532 Y61.181
M204 S500
M205 X10 Y10
G1 F1200 X77.879 Y62.834 E223.69198
M204 S2000
M205 X30 Y30
G0 F3600 X77.172 Y62.834
M204 S500
M205 X10 Y10
G1 F1200 X79.532 Y60.474 E223.86543
M204 S2000
M205 X30 Y30
G0 F3600 X79.531 Y59.768
M204 S500
M205 X10 Y10
G1 F1200 X76.465 Y62.834 E224.09077
M204 S2000
M205 X30 Y30
G0 F3600 X75.758 Y62.834
M204 S500
M205 X10 Y10
G1 F1200 X79.531 Y59.061 E224.36806
M204 S2000
M205 X30 Y30
G0 F3600 X80.033 Y58.559
M204 S500
M205 X10 Y10
G1 F1200 X81.429 Y57.163 E224.47066
M204 S2000
M205 X30 Y30
G0 F3600 X82.136 Y57.163
M204 S500
M205 X10 Y10
G1 F1200 X80.74 Y58.559 E224.57326
M204 S2000
M205 X30 Y30
G0 F3600 X81.447 Y58.559
M204 S500
M205 X10 Y10
G1 F1200 X82.843 Y57.163 E224.67586
M204 S2000
M205 X30 Y30
G0 F3600 X83.55 Y57.163
M204 S500
M205 X10 Y10
G1 F1200 X82.154 Y58.559 E224.77846
M204 S2000
M205 X30 Y30
G0 F3600 X82.861 Y58.559
M204 S500
M205 X10 Y10
G1 F1200 X84.257 Y57.163 E224.88106
M204 S2000
M205 X30 Y30
G0 F3600 X84.964 Y57.163
M204 S500
M205 X10 Y10
G1 F1200 X83.568 Y58.559 E224.98366
M204 S2000
M205 X30 Y30
G0 F3600 X84.275 Y58.559
M204 S500
M205 X10 Y10
G1 F1200 X85.671 Y57.163 E225.08626
M204 S2000
M205 X30 Y30
G0 F3600 X86.238 Y57.303
M204 S500
M205 X10 Y10
G1 F1200 X84.982 Y58.559 E225.17857
M204 S2000
M205 X30 Y30
G0 F3600 X85.69 Y58.559
M204 S500
M205 X10 Y10
G1 F1200 X86.592 Y57.657 E225.24486
M204 S2000
M205 X30 Y30
G0 F3600 X86.945 Y58.011
M204 S500
M205 X10 Y10
G1 F1200 X86.397 Y58.559 E225.28514
M204 S2000
M205 X30 Y30
G0 F3600 X86.44 Y59.223
M204 S500
M205 X10 Y10
G1 F1200 X87.299 Y58.364 E225.34827
M204 S2000
M205 X30 Y30
G0 F3600 X87.652 Y58.718
M204 S500
M205 X10 Y10
G1 F1200 X86.44 Y59.93 E225.43735
M204 S2000
M205 X30 Y30
G0 F3600 X86.44 Y60.637
M204 S500
M205 X10 Y10
G1 F1200 X87.833 Y59.244 E225.53972
G1 X88.045 Y59.032
M204 S2000
M205 X30 Y30
G0 F3600 X80.721 Y57.163
M204 S500
M205 X10 Y10
G1 F1200 X75.05 Y62.834 E225.95652
M204 S2000
M205 X30 Y30
G0 F3600 X74.343 Y62.834
M204 S500
M205 X10 Y10
G1 F1200 X80.014 Y57.163 E226.37331
M204 S2000
M205 X30 Y30
G0 F3600 X79.307 Y57.163
M204 S500
M205 X10 Y10
G1 F1200 X73.636 Y62.834 E226.7901
M204 S2000
M205 X30 Y30
G0 F3600 X72.929 Y62.834
M204 S500
M205 X10 Y10
G1 F1200 X78.6 Y57.163 E227.20689
M204 S2000
M205 X30 Y30
G0 F3600 X77.893 Y57.163
M204 S500
M205 X10 Y10
G1 F1200 X72.222 Y62.834 E227.62368
M204 S2000
M205 X30 Y30
G0 F3600 X71.515 Y62.834
M204 S500
M205 X10 Y10
G1 F1200 X77.186 Y57.163 E228.04047
M204 S2000
M205 X30 Y30
G0 F3600 X76.479 Y57.163
M204 S500
M205 X10 Y10
G1 F1200 X70.808 Y62.834 E228.45726
M204 S2000
M205 X30 Y30
G0 F3600 X70.101 Y62.834
M204 S500
M205 X10 Y10
G1 F1200 X75.772 Y57.163 E228.87406
M204 S2000
M205 X30 Y30
G0 F3600 X75.065 Y57.163
M204 S500
M205 X10 Y10
G1 F1200 X69.394 Y62.834 E229.29085
M204 S2000
M205 X30 Y30
G0 F3600 X68.686 Y62.834
M204 S500
M205 X10 Y10
G1 F1200 X74.357 Y57.163 E229.70764
M204 S2000
M205 X30 Y30
G0 F3600 X73.65 Y57.163
M204 S500
M205 X10 Y10
G1 F1200 X67.979 Y62.834 E230.12443
M204 S2000
M205 X30 Y30
G0 F3600 X67.272 Y62.834
M204 S500
M205 X10 Y10
G1 F1200 X72.943 Y57.163 E230.54122
M204 S2000
M205 X30 Y30
G0 F3600 X72.236 Y57.163
M204 S500
M205 X10 Y10
G1 F1200 X66.565 Y62.834 E230.95801
M204 S2000
M205 X30 Y30
G0 F3600 X65.858 Y62.834
M204 S500
M205 X10 Y10
G1 F1200 X71.529 Y57.163 E231.3748
M204 S2000
M205 X30 Y30
G0 F3600 X70.822 Y57.163
M204 S500
M205 X10 Y10
G1 F1200 X65.151 Y62.834 E231.79159
M204 S2000
M205 X30 Y30
G0 F3600 X64.444 Y62.834
M204 S500
M205 X10 Y10
G1 F1200 X70.115 Y57.163 E232.20839
M204 S2000
M205 X30 Y30
G0 F3600 X69.408 Y57.163
M204 S500
M205 X10 Y10
G1 F1200 X63.737 Y62.834 E232.62518
M204 S2000
M205 X30 Y30
G0 F3600 X63.03 Y62.834
M204 S500
M205 X10 Y10
G1 F1200 X68.701 Y57.163 E233.04197
M204 S2000
M205 X30 Y30
G0 F3600 X67.993 Y57.163
M204 S500
M205 X10 Y10
G1 F1200 X62.322 Y62.834 E233.45876
M204 S2000
M205 X30 Y30
G0 F3600 X61.615 Y62.834
M204 S500
M205 X10 Y10
G1 F1200 X67.286 Y57.163 E233.87555
M204 S2000
M205 X30 Y30
G0 F3600 X66.579 Y57.163
M204 S500
M205 X10 Y10
G1 F1200 X60.908 Y62.834 E234.29234
M204 S2000
M205 X30 Y30
G0 F3600 X60.201 Y62.834
M204 S500
M205 X10 Y10
G1 F1200 X65.872 Y57.163 E234.70913
M204 S2000
M205 X30 Y30
G0 F3600 X65.165 Y57.163
M204 S500
M205 X10 Y10
G1 F1200 X59.494 Y62.834 E235.12593
M204 S2000
M205 X30 Y30
G0 F3600 X58.787 Y62.834
M204 S500
M205 X10 Y10
G1 F1200 X64.458 Y57.163 E235.54272
M204 S2000
M205 X30 Y30
G0 F3600 X63.751 Y57.163
M204 S500
M205 X10 Y10
G1 F1200 X58.08 Y62.834 E235.95951
M204 S2000
M205 X30 Y30
G0 F3600 X57.373 Y62.834
M204 S500
M205 X10 Y10
G1 F1200 X63.044 Y57.163 E236.3763
M204 S2000
M205 X30 Y30
G0 F3600 X62.337 Y57.163
M204 S500
M205 X10 Y10
G1 F1200 X56.666 Y62.834 E236.79309
M204 S2000
M205 X30 Y30
G0 F3600 X55.959 Y62.834
M204 S500
M205 X10 Y10
G1 F1200 X61.63 Y57.163 E237.20988
M204 S2000
M205 X30 Y30
G0 F3600 X60.922 Y57.163
M204 S500
M205 X10 Y10
G1 F1200 X55.251 Y62.834 E237.62667
M204 S2000
M205 X30 Y30
G0 F3600 X54.544 Y62.834
M204 S500
M205 X10 Y10
G1 F1200 X60.215 Y57.163 E238.04346
M204 S2000
M205 X30 Y30
G0 F3600 X59.508 Y57.163
M204 S500
M205 X10 Y10
G1 F1200 X53.837 Y62.834 E238.46026
M204 S2000
M205 X30 Y30
G0 F3600 X53.13 Y62.834
M204 S500
M205 X10 Y10
G1 F1200 X58.801 Y57.163 E238.87705
M204 S2000
M205 X30 Y30
G0 F3600 X58.094 Y57.163
M204 S500
M205 X10 Y10
G1 F1200 X52.423 Y62.834 E239.29384
M204 S2000
M205 X30 Y30
G0 F3600 X51.716 Y62.834
M204 S500
M205 X10 Y10
G1 F1200 X57.387 Y57.163 E239.71063
M204 S2000
M205 X30 Y30
G0 F3600 X56.68 Y57.163
M204 S500
M205 X10 Y10
G1 F1200 X51.009 Y62.834 E240.12742
M204 S2000
M205 X30 Y30
G0 F3600 X50.302 Y62.834
M204 S500
M205 X10 Y10
G1 F1200 X55.973 Y57.163 E240.54421
M204 S2000
M205 X30 Y30
G0 F3600 X55.266 Y57.163
M204 S500
M205 X10 Y10
G1 F1200 X49.595 Y62.834 E240.961
M204 S2000
M205 X30 Y30
G0 F3600 X48.887 Y62.834
M204 S500
M205 X10 Y10
G1 F1200 X54.558 Y57.163 E241.3778
M204 S2000
M205 X30 Y30
G0 F3600 X53.851 Y57.163
M204 S500
M205 X10 Y10
G1 F1200 X48.18 Y62.834 E241.79459
M204 S2000
M205 X30 Y30
G0 F3600 X47.473 Y62.834
M204 S500
M205 X10 Y10
G1 F1200 X53.144 Y57.163 E242.21138
M204 S2000
M205 X30 Y30
G0 F3600 X52.437 Y57.163
M204 S500
M205 X10 Y10
G1 F1200 X46.766 Y62.834 E242.62817
M204 S2000
M205 X30 Y30
G0 F3600 X46.059 Y62.834
M204 S500
M205 X10 Y10
G1 F1200 X51.73 Y57.163 E243.04496
M204 S2000
M205 X30 Y30
G0 F3600 X51.023 Y57.163
M204 S500
M205 X10 Y10
G1 F1200 X45.352 Y62.834 E243.46175
M204 S2000
M205 X30 Y30
G0 F3600 X44.645 Y62.834
M204 S500
M205 X10 Y10
G1 F1200 X50.316 Y57.163 E243.87854
M204 S2000
M205 X30 Y30
G0 F3600 X49.609 Y57.163
M204 S500
M205 X10 Y10
G1 F1200 X43.938 Y62.834 E244.29533
M204 S2000
M205 X30 Y30
G0 F3600 X43.231 Y62.834
M204 S500
M205 X10 Y10
G1 F1200 X48.902 Y57.163 E244.71213
M204 S2000
M205 X30 Y30
G0 F3600 X48.194 Y57.163
M204 S500
M205 X10 Y10
G1 F1200 X42.523 Y62.834 E245.12892
M204 S2000
M205 X30 Y30
G0 F3600 X41.816 Y62.834
M204 S500
M205 X10 Y10
G1 F1200 X47.487 Y57.163 E245.54571
M204 S2000
M205 X30 Y30
G0 F3600 X46.78 Y57.163
M204 S500
M205 X10 Y10
G1 F1200 X41.109 Y62.834 E245.9625
M204 S2000
M205 X30 Y30
G0 F3600 X40.402 Y62.834
M204 S500
M205 X10 Y10
G1 F1200 X46.073 Y57.163 E246.37929
M204 S2000
M205 X30 Y30
G0 F3600 X45.366 Y57.163
M204 S500
M205 X10 Y10
G1 F1200 X39.695 Y62.834 E246.79608
M204 S2000
M205 X30 Y30
G0 F3600 X38.988 Y62.834
M204 S500
M205 X10 Y10
G1 F1200 X44.659 Y57.163 E247.21287
M204 S2000
M205 X30 Y30
G0 F3600 X43.952 Y57.163
M204 S500
M205 X10 Y10
G1 F1200 X38.281 Y62.834 E247.62967
M204 S2000
M205 X30 Y30
G0 F3600 X37.574 Y62.834
M204 S500
M205 X10 Y10
G1 F1200 X43.245 Y57.163 E248.04646
M204 S2000
M205 X30 Y30
G0 F3600 X42.538 Y57.163
M204 S500
M205 X10 Y10
G1 F1200 X36.867 Y62.834 E248.46325
M204 S2000
M205 X30 Y30
G0 F3600 X36.16 Y62.834
M204 S500
M205 X10 Y10
G1 F1200 X41.831 Y57.163 E248.88004
M204 S2000
M205 X30 Y30
G0 F3600 X41.123 Y57.163
M204 S500
M205 X10 Y10
G1 F1200 X35.452 Y62.834 E249.29683
M204 S2000
M205 X30 Y30
G0 F3600 X34.745 Y62.834
M204 S500
M205 X10 Y10
G1 F1200 X40.416 Y57.163 E249.71362
M204 S2000
M205 X30 Y30
G0 F3600 X39.709 Y57.163
M204 S500
M205 X10 Y10
G1 F1200 X34.038 Y62.834 E250.13041
M204 S2000
M205 X30 Y30
G0 F3600 X33.615 Y62.55
M204 S500
M205 X10 Y10
G1 F1200 X39.002 Y57.163 E250.52633
M204 S2000
M205 X30 Y30
G0 F3600 X38.295 Y57.163
M204 S500
M205 X10 Y10
G1 F1200 X33.262 Y62.197 E250.89627
M204 S2000
M205 X30 Y30
G0 F3600 X32.908 Y61.843
M204 S500
M205 X10 Y10
G1 F1200 X37.588 Y57.163 E251.24023
M204 S2000
M205 X30 Y30
G0 F3600 X36.881 Y57.163
M204 S500
M205 X10 Y10
G1 F1200 X32.555 Y61.49 E251.5582
M204 S2000
M205 X30 Y30
G0 F3600 X32.201 Y61.136
M204 S500
M205 X10 Y10
G1 F1200 X36.174 Y57.163 E251.8502
M204 S2000
M205 X30 Y30
G0 F3600 X35.467 Y57.163
M204 S500
M205 X10 Y10
G1 F1200 X32.164 Y60.466 E252.09296
M204 S2000
M205 X30 Y30
G0 F3600 X32.164 Y59.759
M204 S500
M205 X10 Y10
G1 F1200 X34.759 Y57.163 E252.28371
M204 S2000
M205 X30 Y30
G0 F3600 X34.052 Y57.163
M204 S500
M205 X10 Y10
G1 F1200 X32.164 Y59.051 E252.42247
G1 X31.952 Y59.263
M204 S2000
M205 X30 Y30
;MESH:NONMESH
G0 F600 X31.952 Y59.263 Z1.3
G0 F3600 X31.522 Y60.022
;TIME_ELAPSED:283.749012
;LAYER:4
M104 S190 T0 ; littlefish custom hot end temp
M204 S500
M205 X10 Y10
;TYPE:WALL-INNER
;MESH:temperaturetowerv2.stl
G1 F720 X31.478 Y60.022 E252.42438
G1 X31.478 Y59.978 E252.42628
G1 X31.522 Y59.978 E252.42819
G1 X31.522 Y60.013 E252.4297
G0 F1920 X31.522 Y60.022
M204 S2000
M205 X30 Y30
G0 F3600 X32.022 Y60.522
M204 S500
M205 X10 Y10
;TYPE:WALL-OUTER
G1 F600 X30.978 Y60.522 E252.47491
G1 X30.978 Y59.478 E252.52013
G1 X32.022 Y59.478 E252.56534
G1 X32.022 Y60.29 E252.6005
G0 F960 X32.022 Y60.522
M204 S2000
M205 X30 Y30
G0 F3600 X31.772 Y60.522
G1 F2700 E248.6005
G0 F3600 X31.513 Y60.013
G0 X32.937 Y59.992
G0 X34.86 Y59.992
G0 X36.275 Y59.991
G0 X38.251 Y58.775
M204 S500
M205 X10 Y10
;TYPE:WALL-INNER
G1 F2700 E252.6005
G1 F720 X38.252 Y61.226 E252.70664
G1 X36.775 Y61.225 E252.77061
G1 X36.774 Y58.774 E252.87675
G1 X37.851 Y58.775 E252.92339
G0 F1920 X38.251 Y58.775
M204 S2000
M205 X30 Y30
G0 F3600 X38.751 Y58.275
M204 S500
M205 X10 Y10
G1 F720 X38.752 Y61.726 E253.07284
G1 X36.275 Y61.725 E253.18011
G1 X36.274 Y58.274 E253.32955
G1 X38.239 Y58.275 E253.41465
G0 F1920 X38.751 Y58.275
M204 S2000
M205 X30 Y30
G0 F3600 X39.251 Y57.775
M204 S500
M205 X10 Y10
;TYPE:WALL-OUTER
G1 F1200 X39.252 Y62.226 E253.6074
G1 X35.775 Y62.225 E253.75798
G1 X35.774 Y57.774 E253.95073
G1 X38.739 Y57.775 E254.07913
G0 F960 X39.251 Y57.775
M204 S2000
M205 X30 Y30
G0 F3600 X39.251 Y58.025
G0 X38.681 Y58.345
G0 X37.761 Y59.265
M204 S500
M205 X10 Y10
;TYPE:SKIN
G1 F600 X37.762 Y60.736 E254.15558
G1 X37.265 Y60.735 E254.18141
G1 X37.264 Y59.264 E254.25785
G1 X37.579 Y59.265 E254.27422
G0 F960 X37.761 Y59.265
M204 S2000
M205 X30 Y30
G1 F2700 E250.27422
G0 F3600 X38.751 Y58.986
G0 X40.166 Y58.985
G0 X77.834 Y58.976
G0 X79.249 Y58.975
G0 X80.192 Y58.974
M204 S500
M205 X10 Y10
;TYPE:FILL
G1 F2700 E254.27422
G1 F2400 X82.242 Y61.024 E254.39977
G1 X82.454 Y61.236
M204 S2000
M205 X30 Y30
G0 F3600 X82.549 Y58.974
M204 S500
M205 X10 Y10
G1 F2400 X84.6 Y61.025 E254.52538
G1 X84.812 Y61.237
M204 S2000
M205 X30 Y30
G0 F3600 X86.025 Y60.092
M204 S500
M205 X10 Y10
G1 F2400 X84.907 Y58.974 E254.59385
G1 X84.695 Y58.762
M204 S2000
M205 X30 Y30
G0 F3600 X86.225 Y58.775
M204 S500
M205 X10 Y10
;TYPE:WALL-INNER
G1 F2400 X86.226 Y61.226 E254.7
G1 X79.749 Y61.225 E254.98049
G1 X79.748 Y58.774 E255.08663
G1 X85.713 Y58.775 E255.34495
G0 F1920 X86.225 Y58.775
M204 S2000
M205 X30 Y30
G0 F3600 X86.725 Y58.275
M204 S500
M205 X10 Y10
G1 F2400 X86.726 Y61.726 E255.4944
G1 X79.249 Y61.725 E255.81819
G1 X79.248 Y58.274 E255.96764
G1 X86.213 Y58.275 E256.26927
G0 F1920 X86.725 Y58.275
M204 S2000
M205 X30 Y30
G0 F3600 X87.225 Y57.775
M204 S500
M205 X10 Y10
;TYPE:WALL-OUTER
G1 F1200 X87.226 Y62.226 E256.46202
G1 X78.749 Y62.225 E256.82912
G1 X78.748 Y57.774 E257.02188
G1 X86.713 Y57.775 E257.36681
G0 F960 X87.225 Y57.775
M204 S2000
M205 X30 Y30
G0 F3600 X87.225 Y58.025
G0 X86.225 Y58.627
G1 F2700 E253.36681
;MESH:NONMESH
G0 F600 X86.225 Y58.627 Z1.55
G0 F3600 X79.249 Y60
G0 X77.834 Y60.001
G0 X40.154 Y56.872
G0 X34.871 Y56.871
G0 X32.937 Y60
G0 X31.502 Y60
G0 X31.982 Y60.482
;TIME_ELAPSED:293.245238
;LAYER:5
M204 S500
M205 X10 Y10
;TYPE:WALL-OUTER
;MESH:temperaturetowerv2.stl
G1 F2700 E257.36681
G1 F600 X31.018 Y60.482 E257.40855
G1 X31.018 Y59.518 E257.4503
G1 X31.982 Y59.518 E257.49205
G1 X31.982 Y60.268 E257.52453
G0 F960 X31.982 Y60.482
M204 S2000
M205 X30 Y30
G0 F3600 X31.732 Y60.482
G0 X31.482 Y59.982
G1 F2700 E253.52453
G0 F3600 X32.897 Y59.532
G0 X34.61 Y59.532
G0 X36.025 Y59.531
G0 X38.517 Y58.525
M204 S500
M205 X10 Y10
;TYPE:WALL-INNER
G1 F2700 E257.52453
G1 F720 X38.518 Y61.476 E257.65232
G1 X36.525 Y61.475 E257.73863
G1 X36.524 Y58.524 E257.86643
G1 X38.005 Y58.525 E257.93056
G0 F1920 X38.517 Y58.525
M204 S2000
M205 X30 Y30
G0 F3600 X39.017 Y58.025
M204 S500
M205 X10 Y10
G1 F720 X39.018 Y61.976 E258.10166
G1 X36.025 Y61.975 E258.23128
G1 X36.024 Y58.024 E258.40238
G1 X38.505 Y58.025 E258.50982
G0 F1920 X39.017 Y58.025
M204 S2000
M205 X30 Y30
G0 F3600 X39.517 Y57.525
M204 S500
M205 X10 Y10
;TYPE:WALL-OUTER
G1 F1200 X39.518 Y62.476 E258.72423
G1 X35.525 Y62.475 E258.89715
G1 X35.524 Y57.524 E259.11155
G1 X39.005 Y57.525 E259.2623
G0 F960 X39.517 Y57.525
M204 S2000
M205 X30 Y30
G0 F3600 X39.517 Y57.775
G0 X38.947 Y58.095
G0 X38.027 Y59.015
M204 S500
M205 X10 Y10
;TYPE:SKIN
G1 F600 X38.028 Y60.986 E259.36473
G1 X37.015 Y60.985 E259.41737
G1 X37.014 Y59.014 E259.51981
G1 X37.731 Y59.015 E259.55707
G0 F960 X38.027 Y59.015
M204 S2000
M205 X30 Y30
G0 F3600 X37.239 Y59.633
M204 S500
M205 X10 Y10
G1 F1200 X37.635 Y59.238 E259.58613
M204 S2000
M205 X30 Y30
G0 F3600 X37.802 Y59.778
M204 S500
M205 X10 Y10
G1 F1200 X37.239 Y60.34 E259.62748
M204 S2000
M205 X30 Y30
G0 F3600 X37.527 Y60.76
M204 S500
M205 X10 Y10
G1 F1200 X37.802 Y60.485 E259.64769
M204 S2000
M205 X30 Y30
G1 F2700 E255.64769
G0 F3600 X39.017 Y59.187
G0 X40.432 Y59.186
G0 X77.568 Y59.178
G0 X78.983 Y59.177
G0 X79.681 Y59.177
M204 S500
M205 X10 Y10
;TYPE:FILL
G1 F2700 E259.64769
G1 F2400 X80.134 Y58.723 E259.67546
M204 S2000
M205 X30 Y30
G0 F3600 X82.492 Y58.723
M204 S500
M205 X10 Y10
G1 F2400 X79.94 Y61.275 E259.83175
G1 X79.728 Y61.487
M204 S2000
M205 X30 Y30
G0 F3600 X82.298 Y61.275
M204 S500
M205 X10 Y10
G1 F2400 X84.849 Y58.724 E259.98799
G1 X85.061 Y58.512
M204 S2000
M205 X30 Y30
G0 F3600 X86.274 Y59.657
M204 S500
M205 X10 Y10
G1 F2400 X84.654 Y61.276 E260.08717
G1 X84.442 Y61.488
M204 S2000
M205 X30 Y30
G0 F3600 X86.475 Y58.525
M204 S500
M205 X10 Y10
;TYPE:WALL-INNER
G1 F2400 X86.476 Y61.476 E260.21497
G1 X79.483 Y61.475 E260.5178
G1 X79.482 Y58.524 E260.6456
G1 X85.963 Y58.525 E260.92626
G0 F1920 X86.475 Y58.525
M204 S2000
M205 X30 Y30
G0 F3600 X86.975 Y58.025
M204 S500
M205 X10 Y10
G1 F2400 X86.976 Y61.976 E261.09736
G1 X78.983 Y61.975 E261.44351
G1 X78.982 Y58.024 E261.61461
G1 X86.463 Y58.025 E261.93858
G0 F1920 X86.975 Y58.025
M204 S2000
M205 X30 Y30
G0 F3600 X87.475 Y57.525
M204 S500
M205 X10 Y10
;TYPE:WALL-OUTER
G1 F1200 X87.476 Y62.476 E262.15298
G1 X78.483 Y62.475 E262.54243
G1 X78.482 Y57.524 E262.75684
G1 X86.963 Y57.525 E263.12412
G0 F960 X87.475 Y57.525
M204 S2000
M205 X30 Y30
G0 F3600 X87.475 Y57.775
G0 X86.475 Y58.377
G1 F2700 E259.12412
;MESH:NONMESH
G0 F600 X86.475 Y58.377 Z1.8
G0 F3600 X78.983 Y60.371
G0 X77.568 Y60.372
G0 X40.421 Y63.379
G0 X34.622 Y63.378
G0 X32.897 Y60.371
G0 X31.962 Y60.371
G0 X31.942 Y60.442
;TIME_ELAPSED:304.052419
;LAYER:6
M204 S500
M205 X10 Y10
;TYPE:WALL-OUTER
;MESH:temperaturetowerv2.stl
G1 F2700 E263.12412
G1 F600 X31.058 Y60.442 E263.1624
G1 X31.058 Y59.558 E263.20068
G1 X31.942 Y59.558 E263.23896
G1 X31.942 Y60.246 E263.26876
G0 F960 X31.942 Y60.442
M204 S2000
M205 X30 Y30
G0 F3600 X31.692 Y60.442
G0 X31.442 Y59.942
G1 F2700 E259.26876
G0 F3600 X32.857 Y60.428
G0 X34.535 Y60.428
G0 X35.97 Y60.428
G0 X38.581 Y61.55
M204 S500
M205 X10 Y10
;TYPE:WALL-INNER
G1 F2700 E263.26876
G1 F720 X36.45 Y61.55 E263.36104
G1 X36.45 Y58.45 E263.49529
G1 X38.582 Y58.45 E263.58762
G1 X38.581 Y61.038 E263.69969
G0 F1920 X38.581 Y61.55
M204 S2000
M205 X30 Y30
G0 F3600 X39.081 Y62.05
M204 S500
M205 X10 Y10
G1 F720 X35.95 Y62.05 E263.83528
G1 X35.95 Y57.95 E264.01284
G1 X39.082 Y57.95 E264.14847
G1 X39.081 Y61.538 E264.30385
G0 F1920 X39.081 Y62.05
M204 S2000
M205 X30 Y30
G0 F3600 X39.581 Y62.55
M204 S500
M205 X10 Y10
;TYPE:WALL-OUTER
G1 F1200 X35.45 Y62.55 E264.48275
G1 X35.45 Y57.45 E264.70361
G1 X39.582 Y57.45 E264.88254
G1 X39.581 Y62.038 E265.08123
G0 F960 X39.581 Y62.55
M204 S2000
M205 X30 Y30
G0 F3600 X39.331 Y62.55
G0 X39.011 Y61.98
G0 X38.091 Y61.06
M204 S500
M205 X10 Y10
;TYPE:SKIN
G1 F600 X36.94 Y61.06 E265.14105
G1 X36.94 Y58.94 E265.25122
G1 X38.092 Y58.94 E265.31109
G1 X38.091 Y60.661 E265.40053
G0 F960 X38.091 Y61.06
M204 S2000
M205 X30 Y30
G0 F3600 X37.499 Y60.834
M204 S500
M205 X10 Y10
G1 F1200 X37.164 Y60.499 E265.42515
M204 S2000
M205 X30 Y30
G0 F3600 X37.866 Y60.494
M204 S500
M205 X10 Y10
G1 F1200 X37.164 Y59.792 E265.47674
M204 S2000
M205 X30 Y30
G0 F3600 X37.244 Y59.164
M204 S500
M205 X10 Y10
G1 F1200 X37.866 Y59.787 E265.52249
M204 S2000
M205 X30 Y30
G1 F2700 E261.52249
G0 F3600 X39.062 Y60.746
G0 X40.497 Y60.746
G0 X77.503 Y60.757
G0 X78.938 Y60.757
G0 X79.617 Y60.757
M204 S500
M205 X10 Y10
;TYPE:FILL
G1 F2700 E265.52249
G1 F2400 X80.209 Y61.349 E265.55875
M204 S2000
M205 X30 Y30
G0 F3600 X82.567 Y61.349
M204 S500
M205 X10 Y10
G1 F2400 X79.867 Y58.65 E265.72408
G1 X79.655 Y58.438
M204 S2000
M205 X30 Y30
G0 F3600 X82.225 Y58.65
M204 S500
M205 X10 Y10
G1 F2400 X84.924 Y61.349 E265.88937
G1 X85.136 Y61.561
M204 S2000
M205 X30 Y30
G0 F3600 X86.349 Y60.416
M204 S500
M205 X10 Y10
G1 F2400 X84.582 Y58.65 E265.99756
G1 X84.37 Y58.438
M204 S2000
M205 X30 Y30
G0 F3600 X86.55 Y61.55
M204 S500
M205 X10 Y10
;TYPE:WALL-INNER
G1 F2400 X79.418 Y61.55 E266.30642
G1 X79.419 Y58.45 E266.44066
G1 X86.55 Y58.45 E266.74948
G1 X86.55 Y61.038 E266.86155
G0 F1920 X86.55 Y61.55
M204 S2000
M205 X30 Y30
G0 F3600 X87.05 Y62.05
M204 S500
M205 X10 Y10
G1 F2400 X78.918 Y62.05 E267.21372
G1 X78.919 Y57.95 E267.39127
G1 X87.05 Y57.95 E267.74339
G1 X87.05 Y61.538 E267.89877
G0 F1920 X87.05 Y62.05
M204 S2000
M205 X30 Y30
G0 F3600 X87.55 Y62.55
M204 S500
M205 X10 Y10
;TYPE:WALL-OUTER
G1 F1200 X78.418 Y62.55 E268.29424
G1 X78.419 Y57.45 E268.5151
G1 X87.55 Y57.45 E268.91052
G1 X87.55 Y62.038 E269.10921
G0 F960 X87.55 Y62.55
M204 S2000
M205 X30 Y30
G0 F3600 X87.3 Y62.55
G0 X86.55 Y61.697
G1 F2700 E265.10921
;MESH:NONMESH
G0 F600 X86.55 Y61.697 Z2.05
G0 F3600 X78.938 Y60.355
G0 X77.503 Y60.355
G0 X40.484 Y63.453
G0 X34.547 Y63.453
G0 X32.857 Y60.355
G0 X31.922 Y60.355
G0 X31.903 Y60.403
;TIME_ELAPSED:315.112434
;LAYER:7
M204 S500
M205 X10 Y10
;TYPE:WALL-OUTER
;MESH:temperaturetowerv2.stl
G1 F2700 E269.10921
G1 F600 X31.097 Y60.403 E269.14411
G1 X31.097 Y59.597 E269.17902
G1 X31.903 Y59.597 E269.21392
G1 X31.903 Y60.224 E269.24107
G0 F960 X31.903 Y60.403
M204 S2000
M205 X30 Y30
G0 F3600 X31.653 Y60.403
G0 X31.403 Y59.903
G1 F2700 E265.24107
G0 F3600 X32.818 Y60.389
G0 X34.535 Y60.389
G0 X35.97 Y60.389
G0 X38.608 Y61.55
M204 S500
M205 X10 Y10
;TYPE:WALL-INNER
G1 F2700 E269.24107
G1 F720 X36.45 Y61.55 E269.33453
G1 X36.45 Y58.45 E269.46877
G1 X38.609 Y58.45 E269.56227
G1 X38.608 Y61.038 E269.67435
G0 F1920 X38.608 Y61.55
M204 S2000
M205 X30 Y30
G0 F3600 X39.108 Y62.05
M204 S500
M205 X10 Y10
G1 F720 X35.95 Y62.05 E269.81111
G1 X35.95 Y57.95 E269.98866
G1 X39.109 Y57.95 E270.12546
G1 X39.108 Y61.538 E270.28084
G0 F1920 X39.108 Y62.05
M204 S2000
M205 X30 Y30
G0 F3600 X39.608 Y62.55
M204 S500
M205 X10 Y10
;TYPE:WALL-OUTER
G1 F1200 X35.45 Y62.55 E270.46091
G1 X35.45 Y57.45 E270.68177
G1 X39.609 Y57.45 E270.86188
G1 X39.608 Y62.038 E271.06056
G0 F960 X39.608 Y62.55
M204 S2000
M205 X30 Y30
G0 F3600 X39.358 Y62.55
G0 X39.038 Y61.98
G0 X38.118 Y61.06
M204 S500
M205 X10 Y10
;TYPE:SKIN
G1 F600 X36.94 Y61.06 E271.12178
G1 X36.94 Y58.94 E271.23196
G1 X38.119 Y58.94 E271.29323
G1 X38.118 Y60.659 E271.38256
G0 F960 X38.118 Y61.06
M204 S2000
M205 X30 Y30
G0 F3600 X37.453 Y60.834
M204 S500
M205 X10 Y10
G1 F1200 X37.893 Y60.394 E271.4149
M204 S2000
M205 X30 Y30
G0 F3600 X37.893 Y59.686
M204 S500
M205 X10 Y10
G1 F1200 X37.164 Y60.415 E271.46848
M204 S2000
M205 X30 Y30
G0 F3600 X37.164 Y59.708
M204 S500
M205 X10 Y10
G1 F1200 X37.709 Y59.164 E271.5085
M204 S2000
M205 X30 Y30
G1 F2700 E267.5085
G0 F3600 X39.089 Y59.256
G0 X40.524 Y59.256
G0 X77.476 Y59.267
G0 X78.911 Y59.267
G0 X79.591 Y59.267
M204 S500
M205 X10 Y10
;TYPE:FILL
G1 F2700 E271.5085
G1 F2400 X80.209 Y58.649 E271.54635
M204 S2000
M205 X30 Y30
G0 F3600 X82.566 Y58.649
M204 S500
M205 X10 Y10
G1 F2400 X79.866 Y61.349 E271.7117
G1 X79.654 Y61.561
M204 S2000
M205 X30 Y30
G0 F3600 X82.223 Y61.349
M204 S500
M205 X10 Y10
G1 F2400 X84.924 Y58.649 E271.87709
G1 X85.136 Y58.437
M204 S2000
M205 X30 Y30
G0 F3600 X86.349 Y59.582
M204 S500
M205 X10 Y10
G1 F2400 X84.581 Y61.349 E271.98534
G1 X84.369 Y61.561
M204 S2000
M205 X30 Y30
G0 F3600 X86.55 Y61.55
M204 S500
M205 X10 Y10
;TYPE:WALL-INNER
G1 F2400 X79.391 Y61.55 E272.29537
G1 X79.392 Y58.45 E272.42961
G1 X86.55 Y58.45 E272.7396
G1 X86.55 Y61.038 E272.85167
G0 F1920 X86.55 Y61.55
M204 S2000
M205 X30 Y30
G0 F3600 X87.05 Y62.05
M204 S500
M205 X10 Y10
G1 F2400 X78.891 Y62.05 E273.205
G1 X78.892 Y57.95 E273.38256
G1 X87.05 Y57.95 E273.73584
G1 X87.05 Y61.538 E273.89123
G0 F1920 X87.05 Y62.05
M204 S2000
M205 X30 Y30
G0 F3600 X87.55 Y62.55
M204 S500
M205 X10 Y10
;TYPE:WALL-OUTER
G1 F1200 X78.391 Y62.55 E274.28786
G1 X78.392 Y57.45 E274.50872
G1 X87.55 Y57.45 E274.90532
G1 X87.55 Y62.038 E275.104
G0 F960 X87.55 Y62.55
M204 S2000
M205 X30 Y30
G0 F3600 X87.3 Y62.55
G0 X86.55 Y61.697
G1 F2700 E271.104
;MESH:NONMESH
G0 F600 X86.55 Y61.697 Z2.3
G0 F3600 X78.911 Y60.316
G0 X77.476 Y60.316
G0 X40.511 Y63.453
G0 X34.547 Y63.453
G0 X32.818 Y60.316
G0 X31.883 Y60.316
G0 X31.863 Y60.363
;TIME_ELAPSED:326.143248
;LAYER:8
M204 S500
M205 X10 Y10
;TYPE:WALL-OUTER
;MESH:temperaturetowerv2.stl
G1 F2700 E275.104
G1 F600 X31.137 Y60.363 E275.13544
G1 X31.137 Y59.637 E275.16688
G1 X31.863 Y59.637 E275.19832
G1 X31.863 Y60.202 E275.22279
G0 F960 X31.863 Y60.363
M204 S2000
M205 X30 Y30
G0 F3600 X31.613 Y60.363
G0 X31.613 Y60.137
G1 F2700 E271.22279
G0 F3600 X32.778 Y60.349
G0 X34.535 Y60.349
G0 X35.97 Y60.349
G0 X38.642 Y61.55
M204 S500
M205 X10 Y10
;TYPE:WALL-INNER
G1 F2700 E275.22279
G1 F720 X36.45 Y61.55 E275.31772
G1 X36.45 Y58.45 E275.45196
G1 X38.643 Y58.45 E275.54693
G1 X38.642 Y61.038 E275.65901
G0 F1920 X38.642 Y61.55
M204 S2000
M205 X30 Y30
G0 F3600 X39.142 Y62.05
M204 S500
M205 X10 Y10
G1 F720 X35.95 Y62.05 E275.79724
G1 X35.95 Y57.95 E275.97479
G1 X39.143 Y57.95 E276.11307
G1 X39.142 Y61.538 E276.26845
G0 F1920 X39.142 Y62.05
M204 S2000
M205 X30 Y30
G0 F3600 X39.642 Y62.55
M204 S500
M205 X10 Y10
;TYPE:WALL-OUTER
G1 F1200 X35.45 Y62.55 E276.44999
G1 X35.45 Y57.45 E276.67085
G1 X39.643 Y57.45 E276.85243
G1 X39.642 Y62.038 E277.05112
G0 F960 X39.642 Y62.55
M204 S2000
M205 X30 Y30
G0 F3600 X39.392 Y62.55
G0 X39.072 Y61.98
G0 X38.152 Y61.06
M204 S500
M205 X10 Y10
;TYPE:SKIN
G1 F600 X36.94 Y61.06 E277.1141
G1 X36.94 Y58.94 E277.22428
G1 X38.153 Y58.94 E277.28731
G1 X38.152 Y60.657 E277.37654
G0 F960 X38.152 Y61.06
M204 S2000
M205 X30 Y30
G0 F3600 X37.499 Y60.834
M204 S500
M205 X10 Y10
G1 F1200 X37.164 Y60.499 E277.40117
M204 S2000
M205 X30 Y30
G0 F3600 X37.164 Y59.792
M204 S500
M205 X10 Y10
G1 F1200 X37.927 Y60.555 E277.45724
M204 S2000
M205 X30 Y30
G0 F3600 X37.928 Y59.848
M204 S500
M205 X10 Y10
G1 F1200 X37.244 Y59.164 E277.50751
M204 S2000
M205 X30 Y30
G1 F2700 E273.50751
G0 F3600 X39.123 Y60.685
G0 X40.558 Y60.685
G0 X77.442 Y60.696
G0 X78.877 Y60.696
G0 X79.556 Y60.696
M204 S500
M205 X10 Y10
;TYPE:FILL
G1 F2700 E277.50751
G1 F2400 X80.209 Y61.349 E277.54751
M204 S2000
M205 X30 Y30
G0 F3600 X82.567 Y61.349
M204 S500
M205 X10 Y10
G1 F2400 X79.867 Y58.65 E277.71283
G1 X79.655 Y58.438
M204 S2000
M205 X30 Y30
G0 F3600 X82.225 Y58.65
M204 S500
M205 X10 Y10
G1 F2400 X84.924 Y61.349 E277.87813
G1 X85.136 Y61.561
M204 S2000
M205 X30 Y30
G0 F3600 X86.349 Y60.416
M204 S500
M205 X10 Y10
G1 F2400 X84.582 Y58.65 E277.98632
G1 X84.37 Y58.438
M204 S2000
M205 X30 Y30
G0 F3600 X86.55 Y61.55
M204 S500
M205 X10 Y10
;TYPE:WALL-INNER
G1 F2400 X79.357 Y61.55 E278.29781
G1 X79.358 Y58.45 E278.43206
G1 X86.55 Y58.45 E278.74352
G1 X86.55 Y61.038 E278.85559
G0 F1920 X86.55 Y61.55
M204 S2000
M205 X30 Y30
G0 F3600 X87.05 Y62.05
M204 S500
M205 X10 Y10
G1 F2400 X78.857 Y62.05 E279.2104
G1 X78.858 Y57.95 E279.38795
G1 X87.05 Y57.95 E279.74271
G1 X87.05 Y61.538 E279.89809
G0 F1920 X87.05 Y62.05
M204 S2000
M205 X30 Y30
G0 F3600 X87.55 Y62.55
M204 S500
M205 X10 Y10
;TYPE:WALL-OUTER
G1 F1200 X78.357 Y62.55 E280.2962
G1 X78.358 Y57.45 E280.51706
G1 X87.55 Y57.45 E280.91513
G1 X87.55 Y62.038 E281.11381
G0 F960 X87.55 Y62.55
M204 S2000
M205 X30 Y30
G0 F3600 X87.3 Y62.55
G0 X86.55 Y61.697
G1 F2700 E277.11381
;MESH:NONMESH
G0 F600 X86.55 Y61.697 Z2.55
G0 F3600 X78.877 Y60.276
G0 X77.442 Y60.276
G0 X40.545 Y63.453
G0 X34.547 Y63.453
G0 X32.778 Y60.276
G0 X31.843 Y60.276
G0 X31.824 Y60.324
;TIME_ELAPSED:337.207413
;LAYER:9
M204 S500
M205 X10 Y10
;TYPE:WALL-OUTER
;MESH:temperaturetowerv2.stl
G1 F2700 E281.11381
G1 F600 X31.176 Y60.324 E281.14187
G1 X31.176 Y59.676 E281.16994
G1 X31.824 Y59.676 E281.198
G1 X31.824 Y60.18 E281.21982
G0 F960 X31.824 Y60.324
M204 S2000
M205 X30 Y30
G0 F3600 X31.574 Y60.324
G0 X31.574 Y60.176
G1 F2700 E277.21982
G0 F3600 X32.739 Y59.773
G0 X34.535 Y59.773
G0 X35.97 Y59.773
G0 X36.65 Y59.773
M204 S500
M205 X10 Y10
;TYPE:FILL
G1 F2700 E281.21982
G1 F2400 X37.774 Y58.649 E281.28866
G1 X37.986 Y58.437
M204 S2000
M205 X30 Y30
G0 F3600 X38.485 Y60.295
M204 S500
M205 X10 Y10
G1 F2400 X37.432 Y61.349 E281.35318
G1 X37.22 Y61.561
M204 S2000
M205 X30 Y30
G0 F3600 X38.685 Y61.55
M204 S500
M205 X10 Y10
;TYPE:WALL-INNER
G1 F720 X36.45 Y61.55 E281.44997
G1 X36.45 Y58.45 E281.58422
G1 X38.686 Y58.45 E281.68105
G1 X38.685 Y61.038 E281.79313
G0 F1920 X38.685 Y61.55
M204 S2000
M205 X30 Y30
G0 F3600 X39.185 Y62.05
M204 S500
M205 X10 Y10
G1 F720 X35.95 Y62.05 E281.93322
G1 X35.95 Y57.95 E282.11077
G1 X39.186 Y57.95 E282.25091
G1 X39.185 Y61.538 E282.40629
G0 F1920 X39.185 Y62.05
M204 S2000
M205 X30 Y30
G0 F3600 X39.685 Y62.55
M204 S500
M205 X10 Y10
;TYPE:WALL-OUTER
G1 F1200 X35.45 Y62.55 E282.58969
G1 X35.45 Y57.45 E282.81055
G1 X39.686 Y57.45 E282.99399
G1 X39.685 Y62.038 E283.19268
G0 F960 X39.685 Y62.55
M204 S2000
M205 X30 Y30
G0 F3600 X39.435 Y62.55
G0 X38.832 Y61.55
G1 F2700 E279.19268
G0 F3600 X39.166 Y59.333
G0 X40.601 Y59.333
G0 X77.399 Y59.344
G0 X78.834 Y59.344
G0 X79.514 Y59.344
M204 S500
M205 X10 Y10
;TYPE:FILL
G1 F2700 E283.19268
G1 F2400 X80.208 Y58.65 E283.23518
M204 S2000
M205 X30 Y30
G0 F3600 X82.566 Y58.65
M204 S500
M205 X10 Y10
G1 F2400 X79.866 Y61.349 E283.40051
G1 X79.654 Y61.561
M204 S2000
M205 X30 Y30
G0 F3600 X82.223 Y61.349
M204 S500
M205 X10 Y10
G1 F2400 X84.923 Y58.65 E283.56584
G1 X85.135 Y58.438
M204 S2000
M205 X30 Y30
G0 F3600 X86.349 Y59.582
M204 S500
M205 X10 Y10
G1 F2400 X84.581 Y61.349 E283.67409
G1 X84.369 Y61.561
M204 S2000
M205 X30 Y30
G0 F3600 X86.55 Y61.55
M204 S500
M205 X10 Y10
;TYPE:WALL-INNER
G1 F2400 X79.314 Y61.55 E283.98745
G1 X79.315 Y58.45 E284.12169
G1 X86.55 Y58.45 E284.43501
G1 X86.55 Y61.038 E284.54709
G0 F1920 X86.55 Y61.55
M204 S2000
M205 X30 Y30
G0 F3600 X87.05 Y62.05
M204 S500
M205 X10 Y10
G1 F2400 X78.814 Y62.05 E284.90375
G1 X78.815 Y57.95 E285.08131
G1 X87.05 Y57.95 E285.43793
G1 X87.05 Y61.538 E285.59331
G0 F1920 X87.05 Y62.05
M204 S2000
M205 X30 Y30
G0 F3600 X87.55 Y62.55
M204 S500
M205 X10 Y10
;TYPE:WALL-OUTER
G1 F1200 X78.314 Y62.55 E285.99328
G1 X78.315 Y57.45 E286.21414
G1 X87.55 Y57.45 E286.61407
G1 X87.55 Y62.038 E286.81275
G0 F960 X87.55 Y62.55
M204 S2000
M205 X30 Y30
G0 F3600 X87.3 Y62.55
G0 X86.55 Y61.697
G1 F2700 E282.81275
;MESH:NONMESH
G0 F600 X86.55 Y61.697 Z2.8
G0 F3600 X78.834 Y60.237
G0 X77.399 Y60.237
G0 X40.588 Y63.453
G0 X34.547 Y63.453
G0 X32.739 Y60.237
G0 X31.804 Y60.237
G0 X31.784 Y60.284
;TIME_ELAPSED:347.520235
;LAYER:10
M204 S500
M205 X10 Y10
;TYPE:WALL-OUTER
;MESH:temperaturetowerv2.stl
G1 F2700 E286.81275
G1 F600 X31.216 Y60.284 E286.83735
G1 X31.216 Y59.716 E286.86195
G1 X31.784 Y59.716 E286.88655
G1 X31.784 Y60.158 E286.90569
G0 F960 X31.784 Y60.284
M204 S2000
M205 X30 Y30
G0 F3600 X31.534 Y60.284
G0 X31.534 Y60.216
G1 F2700 E282.90569
G0 F3600 X31.534 Y60.184
G0 X32.699 Y60.224
G0 X34.535 Y60.224
G0 X35.97 Y60.224
G0 X36.65 Y60.224
M204 S500
M205 X10 Y10
;TYPE:FILL
G1 F2700 E286.90569
G1 F2400 X37.774 Y61.349 E286.97456
G1 X37.986 Y61.561
M204 S2000
M205 X30 Y30
G0 F3600 X38.538 Y59.755
M204 S500
M205 X10 Y10
G1 F2400 X37.432 Y58.649 E287.04229
G1 X37.22 Y58.437
M204 S2000
M205 X30 Y30
G0 F3600 X38.737 Y61.55
M204 S500
M205 X10 Y10
;TYPE:WALL-INNER
G1 F720 X36.45 Y61.55 E287.14133
G1 X36.45 Y58.45 E287.27558
G1 X38.738 Y58.45 E287.37466
G1 X38.737 Y61.038 E287.48674
G0 F1920 X38.737 Y61.55
M204 S2000
M205 X30 Y30
G0 F3600 X39.237 Y62.05
M204 S500
M205 X10 Y10
G1 F720 X35.95 Y62.05 E287.62909
G1 X35.95 Y57.95 E287.80664
G1 X39.238 Y57.95 E287.94903
G1 X39.237 Y61.538 E288.10441
G0 F1920 X39.237 Y62.05
M204 S2000
M205 X30 Y30
G0 F3600 X39.737 Y62.55
M204 S500
M205 X10 Y10
;TYPE:WALL-OUTER
G1 F1200 X35.45 Y62.55 E288.29006
G1 X35.45 Y57.45 E288.51092
G1 X39.738 Y57.45 E288.69662
G1 X39.737 Y62.038 E288.8953
G0 F960 X39.737 Y62.55
M204 S2000
M205 X30 Y30
G0 F3600 X39.487 Y62.55
G0 X38.884 Y61.55
G1 F2700 E284.8953
G0 F3600 X39.218 Y60.59
G0 X40.653 Y60.59
G0 X77.348 Y60.59
G0 X78.783 Y60.59
G0 X79.461 Y60.601
M204 S500
M205 X10 Y10
;TYPE:FILL
G1 F2700 E288.8953
G1 F2400 X80.209 Y61.349 E288.94111
G1 X80.421 Y61.561
M204 S2000
M205 X30 Y30
G0 F3600 X82.567 Y61.349
M204 S500
M205 X10 Y10
G1 F2400 X79.867 Y58.65 E289.10644
G1 X79.655 Y58.438
M204 S2000
M205 X30 Y30
G0 F3600 X82.225 Y58.65
M204 S500
M205 X10 Y10
G1 F2400 X84.924 Y61.349 E289.27174
G1 X85.136 Y61.561
M204 S2000
M205 X30 Y30
G0 F3600 X86.349 Y60.416
M204 S500
M205 X10 Y10
G1 F2400 X84.582 Y58.65 E289.37992
G1 X84.37 Y58.438
M204 S2000
M205 X30 Y30
G0 F3600 X86.55 Y61.55
M204 S500
M205 X10 Y10
;TYPE:WALL-INNER
G1 F2400 X79.263 Y61.55 E289.69549
G1 X79.263 Y58.45 E289.82974
G1 X86.55 Y58.45 E290.14531
G1 X86.55 Y61.038 E290.25738
G0 F1920 X86.55 Y61.55
M204 S2000
M205 X30 Y30
G0 F3600 X87.05 Y62.05
M204 S500
M205 X10 Y10
G1 F2400 X78.763 Y62.05 E290.61626
G1 X78.763 Y57.95 E290.79381
G1 X87.05 Y57.95 E291.15269
G1 X87.05 Y61.538 E291.30807
G0 F1920 X87.05 Y62.05
M204 S2000
M205 X30 Y30
G0 F3600 X87.55 Y62.55
M204 S500
M205 X10 Y10
;TYPE:WALL-OUTER
G1 F1200 X78.263 Y62.55 E291.71025
G1 X78.263 Y57.45 E291.93111
G1 X87.55 Y57.45 E292.33329
G1 X87.55 Y62.038 E292.53197
G0 F960 X87.55 Y62.55
M204 S2000
M205 X30 Y30
G0 F3600 X87.3 Y62.55
G0 X86.55 Y61.697
G1 F2700 E288.53197
;MESH:NONMESH
G0 F600 X86.55 Y61.697 Z3.05
G0 F3600 X78.783 Y60.184
G0 X77.348 Y60.184
G0 X40.64 Y63.453
G0 X34.547 Y63.453
G0 X32.699 Y60.184
G0 X31.764 Y60.184
G0 X31.744 Y60.244
;TIME_ELAPSED:357.878358
;LAYER:11
M204 S500
M205 X10 Y10
;TYPE:WALL-OUTER
;MESH:temperaturetowerv2.stl
G1 F2700 E292.53197
G1 F600 X31.256 Y60.244 E292.55311
G1 X31.256 Y59.756 E292.57424
G1 X31.744 Y59.756 E292.59537
G1 X31.744 Y60.136 E292.61183
G0 F960 X31.744 Y60.244
M204 S2000
M205 X30 Y30
G0 F3600 X31.494 Y60.244
G1 F2700 E288.61183
G0 F3600 X31.494 Y60.144
G0 X32.659 Y59.773
G0 X34.535 Y59.773
G0 X35.97 Y59.773
G0 X36.65 Y59.773
M204 S500
M205 X10 Y10
;TYPE:FILL
G1 F2700 E292.61183
G1 F2400 X37.774 Y58.649 E292.68067
G1 X37.986 Y58.437
M204 S2000
M205 X30 Y30
G0 F3600 X38.598 Y60.182
M204 S500
M205 X10 Y10
G1 F2400 X37.432 Y61.349 E292.75211
G1 X37.22 Y61.561
M204 S2000
M205 X30 Y30
G0 F3600 X38.799 Y61.55
M204 S500
M205 X10 Y10
;TYPE:WALL-INNER
G1 F720 X36.45 Y61.55 E292.85383
G1 X36.45 Y58.45 E292.98808
G1 X38.799 Y58.45 E293.08981
G1 X38.799 Y61.038 E293.20188
G0 F1920 X38.799 Y61.55
M204 S2000
M205 X30 Y30
G0 F3600 X39.299 Y62.05
M204 S500
M205 X10 Y10
G1 F720 X35.95 Y62.05 E293.34691
G1 X35.95 Y57.95 E293.52447
G1 X39.299 Y57.95 E293.6695
G1 X39.299 Y61.538 E293.82488
G0 F1920 X39.299 Y62.05
M204 S2000
M205 X30 Y30
G0 F3600 X39.799 Y62.55
M204 S500
M205 X10 Y10
;TYPE:WALL-OUTER
G1 F1200 X35.45 Y62.55 E294.01321
G1 X35.45 Y57.45 E294.23407
G1 X39.799 Y57.45 E294.42241
G1 X39.799 Y62.038 E294.6211
G0 F960 X39.799 Y62.55
M204 S2000
M205 X30 Y30
G0 F3600 X39.549 Y62.55
G0 X38.799 Y61.697
G1 F2700 E290.6211
G0 F3600 X39.279 Y59.458
G0 X40.714 Y59.458
G0 X77.286 Y59.458
G0 X78.721 Y59.458
G0 X79.4 Y59.458
M204 S500
M205 X10 Y10
;TYPE:FILL
G1 F2700 E294.6211
G1 F2400 X80.209 Y58.649 E294.67064
G1 X80.421 Y58.437
M204 S2000
M205 X30 Y30
G0 F3600 X82.566 Y58.649
M204 S500
M205 X10 Y10
G1 F2400 X79.866 Y61.349 E294.836
G1 X79.654 Y61.561
M204 S2000
M205 X30 Y30
G0 F3600 X82.223 Y61.349
M204 S500
M205 X10 Y10
G1 F2400 X84.924 Y58.649 E295.00139
G1 X85.136 Y58.437
M204 S2000
M205 X30 Y30
G0 F3600 X86.349 Y59.582
M204 S500
M205 X10 Y10
G1 F2400 X84.581 Y61.349 E295.10964
G1 X84.369 Y61.561
M204 S2000
M205 X30 Y30
G0 F3600 X86.55 Y61.55
M204 S500
M205 X10 Y10
;TYPE:WALL-INNER
G1 F2400 X79.201 Y61.55 E295.42789
G1 X79.201 Y58.45 E295.56214
G1 X86.55 Y58.45 E295.88039
G1 X86.55 Y61.038 E295.99247
G0 F1920 X86.55 Y61.55
M204 S2000
M205 X30 Y30
G0 F3600 X87.05 Y62.05
M204 S500
M205 X10 Y10
G1 F2400 X78.701 Y62.05 E296.35403
G1 X78.701 Y57.95 E296.53158
G1 X87.05 Y57.95 E296.89314
G1 X87.05 Y61.538 E297.04852
G0 F1920 X87.05 Y62.05
M204 S2000
M205 X30 Y30
G0 F3600 X87.55 Y62.55
M204 S500
M205 X10 Y10
;TYPE:WALL-OUTER
G1 F1200 X78.201 Y62.55 E297.45339
G1 X78.201 Y57.45 E297.67425
G1 X87.55 Y57.45 E298.07911
G1 X87.55 Y62.038 E298.2778
G0 F960 X87.55 Y62.55
M204 S2000
M205 X30 Y30
G0 F3600 X87.3 Y62.55
G0 X86.55 Y61.697
G1 F2700 E294.2778
;MESH:NONMESH
G0 F600 X86.55 Y61.697 Z3.3
G0 F3600 X78.721 Y60.144
G0 X77.286 Y60.144
G0 X40.702 Y63.453
G0 X34.547 Y63.453
G0 X32.659 Y60.144
G0 X31.724 Y60.144
G0 X31.705 Y60.205
;TIME_ELAPSED:368.209002
;LAYER:12
M204 S500
M205 X10 Y10
;TYPE:WALL-OUTER
;MESH:temperaturetowerv2.stl
G1 F2700 E298.2778
G1 F600 X31.295 Y60.205 E298.29555
G1 X31.295 Y59.795 E298.31331
G1 X31.705 Y59.795 E298.33106
G1 X31.705 Y60.114 E298.34488
G0 F960 X31.705 Y60.205
M204 S2000
M205 X30 Y30
G0 F3600 X31.455 Y60.205
G1 F2700 E294.34488
G0 F3600 X31.455 Y60.105
G0 X32.62 Y60.191
G0 X34.535 Y60.191
G0 X35.97 Y60.191
G0 X36.65 Y60.224
M204 S500
M205 X10 Y10
;TYPE:FILL
G1 F2700 E298.34488
G1 F2400 X37.774 Y61.349 E298.41375
G1 X37.986 Y61.561
M204 S2000
M205 X30 Y30
G0 F3600 X38.669 Y59.886
M204 S500
M205 X10 Y10
G1 F2400 X37.432 Y58.649 E298.4895
G1 X37.22 Y58.437
M204 S2000
M205 X30 Y30
G0 F3600 X38.869 Y61.55
M204 S500
M205 X10 Y10
;TYPE:WALL-INNER
G1 F720 X36.45 Y61.55 E298.59426
G1 X36.45 Y58.45 E298.72851
G1 X38.869 Y58.45 E298.83327
G1 X38.869 Y61.038 E298.94534
G0 F1920 X38.869 Y61.55
M204 S2000
M205 X30 Y30
G0 F3600 X39.369 Y62.05
M204 S500
M205 X10 Y10
G1 F720 X35.95 Y62.05 E299.0934
G1 X35.95 Y57.95 E299.27096
G1 X39.369 Y57.95 E299.41902
G1 X39.369 Y61.538 E299.5744
G0 F1920 X39.369 Y62.05
M204 S2000
M205 X30 Y30
G0 F3600 X39.869 Y62.55
M204 S500
M205 X10 Y10
;TYPE:WALL-OUTER
G1 F1200 X35.45 Y62.55 E299.76577
G1 X35.45 Y57.45 E299.98663
G1 X39.869 Y57.45 E300.178
G1 X39.869 Y62.038 E300.37668
G0 F960 X39.869 Y62.55
M204 S2000
M205 X30 Y30
G0 F3600 X39.619 Y62.55
G0 X38.869 Y61.697
G1 F2700 E296.37668
G0 F3600 X39.349 Y60.47
G0 X40.784 Y60.47
G0 X77.216 Y60.47
G0 X78.651 Y60.47
G0 X79.33 Y60.47
M204 S500
M205 X10 Y10
;TYPE:FILL
G1 F2700 E300.37668
G1 F2400 X80.209 Y61.349 E300.43052
G1 X80.421 Y61.561
M204 S2000
M205 X30 Y30
G0 F3600 X82.567 Y61.349
M204 S500
M205 X10 Y10
G1 F2400 X79.867 Y58.65 E300.59584
G1 X79.655 Y58.438
M204 S2000
M205 X30 Y30
G0 F3600 X82.225 Y58.65
M204 S500
M205 X10 Y10
G1 F2400 X84.924 Y61.349 E300.76114
G1 X85.136 Y61.561
M204 S2000
M205 X30 Y30
G0 F3600 X86.349 Y60.416
M204 S500
M205 X10 Y10
G1 F2400 X84.582 Y58.65 E300.86933
G1 X84.37 Y58.438
M204 S2000
M205 X30 Y30
G0 F3600 X86.55 Y61.55
M204 S500
M205 X10 Y10
;TYPE:WALL-INNER
G1 F2400 X79.131 Y61.55 E301.19061
G1 X79.131 Y58.45 E301.32486
G1 X86.55 Y58.45 E301.64614
G1 X86.55 Y61.038 E301.75822
G0 F1920 X86.55 Y61.55
M204 S2000
M205 X30 Y30
G0 F3600 X87.05 Y62.05
M204 S500
M205 X10 Y10
G1 F2400 X78.631 Y62.05 E302.12281
G1 X78.631 Y57.95 E302.30036
G1 X87.05 Y57.95 E302.66495
G1 X87.05 Y61.538 E302.82034
G0 F1920 X87.05 Y62.05
M204 S2000
M205 X30 Y30
G0 F3600 X87.55 Y62.55
M204 S500
M205 X10 Y10
;TYPE:WALL-OUTER
G1 F1200 X78.131 Y62.55 E303.22823
G1 X78.131 Y57.45 E303.44909
G1 X87.55 Y57.45 E303.85699
G1 X87.55 Y62.038 E304.05567
G0 F960 X87.55 Y62.55
M204 S2000
M205 X30 Y30
G0 F3600 X87.3 Y62.55
G0 X86.55 Y61.697
G1 F2700 E300.05567
;MESH:NONMESH
G0 F600 X86.55 Y61.697 Z3.55
G0 F3600 X78.651 Y60.105
G0 X77.216 Y60.105
G0 X40.772 Y63.453
G0 X34.547 Y63.453
G0 X32.62 Y60.105
G0 X31.685 Y60.105
G0 X31.665 Y60.165
;TIME_ELAPSED:378.600116
;LAYER:13
M204 S500
M205 X10 Y10
;TYPE:WALL-OUTER
;MESH:temperaturetowerv2.stl
G1 F2700 E304.05567
G1 F600 X31.335 Y60.165 E304.06997
G1 X31.335 Y59.835 E304.08426
G1 X31.665 Y59.835 E304.09855
G1 X31.665 Y60.092 E304.10968
G0 F960 X31.665 Y60.165
M204 S2000
M205 X30 Y30
G0 F3600 X31.415 Y60.165
G1 F2700 E300.10968
G0 F3600 X31.435 Y60.065
G0 X32.58 Y59.849
G0 X34.535 Y59.849
G0 X35.97 Y59.849
G0 X36.65 Y59.773
M204 S500
M205 X10 Y10
;TYPE:FILL
G1 F2700 E304.10968
G1 F2400 X37.774 Y58.649 E304.17851
G1 X37.986 Y58.437
M204 S2000
M205 X30 Y30
G0 F3600 X38.747 Y60.034
M204 S500
M205 X10 Y10
G1 F2400 X37.432 Y61.349 E304.25905
G1 X37.22 Y61.561
M204 S2000
M205 X30 Y30
G0 F3600 X38.947 Y61.55
M204 S500
M205 X10 Y10
;TYPE:WALL-INNER
G1 F720 X36.45 Y61.55 E304.36718
G1 X36.45 Y58.45 E304.50143
G1 X38.947 Y58.45 E304.60957
G1 X38.947 Y61.038 E304.72164
G0 F1920 X38.947 Y61.55
M204 S2000
M205 X30 Y30
G0 F3600 X39.447 Y62.05
M204 S500
M205 X10 Y10
G1 F720 X35.95 Y62.05 E304.87308
G1 X35.95 Y57.95 E305.05064
G1 X39.447 Y57.95 E305.20208
G1 X39.447 Y61.538 E305.35746
G0 F1920 X39.447 Y62.05
M204 S2000
M205 X30 Y30
G0 F3600 X39.947 Y62.55
M204 S500
M205 X10 Y10
;TYPE:WALL-OUTER
G1 F1200 X35.45 Y62.55 E305.5522
G1 X35.45 Y57.45 E305.77306
G1 X39.947 Y57.45 E305.96781
G1 X39.947 Y62.038 E306.16649
G0 F960 X39.947 Y62.55
M204 S2000
M205 X30 Y30
G0 F3600 X39.697 Y62.55
G0 X38.947 Y61.697
G1 F2700 E302.16649
G0 F3600 X39.427 Y59.606
G0 X40.862 Y59.606
G0 X77.138 Y59.606
G0 X78.573 Y59.606
G0 X79.252 Y59.606
M204 S500
M205 X10 Y10
;TYPE:FILL
G1 F2700 E306.16649
G1 F2400 X80.208 Y58.65 E306.22504
G1 X80.42 Y58.438
M204 S2000
M205 X30 Y30
G0 F3600 X82.566 Y58.65
M204 S500
M205 X10 Y10
G1 F2400 X79.866 Y61.349 E306.39037
G1 X79.654 Y61.561
M204 S2000
M205 X30 Y30
G0 F3600 X82.223 Y61.349
M204 S500
M205 X10 Y10
G1 F2400 X84.923 Y58.65 E306.5557
G1 X85.135 Y58.438
M204 S2000
M205 X30 Y30
G0 F3600 X86.349 Y59.582
M204 S500
M205 X10 Y10
G1 F2400 X84.581 Y61.349 E306.66395
G1 X84.369 Y61.561
M204 S2000
M205 X30 Y30
G0 F3600 X86.55 Y61.55
M204 S500
M205 X10 Y10
;TYPE:WALL-INNER
G1 F2400 X79.053 Y61.55 E306.98861
G1 X79.053 Y58.45 E307.12286
G1 X86.55 Y58.45 E307.44752
G1 X86.55 Y61.038 E307.55959
G0 F1920 X86.55 Y61.55
M204 S2000
M205 X30 Y30
G0 F3600 X87.05 Y62.05
M204 S500
M205 X10 Y10
G1 F2400 X78.553 Y62.05 E307.92756
G1 X78.553 Y57.95 E308.10512
G1 X87.05 Y57.95 E308.47309
G1 X87.05 Y61.538 E308.62847
G0 F1920 X87.05 Y62.05
M204 S2000
M205 X30 Y30
G0 F3600 X87.55 Y62.55
M204 S500
M205 X10 Y10
;TYPE:WALL-OUTER
G1 F1200 X78.053 Y62.55 E309.03974
G1 X78.053 Y57.45 E309.2606
G1 X87.55 Y57.45 E309.67187
G1 X87.55 Y62.038 E309.87056
G0 F960 X87.55 Y62.55
M204 S2000
M205 X30 Y30
G0 F3600 X87.3 Y62.55
G0 X86.55 Y61.697
G1 F2700 E305.87056
;MESH:NONMESH
G0 F600 X86.55 Y61.697 Z3.8
G0 F3600 X78.573 Y60.065
G0 X77.138 Y60.065
G0 X40.85 Y63.453
G0 X34.547 Y63.453
G0 X32.58 Y60.065
G0 X31.645 Y60.065
G0 X31.626 Y60.126
;TIME_ELAPSED:388.970035
;LAYER:14
M204 S500
M205 X10 Y10
;TYPE:WALL-OUTER
;MESH:temperaturetowerv2.stl
G1 F2700 E309.87056
G1 F600 X31.374 Y60.126 E309.88147
G1 X31.374 Y59.874 E309.89239
G1 X31.626 Y59.874 E309.9033
G1 X31.626 Y60.07 E309.91179
G0 F960 X31.626 Y60.126
M204 S2000
M205 X30 Y30
G0 F3600 X31.376 Y60.126
G1 F2700 E305.91179
G0 F3600 X31.474 Y60.026
G0 X32.541 Y60.112
G0 X34.535 Y60.112
G0 X35.97 Y60.112
G0 X36.65 Y60.224
M204 S500
M205 X10 Y10
;TYPE:FILL
G1 F2700 E309.91179
G1 F2400 X37.774 Y61.349 E309.98066
G1 X37.986 Y61.561
M204 S2000
M205 X30 Y30
G0 F3600 X38.836 Y60.053
M204 S500
M205 X10 Y10
G1 F2400 X37.432 Y58.649 E310.06664
G1 X37.22 Y58.437
M204 S2000
M205 X30 Y30
G0 F3600 X39.036 Y61.55
M204 S500
M205 X10 Y10
;TYPE:WALL-INNER
G1 F720 X36.45 Y61.55 E310.17863
G1 X36.45 Y58.45 E310.31288
G1 X39.036 Y58.45 E310.42487
G1 X39.036 Y61.038 E310.53694
G0 F1920 X39.036 Y61.55
M204 S2000
M205 X30 Y30
G0 F3600 X39.536 Y62.05
M204 S500
M205 X10 Y10
G1 F720 X35.95 Y62.05 E310.69224
G1 X35.95 Y57.95 E310.86979
G1 X39.536 Y57.95 E311.02509
G1 X39.536 Y61.538 E311.18047
G0 F1920 X39.536 Y62.05
M204 S2000
M205 X30 Y30
G0 F3600 X40.036 Y62.55
M204 S500
M205 X10 Y10
;TYPE:WALL-OUTER
G1 F1200 X35.45 Y62.55 E311.37907
G1 X35.45 Y57.45 E311.59993
G1 X40.036 Y57.45 E311.79853
G1 X40.036 Y62.038 E311.99721
G0 F960 X40.036 Y62.55
M204 S2000
M205 X30 Y30
G0 F3600 X39.786 Y62.55
G0 X39.036 Y61.697
G1 F2700 E307.99721
G0 F3600 X39.516 Y60.303
G0 X40.951 Y60.303
G0 X77.049 Y60.303
G0 X78.484 Y60.303
G0 X79.163 Y60.303
M204 S500
M205 X10 Y10
;TYPE:FILL
G1 F2700 E311.99721
G1 F2400 X80.209 Y61.349 E312.06127
G1 X80.421 Y61.561
M204 S2000
M205 X30 Y30
G0 F3600 X82.567 Y61.349
M204 S500
M205 X10 Y10
G1 F2400 X79.867 Y58.65 E312.2266
G1 X79.655 Y58.438
M204 S2000
M205 X30 Y30
G0 F3600 X82.225 Y58.65
M204 S500
M205 X10 Y10
G1 F2400 X84.924 Y61.349 E312.3919
G1 X85.136 Y61.561
M204 S2000
M205 X30 Y30
G0 F3600 X86.349 Y60.416
M204 S500
M205 X10 Y10
G1 F2400 X84.582 Y58.65 E312.50008
G1 X84.37 Y58.438
M204 S2000
M205 X30 Y30
G0 F3600 X86.55 Y61.55
M204 S500
M205 X10 Y10
;TYPE:WALL-INNER
G1 F2400 X78.964 Y61.55 E312.8286
G1 X78.964 Y58.45 E312.96285
G1 X86.55 Y58.45 E313.29137
G1 X86.55 Y61.038 E313.40344
G0 F1920 X86.55 Y61.55
M204 S2000
M205 X30 Y30
G0 F3600 X87.05 Y62.05
M204 S500
M205 X10 Y10
G1 F2400 X78.464 Y62.05 E313.77526
G1 X78.464 Y57.95 E313.95282
G1 X87.05 Y57.95 E314.32464
G1 X87.05 Y61.538 E314.48002
G0 F1920 X87.05 Y62.05
M204 S2000
M205 X30 Y30
G0 F3600 X87.55 Y62.55
M204 S500
M205 X10 Y10
;TYPE:WALL-OUTER
G1 F1200 X77.964 Y62.55 E314.89515
G1 X77.964 Y57.45 E315.11601
G1 X87.55 Y57.45 E315.53114
G1 X87.55 Y62.038 E315.72983
G0 F960 X87.55 Y62.55
M204 S2000
M205 X30 Y30
G0 F3600 X87.3 Y62.55
G0 X86.55 Y61.697
G1 F2700 E311.72983
;MESH:NONMESH
G0 F600 X86.55 Y61.697 Z4.05
G0 F3600 X78.484 Y60.026
G0 X77.049 Y60.026
G0 X40.939 Y63.453
G0 X34.547 Y63.453
G0 X32.541 Y60.026
G0 X31.606 Y60.026
G0 X31.586 Y60.086
;TIME_ELAPSED:399.417607
;LAYER:15
M204 S500
M205 X10 Y10
;TYPE:WALL-OUTER
;MESH:temperaturetowerv2.stl
G1 F2700 E315.72983
G1 F600 X31.414 Y60.086 E315.73727
G1 X31.414 Y59.914 E315.74472
G1 X31.586 Y59.914 E315.75217
G1 X31.586 Y60.048 E315.75797
G0 F960 X31.586 Y60.086
M204 S2000
M205 X30 Y30
G0 F3600 X31.414 Y60.086
G0 X31.414 Y60.008
G1 F2700 E311.75797
G0 F3600 X31.486 Y60.008
G0 X32.501 Y59.928
G0 X34.535 Y59.928
G0 X35.97 Y59.928
G0 X36.65 Y59.773
M204 S500
M205 X10 Y10
;TYPE:FILL
G1 F2700 E315.75797
G1 F2400 X37.774 Y58.649 E315.82681
G1 X37.986 Y58.437
M204 S2000
M205 X30 Y30
G0 F3600 X38.935 Y59.845
M204 S500
M205 X10 Y10
G1 F2400 X37.432 Y61.349 E315.91889
G1 X37.22 Y61.561
M204 S2000
M205 X30 Y30
G0 F3600 X39.135 Y61.55
M204 S500
M205 X10 Y10
;TYPE:WALL-INNER
G1 F720 X36.45 Y61.55 E316.03517
G1 X36.45 Y58.45 E316.16942
G1 X39.135 Y58.45 E316.28569
G1 X39.135 Y61.038 E316.39777
G0 F1920 X39.135 Y61.55
M204 S2000
M205 X30 Y30
G0 F3600 X39.635 Y62.05
M204 S500
M205 X10 Y10
G1 F720 X35.95 Y62.05 E316.55735
G1 X35.95 Y57.95 E316.7349
G1 X39.635 Y57.95 E316.89448
G1 X39.635 Y61.538 E317.04986
G0 F1920 X39.635 Y62.05
M204 S2000
M205 X30 Y30
G0 F3600 X40.135 Y62.55
M204 S500
M205 X10 Y10
;TYPE:WALL-OUTER
G1 F1200 X35.45 Y62.55 E317.25275
G1 X35.45 Y57.45 E317.47361
G1 X40.135 Y57.45 E317.6765
G1 X40.135 Y62.038 E317.87518
G0 F960 X40.135 Y62.55
M204 S2000
M205 X30 Y30
G0 F3600 X39.885 Y62.55
G0 X39.135 Y61.697
G1 F2700 E313.87518
G0 F3600 X39.615 Y59.794
G0 X41.05 Y59.794
G0 X76.95 Y59.794
G0 X78.385 Y59.794
G0 X79.064 Y59.794
M204 S500
M205 X10 Y10
;TYPE:FILL
G1 F2700 E317.87518
G1 F2400 X80.208 Y58.65 E317.94525
G1 X80.42 Y58.438
M204 S2000
M205 X30 Y30
G0 F3600 X82.566 Y58.65
M204 S500
M205 X10 Y10
G1 F2400 X79.866 Y61.349 E318.11057
G1 X79.654 Y61.561
M204 S2000
M205 X30 Y30
G0 F3600 X82.223 Y61.349
M204 S500
M205 X10 Y10
G1 F2400 X84.923 Y58.65 E318.2759
G1 X85.135 Y58.438
M204 S2000
M205 X30 Y30
G0 F3600 X86.349 Y59.582
M204 S500
M205 X10 Y10
G1 F2400 X84.581 Y61.349 E318.38415
G1 X84.369 Y61.561
M204 S2000
M205 X30 Y30
G0 F3600 X86.55 Y61.55
M204 S500
M205 X10 Y10
;TYPE:WALL-INNER
G1 F2400 X78.865 Y61.55 E318.71695
G1 X78.865 Y58.45 E318.8512
G1 X86.55 Y58.45 E319.18401
G1 X86.55 Y61.038 E319.29608
G0 F1920 X86.55 Y61.55
M204 S2000
M205 X30 Y30
G0 F3600 X87.05 Y62.05
M204 S500
M205 X10 Y10
G1 F2400 X78.365 Y62.05 E319.67219
G1 X78.365 Y57.95 E319.84975
G1 X87.05 Y57.95 E320.22586
G1 X87.05 Y61.538 E320.38124
G0 F1920 X87.05 Y62.05
M204 S2000
M205 X30 Y30
G0 F3600 X87.55 Y62.55
M204 S500
M205 X10 Y10
;TYPE:WALL-OUTER
G1 F1200 X77.865 Y62.55 E320.80065
G1 X77.865 Y57.45 E321.02151
G1 X87.55 Y57.45 E321.44093
G1 X87.55 Y62.038 E321.63961
G0 F960 X87.55 Y62.55
M204 S2000
M205 X30 Y30
G0 F3600 X87.3 Y62.55
G0 X86.55 Y61.697
G1 F2700 E317.63961
;MESH:NONMESH
G0 F600 X86.55 Y61.697 Z4.3
G0 F3600 X78.385 Y59.986
G0 X76.95 Y59.986
G0 X41.038 Y56.547
G0 X34.547 Y56.547
G0 X32.501 Y59.986
G0 X31.566 Y59.986
G0 X31.546 Y60.046
;TIME_ELAPSED:409.850721
;LAYER:16
M204 S500
M205 X10 Y10
;TYPE:WALL-OUTER
;MESH:temperaturetowerv2.stl
G1 F2700 E321.63961
G1 F600 X31.454 Y60.046 E321.6436
G1 X31.454 Y59.954 E321.64758
G1 X31.546 Y59.954 E321.65157
G1 X31.546 Y60.026 E321.65469
G0 F960 X31.546 Y60.046
M204 S2000
M205 X30 Y30
G0 F3600 X31.454 Y60.046
G0 X31.454 Y59.954
G0 X31.52 Y59.954
G1 F2700 E317.65469
G0 F3600 X31.504 Y59.996
G0 X32.461 Y60.032
G0 X34.535 Y60.032
G0 X35.97 Y60.032
G0 X36.65 Y60.224
M204 S500
M205 X10 Y10
;TYPE:FILL
G1 F2700 E321.65469
G1 F2400 X37.774 Y61.349 E321.72355
G1 X37.986 Y61.561
M204 S2000
M205 X30 Y30
G0 F3600 X39.045 Y60.262
M204 S500
M205 X10 Y10
G1 F2400 X37.432 Y58.649 E321.82234
G1 X37.22 Y58.437
M204 S2000
M205 X30 Y30
G0 F3600 X39.245 Y61.55
M204 S500
M205 X10 Y10
;TYPE:WALL-INNER
G1 F720 X36.45 Y61.55 E321.94338
G1 X36.45 Y58.45 E322.07763
G1 X39.245 Y58.45 E322.19867
G1 X39.245 Y61.038 E322.31074
G0 F1920 X39.245 Y61.55
M204 S2000
M205 X30 Y30
G0 F3600 X39.745 Y62.05
M204 S500
M205 X10 Y10
G1 F2400 X35.95 Y62.05 E322.47509
G1 X35.95 Y57.95 E322.65264
G1 X39.745 Y57.95 E322.81699
G1 X39.745 Y61.538 E322.97237
G0 F1920 X39.745 Y62.05
M204 S2000
M205 X30 Y30
G0 F3600 X40.245 Y62.55
M204 S500
M205 X10 Y10
;TYPE:WALL-OUTER
G1 F1200 X35.45 Y62.55 E323.18002
G1 X35.45 Y57.45 E323.40088
G1 X40.245 Y57.45 E323.60853
G1 X40.245 Y62.038 E323.80721
G0 F960 X40.245 Y62.55
M204 S2000
M205 X30 Y30
G0 F3600 X39.995 Y62.55
G0 X39.245 Y61.697
G1 F2700 E319.80721
G0 F3600 X39.725 Y60.094
G0 X41.16 Y60.094
G0 X76.84 Y60.094
G0 X78.275 Y60.094
G0 X78.954 Y60.094
M204 S500
M205 X10 Y10
;TYPE:FILL
G1 F2700 E323.80721
G1 F2400 X80.209 Y61.349 E323.88408
G1 X80.421 Y61.561
M204 S2000
M205 X30 Y30
G0 F3600 X82.567 Y61.349
M204 S500
M205 X10 Y10
G1 F2400 X79.867 Y58.65 E324.0494
G1 X79.655 Y58.438
M204 S2000
M205 X30 Y30
G0 F3600 X82.225 Y58.65
M204 S500
M205 X10 Y10
G1 F2400 X84.924 Y61.349 E324.2147
G1 X85.136 Y61.561
M204 S2000
M205 X30 Y30
G0 F3600 X86.349 Y60.416
M204 S500
M205 X10 Y10
G1 F2400 X84.582 Y58.65 E324.32289
G1 X84.37 Y58.438
M204 S2000
M205 X30 Y30
G0 F3600 X86.55 Y61.55
M204 S500
M205 X10 Y10
;TYPE:WALL-INNER
G1 F2400 X78.755 Y61.55 E324.66045
G1 X78.755 Y58.45 E324.7947
G1 X86.55 Y58.45 E325.13227
G1 X86.55 Y61.038 E325.24434
G0 F1920 X86.55 Y61.55
M204 S2000
M205 X30 Y30
G0 F3600 X87.05 Y62.05
M204 S500
M205 X10 Y10
G1 F2400 X78.255 Y62.05 E325.62522
G1 X78.255 Y57.95 E325.80277
G1 X87.05 Y57.95 E326.18365
G1 X87.05 Y61.538 E326.33903
G0 F1920 X87.05 Y62.05
M204 S2000
M205 X30 Y30
G0 F3600 X87.55 Y62.55
M204 S500
M205 X10 Y10
;TYPE:WALL-OUTER
G1 F1200 X77.755 Y62.55 E326.76321
G1 X77.755 Y57.45 E326.98407
G1 X87.55 Y57.45 E327.40825
G1 X87.55 Y62.038 E327.60693
G0 F960 X87.55 Y62.55
M204 S2000
M205 X30 Y30
G0 F3600 X87.3 Y62.55
G0 X86.55 Y61.697
G1 F2700 E323.60693
;MESH:NONMESH
G0 F600 X86.55 Y61.697 Z4.55
G0 F3600 X78.275 Y58.648
G0 X76.84 Y58.648
G0 X41.16 Y58.648
G0 X39.725 Y58.648
G0 X37.775 Y58.648
;TIME_ELAPSED:419.501549
;LAYER:17
M204 S500
M205 X10 Y10
;TYPE:FILL
;MESH:temperaturetowerv2.stl
G1 F2700 E327.60693
G1 F2400 X36.65 Y59.773 E327.67583
G1 X36.438 Y59.985
M204 S2000
M205 X30 Y30
G0 F3600 X37.432 Y61.349
M204 S500
M205 X10 Y10
G1 F2400 X39.164 Y59.616 E327.78194
G1 X39.376 Y59.404
M204 S2000
M205 X30 Y30
G0 F3600 X39.365 Y61.55
M204 S500
M205 X10 Y10
;TYPE:WALL-INNER
G1 F720 X36.45 Y61.55 E327.90817
G1 X36.45 Y58.45 E328.04242
G1 X39.365 Y58.45 E328.16866
G1 X39.365 Y61.038 E328.28073
G0 F1920 X39.365 Y61.55
M204 S2000
M205 X30 Y30
G0 F3600 X39.865 Y62.05
M204 S500
M205 X10 Y10
G1 F2400 X35.95 Y62.05 E328.45027
G1 X35.95 Y57.95 E328.62783
G1 X39.865 Y57.95 E328.79737
G1 X39.865 Y61.538 E328.95275
G0 F1920 X39.865 Y62.05
M204 S2000
M205 X30 Y30
G0 F3600 X40.365 Y62.55
M204 S500
M205 X10 Y10
;TYPE:WALL-OUTER
G1 F1200 X35.45 Y62.55 E329.1656
G1 X35.45 Y57.45 E329.38646
G1 X40.365 Y57.45 E329.5993
G1 X40.365 Y62.038 E329.79799
G0 F960 X40.365 Y62.55
M204 S2000
M205 X30 Y30
G0 F3600 X40.115 Y62.55
G0 X39.365 Y61.697
G1 F2700 E325.79799
G0 F3600 X39.845 Y60.024
G0 X41.28 Y60.024
G0 X76.72 Y60.024
G0 X78.155 Y60.024
G0 X78.833 Y60.024
M204 S500
M205 X10 Y10
;TYPE:FILL
G1 F2700 E329.79799
G1 F2400 X80.208 Y58.65 E329.88217
G1 X80.42 Y58.438
M204 S2000
M205 X30 Y30
G0 F3600 X82.566 Y58.65
M204 S500
M205 X10 Y10
G1 F2400 X79.866 Y61.349 E330.0475
G1 X79.654 Y61.561
M204 S2000
M205 X30 Y30
G0 F3600 X82.223 Y61.349
M204 S500
M205 X10 Y10
G1 F2400 X84.923 Y58.65 E330.21282
G1 X85.135 Y58.438
M204 S2000
M205 X30 Y30
G0 F3600 X86.349 Y59.582
M204 S500
M205 X10 Y10
G1 F2400 X84.581 Y61.349 E330.32107
G1 X84.369 Y61.561
M204 S2000
M205 X30 Y30
G0 F3600 X86.55 Y61.55
M204 S500
M205 X10 Y10
;TYPE:WALL-INNER
G1 F2400 X78.635 Y61.55 E330.66384
G1 X78.635 Y58.45 E330.79808
G1 X86.55 Y58.45 E331.14085
G1 X86.55 Y61.038 E331.25292
G0 F1920 X86.55 Y61.55
M204 S2000
M205 X30 Y30
G0 F3600 X87.05 Y62.05
M204 S500
M205 X10 Y10
G1 F2400 X78.135 Y62.05 E331.639
G1 X78.135 Y57.95 E331.81655
G1 X87.05 Y57.95 E332.20262
G1 X87.05 Y61.538 E332.358
G0 F1920 X87.05 Y62.05
M204 S2000
M205 X30 Y30
G0 F3600 X87.55 Y62.55
M204 S500
M205 X10 Y10
;TYPE:WALL-OUTER
G1 F1200 X77.635 Y62.55 E332.78738
G1 X77.635 Y57.45 E333.00824
G1 X87.55 Y57.45 E333.43761
G1 X87.55 Y62.038 E333.6363
G0 F960 X87.55 Y62.55
M204 S2000
M205 X30 Y30
G0 F3600 X87.3 Y62.55
G0 X86.55 Y61.697
G1 F2700 E329.6363
;MESH:NONMESH
G0 F600 X86.55 Y61.697 Z4.8
G0 F3600 X78.155 Y58.649
G0 X76.72 Y58.649
G0 X41.28 Y58.649
G0 X39.845 Y58.649
G0 X37.432 Y58.649
;TIME_ELAPSED:428.718773
;LAYER:18
M204 S500
M205 X10 Y10
;TYPE:FILL
;MESH:temperaturetowerv2.stl
G1 F2700 E333.6363
G1 F2400 X39.297 Y60.514 E333.75052
G1 X39.509 Y60.726
M204 S2000
M205 X30 Y30
G0 F3600 X37.774 Y61.349
M204 S500
M205 X10 Y10
G1 F2400 X36.65 Y60.224 E333.81939
G1 X36.438 Y60.012
M204 S2000
M205 X30 Y30
G0 F3600 X39.497 Y61.55
M204 S500
M205 X10 Y10
;TYPE:WALL-INNER
G1 F720 X36.45 Y61.55 E333.95134
G1 X36.45 Y58.45 E334.08559
G1 X39.497 Y58.45 E334.21754
G1 X39.497 Y61.038 E334.32962
G0 F1920 X39.497 Y61.55
M204 S2000
M205 X30 Y30
G0 F3600 X39.997 Y62.05
M204 S500
M205 X10 Y10
G1 F2400 X35.95 Y62.05 E334.50487
G1 X35.95 Y57.95 E334.68243
G1 X39.997 Y57.95 E334.85769
G1 X39.997 Y61.538 E335.01307
G0 F1920 X39.997 Y62.05
M204 S2000
M205 X30 Y30
G0 F3600 X40.497 Y62.55
M204 S500
M205 X10 Y10
;TYPE:WALL-OUTER
G1 F1200 X35.45 Y62.55 E335.23163
G1 X35.45 Y57.45 E335.45249
G1 X40.497 Y57.45 E335.67105
G1 X40.497 Y62.038 E335.86974
G0 F960 X40.497 Y62.55
M204 S2000
M205 X30 Y30
G0 F3600 X40.247 Y62.55
G0 X39.497 Y61.697
G1 F2700 E331.86974
G0 F3600 X39.977 Y59.842
G0 X41.412 Y59.842
G0 X76.588 Y59.842
G0 X78.023 Y59.842
G0 X78.702 Y59.842
M204 S500
M205 X10 Y10
;TYPE:FILL
G1 F2700 E335.86974
G1 F2400 X80.209 Y61.349 E335.96203
G1 X80.421 Y61.561
M204 S2000
M205 X30 Y30
G0 F3600 X82.567 Y61.349
M204 S500
M205 X10 Y10
G1 F2400 X79.867 Y58.65 E336.12736
G1 X79.655 Y58.438
M204 S2000
M205 X30 Y30
G0 F3600 X82.225 Y58.65
M204 S500
M205 X10 Y10
G1 F2400 X84.924 Y61.349 E336.29266
G1 X85.136 Y61.561
M204 S2000
M205 X30 Y30
G0 F3600 X86.349 Y60.416
M204 S500
M205 X10 Y10
G1 F2400 X84.582 Y58.65 E336.40084
G1 X84.37 Y58.438
M204 S2000
M205 X30 Y30
G0 F3600 X86.55 Y61.55
M204 S500
M205 X10 Y10
;TYPE:WALL-INNER
G1 F2400 X78.503 Y61.55 E336.74933
G1 X78.503 Y58.45 E336.88357
G1 X86.55 Y58.45 E337.23205
G1 X86.55 Y61.038 E337.34413
G0 F1920 X86.55 Y61.55
M204 S2000
M205 X30 Y30
G0 F3600 X87.05 Y62.05
M204 S500
M205 X10 Y10
G1 F2400 X78.003 Y62.05 E337.73592
G1 X78.003 Y57.95 E337.91347
G1 X87.05 Y57.95 E338.30526
G1 X87.05 Y61.538 E338.46064
G0 F1920 X87.05 Y62.05
M204 S2000
M205 X30 Y30
G0 F3600 X87.55 Y62.55
M204 S500
M205 X10 Y10
;TYPE:WALL-OUTER
G1 F1200 X77.503 Y62.55 E338.89573
G1 X77.503 Y57.45 E339.11659
G1 X87.55 Y57.45 E339.55168
G1 X87.55 Y62.038 E339.75037
G0 F960 X87.55 Y62.55
M204 S2000
M205 X30 Y30
G0 F3600 X87.3 Y62.55
G0 X86.55 Y61.697
G1 F2700 E335.75037
;MESH:NONMESH
G0 F600 X86.55 Y61.697 Z5.05
G0 F3600 X78.023 Y58.649
G0 X76.588 Y58.649
G0 X41.412 Y58.649
G0 X39.977 Y58.649
G0 X37.774 Y58.649
;TIME_ELAPSED:438.061313
;LAYER:19
M204 S500
M205 X10 Y10
;TYPE:FILL
;MESH:temperaturetowerv2.stl
G1 F2700 E339.75037
G1 F2400 X36.65 Y59.773 E339.81921
G1 X36.438 Y59.985
M204 S2000
M205 X30 Y30
G0 F3600 X37.432 Y61.349
M204 S500
M205 X10 Y10
G1 F2400 X39.44 Y59.341 E339.94218
G1 X39.652 Y59.129
M204 S2000
M205 X30 Y30
G0 F3600 X39.64 Y61.55
M204 S500
M205 X10 Y10
;TYPE:WALL-INNER
G1 F720 X36.45 Y61.55 E340.08033
G1 X36.45 Y58.45 E340.21458
G1 X39.64 Y58.45 E340.35272
G1 X39.64 Y61.038 E340.4648
G0 F1920 X39.64 Y61.55
M204 S2000
M205 X30 Y30
G0 F3600 X40.14 Y62.05
M204 S500
M205 X10 Y10
G1 F2400 X35.95 Y62.05 E340.64625
G1 X35.95 Y57.95 E340.8238
G1 X40.14 Y57.95 E341.00525
G1 X40.14 Y61.538 E341.16063
G0 F1920 X40.14 Y62.05
M204 S2000
M205 X30 Y30
G0 F3600 X40.64 Y62.55
M204 S500
M205 X10 Y10
;TYPE:WALL-OUTER
G1 F1200 X35.45 Y62.55 E341.38539
G1 X35.45 Y57.45 E341.60625
G1 X40.64 Y57.45 E341.83101
G1 X40.64 Y62.038 E342.02969
G0 F960 X40.64 Y62.55
M204 S2000
M205 X30 Y30
G0 F3600 X40.39 Y62.55
G0 X39.64 Y61.697
G1 F2700 E338.02969
G0 F3600 X40.12 Y60.299
G0 X41.555 Y60.299
G0 X76.445 Y60.299
G0 X77.88 Y60.299
G0 X78.559 Y60.299
M204 S500
M205 X10 Y10
;TYPE:FILL
G1 F2700 E342.02969
G1 F2400 X80.208 Y58.65 E342.13069
G1 X80.42 Y58.438
M204 S2000
M205 X30 Y30
G0 F3600 X82.566 Y58.65
M204 S500
M205 X10 Y10
G1 F2400 X79.866 Y61.349 E342.29601
G1 X79.654 Y61.561
M204 S2000
M205 X30 Y30
G0 F3600 X82.223 Y61.349
M204 S500
M205 X10 Y10
G1 F2400 X84.923 Y58.65 E342.46134
G1 X85.135 Y58.438
M204 S2000
M205 X30 Y30
G0 F3600 X86.349 Y59.582
M204 S500
M205 X10 Y10
G1 F2400 X84.581 Y61.349 E342.56959
G1 X84.369 Y61.561
M204 S2000
M205 X30 Y30
G0 F3600 X86.55 Y61.55
M204 S500
M205 X10 Y10
;TYPE:WALL-INNER
G1 F2400 X78.36 Y61.55 E342.92426
G1 X78.36 Y58.45 E343.05851
G1 X86.55 Y58.45 E343.41318
G1 X86.55 Y61.038 E343.52526
G0 F1920 X86.55 Y61.55
M204 S2000
M205 X30 Y30
G0 F3600 X87.05 Y62.05
M204 S500
M205 X10 Y10
G1 F2400 X77.86 Y62.05 E343.92324
G1 X77.86 Y57.95 E344.10079
G1 X87.05 Y57.95 E344.49877
G1 X87.05 Y61.538 E344.65415
G0 F1920 X87.05 Y62.05
M204 S2000
M205 X30 Y30
G0 F3600 X87.55 Y62.55
M204 S500
M205 X10 Y10
;TYPE:WALL-OUTER
G1 F1200 X77.36 Y62.55 E345.09544
G1 X77.36 Y57.45 E345.3163
G1 X87.55 Y57.45 E345.75758
G1 X87.55 Y62.038 E345.95627
G0 F960 X87.55 Y62.55
M204 S2000
M205 X30 Y30
G0 F3600 X87.3 Y62.55
G0 X86.55 Y61.697
G1 F2700 E341.95627
;MESH:NONMESH
G0 F600 X86.55 Y61.697 Z5.3
G0 F3600 X77.88 Y58.649
G0 X76.445 Y58.649
G0 X41.555 Y58.649
G0 X40.12 Y58.649
G0 X37.432 Y58.649
;TIME_ELAPSED:447.430259
;LAYER:20
M204 S500
M205 X10 Y10
;TYPE:FILL
;MESH:temperaturetowerv2.stl
G1 F2700 E345.95627
G1 F2400 X39.595 Y60.813 E346.08877
G1 X39.807 Y61.025
M204 S2000
M205 X30 Y30
G0 F3600 X37.774 Y61.349
M204 S500
M205 X10 Y10
G1 F2400 X36.65 Y60.224 E346.15764
G1 X36.438 Y60.012
M204 S2000
M205 X30 Y30
G0 F3600 X39.796 Y61.55
M204 S500
M205 X10 Y10
;TYPE:WALL-INNER
G1 F720 X36.45 Y61.55 E346.30254
G1 X36.45 Y58.45 E346.43679
G1 X39.796 Y58.45 E346.58169
G1 X39.796 Y61.038 E346.69376
G0 F1920 X39.796 Y61.55
M204 S2000
M205 X30 Y30
G0 F3600 X40.296 Y62.05
M204 S500
M205 X10 Y10
G1 F2400 X35.95 Y62.05 E346.88197
G1 X35.95 Y57.95 E347.05952
G1 X40.296 Y57.95 E347.24773
G1 X40.296 Y61.538 E347.40311
G0 F1920 X40.296 Y62.05
M204 S2000
M205 X30 Y30
G0 F3600 X40.796 Y62.55
M204 S500
M205 X10 Y10
;TYPE:WALL-OUTER
G1 F1200 X35.45 Y62.55 E347.63462
G1 X35.45 Y57.45 E347.85548
G1 X40.796 Y57.45 E348.08699
G1 X40.796 Y62.038 E348.28568
G0 F960 X40.796 Y62.55
M204 S2000
M205 X30 Y30
G0 F3600 X40.546 Y62.55
G0 X39.796 Y61.697
G1 F2700 E344.28568
G0 F3600 X40.276 Y59.543
G0 X41.711 Y59.543
G0 X76.289 Y59.543
G0 X77.724 Y59.543
G0 X78.403 Y59.543
M204 S500
M205 X10 Y10
;TYPE:FILL
G1 F2700 E348.28568
G1 F2400 X80.209 Y61.349 E348.39629
G1 X80.421 Y61.561
M204 S2000
M205 X30 Y30
G0 F3600 X82.567 Y61.349
M204 S500
M205 X10 Y10
G1 F2400 X79.867 Y58.65 E348.56161
G1 X79.655 Y58.438
M204 S2000
M205 X30 Y30
G0 F3600 X82.225 Y58.65
M204 S500
M205 X10 Y10
G1 F2400 X84.924 Y61.349 E348.72691
G1 X85.136 Y61.561
M204 S2000
M205 X30 Y30
G0 F3600 X86.349 Y60.416
M204 S500
M205 X10 Y10
G1 F2400 X84.582 Y58.65 E348.8351
G1 X84.37 Y58.438
M204 S2000
M205 X30 Y30
G0 F3600 X86.55 Y61.55
M204 S500
M205 X10 Y10
;TYPE:WALL-INNER
G1 F2400 X78.204 Y61.55 E349.19653
G1 X78.204 Y58.45 E349.33077
G1 X86.55 Y58.45 E349.6922
G1 X86.55 Y61.038 E349.80428
G0 F1920 X86.55 Y61.55
M204 S2000
M205 X30 Y30
G0 F3600 X87.05 Y62.05
M204 S500
M205 X10 Y10
G1 F2400 X77.704 Y62.05 E350.20902
G1 X77.704 Y57.95 E350.38657
G1 X87.05 Y57.95 E350.7913
G1 X87.05 Y61.538 E350.94668
G0 F1920 X87.05 Y62.05
M204 S2000
M205 X30 Y30
G0 F3600 X87.55 Y62.55
M204 S500
M205 X10 Y10
;TYPE:WALL-OUTER
G1 F1200 X77.204 Y62.55 E351.39473
G1 X77.204 Y57.45 E351.61559
G1 X87.55 Y57.45 E352.06363
G1 X87.55 Y62.038 E352.26231
G0 F960 X87.55 Y62.55
M204 S2000
M205 X30 Y30
G0 F3600 X87.3 Y62.55
G0 X86.55 Y61.697
G1 F2700 E348.26231
;MESH:NONMESH
G0 F600 X86.55 Y61.697 Z5.55
G0 F3600 X77.724 Y58.649
G0 X76.289 Y58.649
G0 X41.711 Y58.649
G0 X40.276 Y58.649
G0 X37.774 Y58.649
;TIME_ELAPSED:456.950563
;LAYER:21
M204 S500
M205 X10 Y10
;TYPE:FILL
;MESH:temperaturetowerv2.stl
G1 F2700 E352.26231
G1 F2400 X36.65 Y59.773 E352.33115
G1 X36.438 Y59.985
M204 S2000
M205 X30 Y30
G0 F3600 X37.432 Y61.349
M204 S500
M205 X10 Y10
G1 F2400 X39.766 Y59.014 E352.47412
G1 X39.978 Y58.802
M204 S2000
M205 X30 Y30
G0 F3600 X39.967 Y61.55
M204 S500
M205 X10 Y10
;TYPE:WALL-INNER
G1 F720 X36.45 Y61.55 E352.62643
G1 X36.45 Y58.45 E352.76068
G1 X39.967 Y58.45 E352.91298
G1 X39.967 Y61.038 E353.02506
G0 F1920 X39.967 Y61.55
M204 S2000
M205 X30 Y30
G0 F3600 X40.467 Y62.05
M204 S500
M205 X10 Y10
G1 F2400 X35.95 Y62.05 E353.22067
G1 X35.95 Y57.95 E353.39823
G1 X40.467 Y57.95 E353.59384
G1 X40.467 Y61.538 E353.74922
G0 F1920 X40.467 Y62.05
M204 S2000
M205 X30 Y30
G0 F3600 X40.967 Y62.55
M204 S500
M205 X10 Y10
;TYPE:WALL-OUTER
G1 F1200 X35.45 Y62.55 E353.98814
G1 X35.45 Y57.45 E354.209
G1 X40.967 Y57.45 E354.44791
G1 X40.967 Y62.038 E354.6466
G0 F960 X40.967 Y62.55
M204 S2000
M205 X30 Y30
G0 F3600 X40.717 Y62.55
G0 X39.967 Y61.697
G1 F2700 E350.6466
G0 F3600 X40.447 Y60.625
G0 X41.882 Y60.625
G0 X76.118 Y60.625
G0 X77.553 Y60.625
G0 X78.232 Y60.625
M204 S500
M205 X10 Y10
;TYPE:FILL
G1 F2700 E354.6466
G1 F2400 X80.209 Y58.649 E354.76765
G1 X80.421 Y58.437
M204 S2000
M205 X30 Y30
G0 F3600 X82.566 Y58.649
M204 S500
M205 X10 Y10
G1 F2400 X79.866 Y61.349 E354.93301
G1 X79.654 Y61.561
M204 S2000
M205 X30 Y30
G0 F3600 X82.223 Y61.349
M204 S500
M205 X10 Y10
G1 F2400 X84.924 Y58.649 E355.09839
G1 X85.136 Y58.437
M204 S2000
M205 X30 Y30
G0 F3600 X86.349 Y59.582
M204 S500
M205 X10 Y10
G1 F2400 X84.581 Y61.349 E355.20664
G1 X84.369 Y61.561
M204 S2000
M205 X30 Y30
G0 F3600 X86.55 Y61.55
M204 S500
M205 X10 Y10
;TYPE:WALL-INNER
G1 F2400 X78.033 Y61.55 E355.57548
G1 X78.033 Y58.45 E355.70972
G1 X86.55 Y58.45 E356.07856
G1 X86.55 Y61.038 E356.19063
G0 F1920 X86.55 Y61.55
M204 S2000
M205 X30 Y30
G0 F3600 X87.05 Y62.05
M204 S500
M205 X10 Y10
G1 F2400 X77.533 Y62.05 E356.60277
G1 X77.533 Y57.95 E356.78033
G1 X87.05 Y57.95 E357.19247
G1 X87.05 Y61.538 E357.34785
G0 F1920 X87.05 Y62.05
M204 S2000
M205 X30 Y30
G0 F3600 X87.55 Y62.55
M204 S500
M205 X10 Y10
;TYPE:WALL-OUTER
G1 F1200 X77.033 Y62.55 E357.8033
G1 X77.033 Y57.45 E358.02416
G1 X87.55 Y57.45 E358.4796
G1 X87.55 Y62.038 E358.67829
G0 F960 X87.55 Y62.55
M204 S2000
M205 X30 Y30
G0 F3600 X87.3 Y62.55
G0 X86.55 Y61.697
G1 F2700 E354.67829
;MESH:NONMESH
G0 F600 X86.55 Y61.697 Z5.8
G0 F3600 X77.553 Y58.649
G0 X76.118 Y58.649
G0 X41.882 Y58.649
G0 X40.447 Y58.649
G0 X37.432 Y58.649
;TIME_ELAPSED:466.499406
;LAYER:22
M204 S500
M205 X10 Y10
;TYPE:FILL
;MESH:temperaturetowerv2.stl
G1 F2700 E358.67829
G1 F2400 X39.953 Y61.171 E358.83271
G1 X40.165 Y61.383
M204 S2000
M205 X30 Y30
G0 F3600 X37.774 Y61.349
M204 S500
M205 X10 Y10
G1 F2400 X36.65 Y60.224 E358.90158
M204 S2000
M205 X30 Y30
G0 F3600 X36.572 Y60.147
M204 S500
M205 X10 Y10
G1 F2400 X36.398 Y59.973 E358.91224
M204 S2000
M205 X30 Y30
G0 F3600 X39.789 Y58.649
M204 S500
M205 X10 Y10
G1 F2400 X39.953 Y58.813 E358.92228
M204 S2000
M205 X30 Y30
G0 F3600 X36.45 Y59.697
M204 S500
M205 X10 Y10
;TYPE:WALL-INNER
G1 F720 X36.45 Y58.45 E358.97629
G1 X40.154 Y58.45 E359.13669
G1 X40.154 Y61.55 E359.27094
G1 X36.45 Y61.55 E359.43134
G1 X36.45 Y60.308 E359.48513
G1 X36.199 Y60.163 E359.49768
G1 X36.199 Y60.064 E359.50197
G0 F1920 X36.199 Y59.841
G0 X36.45 Y59.697
M204 S2000
M205 X30 Y30
G0 F3600 X35.95 Y59.407
M204 S500
M205 X10 Y10
G1 F2400 X35.95 Y57.95 E359.56506
G1 X40.654 Y57.95 E359.76877
G1 X40.654 Y62.05 E359.94633
G1 X35.95 Y62.05 E360.15004
G1 X35.95 Y60.597 E360.21296
G1 X35.699 Y60.452 E360.22551
G1 X35.699 Y59.774 E360.25488
G0 F1920 X35.699 Y59.551
G0 X35.95 Y59.407
M204 S2000
M205 X30 Y30
G0 F3600 X35.45 Y59.117
M204 S500
M205 X10 Y10
;TYPE:WALL-OUTER
G1 F1200 X35.45 Y57.45 E360.32707
G1 X41.154 Y57.45 E360.57408
G1 X41.154 Y62.55 E360.79494
G1 X35.45 Y62.55 E361.04196
G1 X35.45 Y60.886 E361.11402
G1 X35.199 Y60.741 E361.12657
G1 X35.199 Y59.484 E361.18101
G0 F960 X35.199 Y59.261
G0 X35.45 Y59.117
M204 S2000
M205 X30 Y30
G0 F3600 X35.45 Y58.867
G0 X36.45 Y58.867
G1 F2700 E357.18101
G0 F3600 X40.634 Y59.184
G0 X42.069 Y59.184
G0 X75.931 Y59.184
G0 X77.366 Y59.184
G0 X78.044 Y59.184
M204 S500
M205 X10 Y10
;TYPE:FILL
G1 F2700 E361.18101
G1 F2400 X80.209 Y61.349 E361.3136
G1 X80.421 Y61.561
M204 S2000
M205 X30 Y30
G0 F3600 X82.567 Y61.349
M204 S500
M205 X10 Y10
G1 F2400 X79.867 Y58.65 E361.47893
G1 X79.655 Y58.438
M204 S2000
M205 X30 Y30
G0 F3600 X82.225 Y58.65
M204 S500
M205 X10 Y10
G1 F2400 X84.924 Y61.349 E361.64422
G1 X85.136 Y61.561
M204 S2000
M205 X30 Y30
G0 F3600 X86.349 Y60.416
M204 S500
M205 X10 Y10
G1 F2400 X84.582 Y58.65 E361.75241
G1 X84.37 Y58.438
M204 S2000
M205 X30 Y30
G0 F3600 X86.55 Y61.55
M204 S500
M205 X10 Y10
;TYPE:WALL-INNER
G1 F2400 X77.846 Y61.55 E362.12934
G1 X77.846 Y58.45 E362.26359
G1 X86.55 Y58.45 E362.64052
G1 X86.55 Y61.038 E362.7526
G0 F1920 X86.55 Y61.55
M204 S2000
M205 X30 Y30
G0 F3600 X87.05 Y62.05
M204 S500
M205 X10 Y10
G1 F2400 X77.346 Y62.05 E363.17284
G1 X77.346 Y57.95 E363.35039
G1 X87.05 Y57.95 E363.77063
G1 X87.05 Y61.538 E363.92601
G0 F1920 X87.05 Y62.05
M204 S2000
M205 X30 Y30
G0 F3600 X87.55 Y62.55
M204 S500
M205 X10 Y10
;TYPE:WALL-OUTER
G1 F1200 X76.846 Y62.55 E364.38956
G1 X76.846 Y57.45 E364.61041
G1 X87.55 Y57.45 E365.07396
G1 X87.55 Y62.038 E365.27265
G0 F960 X87.55 Y62.55
M204 S2000
M205 X30 Y30
G0 F3600 X87.3 Y62.55
G0 X86.55 Y61.697
G1 F2700 E361.27265
;MESH:NONMESH
G0 F600 X86.55 Y61.697 Z6.05
G0 F3600 X77.366 Y58.648
G0 X75.931 Y58.648
G0 X42.069 Y58.648
G0 X40.634 Y58.648
G0 X37.775 Y58.648
;TIME_ELAPSED:476.547046
;LAYER:23
M204 S500
M205 X10 Y10
;TYPE:FILL
;MESH:temperaturetowerv2.stl
G1 F2700 E365.27265
G1 F2400 X36.256 Y60.167 E365.36568
G1 X36.044 Y60.379
M204 S2000
M205 X30 Y30
G0 F3600 X37.432 Y61.349
M204 S500
M205 X10 Y10
G1 F2400 X40.132 Y58.648 E365.53106
G1 X40.344 Y58.436
M204 S2000
M205 X30 Y30
G0 F3600 X40.157 Y60.981
M204 S500
M205 X10 Y10
G1 F2400 X39.789 Y61.349 E365.5536
M204 S2000
M205 X30 Y30
G0 F3600 X36.45 Y59.492
M204 S500
M205 X10 Y10
;TYPE:WALL-INNER
G1 F720 X36.45 Y58.45 E365.59873
G1 X40.358 Y58.45 E365.76796
G1 X40.358 Y61.55 E365.90221
G1 X36.45 Y61.55 E366.07145
G1 X36.45 Y60.511 E366.11645
G1 X35.842 Y60.161 E366.14683
G1 X35.842 Y59.841 E366.16068
G1 X36.006 Y59.746 E366.16889
G0 F1920 X36.45 Y59.492
M204 S2000
M205 X30 Y30
G0 F3600 X35.95 Y59.202
M204 S500
M205 X10 Y10
G1 F2400 X35.95 Y57.95 E366.22311
G1 X40.858 Y57.95 E366.43566
G1 X40.858 Y62.05 E366.61321
G1 X35.95 Y62.05 E366.82575
G1 X35.95 Y60.8 E366.87989
G1 X35.342 Y60.45 E366.91027
G1 X35.342 Y59.551 E366.9492
G1 X35.506 Y59.456 E366.95741
G0 F1920 X35.95 Y59.202
M204 S2000
M205 X30 Y30
G0 F3600 X35.45 Y58.912
M204 S500
M205 X10 Y10
;TYPE:WALL-OUTER
G1 F1200 X35.45 Y57.45 E367.02072
G1 X41.358 Y57.45 E367.27657
G1 X41.358 Y62.55 E367.49743
G1 X35.45 Y62.55 E367.75328
G1 X35.45 Y61.089 E367.81655
G1 X34.842 Y60.739 E367.84693
G1 X34.842 Y59.261 E367.91094
G1 X35.006 Y59.166 E367.91914
G0 F960 X35.45 Y58.912
M204 S2000
M205 X30 Y30
G0 F3600 X35.45 Y58.662
G0 X36.45 Y58.662
G1 F2700 E363.91914
G0 F3600 X40.838 Y61.016
G0 X42.273 Y61.016
G0 X75.728 Y61.016
G0 X77.163 Y61.016
G0 X77.842 Y61.016
M204 S500
M205 X10 Y10
;TYPE:FILL
G1 F2700 E367.91914
G1 F2400 X80.208 Y58.65 E368.06405
G1 X80.42 Y58.438
M204 S2000
M205 X30 Y30
G0 F3600 X82.566 Y58.65
M204 S500
M205 X10 Y10
G1 F2400 X79.866 Y61.349 E368.22937
G1 X79.654 Y61.561
M204 S2000
M205 X30 Y30
G0 F3600 X82.223 Y61.349
M204 S500
M205 X10 Y10
G1 F2400 X84.923 Y58.65 E368.3947
G1 X85.135 Y58.438
M204 S2000
M205 X30 Y30
G0 F3600 X86.349 Y59.582
M204 S500
M205 X10 Y10
G1 F2400 X84.581 Y61.349 E368.50295
G1 X84.369 Y61.561
M204 S2000
M205 X30 Y30
G0 F3600 X86.55 Y61.55
M204 S500
M205 X10 Y10
;TYPE:WALL-INNER
G1 F2400 X77.643 Y61.55 E368.88867
G1 X77.643 Y58.45 E369.02292
G1 X86.55 Y58.45 E369.40864
G1 X86.55 Y61.038 E369.52072
G0 F1920 X86.55 Y61.55
M204 S2000
M205 X30 Y30
G0 F3600 X87.05 Y62.05
M204 S500
M205 X10 Y10
G1 F2400 X77.143 Y62.05 E369.94975
G1 X77.143 Y57.95 E370.1273
G1 X87.05 Y57.95 E370.55633
G1 X87.05 Y61.538 E370.71171
G0 F1920 X87.05 Y62.05
M204 S2000
M205 X30 Y30
G0 F3600 X87.55 Y62.55
M204 S500
M205 X10 Y10
;TYPE:WALL-OUTER
G1 F1200 X76.643 Y62.55 E371.18405
G1 X76.643 Y57.45 E371.40491
G1 X87.55 Y57.45 E371.87724
G1 X87.55 Y62.038 E372.07593
G0 F960 X87.55 Y62.55
M204 S2000
M205 X30 Y30
G0 F3600 X87.3 Y62.55
G0 X86.55 Y61.697
G1 F2700 E368.07593
;MESH:NONMESH
G0 F600 X86.55 Y61.697 Z6.3
G0 F3600 X77.163 Y58.649
G0 X75.728 Y58.649
G0 X42.273 Y58.649
G0 X40.838 Y58.649
G0 X37.432 Y58.649
;TIME_ELAPSED:486.771014
;LAYER:24
M204 S500
M205 X10 Y10
;TYPE:FILL
;MESH:temperaturetowerv2.stl
G1 F2700 E372.07593
G1 F2400 X40.131 Y61.349 E372.24126
G1 X40.343 Y61.561
M204 S2000
M205 X30 Y30
G0 F3600 X40.379 Y59.239
M204 S500
M205 X10 Y10
G1 F2400 X39.789 Y58.649 E372.27739
M204 S2000
M205 X30 Y30
G0 F3600 X37.774 Y61.349
M204 S500
M205 X10 Y10
G1 F2400 X36.128 Y59.703 E372.3782
G1 X35.916 Y59.491
M204 S2000
M205 X30 Y30
G0 F3600 X36.45 Y59.288
M204 S500
M205 X10 Y10
;TYPE:WALL-INNER
G1 F720 X36.45 Y58.45 E372.41449
G1 X40.579 Y58.45 E372.5933
G1 X40.579 Y61.55 E372.72755
G1 X36.45 Y61.55 E372.90635
G1 X36.45 Y60.715 E372.94251
G1 X35.485 Y60.16 E372.99072
G1 X35.485 Y59.841 E373.00454
G1 X36.006 Y59.542 E373.03055
G0 F1920 X36.45 Y59.288
M204 S2000
M205 X30 Y30
G0 F3600 X35.95 Y58.998
M204 S500
M205 X10 Y10
G1 F2400 X35.95 Y57.95 E373.07594
G1 X41.079 Y57.95 E373.29805
G1 X41.079 Y62.05 E373.4756
G1 X35.95 Y62.05 E373.69772
G1 X35.95 Y61.004 E373.74302
G1 X34.985 Y60.449 E373.79123
G1 X34.985 Y59.551 E373.83011
G1 X35.506 Y59.252 E373.85613
G0 F1920 X35.95 Y58.998
M204 S2000
M205 X30 Y30
G0 F3600 X35.45 Y58.708
M204 S500
M205 X10 Y10
;TYPE:WALL-OUTER
G1 F1200 X35.45 Y57.45 E373.91061
G1 X41.579 Y57.45 E374.17603
G1 X41.579 Y62.55 E374.39689
G1 X35.45 Y62.55 E374.66231
G1 X35.45 Y61.293 E374.71674
G1 X34.485 Y60.739 E374.76493
G1 X34.485 Y59.261 E374.82894
G1 X35.006 Y58.962 E374.85495
G0 F960 X35.45 Y58.708
M204 S2000
M205 X30 Y30
G0 F3600 X35.45 Y58.458
G0 X36.45 Y58.458
G1 F2700 E370.85495
G0 F3600 X41.059 Y58.76
G0 X42.494 Y58.76
G0 X75.506 Y58.76
G0 X76.941 Y58.76
G0 X77.62 Y58.76
M204 S500
M205 X10 Y10
;TYPE:FILL
G1 F2700 E374.85495
G1 F2400 X80.209 Y61.349 E375.01351
G1 X80.421 Y61.561
M204 S2000
M205 X30 Y30
G0 F3600 X77.852 Y61.349
M204 S500
M205 X10 Y10
G1 F2400 X77.62 Y61.118 E375.02769
M204 S2000
M205 X30 Y30
G0 F3600 X79.867 Y58.65
M204 S500
M205 X10 Y10
G1 F2400 X82.567 Y61.349 E375.19301
G1 X82.779 Y61.561
M204 S2000
M205 X30 Y30
G0 F3600 X84.924 Y61.349
M204 S500
M205 X10 Y10
G1 F2400 X82.225 Y58.65 E375.35831
G1 X82.013 Y58.438
M204 S2000
M205 X30 Y30
G0 F3600 X84.582 Y58.65
M204 S500
M205 X10 Y10
G1 F2400 X86.349 Y60.416 E375.4665
G1 X86.561 Y60.628
M204 S2000
M205 X30 Y30
G0 F3600 X86.55 Y61.55
M204 S500
M205 X10 Y10
;TYPE:WALL-INNER
G1 F2400 X77.421 Y61.55 E375.86184
G1 X77.421 Y58.45 E375.99608
G1 X86.55 Y58.45 E376.39142
G1 X86.55 Y61.038 E376.5035
G0 F1920 X86.55 Y61.55
M204 S2000
M205 X30 Y30
G0 F3600 X87.05 Y62.05
M204 S500
M205 X10 Y10
G1 F2400 X76.921 Y62.05 E376.94214
G1 X76.921 Y57.95 E377.11969
G1 X87.05 Y57.95 E377.55834
G1 X87.05 Y61.538 E377.71372
G0 F1920 X87.05 Y62.05
M204 S2000
M205 X30 Y30
G0 F3600 X87.55 Y62.55
M204 S500
M205 X10 Y10
;TYPE:WALL-OUTER
G1 F1200 X76.421 Y62.55 E378.19567
G1 X76.421 Y57.45 E378.41653
G1 X87.55 Y57.45 E378.89848
G1 X87.55 Y62.038 E379.09716
G0 F960 X87.55 Y62.55
M204 S2000
M205 X30 Y30
G0 F3600 X87.3 Y62.55
G0 X86.55 Y61.697
G1 F2700 E375.09716
;MESH:NONMESH
G0 F600 X86.55 Y61.697 Z6.55
G0 F3600 X76.941 Y58.649
G0 X75.506 Y58.649
G0 X42.494 Y58.649
G0 X41.059 Y58.649
G0 X37.774 Y58.649
;TIME_ELAPSED:497.234250
;LAYER:25
M204 S500
M205 X10 Y10
;TYPE:FILL
;MESH:temperaturetowerv2.stl
G1 F2700 E379.09716
G1 F2400 X35.995 Y60.427 E379.20609
G1 X35.783 Y60.639
M204 S2000
M205 X30 Y30
G0 F3600 X37.432 Y61.349
M204 S500
M205 X10 Y10
G1 F2400 X40.131 Y58.649 E379.37141
G1 X40.343 Y58.437
M204 S2000
M205 X30 Y30
G0 F3600 X40.621 Y60.517
M204 S500
M205 X10 Y10
G1 F2400 X39.789 Y61.349 E379.42237
G1 X39.577 Y61.561
M204 S2000
M205 X30 Y30
G0 F3600 X36.45 Y59.083
M204 S500
M205 X10 Y10
;TYPE:WALL-INNER
G1 F2400 X36.45 Y58.45 E379.44978
G1 X40.821 Y58.45 E379.63907
G1 X40.821 Y61.55 E379.77332
G1 X36.45 Y61.55 E379.96261
G1 X36.45 Y60.92 E379.98989
G1 X35.128 Y60.16 E380.05593
G1 X35.128 Y59.841 E380.06974
G1 X36.006 Y59.337 E380.11358
G0 F1920 X36.45 Y59.083
M204 S2000
M205 X30 Y30
G0 F3600 X35.95 Y58.793
M204 S500
M205 X10 Y10
G1 F2400 X35.95 Y57.95 E380.15009
G1 X41.321 Y57.95 E380.38268
G1 X41.321 Y62.05 E380.56024
G1 X35.95 Y62.05 E380.79283
G1 X35.95 Y61.209 E380.82925
G1 X34.628 Y60.449 E380.89529
G1 X34.628 Y59.551 E380.93418
G1 X35.506 Y59.047 E380.97802
G0 F1920 X35.95 Y58.793
M204 S2000
M205 X30 Y30
G0 F3600 X35.45 Y58.503
M204 S500
M205 X10 Y10
;TYPE:WALL-OUTER
G1 F1200 X35.45 Y57.45 E381.02362
G1 X41.821 Y57.45 E381.29952
G1 X41.821 Y62.55 E381.52038
G1 X35.45 Y62.55 E381.79628
G1 X35.45 Y61.498 E381.84184
G1 X34.128 Y60.739 E381.90785
G1 X34.128 Y59.261 E381.97186
G1 X35.006 Y58.757 E382.0157
G0 F960 X35.45 Y58.503
M204 S2000
M205 X30 Y30
G0 F3600 X35.45 Y58.253
G0 X36.45 Y58.45
G1 F2700 E378.0157
G0 F3600 X41.301 Y59.122
G0 X42.736 Y59.122
G0 X75.264 Y59.122
G0 X76.699 Y59.122
G0 X77.378 Y59.122
M204 S500
M205 X10 Y10
;TYPE:FILL
G1 F2700 E382.0157
G1 F2400 X77.851 Y58.65 E382.04464
M204 S2000
M205 X30 Y30
G0 F3600 X80.208 Y58.65
M204 S500
M205 X10 Y10
G1 F2400 X77.508 Y61.349 E382.20997
G1 X77.296 Y61.561
M204 S2000
M205 X30 Y30
G0 F3600 X79.866 Y61.349
M204 S500
M205 X10 Y10
G1 F2400 X82.566 Y58.65 E382.37529
G1 X82.778 Y58.438
M204 S2000
M205 X30 Y30
G0 F3600 X84.923 Y58.65
M204 S500
M205 X10 Y10
G1 F2400 X82.223 Y61.349 E382.54062
G1 X82.011 Y61.561
M204 S2000
M205 X30 Y30
G0 F3600 X84.581 Y61.349
M204 S500
M205 X10 Y10
G1 F2400 X86.349 Y59.582 E382.64887
G1 X86.561 Y59.37
M204 S2000
M205 X30 Y30
G0 F3600 X86.55 Y61.55
M204 S500
M205 X10 Y10
;TYPE:WALL-INNER
G1 F2400 X77.179 Y61.55 E383.05469
G1 X77.179 Y58.45 E383.18893
G1 X86.55 Y58.45 E383.59475
G1 X86.55 Y61.038 E383.70683
G0 F1920 X86.55 Y61.55
M204 S2000
M205 X30 Y30
G0 F3600 X87.05 Y62.05
M204 S500
M205 X10 Y10
G1 F2400 X76.679 Y62.05 E384.15595
G1 X76.679 Y57.95 E384.3335
G1 X87.05 Y57.95 E384.78263
G1 X87.05 Y61.538 E384.93801
G0 F1920 X87.05 Y62.05
M204 S2000
M205 X30 Y30
G0 F3600 X87.55 Y62.55
M204 S500
M205 X10 Y10
;TYPE:WALL-OUTER
G1 F1200 X76.179 Y62.55 E385.43044
G1 X76.179 Y57.45 E385.6513
G1 X87.55 Y57.45 E386.14373
G1 X87.55 Y62.038 E386.34241
G0 F960 X87.55 Y62.55
M204 S2000
M205 X30 Y30
G0 F3600 X87.3 Y62.55
G0 X86.55 Y61.697
G1 F2700 E382.34241
;MESH:NONMESH
G0 F600 X86.55 Y61.697 Z6.8
G0 F3600 X76.699 Y59.442
G0 X75.264 Y59.442
G0 X42.736 Y59.442
G0 X41.301 Y59.442
G0 X35.867 Y59.442
;TIME_ELAPSED:507.336670
;LAYER:26
M204 S500
M205 X10 Y10
;TYPE:FILL
;MESH:temperaturetowerv2.stl
G1 F2700 E386.34241
G1 F2400 X37.774 Y61.349 E386.4592
G1 X37.986 Y61.561
M204 S2000
M205 X30 Y30
G0 F3600 X40.131 Y61.349
M204 S500
M205 X10 Y10
G1 F2400 X37.432 Y58.649 E386.62453
G1 X37.22 Y58.437
M204 S2000
M205 X30 Y30
G0 F3600 X39.789 Y58.649
M204 S500
M205 X10 Y10
G1 F2400 X40.887 Y59.746 E386.69175
G1 X41.099 Y59.958
M204 S2000
M205 X30 Y30
G0 F3600 X36.45 Y58.878
M204 S500
M205 X10 Y10
;TYPE:WALL-INNER
G1 F2400 X36.45 Y58.45 E386.71028
G1 X41.087 Y58.45 E386.91109
G1 X41.087 Y61.55 E387.04534
G1 X36.45 Y61.55 E387.24615
G1 X36.45 Y61.125 E387.26455
G1 X34.771 Y60.159 E387.34844
G1 X34.771 Y59.841 E387.36221
G1 X36.006 Y59.132 E387.42388
G0 F1920 X36.45 Y58.878
M204 S2000
M205 X30 Y30
G0 F3600 X35.95 Y58.588
M204 S500
M205 X10 Y10
G1 F2400 X35.95 Y57.95 E387.45151
G1 X41.587 Y57.95 E387.69562
G1 X41.587 Y62.05 E387.87317
G1 X35.95 Y62.05 E388.11729
G1 X35.95 Y61.414 E388.14483
G1 X34.271 Y60.449 E388.2287
G1 X34.271 Y59.551 E388.26758
G1 X35.506 Y58.842 E388.32925
G0 F1920 X35.95 Y58.588
M204 S2000
M205 X30 Y30
G0 F3600 X35.45 Y58.298
M204 S500
M205 X10 Y10
;TYPE:WALL-OUTER
G1 F1200 X35.45 Y57.45 E388.36598
G1 X42.087 Y57.45 E388.6534
G1 X42.087 Y62.55 E388.87426
G1 X35.45 Y62.55 E389.16168
G1 X35.45 Y61.703 E389.19836
G1 X33.771 Y60.739 E389.2822
G1 X33.771 Y59.261 E389.3462
G1 X35.006 Y58.552 E389.40787
G0 F960 X35.45 Y58.298
M204 S2000
M205 X30 Y30
G0 F3600 X35.45 Y58.048
G0 X36.45 Y58.45
G1 F2700 E385.40787
G0 F3600 X41.567 Y60.609
G0 X43.002 Y60.609
G0 X74.998 Y60.609
G0 X76.433 Y60.609
G0 X77.112 Y60.609
M204 S500
M205 X10 Y10
;TYPE:FILL
G1 F2700 E389.40787
G1 F2400 X77.852 Y61.349 E389.45319
G1 X78.064 Y61.561
M204 S2000
M205 X30 Y30
G0 F3600 X80.209 Y61.349
M204 S500
M205 X10 Y10
G1 F2400 X77.51 Y58.65 E389.61849
G1 X77.298 Y58.438
M204 S2000
M205 X30 Y30
G0 F3600 X79.867 Y58.65
M204 S500
M205 X10 Y10
G1 F2400 X82.567 Y61.349 E389.78382
G1 X82.779 Y61.561
M204 S2000
M205 X30 Y30
G0 F3600 X84.924 Y61.349
M204 S500
M205 X10 Y10
G1 F2400 X82.225 Y58.65 E389.94911
G1 X82.013 Y58.438
M204 S2000
M205 X30 Y30
G0 F3600 X84.582 Y58.65
M204 S500
M205 X10 Y10
G1 F2400 X86.349 Y60.416 E390.0573
G1 X86.561 Y60.628
M204 S2000
M205 X30 Y30
G0 F3600 X86.55 Y61.55
M204 S500
M205 X10 Y10
;TYPE:WALL-INNER
G1 F2400 X76.913 Y61.55 E390.47464
G1 X76.913 Y58.45 E390.60889
G1 X86.55 Y58.45 E391.02622
G1 X86.55 Y61.038 E391.1383
G0 F1920 X86.55 Y61.55
M204 S2000
M205 X30 Y30
G0 F3600 X87.05 Y62.05
M204 S500
M205 X10 Y10
G1 F2400 X76.413 Y62.05 E391.59894
G1 X76.413 Y57.95 E391.7765
G1 X87.05 Y57.95 E392.23714
G1 X87.05 Y61.538 E392.39252
G0 F1920 X87.05 Y62.05
M204 S2000
M205 X30 Y30
G0 F3600 X87.55 Y62.55
M204 S500
M205 X10 Y10
;TYPE:WALL-OUTER
G1 F1200 X75.913 Y62.55 E392.89647
G1 X75.913 Y57.45 E393.11733
G1 X87.55 Y57.45 E393.62128
G1 X87.55 Y62.038 E393.81996
G0 F960 X87.55 Y62.55
M204 S2000
M205 X30 Y30
G0 F3600 X87.3 Y62.55
G0 X86.55 Y61.697
G1 F2700 E389.81996
;MESH:NONMESH
G0 F600 X86.55 Y61.697 Z7.05
G0 F3600 X76.433 Y58.649
G0 X74.998 Y58.649
G0 X43.002 Y58.649
G0 X41.567 Y58.649
G0 X37.774 Y58.649
;TIME_ELAPSED:517.571708
;LAYER:27
M204 S500
M205 X10 Y10
;TYPE:FILL
;MESH:temperaturetowerv2.stl
G1 F2700 E393.81996
G1 F2400 X35.735 Y60.688 E393.94484
G1 X35.523 Y60.9
M204 S2000
M205 X30 Y30
G0 F3600 X37.432 Y61.349
M204 S500
M205 X10 Y10
G1 F2400 X40.131 Y58.649 E394.11017
G1 X40.343 Y58.437
M204 S2000
M205 X30 Y30
G0 F3600 X41.182 Y59.956
M204 S500
M205 X10 Y10
G1 F2400 X39.789 Y61.349 E394.19548
G1 X39.577 Y61.561
M204 S2000
M205 X30 Y30
G0 F3600 X36.45 Y58.673
M204 S500
M205 X10 Y10
;TYPE:WALL-INNER
G1 F2400 X36.45 Y58.45 E394.20514
G1 X41.383 Y58.45 E394.41876
G1 X41.383 Y61.55 E394.55301
G1 X36.45 Y61.55 E394.76664
G1 X36.45 Y61.33 E394.77616
G1 X34.414 Y60.159 E394.87788
G1 X34.414 Y59.841 E394.89165
G1 X36.006 Y58.927 E394.97115
G0 F1920 X36.45 Y58.673
M204 S2000
M205 X30 Y30
G0 F3600 X35.95 Y58.383
M204 S500
M205 X10 Y10
G1 F2400 X35.95 Y57.95 E394.9899
G1 X41.883 Y57.95 E395.24683
G1 X41.883 Y62.05 E395.42438
G1 X35.95 Y62.05 E395.68132
G1 X35.95 Y61.619 E395.69998
G1 X33.914 Y60.449 E395.80167
G1 X33.914 Y59.551 E395.84056
G1 X35.506 Y58.637 E395.92006
G0 F1920 X35.95 Y58.383
M204 S2000
M205 X30 Y30
G0 F3600 X35.45 Y58.093
M204 S500
M205 X10 Y10
;TYPE:WALL-OUTER
G1 F1200 X35.45 Y57.45 E395.94791
G1 X42.383 Y57.45 E396.24814
G1 X42.383 Y62.55 E396.469
G1 X35.45 Y62.55 E396.76924
G1 X35.45 Y61.908 E396.79704
G1 X33.414 Y60.739 E396.89871
G1 X33.414 Y59.261 E396.96272
G1 X35.006 Y58.347 E397.04222
G0 F960 X35.45 Y58.093
M204 S2000
M205 X30 Y30
G0 F3600 X35.45 Y57.843
G0 X36.45 Y58.303
G1 F2700 E393.04222
G0 F3600 X41.863 Y59.684
G0 X43.298 Y59.684
G0 X74.702 Y59.684
G0 X76.137 Y59.684
G0 X76.816 Y59.684
M204 S500
M205 X10 Y10
;TYPE:FILL
G1 F2700 E397.04222
G1 F2400 X77.851 Y58.649 E397.1056
G1 X78.063 Y58.437
M204 S2000
M205 X30 Y30
G0 F3600 X80.209 Y58.649
M204 S500
M205 X10 Y10
G1 F2400 X77.508 Y61.349 E397.27099
G1 X77.296 Y61.561
M204 S2000
M205 X30 Y30
G0 F3600 X79.866 Y61.349
M204 S500
M205 X10 Y10
G1 F2400 X82.566 Y58.649 E397.43635
G1 X82.778 Y58.437
M204 S2000
M205 X30 Y30
G0 F3600 X84.924 Y58.649
M204 S500
M205 X10 Y10
G1 F2400 X82.223 Y61.349 E397.60174
G1 X82.011 Y61.561
M204 S2000
M205 X30 Y30
G0 F3600 X84.581 Y61.349
M204 S500
M205 X10 Y10
G1 F2400 X86.349 Y59.582 E397.70999
G1 X86.561 Y59.37
M204 S2000
M205 X30 Y30
G0 F3600 X86.55 Y61.55
M204 S500
M205 X10 Y10
;TYPE:WALL-INNER
G1 F2400 X76.617 Y61.55 E398.14014
G1 X76.617 Y58.45 E398.27439
G1 X86.55 Y58.45 E398.70455
G1 X86.55 Y61.038 E398.81662
G0 F1920 X86.55 Y61.55
M204 S2000
M205 X30 Y30
G0 F3600 X87.05 Y62.05
M204 S500
M205 X10 Y10
G1 F2400 X76.117 Y62.05 E399.29008
G1 X76.117 Y57.95 E399.46764
G1 X87.05 Y57.95 E399.9411
G1 X87.05 Y61.538 E400.09648
G0 F1920 X87.05 Y62.05
M204 S2000
M205 X30 Y30
G0 F3600 X87.55 Y62.55
M204 S500
M205 X10 Y10
;TYPE:WALL-OUTER
G1 F1200 X75.617 Y62.55 E400.61325
G1 X75.617 Y57.45 E400.83411
G1 X87.55 Y57.45 E401.35087
G1 X87.55 Y62.038 E401.54956
G0 F960 X87.55 Y62.55
M204 S2000
M205 X30 Y30
G0 F3600 X87.3 Y62.55
G0 X86.55 Y61.697
G1 F2700 E397.54956
;MESH:NONMESH
G0 F600 X86.55 Y61.697 Z7.3
G0 F3600 X76.137 Y59.182
G0 X74.702 Y59.182
G0 X43.298 Y59.182
G0 X41.863 Y59.182
G0 X35.607 Y59.182
;TIME_ELAPSED:528.004307
;LAYER:28
M204 S500
M205 X10 Y10
;TYPE:FILL
;MESH:temperaturetowerv2.stl
G1 F2700 E401.54956
G1 F2400 X37.774 Y61.349 E401.68227
G1 X37.986 Y61.561
M204 S2000
M205 X30 Y30
G0 F3600 X40.131 Y61.349
M204 S500
M205 X10 Y10
G1 F2400 X37.432 Y58.649 E401.8476
G1 X37.22 Y58.437
M204 S2000
M205 X30 Y30
G0 F3600 X39.789 Y58.649
M204 S500
M205 X10 Y10
G1 F2400 X41.51 Y60.37 E401.953
G1 X41.722 Y60.582
M204 S2000
M205 X30 Y30
G0 F3600 X36.45 Y58.469
M204 S500
M205 X10 Y10
;TYPE:WALL-INNER
G1 F2400 X36.45 Y58.45 E401.95382
G1 X41.711 Y58.45 E402.18166
G1 X41.711 Y61.55 E402.3159
G1 X36.45 Y61.55 E402.54374
G1 X36.45 Y61.532 E402.54451
G1 X34.057 Y60.159 E402.66399
G1 X34.057 Y59.841 E402.67776
G1 X36.006 Y58.723 E402.77507
G0 F1920 X36.45 Y58.469
M204 S2000
M205 X30 Y30
G0 F3600 X35.95 Y58.179
M204 S500
M205 X10 Y10
G1 F2400 X35.95 Y57.95 E402.78498
G1 X42.211 Y57.95 E403.05612
G1 X42.211 Y62.05 E403.23367
G1 X35.95 Y62.05 E403.50481
G1 X35.95 Y61.822 E403.51468
G1 X33.557 Y60.449 E403.63416
G1 X33.557 Y59.551 E403.67305
G1 X35.506 Y58.433 E403.77035
G0 F1920 X35.95 Y58.179
M204 S2000
M205 X30 Y30
G0 F3600 X35.45 Y57.889
M204 S500
M205 X10 Y10
;TYPE:WALL-OUTER
G1 F1200 X35.45 Y57.45 E403.78936
G1 X42.711 Y57.45 E404.10381
G1 X42.711 Y62.55 E404.32467
G1 X35.45 Y62.55 E404.63911
G1 X35.45 Y62.112 E404.65808
G1 X33.057 Y60.739 E404.77755
G1 X33.057 Y59.261 E404.84156
G1 X35.006 Y58.143 E404.93886
G0 F960 X35.45 Y57.889
M204 S2000
M205 X30 Y30
G0 F3600 X35.45 Y57.639
G0 X36.303 Y58.45
G1 F2700 E400.93886
G0 F3600 X42.191 Y59.985
G0 X43.626 Y59.985
G0 X74.374 Y59.985
G0 X75.809 Y59.985
G0 X76.487 Y59.985
M204 S500
M205 X10 Y10
;TYPE:FILL
G1 F2700 E404.93886
G1 F2400 X77.852 Y61.349 E405.02243
G1 X78.064 Y61.561
M204 S2000
M205 X30 Y30
G0 F3600 X80.209 Y61.349
M204 S500
M205 X10 Y10
G1 F2400 X77.51 Y58.65 E405.18773
G1 X77.298 Y58.438
M204 S2000
M205 X30 Y30
G0 F3600 X79.867 Y58.65
M204 S500
M205 X10 Y10
G1 F2400 X82.567 Y61.349 E405.35305
G1 X82.779 Y61.561
M204 S2000
M205 X30 Y30
G0 F3600 X84.924 Y61.349
M204 S500
M205 X10 Y10
G1 F2400 X82.225 Y58.65 E405.51835
G1 X82.013 Y58.438
M204 S2000
M205 X30 Y30
G0 F3600 X84.582 Y58.65
M204 S500
M205 X10 Y10
G1 F2400 X86.349 Y60.416 E405.62654
G1 X86.561 Y60.628
M204 S2000
M205 X30 Y30
G0 F3600 X86.55 Y61.55
M204 S500
M205 X10 Y10
;TYPE:WALL-INNER
G1 F2400 X76.289 Y61.55 E406.0709
G1 X76.289 Y58.45 E406.20514
G1 X86.55 Y58.45 E406.6495
G1 X86.55 Y61.038 E406.76158
G0 F1920 X86.55 Y61.55
M204 S2000
M205 X30 Y30
G0 F3600 X87.05 Y62.05
M204 S500
M205 X10 Y10
G1 F2400 X75.789 Y62.05 E407.24925
G1 X75.789 Y57.95 E407.4268
G1 X87.05 Y57.95 E407.91446
G1 X87.05 Y61.538 E408.06985
G0 F1920 X87.05 Y62.05
M204 S2000
M205 X30 Y30
G0 F3600 X87.55 Y62.55
M204 S500
M205 X10 Y10
;TYPE:WALL-OUTER
G1 F1200 X75.289 Y62.55 E408.60082
G1 X75.289 Y57.45 E408.82168
G1 X87.55 Y57.45 E409.35265
G1 X87.55 Y62.038 E409.55133
G0 F960 X87.55 Y62.55
M204 S2000
M205 X30 Y30
G0 F3600 X87.3 Y62.55
G0 X86.55 Y61.697
G1 F2700 E405.55133
;MESH:NONMESH
G0 F600 X86.55 Y61.697 Z7.55
G0 F3600 X75.809 Y59.672
G0 X74.374 Y59.672
G0 X43.626 Y59.672
G0 X42.191 Y59.672
G0 X34.394 Y59.672
;TIME_ELAPSED:538.617167
;LAYER:29
M204 S500
M205 X10 Y10
;TYPE:FILL
;MESH:temperaturetowerv2.stl
G1 F2700 E409.55133
G1 F2400 X33.978 Y60.087 E409.57678
M204 S2000
M205 X30 Y30
G0 F3600 X35.476 Y60.947
M204 S500
M205 X10 Y10
G1 F2400 X37.774 Y58.649 E409.71752
G1 X37.986 Y58.437
M204 S2000
M205 X30 Y30
G0 F3600 X40.131 Y58.649
M204 S500
M205 X10 Y10
G1 F2400 X37.432 Y61.349 E409.88285
G1 X37.22 Y61.561
M204 S2000
M205 X30 Y30
G0 F3600 X39.789 Y61.349
M204 S500
M205 X10 Y10
G1 F2400 X41.878 Y59.26 E410.01078
G1 X42.09 Y59.048
M204 S2000
M205 X30 Y30
G0 F3600 X42.078 Y61.55
M204 S500
M205 X10 Y10
;TYPE:WALL-INNER
G1 F2400 X36.124 Y61.55 E410.26863
G1 X33.7 Y60.159 E410.38966
G1 X33.7 Y59.84 E410.40347
G1 X36.125 Y58.45 E410.52451
G1 X42.078 Y58.45 E410.78231
G1 X42.078 Y61.038 E410.89439
G0 F1920 X42.078 Y61.55
M204 S2000
M205 X30 Y30
G0 F3600 X36.036 Y58.024
G0 X35.95 Y57.974
M204 S500
M205 X10 Y10
G1 F2400 X35.95 Y57.95 E410.89543
G1 X42.578 Y57.95 E411.18246
G1 X42.578 Y62.05 E411.36001
G1 X35.95 Y62.05 E411.64704
G1 X35.95 Y62.027 E411.64804
G1 X33.2 Y60.449 E411.78534
G1 X33.2 Y59.55 E411.82428
G1 X35.506 Y58.228 E411.93938
G0 F1920 X35.95 Y57.974
M204 S2000
M205 X30 Y30
G0 F3600 X35.45 Y57.684
M204 S500
M205 X10 Y10
;TYPE:WALL-OUTER
G1 F1200 X35.45 Y57.45 E411.94952
G1 X43.078 Y57.45 E412.27985
G1 X43.078 Y62.55 E412.50071
G1 X35.45 Y62.55 E412.83105
G1 X35.45 Y62.317 E412.84114
G1 X32.7 Y60.739 E412.97844
G1 X32.7 Y59.26 E413.04249
G1 X35.006 Y57.938 E413.1576
G0 F960 X35.45 Y57.684
M204 S2000
M205 X30 Y30
G0 F3600 X35.45 Y57.45
G0 X35.466 Y57.45
G0 X36.058 Y58.487
G1 F2700 E409.1576
G0 F3600 X42.558 Y60.379
G0 X43.993 Y60.379
G0 X74.007 Y60.379
G0 X75.442 Y60.379
G0 X76.121 Y60.379
M204 S500
M205 X10 Y10
;TYPE:FILL
G1 F2700 E413.1576
G1 F2400 X77.851 Y58.65 E413.26352
G1 X78.063 Y58.438
M204 S2000
M205 X30 Y30
G0 F3600 X80.208 Y58.65
M204 S500
M205 X10 Y10
G1 F2400 X77.508 Y61.349 E413.42885
G1 X77.296 Y61.561
M204 S2000
M205 X30 Y30
G0 F3600 X79.866 Y61.349
M204 S500
M205 X10 Y10
G1 F2400 X82.566 Y58.65 E413.59418
G1 X82.778 Y58.438
M204 S2000
M205 X30 Y30
G0 F3600 X84.923 Y58.65
M204 S500
M205 X10 Y10
G1 F2400 X82.223 Y61.349 E413.7595
G1 X82.011 Y61.561
M204 S2000
M205 X30 Y30
G0 F3600 X84.581 Y61.349
M204 S500
M205 X10 Y10
G1 F2400 X86.349 Y59.582 E413.86775
G1 X86.561 Y59.37
M204 S2000
M205 X30 Y30
G0 F3600 X86.55 Y61.55
M204 S500
M205 X10 Y10
;TYPE:WALL-INNER
G1 F2400 X75.922 Y61.55 E414.32801
G1 X75.922 Y58.45 E414.46225
G1 X86.55 Y58.45 E414.92251
G1 X86.55 Y61.038 E415.03458
G0 F1920 X86.55 Y61.55
M204 S2000
M205 X30 Y30
G0 F3600 X87.05 Y62.05
M204 S500
M205 X10 Y10
G1 F2400 X75.422 Y62.05 E415.53814
G1 X75.422 Y57.95 E415.7157
G1 X87.05 Y57.95 E416.21925
G1 X87.05 Y61.538 E416.37464
G0 F1920 X87.05 Y62.05
M204 S2000
M205 X30 Y30
G0 F3600 X87.55 Y62.55
M204 S500
M205 X10 Y10
;TYPE:WALL-OUTER
G1 F1200 X74.922 Y62.55 E416.9215
G1 X74.922 Y57.45 E417.14236
G1 X87.55 Y57.45 E417.68922
G1 X87.55 Y62.038 E417.88791
G0 F960 X87.55 Y62.55
M204 S2000
M205 X30 Y30
G0 F3600 X87.3 Y62.55
G0 X86.55 Y61.697
G1 F2700 E413.88791
;MESH:NONMESH
G0 F600 X86.55 Y61.697 Z7.8
G0 F3600 X75.442 Y59.781
G0 X74.007 Y59.781
G0 X43.993 Y59.781
G0 X42.558 Y59.781
G0 X33.849 Y59.781
;TIME_ELAPSED:549.543866
;LAYER:30
M204 S500
M205 X10 Y10
;TYPE:FILL
;MESH:temperaturetowerv2.stl
G1 F2700 E417.88791
G1 F2400 X34.873 Y60.806 E417.95065
G1 X35.085 Y61.018
M204 S2000
M205 X30 Y30
G0 F3600 X35.346 Y58.921
M204 S500
M205 X10 Y10
G1 F2400 X37.774 Y61.349 E418.09935
G1 X37.986 Y61.561
M204 S2000
M205 X30 Y30
G0 F3600 X40.131 Y61.349
M204 S500
M205 X10 Y10
G1 F2400 X37.432 Y58.649 E418.26468
G1 X37.22 Y58.437
M204 S2000
M205 X30 Y30
G0 F3600 X39.789 Y58.649
M204 S500
M205 X10 Y10
G1 F2400 X42.302 Y61.162 E418.41859
G1 X42.514 Y61.374
M204 S2000
M205 X30 Y30
G0 F3600 X42.302 Y58.805
M204 S500
M205 X10 Y10
G1 F2400 X42.147 Y58.649 E418.42811
M204 S2000
M205 X30 Y30
G0 F3600 X42.503 Y61.55
M204 S500
M205 X10 Y10
;TYPE:WALL-INNER
G1 F2400 X35.767 Y61.55 E418.71982
G1 X33.343 Y60.159 E418.84085
G1 X33.343 Y59.841 E418.85462
G1 X35.768 Y58.45 E418.97568
G1 X42.503 Y58.45 E419.26735
G1 X42.503 Y61.038 E419.37942
G0 F1920 X42.503 Y61.55
M204 S2000
M205 X30 Y30
G0 F3600 X43.003 Y62.05
M204 S500
M205 X10 Y10
G1 F2400 X35.633 Y62.05 E419.69859
G1 X32.843 Y60.449 E419.83789
G1 X32.843 Y59.551 E419.87678
G1 X35.634 Y57.95 E420.01612
G1 X43.003 Y57.95 E420.33524
G1 X43.003 Y61.538 E420.49062
G0 F1920 X43.003 Y62.05
M204 S2000
M205 X30 Y30
G1 F2700 E416.49062
G0 F3600 X35.49 Y57.57
G0 X35.45 Y57.479
M204 S500
M205 X10 Y10
;TYPE:WALL-OUTER
G1 F2700 E420.49062
G1 F1200 X35.45 Y57.45 E420.49187
G1 X43.503 Y57.45 E420.84062
G1 X43.503 Y62.55 E421.06147
G1 X35.45 Y62.55 E421.41022
G1 X35.45 Y62.522 E421.41143
G1 X32.343 Y60.739 E421.56656
G1 X32.343 Y59.261 E421.63057
G1 X35.006 Y57.733 E421.76353
G0 F960 X35.45 Y57.479
M204 S2000
M205 X30 Y30
G0 F3600 X35.45 Y57.45
G0 X35.671 Y57.45
G0 X35.43 Y58.354
G1 F2700 E417.76353
G0 F3600 X43.233 Y59.193
G0 X44.418 Y59.193
G0 X73.582 Y59.193
G0 X75.017 Y59.193
G0 X75.695 Y59.193
M204 S500
M205 X10 Y10
;TYPE:FILL
G1 F2700 E421.76353
G1 F2400 X77.852 Y61.349 E421.8956
G1 X78.064 Y61.561
M204 S2000
M205 X30 Y30
G0 F3600 X80.209 Y61.349
M204 S500
M205 X10 Y10
G1 F2400 X77.51 Y58.65 E422.06089
G1 X77.298 Y58.438
M204 S2000
M205 X30 Y30
G0 F3600 X79.867 Y58.65
M204 S500
M205 X10 Y10
G1 F2400 X82.567 Y61.349 E422.22622
G1 X82.779 Y61.561
M204 S2000
M205 X30 Y30
G0 F3600 X84.924 Y61.349
M204 S500
M205 X10 Y10
G1 F2400 X82.225 Y58.65 E422.39152
G1 X82.013 Y58.438
M204 S2000
M205 X30 Y30
G0 F3600 X84.582 Y58.65
M204 S500
M205 X10 Y10
G1 F2400 X86.349 Y60.416 E422.4997
G1 X86.561 Y60.628
M204 S2000
M205 X30 Y30
G0 F3600 X86.55 Y61.55
M204 S500
M205 X10 Y10
;TYPE:WALL-INNER
G1 F2400 X75.497 Y61.55 E422.97836
G1 X75.497 Y58.45 E423.11261
G1 X86.55 Y58.45 E423.59127
G1 X86.55 Y61.038 E423.70334
G0 F1920 X86.55 Y61.55
M204 S2000
M205 X30 Y30
G0 F3600 X87.05 Y62.05
M204 S500
M205 X10 Y10
G1 F2400 X74.997 Y62.05 E424.22531
G1 X74.997 Y57.95 E424.40286
G1 X87.05 Y57.95 E424.92482
G1 X87.05 Y61.538 E425.08021
G0 F1920 X87.05 Y62.05
M204 S2000
M205 X30 Y30
G0 F3600 X87.55 Y62.55
M204 S500
M205 X10 Y10
;TYPE:WALL-OUTER
G1 F1200 X74.497 Y62.55 E425.64548
G1 X74.497 Y57.45 E425.86633
G1 X87.55 Y57.45 E426.4316
G1 X87.55 Y62.038 E426.63029
G0 F960 X87.55 Y62.55
M204 S2000
M205 X30 Y30
G0 F3600 X87.3 Y62.55
G0 X86.55 Y61.697
G1 F2700 E422.63029
;MESH:NONMESH
G0 F600 X86.55 Y61.697 Z8.05
G0 F3600 X75.017 Y58.709
G0 X73.582 Y58.709
G0 X44.418 Y58.709
G0 X43.233 Y58.709
G0 X35.356 Y58.709
;TIME_ELAPSED:561.055184
;LAYER:31
M204 S500
M205 X10 Y10
;TYPE:FILL
;MESH:temperaturetowerv2.stl
G1 F2700 E426.63029
G1 F2400 X33.718 Y60.348 E426.73064
G1 X33.506 Y60.56
M204 S2000
M205 X30 Y30
G0 F3600 X35.216 Y61.207
M204 S500
M205 X10 Y10
G1 F2400 X37.775 Y58.648 E426.88736
G1 X37.987 Y58.436
M204 S2000
M205 X30 Y30
G0 F3600 X40.132 Y58.648
M204 S500
M205 X10 Y10
G1 F2400 X37.432 Y61.349 E427.05275
G1 X37.22 Y61.561
M204 S2000
M205 X30 Y30
G0 F3600 X39.789 Y61.349
M204 S500
M205 X10 Y10
G1 F2400 X42.49 Y58.648 E427.21817
G1 X42.702 Y58.436
M204 S2000
M205 X30 Y30
G0 F3600 X42.797 Y60.698
M204 S500
M205 X10 Y10
G1 F2400 X42.147 Y61.349 E427.25801
M204 S2000
M205 X30 Y30
G0 F3600 X42.998 Y61.55
M204 S500
M205 X10 Y10
;TYPE:WALL-INNER
G1 F2400 X35.409 Y61.55 E427.58665
G1 X32.986 Y60.159 E427.70765
G1 X32.986 Y59.841 E427.72142
G1 X35.41 Y58.45 E427.84245
G1 X42.998 Y58.45 E428.17105
G1 X42.998 Y61.038 E428.28312
G0 F1920 X42.998 Y61.55
M204 S2000
M205 X30 Y30
G0 F3600 X43.498 Y62.05
M204 S500
M205 X10 Y10
G1 F2400 X35.275 Y62.05 E428.63923
G1 X32.486 Y60.449 E428.77849
G1 X32.486 Y59.551 E428.81738
G1 X35.276 Y57.95 E428.95668
G1 X43.498 Y57.95 E429.31274
G1 X43.498 Y61.538 E429.46812
G0 F1920 X43.498 Y62.05
M204 S2000
M205 X30 Y30
G0 F3600 X43.998 Y62.55
M204 S500
M205 X10 Y10
;TYPE:WALL-OUTER
G1 F1200 X35.141 Y62.55 E429.85168
G1 X31.986 Y60.739 E430.00922
G1 X31.986 Y59.261 E430.07323
G1 X35.142 Y57.45 E430.2308
G1 X43.998 Y57.45 E430.61432
G1 X43.998 Y62.038 E430.81301
G0 F960 X43.998 Y62.55
M204 S2000
M205 X30 Y30
G0 F3600 X43.748 Y62.55
G0 X42.998 Y61.697
G1 F2700 E426.81301
G0 F3600 X44.913 Y61.299
G0 X73.087 Y61.299
G0 X74.522 Y61.299
G0 X75.201 Y61.299
M204 S500
M205 X10 Y10
;TYPE:FILL
G1 F2700 E430.81301
G1 F2400 X77.851 Y58.649 E430.9753
G1 X78.063 Y58.437
M204 S2000
M205 X30 Y30
G0 F3600 X75.494 Y58.649
M204 S500
M205 X10 Y10
G1 F2400 X75.201 Y58.942 E430.99325
M204 S2000
M205 X30 Y30
G0 F3600 X77.508 Y61.349
M204 S500
M205 X10 Y10
G1 F2400 X80.209 Y58.649 E431.15863
G1 X80.421 Y58.437
M204 S2000
M205 X30 Y30
G0 F3600 X82.566 Y58.649
M204 S500
M205 X10 Y10
G1 F2400 X79.866 Y61.349 E431.32399
G1 X79.654 Y61.561
M204 S2000
M205 X30 Y30
G0 F3600 X82.223 Y61.349
M204 S500
M205 X10 Y10
G1 F2400 X84.924 Y58.649 E431.48938
G1 X85.136 Y58.437
M204 S2000
M205 X30 Y30
G0 F3600 X86.349 Y59.582
M204 S500
M205 X10 Y10
G1 F2400 X84.581 Y61.349 E431.59763
G1 X84.369 Y61.561
M204 S2000
M205 X30 Y30
G0 F3600 X86.55 Y61.55
M204 S500
M205 X10 Y10
;TYPE:WALL-INNER
G1 F2400 X75.002 Y61.55 E432.09772
G1 X75.002 Y58.45 E432.23197
G1 X86.55 Y58.45 E432.73207
G1 X86.55 Y61.038 E432.84414
G0 F1920 X86.55 Y61.55
M204 S2000
M205 X30 Y30
G0 F3600 X87.05 Y62.05
M204 S500
M205 X10 Y10
G1 F2400 X74.502 Y62.05 E433.38754
G1 X74.502 Y57.95 E433.56509
G1 X87.05 Y57.95 E434.10849
G1 X87.05 Y61.538 E434.26388
G0 F1920 X87.05 Y62.05
M204 S2000
M205 X30 Y30
G0 F3600 X87.55 Y62.55
M204 S500
M205 X10 Y10
;TYPE:WALL-OUTER
G1 F1200 X74.002 Y62.55 E434.85058
G1 X74.002 Y57.45 E435.07144
G1 X87.55 Y57.45 E435.65815
G1 X87.55 Y62.038 E435.85683
G0 F960 X87.55 Y62.55
M204 S2000
M205 X30 Y30
G0 F3600 X87.3 Y62.55
G0 X86.55 Y61.697
G1 F2700 E431.85683
;MESH:NONMESH
G0 F600 X86.55 Y61.697 Z8.3
G0 F3600 X74.522 Y59.52
G0 X73.087 Y59.52
G0 X44.913 Y59.52
G0 X43.478 Y59.52
G0 X33.588 Y59.52
;TIME_ELAPSED:572.427441
;LAYER:32
M204 S500
M205 X10 Y10
;TYPE:FILL
;MESH:temperaturetowerv2.stl
G1 F2700 E435.85683
G1 F2400 X35.416 Y61.349 E435.96882
G1 X35.628 Y61.561
M204 S2000
M205 X30 Y30
G0 F3600 X37.774 Y61.349
M204 S500
M205 X10 Y10
G1 F2400 X35.086 Y58.661 E436.13344
G1 X34.874 Y58.449
M204 S2000
M205 X30 Y30
G0 F3600 X37.432 Y58.649
M204 S500
M205 X10 Y10
G1 F2400 X40.131 Y61.349 E436.29877
G1 X40.343 Y61.561
M204 S2000
M205 X30 Y30
G0 F3600 X42.489 Y61.349
M204 S500
M205 X10 Y10
G1 F2400 X39.789 Y58.649 E436.46412
G1 X39.577 Y58.437
M204 S2000
M205 X30 Y30
G0 F3600 X42.147 Y58.649
M204 S500
M205 X10 Y10
G1 F2400 X43.417 Y59.919 E436.5419
G1 X43.629 Y60.131
M204 S2000
M205 X30 Y30
G0 F3600 X43.616 Y61.55
M204 S500
M205 X10 Y10
;TYPE:WALL-INNER
G1 F2400 X35.054 Y61.55 E436.91269
G1 X32.628 Y60.159 E437.03379
G1 X32.628 Y59.841 E437.04756
G1 X35.054 Y58.45 E437.16867
G1 X43.617 Y58.45 E437.53949
G1 X43.616 Y61.038 E437.65157
G0 F1920 X43.616 Y61.55
M204 S2000
M205 X30 Y30
G0 F3600 X44.116 Y62.05
M204 S500
M205 X10 Y10
G1 F2400 X34.92 Y62.05 E438.04981
G1 X32.128 Y60.449 E438.18919
G1 X32.128 Y59.551 E438.22808
G1 X34.92 Y57.95 E438.36745
G1 X44.117 Y57.95 E438.76574
G1 X44.116 Y61.538 E438.92112
G0 F1920 X44.116 Y62.05
M204 S2000
M205 X30 Y30
G0 F3600 X44.616 Y62.55
M204 S500
M205 X10 Y10
;TYPE:WALL-OUTER
G1 F1200 X34.786 Y62.55 E439.34681
G1 X31.628 Y60.739 E439.50446
G1 X31.628 Y59.261 E439.56847
G1 X34.786 Y57.45 E439.72612
G1 X44.617 Y57.45 E440.15186
G1 X44.616 Y62.038 E440.35055
G0 F960 X44.616 Y62.55
M204 S2000
M205 X30 Y30
G0 F3600 X44.366 Y62.55
G0 X43.763 Y61.55
G1 F2700 E436.35055
G0 F3600 X44.097 Y60.428
G0 X45.532 Y60.428
G0 X72.469 Y60.428
G0 X73.904 Y60.428
G0 X74.582 Y60.437
M204 S500
M205 X10 Y10
;TYPE:FILL
G1 F2700 E440.35055
G1 F2400 X75.494 Y61.349 E440.4064
G1 X75.706 Y61.561
M204 S2000
M205 X30 Y30
G0 F3600 X77.852 Y61.349
M204 S500
M205 X10 Y10
G1 F2400 X75.152 Y58.65 E440.57173
G1 X74.94 Y58.438
M204 S2000
M205 X30 Y30
G0 F3600 X77.51 Y58.65
M204 S500
M205 X10 Y10
G1 F2400 X80.209 Y61.349 E440.73702
G1 X80.421 Y61.561
M204 S2000
M205 X30 Y30
G0 F3600 X82.567 Y61.349
M204 S500
M205 X10 Y10
G1 F2400 X79.867 Y58.65 E440.90235
G1 X79.655 Y58.438
M204 S2000
M205 X30 Y30
G0 F3600 X82.225 Y58.65
M204 S500
M205 X10 Y10
G1 F2400 X84.924 Y61.349 E441.06765
G1 X85.136 Y61.561
M204 S2000
M205 X30 Y30
G0 F3600 X86.349 Y60.416
M204 S500
M205 X10 Y10
G1 F2400 X84.582 Y58.65 E441.17583
G1 X84.37 Y58.438
M204 S2000
M205 X30 Y30
G0 F3600 X86.55 Y61.55
M204 S500
M205 X10 Y10
;TYPE:WALL-INNER
G1 F2400 X74.384 Y61.55 E441.70269
G1 X74.384 Y58.45 E441.83694
G1 X86.55 Y58.45 E442.3638
G1 X86.55 Y61.038 E442.47587
G0 F1920 X86.55 Y61.55
M204 S2000
M205 X30 Y30
G0 F3600 X87.05 Y62.05
M204 S500
M205 X10 Y10
G1 F2400 X73.884 Y62.05 E443.04603
G1 X73.884 Y57.95 E443.22359
G1 X87.05 Y57.95 E443.79375
G1 X87.05 Y61.538 E443.94913
G0 F1920 X87.05 Y62.05
M204 S2000
M205 X30 Y30
G0 F3600 X87.55 Y62.55
M204 S500
M205 X10 Y10
;TYPE:WALL-OUTER
G1 F1200 X73.384 Y62.55 E444.5626
G1 X73.384 Y57.45 E444.78346
G1 X87.55 Y57.45 E445.39693
G1 X87.55 Y62.038 E445.59562
G0 F960 X87.55 Y62.55
M204 S2000
M205 X30 Y30
G0 F3600 X87.3 Y62.55
G0 X86.55 Y61.697
G1 F2700 E441.59562
;MESH:NONMESH
G0 F600 X86.55 Y61.697 Z8.55
G0 F3600 X73.904 Y61.549
G0 X72.469 Y61.549
G0 X45.532 Y61.54
G0 X44.097 Y61.54
G0 X44.477 Y61.55
;TIME_ELAPSED:584.046547
;LAYER:33
M204 S500
M205 X10 Y10
;TYPE:WALL-INNER
;MESH:temperaturetowerv2.stl
G1 F2700 E445.59562
G1 F2400 X34.697 Y61.55 E446.01915
G1 X32.271 Y60.159 E446.14025
G1 X32.271 Y59.841 E446.15402
G1 X34.697 Y58.45 E446.27513
G1 X44.478 Y58.45 E446.6987
G1 X44.477 Y61.038 E446.81077
G0 F1920 X44.477 Y61.55
M204 S2000
M205 X30 Y30
G0 F3600 X44.977 Y62.05
M204 S500
M205 X10 Y10
G1 F2400 X34.563 Y62.05 E447.26176
G1 X31.771 Y60.449 E447.40114
G1 X31.771 Y59.551 E447.44003
G1 X34.563 Y57.95 E447.5794
G1 X44.978 Y57.95 E448.03043
G1 X44.977 Y61.538 E448.18581
G0 F1920 X44.977 Y62.05
M204 S2000
M205 X30 Y30
G0 F3600 X45.477 Y62.55
M204 S500
M205 X10 Y10
;TYPE:WALL-OUTER
G1 F1200 X34.429 Y62.55 E448.66426
G1 X31.271 Y60.739 E448.82191
G1 X31.271 Y59.261 E448.88591
G1 X34.429 Y57.45 E449.04356
G1 X45.478 Y57.45 E449.52205
G1 X45.477 Y62.038 E449.72074
G0 F960 X45.477 Y62.55
M204 S2000
M205 X30 Y30
G0 F3600 X45.227 Y62.55
G0 X44.907 Y61.98
G0 X43.987 Y61.06
M204 S500
M205 X10 Y10
;TYPE:SKIN
G1 F1200 X34.826 Y61.06 E450.19682
G1 X32.978 Y60 E450.30754
G1 X34.826 Y58.94 E450.41826
G1 X43.988 Y58.94 E450.8944
G1 X43.987 Y60.548 E450.97796
G0 F960 X43.987 Y61.06
M204 S2000
M205 X30 Y30
G0 F3600 X43.11 Y60.834
M204 S500
M205 X10 Y10
G1 F1200 X43.762 Y60.182 E451.02588
M204 S2000
M205 X30 Y30
G0 F3600 X43.762 Y59.474
M204 S500
M205 X10 Y10
G1 F1200 X42.403 Y60.834 E451.1258
M204 S2000
M205 X30 Y30
G0 F3600 X41.695 Y60.834
M204 S500
M205 X10 Y10
G1 F1200 X43.366 Y59.164 E451.24857
M204 S2000
M205 X30 Y30
G0 F3600 X42.659 Y59.164
M204 S500
M205 X10 Y10
G1 F1200 X40.988 Y60.834 E451.37134
M204 S2000
M205 X30 Y30
G0 F3600 X40.281 Y60.834
M204 S500
M205 X10 Y10
G1 F1200 X41.951 Y59.164 E451.49408
M204 S2000
M205 X30 Y30
G0 F3600 X41.244 Y59.164
M204 S500
M205 X10 Y10
G1 F1200 X39.574 Y60.834 E451.61682
M204 S2000
M205 X30 Y30
G0 F3600 X38.867 Y60.834
M204 S500
M205 X10 Y10
G1 F1200 X40.537 Y59.164 E451.73956
M204 S2000
M205 X30 Y30
G0 F3600 X39.83 Y59.164
M204 S500
M205 X10 Y10
G1 F1200 X38.16 Y60.834 E451.86229
M204 S2000
M205 X30 Y30
G0 F3600 X37.453 Y60.834
M204 S500
M205 X10 Y10
G1 F1200 X39.123 Y59.164 E451.98503
M204 S2000
M205 X30 Y30
G0 F3600 X38.416 Y59.164
M204 S500
M205 X10 Y10
G1 F1200 X36.746 Y60.834 E452.10777
M204 S2000
M205 X30 Y30
G0 F3600 X36.039 Y60.834
M204 S500
M205 X10 Y10
G1 F1200 X37.709 Y59.164 E452.2305
M204 S2000
M205 X30 Y30
G0 F3600 X37.002 Y59.164
M204 S500
M205 X10 Y10
G1 F1200 X35.332 Y60.834 E452.35324
M204 S2000
M205 X30 Y30
G0 F3600 X34.719 Y60.739
M204 S500
M205 X10 Y10
G1 F1200 X36.295 Y59.164 E452.46903
M204 S2000
M205 X30 Y30
G0 F3600 X35.587 Y59.164
M204 S500
M205 X10 Y10
G1 F1200 X34.269 Y60.482 E452.5659
M204 S2000
M205 X30 Y30
G0 F3600 X33.82 Y60.224
M204 S500
M205 X10 Y10
G1 F1200 X34.875 Y59.169 E452.64344
G1 X35.087 Y58.957
M204 S2000
M205 X30 Y30
G1 F2700 E448.64344
G0 F3600 X44.958 Y58.901
G0 X46.393 Y58.901
G0 X71.608 Y58.901
G0 X73.043 Y58.901
G0 X79.947 Y58.911
M204 S500
M205 X10 Y10
;TYPE:FILL
G1 F2700 E452.64344
G1 F2400 X80.208 Y58.65 E452.65942
M204 S2000
M205 X30 Y30
G0 F3600 X82.566 Y58.65
M204 S500
M205 X10 Y10
G1 F2400 X79.948 Y61.267 E452.81973
G1 X79.736 Y61.479
M204 S2000
M205 X30 Y30
G0 F3600 X82.223 Y61.349
M204 S500
M205 X10 Y10
G1 F2400 X84.923 Y58.65 E452.98505
G1 X85.135 Y58.438
M204 S2000
M205 X30 Y30
G0 F3600 X86.349 Y59.582
M204 S500
M205 X10 Y10
G1 F2400 X84.581 Y61.349 E453.0933
G1 X84.369 Y61.561
M204 S2000
M205 X30 Y30
G0 F3600 X86.55 Y61.55
M204 S500
M205 X10 Y10
;TYPE:WALL-INNER
G1 F2400 X73.523 Y61.55 E453.65745
G1 X73.523 Y58.45 E453.79169
G1 X86.55 Y58.45 E454.35584
G1 X86.55 Y61.038 E454.46791
G0 F1920 X86.55 Y61.55
M204 S2000
M205 X30 Y30
G0 F3600 X87.05 Y62.05
M204 S500
M205 X10 Y10
G1 F2400 X73.023 Y62.05 E455.07536
G1 X73.023 Y57.95 E455.25292
G1 X87.05 Y57.95 E455.86036
G1 X87.05 Y61.538 E456.01575
G0 F1920 X87.05 Y62.05
M204 S2000
M205 X30 Y30
G0 F3600 X87.55 Y62.55
M204 S500
M205 X10 Y10
;TYPE:WALL-OUTER
G1 F1200 X72.523 Y62.55 E456.6665
G1 X72.523 Y57.45 E456.88736
G1 X87.55 Y57.45 E457.53812
G1 X87.55 Y62.038 E457.7368
G0 F960 X87.55 Y62.55
M204 S2000
M205 X30 Y30
G0 F3600 X87.3 Y62.55
G0 X86.98 Y61.98
G0 X79.759 Y61.06
M204 S500
M205 X10 Y10
;TYPE:SKIN
G1 F1200 X74.013 Y61.06 E458.03542
G1 X74.013 Y58.94 E458.14559
G1 X79.758 Y58.94 E458.44415
G1 X79.759 Y60.548 E458.52772
G0 F960 X79.759 Y61.06
M204 S2000
M205 X30 Y30
G0 F3600 X79.532 Y60.474
M204 S500
M205 X10 Y10
G1 F1200 X79.171 Y60.835 E458.55425
M204 S2000
M205 X30 Y30
G0 F3600 X78.464 Y60.835
M204 S500
M205 X10 Y10
G1 F1200 X79.532 Y59.767 E458.63274
M204 S2000
M205 X30 Y30
G0 F3600 X79.427 Y59.165
M204 S500
M205 X10 Y10
G1 F1200 X77.757 Y60.835 E458.75548
M204 S2000
M205 X30 Y30
G0 F3600 X77.05 Y60.835
M204 S500
M205 X10 Y10
G1 F1200 X78.72 Y59.165 E458.87822
M204 S2000
M205 X30 Y30
G0 F3600 X78.013 Y59.165
M204 S500
M205 X10 Y10
G1 F1200 X76.343 Y60.835 E459.00095
M204 S2000
M205 X30 Y30
G0 F3600 X75.636 Y60.835
M204 S500
M205 X10 Y10
G1 F1200 X77.306 Y59.165 E459.12369
M204 S2000
M205 X30 Y30
G0 F3600 X76.599 Y59.165
M204 S500
M205 X10 Y10
G1 F1200 X74.929 Y60.835 E459.24643
M204 S2000
M205 X30 Y30
G0 F3600 X74.237 Y60.819
M204 S500
M205 X10 Y10
G1 F1200 X75.892 Y59.165 E459.36803
M204 S2000
M205 X30 Y30
G0 F3600 X75.185 Y59.165
M204 S500
M205 X10 Y10
G1 F1200 X74.237 Y60.112 E459.43766
M204 S2000
M205 X30 Y30
G0 F3600 X74.237 Y59.405
M204 S500
M205 X10 Y10
G1 F1200 X74.478 Y59.165 E459.45534
M204 S2000
M205 X30 Y30
;MESH:NONMESH
G0 F600 X74.478 Y59.165 Z8.8
G0 F3600 X79.946 Y58.729
;TIME_ELAPSED:600.130911
;LAYER:34
M204 S500
M205 X10 Y10
;TYPE:FILL
;MESH:temperaturetowerv2.stl
G1 F2400 X82.567 Y61.349 E459.61583
G1 X82.779 Y61.561
M204 S2000
M205 X30 Y30
G0 F3600 X84.924 Y61.349
M204 S500
M205 X10 Y10
G1 F2400 X82.225 Y58.65 E459.78112
G1 X82.013 Y58.438
M204 S2000
M205 X30 Y30
G0 F3600 X84.582 Y58.65
M204 S500
M205 X10 Y10
G1 F2400 X86.349 Y60.416 E459.88931
G1 X86.561 Y60.628
M204 S2000
M205 X30 Y30
G0 F3600 X80.209 Y61.349
M204 S500
M205 X10 Y10
G1 F2400 X79.947 Y61.087 E459.90536
M204 S2000
M205 X30 Y30
G0 F3600 X86.55 Y61.55
M204 S500
M205 X10 Y10
;TYPE:WALL-INNER
G1 F2400 X34.338 Y61.55 E462.16643
G1 X31.914 Y60.159 E462.28746
G1 X31.914 Y59.841 E462.30123
G1 X34.34 Y58.45 E462.42234
G1 X86.55 Y58.45 E464.68333
G1 X86.55 Y61.038 E464.79541
G0 F1920 X86.55 Y61.55
M204 S2000
M205 X30 Y30
G0 F3600 X87.05 Y62.05
M204 S500
M205 X10 Y10
G1 F2400 X34.204 Y62.05 E467.08394
G1 X31.414 Y60.449 E467.22324
G1 X31.414 Y59.551 E467.26213
G1 X34.206 Y57.95 E467.40151
G1 X87.05 Y57.95 E469.68996
G1 X87.05 Y61.538 E469.84534
G0 F1920 X87.05 Y62.05
M204 S2000
M205 X30 Y30
G0 F3600 X87.55 Y62.55
M204 S500
M205 X10 Y10
;TYPE:WALL-OUTER
G1 F1200 X34.07 Y62.55 E472.16133
G1 X30.914 Y60.739 E472.31891
G1 X30.914 Y59.261 E472.38291
G1 X34.072 Y57.45 E472.54056
G1 X87.55 Y57.45 E474.85647
G1 X87.55 Y62.038 E475.05515
G0 F960 X87.55 Y62.55
M204 S2000
M205 X30 Y30
G0 F3600 X87.3 Y62.55
G0 X86.98 Y61.98
G0 X79.759 Y61.06
M204 S500
M205 X10 Y10
;TYPE:SKIN
G1 F1200 X34.467 Y61.06 E477.40893
G1 X32.621 Y60 E477.51956
G1 X34.469 Y58.94 E477.63027
G1 X79.758 Y58.94 E479.9839
G1 X79.759 Y60.548 E480.06746
G0 F960 X79.759 Y61.06
M204 S2000
M205 X30 Y30
G0 F3600 X33.942 Y60.5
M204 S500
M205 X10 Y10
G1 F1200 X79.534 Y60.5 E482.43683
M204 S2000
M205 X30 Y30
G0 F3600 X79.534 Y60
M204 S500
M205 X10 Y10
G1 F1200 X33.097 Y60 E484.85011
M204 S2000
M205 X30 Y30
G0 F3600 X33.944 Y59.5
M204 S500
M205 X10 Y10
G1 F1200 X79.534 Y59.5 E487.21938
G1 X79.834 Y59.5
M204 S2000
M205 X30 Y30
;MESH:NONMESH
G0 F600 X79.834 Y59.5 Z9.05
G0 F3600 X79.947 Y58.911
;TIME_ELAPSED:626.198886
;LAYER:35
M204 S500
M205 X10 Y10
;TYPE:FILL
;MESH:temperaturetowerv2.stl
G1 F2400 X80.208 Y58.65 E487.23536
M204 S2000
M205 X30 Y30
G0 F3600 X82.566 Y58.65
M204 S500
M205 X10 Y10
G1 F2400 X79.948 Y61.267 E487.39567
G1 X79.736 Y61.479
M204 S2000
M205 X30 Y30
G0 F3600 X82.223 Y61.349
M204 S500
M205 X10 Y10
G1 F2400 X84.923 Y58.65 E487.561
G1 X85.135 Y58.438
M204 S2000
M205 X30 Y30
G0 F3600 X86.349 Y59.582
M204 S500
M205 X10 Y10
G1 F2400 X84.581 Y61.349 E487.66924
G1 X84.369 Y61.561
M204 S2000
M205 X30 Y30
G0 F3600 X86.55 Y61.55
M204 S500
M205 X10 Y10
;TYPE:WALL-INNER
G1 F2400 X33.98 Y61.55 E489.94583
G1 X31.557 Y60.159 E490.06682
G1 X31.557 Y59.841 E490.08059
G1 X33.981 Y58.45 E490.20162
G1 X86.55 Y58.45 E492.47816
G1 X86.55 Y61.038 E492.59023
G0 F1920 X86.55 Y61.55
M204 S2000
M205 X30 Y30
G0 F3600 X87.05 Y62.05
M204 S500
M205 X10 Y10
G1 F2400 X33.846 Y62.05 E494.89427
G1 X31.057 Y60.449 E495.03353
G1 X31.057 Y59.551 E495.07242
G1 X33.847 Y57.95 E495.21173
G1 X87.05 Y57.95 E497.51572
G1 X87.05 Y61.538 E497.6711
G0 F1920 X87.05 Y62.05
M204 S2000
M205 X30 Y30
G0 F3600 X87.55 Y62.55
M204 S500
M205 X10 Y10
;TYPE:WALL-OUTER
G1 F1200 X33.712 Y62.55 E500.0026
G1 X30.557 Y60.739 E500.16013
G1 X30.557 Y59.261 E500.22414
G1 X33.713 Y57.45 E500.38172
G1 X87.55 Y57.45 E502.71317
G1 X87.55 Y62.038 E502.91185
G0 F960 X87.55 Y62.55
M204 S2000
M205 X30 Y30
G0 F3600 X87.3 Y62.55
G0 X86.98 Y61.98
G0 X79.759 Y61.06
M204 S500
M205 X10 Y10
;TYPE:SKIN
G1 F1200 X34.11 Y61.06 E505.28419
G1 X32.264 Y60 E505.39481
G1 X34.11 Y58.94 E505.50544
G1 X79.758 Y58.94 E507.87772
G1 X79.759 Y60.548 E507.96128
G0 F960 X79.759 Y61.06
M204 S2000
M205 X30 Y30
G0 F3600 X79.532 Y60.474
M204 S500
M205 X10 Y10
G1 F1200 X79.172 Y60.834 E507.98774
M204 S2000
M205 X30 Y30
G0 F3600 X78.465 Y60.834
M204 S500
M205 X10 Y10
G1 F1200 X79.532 Y59.767 E508.06616
M204 S2000
M205 X30 Y30
G0 F3600 X79.428 Y59.164
M204 S500
M205 X10 Y10
G1 F1200 X77.758 Y60.834 E508.1889
M204 S2000
M205 X30 Y30
G0 F3600 X77.051 Y60.834
M204 S500
M205 X10 Y10
G1 F1200 X78.721 Y59.164 E508.31163
M204 S2000
M205 X30 Y30
G0 F3600 X78.014 Y59.164
M204 S500
M205 X10 Y10
G1 F1200 X76.344 Y60.834 E508.43437
M204 S2000
M205 X30 Y30
G0 F3600 X75.637 Y60.834
M204 S500
M205 X10 Y10
G1 F1200 X77.307 Y59.164 E508.55711
M204 S2000
M205 X30 Y30
G0 F3600 X76.6 Y59.164
M204 S500
M205 X10 Y10
G1 F1200 X74.929 Y60.834 E508.67988
M204 S2000
M205 X30 Y30
G0 F3600 X74.222 Y60.834
M204 S500
M205 X10 Y10
G1 F1200 X75.893 Y59.164 E508.80266
M204 S2000
M205 X30 Y30
G0 F3600 X75.185 Y59.164
M204 S500
M205 X10 Y10
G1 F1200 X73.515 Y60.834 E508.92539
M204 S2000
M205 X30 Y30
G0 F3600 X72.808 Y60.834
M204 S500
M205 X10 Y10
G1 F1200 X74.478 Y59.164 E509.04813
M204 S2000
M205 X30 Y30
G0 F3600 X73.771 Y59.164
M204 S500
M205 X10 Y10
G1 F1200 X72.101 Y60.834 E509.17087
M204 S2000
M205 X30 Y30
G0 F3600 X71.394 Y60.834
M204 S500
M205 X10 Y10
G1 F1200 X73.064 Y59.164 E509.2936
M204 S2000
M205 X30 Y30
G0 F3600 X72.357 Y59.164
M204 S500
M205 X10 Y10
G1 F1200 X70.687 Y60.834 E509.41634
M204 S2000
M205 X30 Y30
G0 F3600 X69.98 Y60.834
M204 S500
M205 X10 Y10
G1 F1200 X71.65 Y59.164 E509.53908
M204 S2000
M205 X30 Y30
G0 F3600 X70.943 Y59.164
M204 S500
M205 X10 Y10
G1 F1200 X69.273 Y60.834 E509.66181
M204 S2000
M205 X30 Y30
G0 F3600 X68.566 Y60.834
M204 S500
M205 X10 Y10
G1 F1200 X70.236 Y59.164 E509.78455
M204 S2000
M205 X30 Y30
G0 F3600 X69.529 Y59.164
M204 S500
M205 X10 Y10
G1 F1200 X67.858 Y60.834 E509.90732
M204 S2000
M205 X30 Y30
G0 F3600 X67.151 Y60.834
M204 S500
M205 X10 Y10
G1 F1200 X68.821 Y59.164 E510.03006
M204 S2000
M205 X30 Y30
G0 F3600 X68.114 Y59.164
M204 S500
M205 X10 Y10
G1 F1200 X66.444 Y60.834 E510.1528
M204 S2000
M205 X30 Y30
G0 F3600 X65.737 Y60.834
M204 S500
M205 X10 Y10
G1 F1200 X67.407 Y59.164 E510.27554
M204 S2000
M205 X30 Y30
G0 F3600 X66.7 Y59.164
M204 S500
M205 X10 Y10
G1 F1200 X65.03 Y60.834 E510.39827
M204 S2000
M205 X30 Y30
G0 F3600 X64.323 Y60.834
M204 S500
M205 X10 Y10
G1 F1200 X65.993 Y59.164 E510.52101
M204 S2000
M205 X30 Y30
G0 F3600 X65.286 Y59.164
M204 S500
M205 X10 Y10
G1 F1200 X63.616 Y60.834 E510.64375
M204 S2000
M205 X30 Y30
G0 F3600 X62.909 Y60.834
M204 S500
M205 X10 Y10
G1 F1200 X64.579 Y59.164 E510.76648
M204 S2000
M205 X30 Y30
G0 F3600 X63.872 Y59.164
M204 S500
M205 X10 Y10
G1 F1200 X62.202 Y60.834 E510.88922
M204 S2000
M205 X30 Y30
G0 F3600 X61.494 Y60.834
M204 S500
M205 X10 Y10
G1 F1200 X63.165 Y59.164 E511.01199
M204 S2000
M205 X30 Y30
G0 F3600 X62.458 Y59.164
M204 S500
M205 X10 Y10
G1 F1200 X60.787 Y60.834 E511.13477
M204 S2000
M205 X30 Y30
G0 F3600 X60.08 Y60.834
M204 S500
M205 X10 Y10
G1 F1200 X61.75 Y59.164 E511.25751
M204 S2000
M205 X30 Y30
G0 F3600 X61.043 Y59.164
M204 S500
M205 X10 Y10
G1 F1200 X59.373 Y60.834 E511.38024
M204 S2000
M205 X30 Y30
G0 F3600 X58.666 Y60.834
M204 S500
M205 X10 Y10
G1 F1200 X60.336 Y59.164 E511.50298
M204 S2000
M205 X30 Y30
G0 F3600 X59.629 Y59.164
M204 S500
M205 X10 Y10
G1 F1200 X57.959 Y60.834 E511.62572
M204 S2000
M205 X30 Y30
G0 F3600 X57.252 Y60.834
M204 S500
M205 X10 Y10
G1 F1200 X58.922 Y59.164 E511.74845
M204 S2000
M205 X30 Y30
G0 F3600 X58.215 Y59.164
M204 S500
M205 X10 Y10
G1 F1200 X56.545 Y60.834 E511.87119
M204 S2000
M205 X30 Y30
G0 F3600 X55.838 Y60.834
M204 S500
M205 X10 Y10
G1 F1200 X57.508 Y59.164 E511.99393
M204 S2000
M205 X30 Y30
G0 F3600 X56.801 Y59.164
M204 S500
M205 X10 Y10
G1 F1200 X55.13 Y60.834 E512.1167
M204 S2000
M205 X30 Y30
G0 F3600 X54.423 Y60.834
M204 S500
M205 X10 Y10
G1 F1200 X56.094 Y59.164 E512.23947
M204 S2000
M205 X30 Y30
G0 F3600 X55.386 Y59.164
M204 S500
M205 X10 Y10
G1 F1200 X53.716 Y60.834 E512.36221
M204 S2000
M205 X30 Y30
G0 F3600 X53.009 Y60.834
M204 S500
M205 X10 Y10
G1 F1200 X54.679 Y59.164 E512.48495
M204 S2000
M205 X30 Y30
G0 F3600 X53.972 Y59.164
M204 S500
M205 X10 Y10
G1 F1200 X52.302 Y60.834 E512.60769
M204 S2000
M205 X30 Y30
G0 F3600 X51.595 Y60.834
M204 S500
M205 X10 Y10
G1 F1200 X53.265 Y59.164 E512.73042
M204 S2000
M205 X30 Y30
G0 F3600 X52.558 Y59.164
M204 S500
M205 X10 Y10
G1 F1200 X50.888 Y60.834 E512.85316
M204 S2000
M205 X30 Y30
G0 F3600 X50.181 Y60.834
M204 S500
M205 X10 Y10
G1 F1200 X51.851 Y59.164 E512.9759
M204 S2000
M205 X30 Y30
G0 F3600 X51.144 Y59.164
M204 S500
M205 X10 Y10
G1 F1200 X49.474 Y60.834 E513.09863
M204 S2000
M205 X30 Y30
G0 F3600 X48.767 Y60.834
M204 S500
M205 X10 Y10
G1 F1200 X50.437 Y59.164 E513.22137
M204 S2000
M205 X30 Y30
G0 F3600 X49.73 Y59.164
M204 S500
M205 X10 Y10
G1 F1200 X48.059 Y60.834 E513.34414
M204 S2000
M205 X30 Y30
G0 F3600 X47.352 Y60.834
M204 S500
M205 X10 Y10
G1 F1200 X49.023 Y59.164 E513.46692
M204 S2000
M205 X30 Y30
G0 F3600 X48.315 Y59.164
M204 S500
M205 X10 Y10
G1 F1200 X46.645 Y60.834 E513.58966
M204 S2000
M205 X30 Y30
G0 F3600 X45.938 Y60.834
M204 S500
M205 X10 Y10
G1 F1200 X47.608 Y59.164 E513.71239
M204 S2000
M205 X30 Y30
G0 F3600 X46.901 Y59.164
M204 S500
M205 X10 Y10
G1 F1200 X45.231 Y60.834 E513.83513
M204 S2000
M205 X30 Y30
G0 F3600 X44.524 Y60.834
M204 S500
M205 X10 Y10
G1 F1200 X46.194 Y59.164 E513.95787
M204 S2000
M205 X30 Y30
G0 F3600 X45.487 Y59.164
M204 S500
M205 X10 Y10
G1 F1200 X43.817 Y60.834 E514.0806
M204 S2000
M205 X30 Y30
G0 F3600 X43.11 Y60.834
M204 S500
M205 X10 Y10
G1 F1200 X44.78 Y59.164 E514.20334
M204 S2000
M205 X30 Y30
G0 F3600 X44.073 Y59.164
M204 S500
M205 X10 Y10
G1 F1200 X42.403 Y60.834 E514.32608
M204 S2000
M205 X30 Y30
G0 F3600 X41.695 Y60.834
M204 S500
M205 X10 Y10
G1 F1200 X43.366 Y59.164 E514.44885
M204 S2000
M205 X30 Y30
G0 F3600 X42.659 Y59.164
M204 S500
M205 X10 Y10
G1 F1200 X40.988 Y60.834 E514.57162
M204 S2000
M205 X30 Y30
G0 F3600 X40.281 Y60.834
M204 S500
M205 X10 Y10
G1 F1200 X41.951 Y59.164 E514.69436
M204 S2000
M205 X30 Y30
G0 F3600 X41.244 Y59.164
M204 S500
M205 X10 Y10
G1 F1200 X39.574 Y60.834 E514.8171
M204 S2000
M205 X30 Y30
G0 F3600 X38.867 Y60.834
M204 S500
M205 X10 Y10
G1 F1200 X40.537 Y59.164 E514.93984
M204 S2000
M205 X30 Y30
G0 F3600 X39.83 Y59.164
M204 S500
M205 X10 Y10
G1 F1200 X38.16 Y60.834 E515.06257
M204 S2000
M205 X30 Y30
G0 F3600 X37.453 Y60.834
M204 S500
M205 X10 Y10
G1 F1200 X39.123 Y59.164 E515.18531
M204 S2000
M205 X30 Y30
G0 F3600 X38.416 Y59.164
M204 S500
M205 X10 Y10
G1 F1200 X36.746 Y60.834 E515.30805
M204 S2000
M205 X30 Y30
G0 F3600 X36.039 Y60.834
M204 S500
M205 X10 Y10
G1 F1200 X37.709 Y59.164 E515.43078
M204 S2000
M205 X30 Y30
G0 F3600 X37.002 Y59.164
M204 S500
M205 X10 Y10
G1 F1200 X35.332 Y60.834 E515.55352
M204 S2000
M205 X30 Y30
G0 F3600 X34.624 Y60.834
M204 S500
M205 X10 Y10
G1 F1200 X36.295 Y59.164 E515.67629
M204 S2000
M205 X30 Y30
G0 F3600 X35.587 Y59.164
M204 S500
M205 X10 Y10
G1 F1200 X34.009 Y60.742 E515.79227
M204 S2000
M205 X30 Y30
G0 F3600 X33.56 Y60.484
M204 S500
M205 X10 Y10
G1 F1200 X34.88 Y59.164 E515.88928
M204 S2000
M205 X30 Y30
G0 F3600 X34.173 Y59.164
M204 S500
M205 X10 Y10
G1 F1200 X33.111 Y60.226 E515.96734
G1 X32.899 Y60.438
M204 S2000
M205 X30 Y30
;MESH:NONMESH
G0 F600 X32.899 Y60.438 Z9.3
G0 F3600 X31.522 Y60.022
;TIME_ELAPSED:655.026185
;LAYER:36
M104 S195 T0 ; littlefish custom hot end temp
M204 S500
M205 X10 Y10
;TYPE:WALL-INNER
;MESH:temperaturetowerv2.stl
G1 F720 X31.478 Y60.022 E515.96924
G1 X31.478 Y59.978 E515.97115
G1 X31.522 Y59.978 E515.97305
G1 X31.522 Y60.013 E515.97457
G0 F1920 X31.522 Y60.022
M204 S2000
M205 X30 Y30
G0 F3600 X32.022 Y60.522
M204 S500
M205 X10 Y10
;TYPE:WALL-OUTER
G1 F600 X30.978 Y60.522 E516.01978
G1 X30.978 Y59.478 E516.06499
G1 X32.022 Y59.478 E516.1102
G1 X32.022 Y60.29 E516.14537
G0 F960 X32.022 Y60.522
M204 S2000
M205 X30 Y30
G0 F3600 X31.772 Y60.522
G1 F2700 E512.14537
G0 F3600 X31.513 Y60.013
G0 X32.937 Y59.992
G0 X34.86 Y59.992
G0 X36.275 Y59.991
G0 X38.251 Y58.775
M204 S500
M205 X10 Y10
;TYPE:WALL-INNER
G1 F2700 E516.14537
G1 F720 X38.252 Y61.226 E516.25151
G1 X36.775 Y61.225 E516.31547
G1 X36.774 Y58.774 E516.42161
G1 X37.851 Y58.775 E516.46825
G0 F1920 X38.251 Y58.775
M204 S2000
M205 X30 Y30
G0 F3600 X38.751 Y58.275
M204 S500
M205 X10 Y10
G1 F720 X38.752 Y61.726 E516.6177
G1 X36.275 Y61.725 E516.72497
G1 X36.274 Y58.274 E516.87442
G1 X38.239 Y58.275 E516.95951
G0 F1920 X38.751 Y58.275
M204 S2000
M205 X30 Y30
G0 F3600 X39.251 Y57.775
M204 S500
M205 X10 Y10
;TYPE:WALL-OUTER
G1 F1200 X39.252 Y62.226 E517.15227
G1 X35.775 Y62.225 E517.30284
G1 X35.774 Y57.774 E517.4956
G1 X38.739 Y57.775 E517.624
G0 F960 X39.251 Y57.775
M204 S2000
M205 X30 Y30
G0 F3600 X39.251 Y58.025
G0 X38.681 Y58.345
G0 X37.761 Y59.265
M204 S500
M205 X10 Y10
;TYPE:SKIN
G1 F600 X37.762 Y60.736 E517.70044
G1 X37.265 Y60.735 E517.72627
G1 X37.264 Y59.264 E517.80272
G1 X37.579 Y59.265 E517.81909
G0 F960 X37.761 Y59.265
M204 S2000
M205 X30 Y30
G1 F2700 E513.81909
G0 F3600 X38.751 Y58.986
G0 X40.166 Y58.985
G0 X77.834 Y58.976
G0 X79.249 Y58.975
G0 X80.192 Y58.974
M204 S500
M205 X10 Y10
;TYPE:FILL
G1 F2700 E517.81909
G1 F2400 X82.242 Y61.024 E517.94464
G1 X82.454 Y61.236
M204 S2000
M205 X30 Y30
G0 F3600 X82.549 Y58.974
M204 S500
M205 X10 Y10
G1 F2400 X84.6 Y61.025 E518.07025
G1 X84.812 Y61.237
M204 S2000
M205 X30 Y30
G0 F3600 X86.025 Y60.092
M204 S500
M205 X10 Y10
G1 F2400 X84.907 Y58.974 E518.13872
G1 X84.695 Y58.762
M204 S2000
M205 X30 Y30
G0 F3600 X86.225 Y58.775
M204 S500
M205 X10 Y10
;TYPE:WALL-INNER
G1 F2400 X86.226 Y61.226 E518.24486
G1 X79.749 Y61.225 E518.52535
G1 X79.748 Y58.774 E518.63149
G1 X85.713 Y58.775 E518.88981
G0 F1920 X86.225 Y58.775
M204 S2000
M205 X30 Y30
G0 F3600 X86.725 Y58.275
M204 S500
M205 X10 Y10
G1 F2400 X86.726 Y61.726 E519.03926
G1 X79.249 Y61.725 E519.36306
G1 X79.248 Y58.274 E519.51251
G1 X86.213 Y58.275 E519.81413
G0 F1920 X86.725 Y58.275
M204 S2000
M205 X30 Y30
G0 F3600 X87.225 Y57.775
M204 S500
M205 X10 Y10
;TYPE:WALL-OUTER
G1 F1200 X87.226 Y62.226 E520.00688
G1 X78.749 Y62.225 E520.37399
G1 X78.748 Y57.774 E520.56674
G1 X86.713 Y57.775 E520.91167
G0 F960 X87.225 Y57.775
M204 S2000
M205 X30 Y30
G0 F3600 X87.225 Y58.025
G0 X86.225 Y58.627
G1 F2700 E516.91167
;MESH:NONMESH
G0 F600 X86.225 Y58.627 Z9.55
G0 F3600 X79.249 Y60
G0 X77.834 Y60.001
G0 X40.154 Y56.872
G0 X34.871 Y56.871
G0 X32.937 Y60
G0 X31.502 Y60
G0 X31.982 Y60.482
;TIME_ELAPSED:664.522412
;LAYER:37
M204 S500
M205 X10 Y10
;TYPE:WALL-OUTER
;MESH:temperaturetowerv2.stl
G1 F2700 E520.91167
G1 F600 X31.018 Y60.482 E520.95342
G1 X31.018 Y59.518 E520.99516
G1 X31.982 Y59.518 E521.03691
G1 X31.982 Y60.268 E521.06939
G0 F960 X31.982 Y60.482
M204 S2000
M205 X30 Y30
G0 F3600 X31.732 Y60.482
G0 X31.482 Y59.982
G1 F2700 E517.06939
G0 F3600 X32.897 Y59.532
G0 X34.61 Y59.532
G0 X36.025 Y59.531
G0 X38.517 Y58.525
M204 S500
M205 X10 Y10
;TYPE:WALL-INNER
G1 F2700 E521.06939
G1 F720 X38.518 Y61.476 E521.19719
G1 X36.525 Y61.475 E521.28349
G1 X36.524 Y58.524 E521.41129
G1 X38.005 Y58.525 E521.47543
G0 F1920 X38.517 Y58.525
M204 S2000
M205 X30 Y30
G0 F3600 X39.017 Y58.025
M204 S500
M205 X10 Y10
G1 F720 X39.018 Y61.976 E521.64653
G1 X36.025 Y61.975 E521.77614
G1 X36.024 Y58.024 E521.94724
G1 X38.505 Y58.025 E522.05468
G0 F1920 X39.017 Y58.025
M204 S2000
M205 X30 Y30
G0 F3600 X39.517 Y57.525
M204 S500
M205 X10 Y10
;TYPE:WALL-OUTER
G1 F1200 X39.518 Y62.476 E522.26909
G1 X35.525 Y62.475 E522.44201
G1 X35.524 Y57.524 E522.65642
G1 X39.005 Y57.525 E522.80716
G0 F960 X39.517 Y57.525
M204 S2000
M205 X30 Y30
G0 F3600 X39.517 Y57.775
G0 X38.947 Y58.095
G0 X38.027 Y59.015
M204 S500
M205 X10 Y10
;TYPE:SKIN
G1 F600 X38.028 Y60.986 E522.90959
G1 X37.015 Y60.985 E522.96224
G1 X37.014 Y59.014 E523.06467
G1 X37.731 Y59.015 E523.10193
G0 F960 X38.027 Y59.015
M204 S2000
M205 X30 Y30
G0 F3600 X37.239 Y59.633
M204 S500
M205 X10 Y10
G1 F1200 X37.635 Y59.238 E523.131
M204 S2000
M205 X30 Y30
G0 F3600 X37.802 Y59.778
M204 S500
M205 X10 Y10
G1 F1200 X37.239 Y60.34 E523.17234
M204 S2000
M205 X30 Y30
G0 F3600 X37.527 Y60.76
M204 S500
M205 X10 Y10
G1 F1200 X37.802 Y60.485 E523.19255
M204 S2000
M205 X30 Y30
G1 F2700 E519.19255
G0 F3600 X39.017 Y59.187
G0 X40.432 Y59.186
G0 X77.568 Y59.178
G0 X78.983 Y59.177
G0 X79.681 Y59.177
M204 S500
M205 X10 Y10
;TYPE:FILL
G1 F2700 E523.19255
G1 F2400 X80.134 Y58.723 E523.22033
M204 S2000
M205 X30 Y30
G0 F3600 X82.492 Y58.723
M204 S500
M205 X10 Y10
G1 F2400 X79.94 Y61.275 E523.37662
G1 X79.728 Y61.487
M204 S2000
M205 X30 Y30
G0 F3600 X82.298 Y61.275
M204 S500
M205 X10 Y10
G1 F2400 X84.849 Y58.724 E523.53285
G1 X85.061 Y58.512
M204 S2000
M205 X30 Y30
G0 F3600 X86.274 Y59.657
M204 S500
M205 X10 Y10
G1 F2400 X84.654 Y61.276 E523.63203
G1 X84.442 Y61.488
M204 S2000
M205 X30 Y30
G0 F3600 X86.475 Y58.525
M204 S500
M205 X10 Y10
;TYPE:WALL-INNER
G1 F2400 X86.476 Y61.476 E523.75983
G1 X79.483 Y61.475 E524.06267
G1 X79.482 Y58.524 E524.19046
G1 X85.963 Y58.525 E524.47113
G0 F1920 X86.475 Y58.525
M204 S2000
M205 X30 Y30
G0 F3600 X86.975 Y58.025
M204 S500
M205 X10 Y10
G1 F2400 X86.976 Y61.976 E524.64223
G1 X78.983 Y61.975 E524.98837
G1 X78.982 Y58.024 E525.15947
G1 X86.463 Y58.025 E525.48344
G0 F1920 X86.975 Y58.025
M204 S2000
M205 X30 Y30
G0 F3600 X87.475 Y57.525
M204 S500
M205 X10 Y10
;TYPE:WALL-OUTER
G1 F1200 X87.476 Y62.476 E525.69785
G1 X78.483 Y62.475 E526.0873
G1 X78.482 Y57.524 E526.3017
G1 X86.963 Y57.525 E526.66898
G0 F960 X87.475 Y57.525
M204 S2000
M205 X30 Y30
G0 F3600 X87.475 Y57.775
G0 X86.475 Y58.377
G1 F2700 E522.66898
;MESH:NONMESH
G0 F600 X86.475 Y58.377 Z9.8
G0 F3600 X78.983 Y60.371
G0 X77.568 Y60.372
G0 X40.421 Y63.379
G0 X34.622 Y63.378
G0 X32.897 Y60.371
G0 X31.962 Y60.371
G0 X31.942 Y60.442
;TIME_ELAPSED:675.329592
;LAYER:38
M204 S500
M205 X10 Y10
;TYPE:WALL-OUTER
;MESH:temperaturetowerv2.stl
G1 F2700 E526.66898
G1 F600 X31.058 Y60.442 E526.70726
G1 X31.058 Y59.558 E526.74554
G1 X31.942 Y59.558 E526.78383
G1 X31.942 Y60.246 E526.81362
G0 F960 X31.942 Y60.442
M204 S2000
M205 X30 Y30
G0 F3600 X31.692 Y60.442
G0 X31.442 Y59.942
G1 F2700 E522.81362
G0 F3600 X32.857 Y60.428
G0 X34.535 Y60.428
G0 X35.97 Y60.428
G0 X38.581 Y61.55
M204 S500
M205 X10 Y10
;TYPE:WALL-INNER
G1 F2700 E526.81362
G1 F720 X36.45 Y61.55 E526.90591
G1 X36.45 Y58.45 E527.04015
G1 X38.582 Y58.45 E527.13248
G1 X38.581 Y61.038 E527.24456
G0 F1920 X38.581 Y61.55
M204 S2000
M205 X30 Y30
G0 F3600 X39.081 Y62.05
M204 S500
M205 X10 Y10
G1 F720 X35.95 Y62.05 E527.38015
G1 X35.95 Y57.95 E527.5577
G1 X39.082 Y57.95 E527.69333
G1 X39.081 Y61.538 E527.84871
G0 F1920 X39.081 Y62.05
M204 S2000
M205 X30 Y30
G0 F3600 X39.581 Y62.55
M204 S500
M205 X10 Y10
;TYPE:WALL-OUTER
G1 F1200 X35.45 Y62.55 E528.02761
G1 X35.45 Y57.45 E528.24847
G1 X39.582 Y57.45 E528.42741
G1 X39.581 Y62.038 E528.6261
G0 F960 X39.581 Y62.55
M204 S2000
M205 X30 Y30
G0 F3600 X39.331 Y62.55
G0 X39.011 Y61.98
G0 X38.091 Y61.06
M204 S500
M205 X10 Y10
;TYPE:SKIN
G1 F600 X36.94 Y61.06 E528.68591
G1 X36.94 Y58.94 E528.79609
G1 X38.092 Y58.94 E528.85595
G1 X38.091 Y60.661 E528.94539
G0 F960 X38.091 Y61.06
M204 S2000
M205 X30 Y30
G0 F3600 X37.499 Y60.834
M204 S500
M205 X10 Y10
G1 F1200 X37.164 Y60.499 E528.97001
M204 S2000
M205 X30 Y30
G0 F3600 X37.866 Y60.494
M204 S500
M205 X10 Y10
G1 F1200 X37.164 Y59.792 E529.02161
M204 S2000
M205 X30 Y30
G0 F3600 X37.244 Y59.164
M204 S500
M205 X10 Y10
G1 F1200 X37.866 Y59.787 E529.06736
M204 S2000
M205 X30 Y30
G1 F2700 E525.06736
G0 F3600 X39.062 Y60.746
G0 X40.497 Y60.746
G0 X77.503 Y60.746
G0 X78.938 Y60.746
G0 X79.617 Y60.757
M204 S500
M205 X10 Y10
;TYPE:FILL
G1 F2700 E529.06736
G1 F2400 X80.209 Y61.349 E529.10361
M204 S2000
M205 X30 Y30
G0 F3600 X82.567 Y61.349
M204 S500
M205 X10 Y10
G1 F2400 X79.867 Y58.65 E529.26894
G1 X79.655 Y58.438
M204 S2000
M205 X30 Y30
G0 F3600 X82.225 Y58.65
M204 S500
M205 X10 Y10
G1 F2400 X84.924 Y61.349 E529.43424
G1 X85.136 Y61.561
M204 S2000
M205 X30 Y30
G0 F3600 X86.349 Y60.416
M204 S500
M205 X10 Y10
G1 F2400 X84.582 Y58.65 E529.54242
G1 X84.37 Y58.438
M204 S2000
M205 X30 Y30
G0 F3600 X86.55 Y61.55
M204 S500
M205 X10 Y10
;TYPE:WALL-INNER
G1 F2400 X79.418 Y61.55 E529.85128
G1 X79.418 Y58.45 E529.98553
G1 X86.55 Y58.45 E530.29439
G1 X86.55 Y61.038 E530.40646
G0 F1920 X86.55 Y61.55
M204 S2000
M205 X30 Y30
G0 F3600 X87.05 Y62.05
M204 S500
M205 X10 Y10
G1 F2400 X78.918 Y62.05 E530.75862
G1 X78.918 Y57.95 E530.93618
G1 X87.05 Y57.95 E531.28834
G1 X87.05 Y61.538 E531.44372
G0 F1920 X87.05 Y62.05
M204 S2000
M205 X30 Y30
G0 F3600 X87.55 Y62.55
M204 S500
M205 X10 Y10
;TYPE:WALL-OUTER
G1 F1200 X78.418 Y62.55 E531.83919
G1 X78.418 Y57.45 E532.06005
G1 X87.55 Y57.45 E532.45551
G1 X87.55 Y62.038 E532.6542
G0 F960 X87.55 Y62.55
M204 S2000
M205 X30 Y30
G0 F3600 X87.3 Y62.55
G0 X86.55 Y61.697
G1 F2700 E528.6542
;MESH:NONMESH
G0 F600 X86.55 Y61.697 Z10.05
G0 F3600 X78.938 Y60.342
G0 X77.503 Y60.342
G0 X40.484 Y63.453
G0 X34.547 Y63.453
G0 X32.857 Y60.342
G0 X31.922 Y60.342
G0 X31.903 Y60.403
;TIME_ELAPSED:686.390247
;LAYER:39
M204 S500
M205 X10 Y10
;TYPE:WALL-OUTER
;MESH:temperaturetowerv2.stl
G1 F2700 E532.6542
G1 F600 X31.097 Y60.403 E532.68911
G1 X31.097 Y59.597 E532.72401
G1 X31.903 Y59.597 E532.75891
G1 X31.903 Y60.224 E532.78607
G0 F960 X31.903 Y60.403
M204 S2000
M205 X30 Y30
G0 F3600 X31.653 Y60.403
G0 X31.403 Y59.903
G1 F2700 E528.78607
G0 F3600 X32.818 Y60.389
G0 X34.535 Y60.389
G0 X35.97 Y60.389
G0 X38.608 Y61.55
M204 S500
M205 X10 Y10
;TYPE:WALL-INNER
G1 F2700 E532.78607
G1 F720 X36.45 Y61.55 E532.87952
G1 X36.45 Y58.45 E533.01377
G1 X38.609 Y58.45 E533.10727
G1 X38.608 Y61.038 E533.21934
G0 F1920 X38.608 Y61.55
M204 S2000
M205 X30 Y30
G0 F3600 X39.108 Y62.05
M204 S500
M205 X10 Y10
G1 F720 X35.95 Y62.05 E533.3561
G1 X35.95 Y57.95 E533.53365
G1 X39.109 Y57.95 E533.67046
G1 X39.108 Y61.538 E533.82584
G0 F1920 X39.108 Y62.05
M204 S2000
M205 X30 Y30
G0 F3600 X39.608 Y62.55
M204 S500
M205 X10 Y10
;TYPE:WALL-OUTER
G1 F1200 X35.45 Y62.55 E534.0059
G1 X35.45 Y57.45 E534.22676
G1 X39.609 Y57.45 E534.40687
G1 X39.608 Y62.038 E534.60556
G0 F960 X39.608 Y62.55
M204 S2000
M205 X30 Y30
G0 F3600 X39.358 Y62.55
G0 X39.038 Y61.98
G0 X38.118 Y61.06
M204 S500
M205 X10 Y10
;TYPE:SKIN
G1 F600 X36.94 Y61.06 E534.66678
G1 X36.94 Y58.94 E534.77695
G1 X38.119 Y58.94 E534.83822
G1 X38.118 Y60.659 E534.92756
G0 F960 X38.118 Y61.06
M204 S2000
M205 X30 Y30
G0 F3600 X37.453 Y60.834
M204 S500
M205 X10 Y10
G1 F1200 X37.893 Y60.394 E534.9599
M204 S2000
M205 X30 Y30
G0 F3600 X37.893 Y59.686
M204 S500
M205 X10 Y10
G1 F1200 X37.164 Y60.415 E535.01347
M204 S2000
M205 X30 Y30
G0 F3600 X37.164 Y59.708
M204 S500
M205 X10 Y10
G1 F1200 X37.709 Y59.164 E535.05349
M204 S2000
M205 X30 Y30
G1 F2700 E531.05349
G0 F3600 X39.089 Y59.256
G0 X40.524 Y59.256
G0 X77.476 Y59.267
G0 X78.911 Y59.267
G0 X79.591 Y59.267
M204 S500
M205 X10 Y10
;TYPE:FILL
G1 F2700 E535.05349
G1 F2400 X80.209 Y58.649 E535.09134
M204 S2000
M205 X30 Y30
G0 F3600 X82.566 Y58.649
M204 S500
M205 X10 Y10
G1 F2400 X79.866 Y61.349 E535.2567
G1 X79.654 Y61.561
M204 S2000
M205 X30 Y30
G0 F3600 X82.223 Y61.349
M204 S500
M205 X10 Y10
G1 F2400 X84.924 Y58.649 E535.42209
G1 X85.136 Y58.437
M204 S2000
M205 X30 Y30
G0 F3600 X86.349 Y59.582
M204 S500
M205 X10 Y10
G1 F2400 X84.581 Y61.349 E535.53033
G1 X84.369 Y61.561
M204 S2000
M205 X30 Y30
G0 F3600 X86.55 Y61.55
M204 S500
M205 X10 Y10
;TYPE:WALL-INNER
G1 F2400 X79.391 Y61.55 E535.84036
G1 X79.392 Y58.45 E535.97461
G1 X86.55 Y58.45 E536.28459
G1 X86.55 Y61.038 E536.39667
G0 F1920 X86.55 Y61.55
M204 S2000
M205 X30 Y30
G0 F3600 X87.05 Y62.05
M204 S500
M205 X10 Y10
G1 F2400 X78.891 Y62.05 E536.75
G1 X78.892 Y57.95 E536.92755
G1 X87.05 Y57.95 E537.28084
G1 X87.05 Y61.538 E537.43622
G0 F1920 X87.05 Y62.05
M204 S2000
M205 X30 Y30
G0 F3600 X87.55 Y62.55
M204 S500
M205 X10 Y10
;TYPE:WALL-OUTER
G1 F1200 X78.391 Y62.55 E537.83286
G1 X78.392 Y57.45 E538.05372
G1 X87.55 Y57.45 E538.45031
G1 X87.55 Y62.038 E538.649
G0 F960 X87.55 Y62.55
M204 S2000
M205 X30 Y30
G0 F3600 X87.3 Y62.55
G0 X86.55 Y61.697
G1 F2700 E534.649
;MESH:NONMESH
G0 F600 X86.55 Y61.697 Z10.3
G0 F3600 X78.911 Y60.316
G0 X77.476 Y60.316
G0 X40.511 Y63.453
G0 X34.547 Y63.453
G0 X32.818 Y60.316
G0 X31.883 Y60.316
G0 X31.863 Y60.363
;TIME_ELAPSED:697.421061
;LAYER:40
M204 S500
M205 X10 Y10
;TYPE:WALL-OUTER
;MESH:temperaturetowerv2.stl
G1 F2700 E538.649
G1 F600 X31.137 Y60.363 E538.68044
G1 X31.137 Y59.637 E538.71188
G1 X31.863 Y59.637 E538.74332
G1 X31.863 Y60.202 E538.76778
G0 F960 X31.863 Y60.363
M204 S2000
M205 X30 Y30
G0 F3600 X31.613 Y60.363
G0 X31.613 Y60.137
G1 F2700 E534.76778
G0 F3600 X32.778 Y60.349
G0 X34.535 Y60.349
G0 X35.97 Y60.349
G0 X38.642 Y61.55
M204 S500
M205 X10 Y10
;TYPE:WALL-INNER
G1 F2700 E538.76778
G1 F720 X36.45 Y61.55 E538.86271
G1 X36.45 Y58.45 E538.99696
G1 X38.643 Y58.45 E539.09193
G1 X38.642 Y61.038 E539.204
G0 F1920 X38.642 Y61.55
M204 S2000
M205 X30 Y30
G0 F3600 X39.142 Y62.05
M204 S500
M205 X10 Y10
G1 F720 X35.95 Y62.05 E539.34223
G1 X35.95 Y57.95 E539.51979
G1 X39.143 Y57.95 E539.65806
G1 X39.142 Y61.538 E539.81344
G0 F1920 X39.142 Y62.05
M204 S2000
M205 X30 Y30
G0 F3600 X39.642 Y62.55
M204 S500
M205 X10 Y10
;TYPE:WALL-OUTER
G1 F1200 X35.45 Y62.55 E539.99498
G1 X35.45 Y57.45 E540.21584
G1 X39.643 Y57.45 E540.39742
G1 X39.642 Y62.038 E540.59611
G0 F960 X39.642 Y62.55
M204 S2000
M205 X30 Y30
G0 F3600 X39.392 Y62.55
G0 X39.072 Y61.98
G0 X38.152 Y61.06
M204 S500
M205 X10 Y10
;TYPE:SKIN
G1 F600 X36.94 Y61.06 E540.6591
G1 X36.94 Y58.94 E540.76927
G1 X38.153 Y58.94 E540.83231
G1 X38.152 Y60.657 E540.92154
G0 F960 X38.152 Y61.06
M204 S2000
M205 X30 Y30
G0 F3600 X37.499 Y60.834
M204 S500
M205 X10 Y10
G1 F1200 X37.164 Y60.499 E540.94616
M204 S2000
M205 X30 Y30
G0 F3600 X37.164 Y59.792
M204 S500
M205 X10 Y10
G1 F1200 X37.927 Y60.555 E541.00224
M204 S2000
M205 X30 Y30
G0 F3600 X37.928 Y59.848
M204 S500
M205 X10 Y10
G1 F1200 X37.244 Y59.164 E541.05251
M204 S2000
M205 X30 Y30
G1 F2700 E537.05251
G0 F3600 X39.123 Y60.685
G0 X40.558 Y60.685
G0 X77.442 Y60.696
G0 X78.877 Y60.696
G0 X79.556 Y60.696
M204 S500
M205 X10 Y10
;TYPE:FILL
G1 F2700 E541.05251
G1 F2400 X80.209 Y61.349 E541.0925
M204 S2000
M205 X30 Y30
G0 F3600 X82.567 Y61.349
M204 S500
M205 X10 Y10
G1 F2400 X79.867 Y58.65 E541.25783
G1 X79.655 Y58.438
M204 S2000
M205 X30 Y30
G0 F3600 X82.225 Y58.65
M204 S500
M205 X10 Y10
G1 F2400 X84.924 Y61.349 E541.42312
G1 X85.136 Y61.561
M204 S2000
M205 X30 Y30
G0 F3600 X86.349 Y60.416
M204 S500
M205 X10 Y10
G1 F2400 X84.582 Y58.65 E541.53131
G1 X84.37 Y58.438
M204 S2000
M205 X30 Y30
G0 F3600 X86.55 Y61.55
M204 S500
M205 X10 Y10
;TYPE:WALL-INNER
G1 F2400 X79.357 Y61.55 E541.84281
G1 X79.358 Y58.45 E541.97706
G1 X86.55 Y58.45 E542.28851
G1 X86.55 Y61.038 E542.40059
G0 F1920 X86.55 Y61.55
M204 S2000
M205 X30 Y30
G0 F3600 X87.05 Y62.05
M204 S500
M205 X10 Y10
G1 F2400 X78.857 Y62.05 E542.75539
G1 X78.858 Y57.95 E542.93294
G1 X87.05 Y57.95 E543.2877
G1 X87.05 Y61.538 E543.44308
G0 F1920 X87.05 Y62.05
M204 S2000
M205 X30 Y30
G0 F3600 X87.55 Y62.55
M204 S500
M205 X10 Y10
;TYPE:WALL-OUTER
G1 F1200 X78.357 Y62.55 E543.84119
G1 X78.358 Y57.45 E544.06205
G1 X87.55 Y57.45 E544.46012
G1 X87.55 Y62.038 E544.65881
G0 F960 X87.55 Y62.55
M204 S2000
M205 X30 Y30
G0 F3600 X87.3 Y62.55
G0 X86.55 Y61.697
G1 F2700 E540.65881
;MESH:NONMESH
G0 F600 X86.55 Y61.697 Z10.55
G0 F3600 X78.877 Y60.276
G0 X77.442 Y60.276
G0 X40.545 Y63.453
G0 X34.547 Y63.453
G0 X32.778 Y60.276
G0 X31.843 Y60.276
G0 X31.824 Y60.324
;TIME_ELAPSED:708.485226
;LAYER:41
M204 S500
M205 X10 Y10
;TYPE:WALL-OUTER
;MESH:temperaturetowerv2.stl
G1 F2700 E544.65881
G1 F600 X31.176 Y60.324 E544.68687
G1 X31.176 Y59.676 E544.71493
G1 X31.824 Y59.676 E544.74299
G1 X31.824 Y60.18 E544.76482
G0 F960 X31.824 Y60.324
M204 S2000
M205 X30 Y30
G0 F3600 X31.574 Y60.324
G0 X31.574 Y60.176
G1 F2700 E540.76482
G0 F3600 X32.739 Y59.773
G0 X34.535 Y59.773
G0 X35.97 Y59.773
G0 X36.65 Y59.773
M204 S500
M205 X10 Y10
;TYPE:FILL
G1 F2700 E544.76482
G1 F2400 X37.774 Y58.649 E544.83366
G1 X37.986 Y58.437
M204 S2000
M205 X30 Y30
G0 F3600 X38.485 Y60.295
M204 S500
M205 X10 Y10
G1 F2400 X37.432 Y61.349 E544.89818
G1 X37.22 Y61.561
M204 S2000
M205 X30 Y30
G0 F3600 X38.685 Y61.55
M204 S500
M205 X10 Y10
;TYPE:WALL-INNER
G1 F720 X36.45 Y61.55 E544.99496
G1 X36.45 Y58.45 E545.12921
G1 X38.686 Y58.45 E545.22604
G1 X38.685 Y61.038 E545.33812
G0 F1920 X38.685 Y61.55
M204 S2000
M205 X30 Y30
G0 F3600 X39.185 Y62.05
M204 S500
M205 X10 Y10
G1 F720 X35.95 Y62.05 E545.47821
G1 X35.95 Y57.95 E545.65577
G1 X39.186 Y57.95 E545.7959
G1 X39.185 Y61.538 E545.95129
G0 F1920 X39.185 Y62.05
M204 S2000
M205 X30 Y30
G0 F3600 X39.685 Y62.55
M204 S500
M205 X10 Y10
;TYPE:WALL-OUTER
G1 F1200 X35.45 Y62.55 E546.13469
G1 X35.45 Y57.45 E546.35554
G1 X39.686 Y57.45 E546.53899
G1 X39.685 Y62.038 E546.73767
G0 F960 X39.685 Y62.55
M204 S2000
M205 X30 Y30
G0 F3600 X39.435 Y62.55
G0 X38.832 Y61.55
G1 F2700 E542.73767
G0 F3600 X39.166 Y59.333
G0 X40.601 Y59.333
G0 X77.399 Y59.344
G0 X78.834 Y59.344
G0 X79.514 Y59.344
M204 S500
M205 X10 Y10
;TYPE:FILL
G1 F2700 E546.73767
G1 F2400 X80.208 Y58.65 E546.78018
M204 S2000
M205 X30 Y30
G0 F3600 X82.566 Y58.65
M204 S500
M205 X10 Y10
G1 F2400 X79.866 Y61.349 E546.9455
G1 X79.654 Y61.561
M204 S2000
M205 X30 Y30
G0 F3600 X82.223 Y61.349
M204 S500
M205 X10 Y10
G1 F2400 X84.923 Y58.65 E547.11083
G1 X85.135 Y58.438
M204 S2000
M205 X30 Y30
G0 F3600 X86.349 Y59.582
M204 S500
M205 X10 Y10
G1 F2400 X84.581 Y61.349 E547.21908
G1 X84.369 Y61.561
M204 S2000
M205 X30 Y30
G0 F3600 X86.55 Y61.55
M204 S500
M205 X10 Y10
;TYPE:WALL-INNER
G1 F2400 X79.314 Y61.55 E547.53244
G1 X79.315 Y58.45 E547.66669
G1 X86.55 Y58.45 E547.98
G1 X86.55 Y61.038 E548.09208
G0 F1920 X86.55 Y61.55
M204 S2000
M205 X30 Y30
G0 F3600 X87.05 Y62.05
M204 S500
M205 X10 Y10
G1 F2400 X78.814 Y62.05 E548.44875
G1 X78.815 Y57.95 E548.6263
G1 X87.05 Y57.95 E548.98292
G1 X87.05 Y61.538 E549.1383
G0 F1920 X87.05 Y62.05
M204 S2000
M205 X30 Y30
G0 F3600 X87.55 Y62.55
M204 S500
M205 X10 Y10
;TYPE:WALL-OUTER
G1 F1200 X78.314 Y62.55 E549.53827
G1 X78.315 Y57.45 E549.75913
G1 X87.55 Y57.45 E550.15906
G1 X87.55 Y62.038 E550.35775
G0 F960 X87.55 Y62.55
M204 S2000
M205 X30 Y30
G0 F3600 X87.3 Y62.55
G0 X86.55 Y61.697
G1 F2700 E546.35775
;MESH:NONMESH
G0 F600 X86.55 Y61.697 Z10.8
G0 F3600 X78.834 Y60.237
G0 X77.399 Y60.237
G0 X40.588 Y63.453
G0 X34.547 Y63.453
G0 X32.739 Y60.237
G0 X31.804 Y60.237
G0 X31.784 Y60.284
;TIME_ELAPSED:718.798048
;LAYER:42
M204 S500
M205 X10 Y10
;TYPE:WALL-OUTER
;MESH:temperaturetowerv2.stl
G1 F2700 E550.35775
G1 F600 X31.216 Y60.284 E550.38235
G1 X31.216 Y59.716 E550.40694
G1 X31.784 Y59.716 E550.43154
G1 X31.784 Y60.158 E550.45068
G0 F960 X31.784 Y60.284
M204 S2000
M205 X30 Y30
G0 F3600 X31.534 Y60.284
G0 X31.534 Y60.216
G1 F2700 E546.45068
G0 F3600 X31.534 Y60.184
G0 X32.699 Y60.224
G0 X34.535 Y60.224
G0 X35.97 Y60.224
G0 X36.65 Y60.224
M204 S500
M205 X10 Y10
;TYPE:FILL
G1 F2700 E550.45068
G1 F2400 X37.774 Y61.349 E550.51955
G1 X37.986 Y61.561
M204 S2000
M205 X30 Y30
G0 F3600 X38.538 Y59.755
M204 S500
M205 X10 Y10
G1 F2400 X37.432 Y58.649 E550.58729
G1 X37.22 Y58.437
M204 S2000
M205 X30 Y30
G0 F3600 X38.737 Y61.55
M204 S500
M205 X10 Y10
;TYPE:WALL-INNER
G1 F720 X36.45 Y61.55 E550.68633
G1 X36.45 Y58.45 E550.82057
G1 X38.738 Y58.45 E550.91966
G1 X38.737 Y61.038 E551.03173
G0 F1920 X38.737 Y61.55
M204 S2000
M205 X30 Y30
G0 F3600 X39.237 Y62.05
M204 S500
M205 X10 Y10
G1 F720 X35.95 Y62.05 E551.17408
G1 X35.95 Y57.95 E551.35163
G1 X39.238 Y57.95 E551.49402
G1 X39.237 Y61.538 E551.6494
G0 F1920 X39.237 Y62.05
M204 S2000
M205 X30 Y30
G0 F3600 X39.737 Y62.55
M204 S500
M205 X10 Y10
;TYPE:WALL-OUTER
G1 F1200 X35.45 Y62.55 E551.83506
G1 X35.45 Y57.45 E552.05591
G1 X39.738 Y57.45 E552.24161
G1 X39.737 Y62.038 E552.4403
G0 F960 X39.737 Y62.55
M204 S2000
M205 X30 Y30
G0 F3600 X39.487 Y62.55
G0 X38.884 Y61.55
G1 F2700 E548.4403
G0 F3600 X39.218 Y60.59
G0 X40.653 Y60.59
G0 X77.348 Y60.59
G0 X78.783 Y60.59
G0 X79.461 Y60.601
M204 S500
M205 X10 Y10
;TYPE:FILL
G1 F2700 E552.4403
G1 F2400 X80.209 Y61.349 E552.48611
G1 X80.421 Y61.561
M204 S2000
M205 X30 Y30
G0 F3600 X82.567 Y61.349
M204 S500
M205 X10 Y10
G1 F2400 X79.867 Y58.65 E552.65143
G1 X79.655 Y58.438
M204 S2000
M205 X30 Y30
G0 F3600 X82.225 Y58.65
M204 S500
M205 X10 Y10
G1 F2400 X84.924 Y61.349 E552.81673
G1 X85.136 Y61.561
M204 S2000
M205 X30 Y30
G0 F3600 X86.349 Y60.416
M204 S500
M205 X10 Y10
G1 F2400 X84.582 Y58.65 E552.92492
G1 X84.37 Y58.438
M204 S2000
M205 X30 Y30
G0 F3600 X86.55 Y61.55
M204 S500
M205 X10 Y10
;TYPE:WALL-INNER
G1 F2400 X79.263 Y61.55 E553.24049
G1 X79.263 Y58.45 E553.37473
G1 X86.55 Y58.45 E553.6903
G1 X86.55 Y61.038 E553.80238
G0 F1920 X86.55 Y61.55
M204 S2000
M205 X30 Y30
G0 F3600 X87.05 Y62.05
M204 S500
M205 X10 Y10
G1 F2400 X78.763 Y62.05 E554.16125
G1 X78.763 Y57.95 E554.33881
G1 X87.05 Y57.95 E554.69768
G1 X87.05 Y61.538 E554.85306
G0 F1920 X87.05 Y62.05
M204 S2000
M205 X30 Y30
G0 F3600 X87.55 Y62.55
M204 S500
M205 X10 Y10
;TYPE:WALL-OUTER
G1 F1200 X78.263 Y62.55 E555.25524
G1 X78.263 Y57.45 E555.4761
G1 X87.55 Y57.45 E555.87828
G1 X87.55 Y62.038 E556.07697
G0 F960 X87.55 Y62.55
M204 S2000
M205 X30 Y30
G0 F3600 X87.3 Y62.55
G0 X86.55 Y61.697
G1 F2700 E552.07697
;MESH:NONMESH
G0 F600 X86.55 Y61.697 Z11.05
G0 F3600 X78.783 Y60.184
G0 X77.348 Y60.184
G0 X40.64 Y63.453
G0 X34.547 Y63.453
G0 X32.699 Y60.184
G0 X31.764 Y60.184
G0 X31.744 Y60.244
;TIME_ELAPSED:729.156171
;LAYER:43
M204 S500
M205 X10 Y10
;TYPE:WALL-OUTER
;MESH:temperaturetowerv2.stl
G1 F2700 E556.07697
G1 F600 X31.256 Y60.244 E556.0981
G1 X31.256 Y59.756 E556.11923
G1 X31.744 Y59.756 E556.14037
G1 X31.744 Y60.136 E556.15682
G0 F960 X31.744 Y60.244
M204 S2000
M205 X30 Y30
G0 F3600 X31.494 Y60.244
G1 F2700 E552.15682
G0 F3600 X31.494 Y60.144
G0 X32.659 Y59.773
G0 X34.535 Y59.773
G0 X35.97 Y59.773
G0 X36.65 Y59.773
M204 S500
M205 X10 Y10
;TYPE:FILL
G1 F2700 E556.15682
G1 F2400 X37.774 Y58.649 E556.22566
G1 X37.986 Y58.437
M204 S2000
M205 X30 Y30
G0 F3600 X38.598 Y60.182
M204 S500
M205 X10 Y10
G1 F2400 X37.432 Y61.349 E556.2971
G1 X37.22 Y61.561
M204 S2000
M205 X30 Y30
G0 F3600 X38.799 Y61.55
M204 S500
M205 X10 Y10
;TYPE:WALL-INNER
G1 F720 X36.45 Y61.55 E556.39883
G1 X36.45 Y58.45 E556.53307
G1 X38.799 Y58.45 E556.6348
G1 X38.799 Y61.038 E556.74688
G0 F1920 X38.799 Y61.55
M204 S2000
M205 X30 Y30
G0 F3600 X39.299 Y62.05
M204 S500
M205 X10 Y10
G1 F720 X35.95 Y62.05 E556.89191
G1 X35.95 Y57.95 E557.06946
G1 X39.299 Y57.95 E557.21449
G1 X39.299 Y61.538 E557.36987
G0 F1920 X39.299 Y62.05
M204 S2000
M205 X30 Y30
G0 F3600 X39.799 Y62.55
M204 S500
M205 X10 Y10
;TYPE:WALL-OUTER
G1 F1200 X35.45 Y62.55 E557.55821
G1 X35.45 Y57.45 E557.77907
G1 X39.799 Y57.45 E557.9674
G1 X39.799 Y62.038 E558.16609
G0 F960 X39.799 Y62.55
M204 S2000
M205 X30 Y30
G0 F3600 X39.549 Y62.55
G0 X38.799 Y61.697
G1 F2700 E554.16609
G0 F3600 X39.279 Y59.458
G0 X40.714 Y59.458
G0 X77.286 Y59.458
G0 X78.721 Y59.458
G0 X79.4 Y59.458
M204 S500
M205 X10 Y10
;TYPE:FILL
G1 F2700 E558.16609
G1 F2400 X80.209 Y58.649 E558.21564
G1 X80.421 Y58.437
M204 S2000
M205 X30 Y30
G0 F3600 X82.566 Y58.649
M204 S500
M205 X10 Y10
G1 F2400 X79.866 Y61.349 E558.38099
G1 X79.654 Y61.561
M204 S2000
M205 X30 Y30
G0 F3600 X82.223 Y61.349
M204 S500
M205 X10 Y10
G1 F2400 X84.924 Y58.649 E558.54638
G1 X85.136 Y58.437
M204 S2000
M205 X30 Y30
G0 F3600 X86.349 Y59.582
M204 S500
M205 X10 Y10
G1 F2400 X84.581 Y61.349 E558.65463
G1 X84.369 Y61.561
M204 S2000
M205 X30 Y30
G0 F3600 X86.55 Y61.55
M204 S500
M205 X10 Y10
;TYPE:WALL-INNER
G1 F2400 X79.201 Y61.55 E558.97288
G1 X79.201 Y58.45 E559.10713
G1 X86.55 Y58.45 E559.42539
G1 X86.55 Y61.038 E559.53746
G0 F1920 X86.55 Y61.55
M204 S2000
M205 X30 Y30
G0 F3600 X87.05 Y62.05
M204 S500
M205 X10 Y10
G1 F2400 X78.701 Y62.05 E559.89902
G1 X78.701 Y57.95 E560.07657
G1 X87.05 Y57.95 E560.43813
G1 X87.05 Y61.538 E560.59351
G0 F1920 X87.05 Y62.05
M204 S2000
M205 X30 Y30
G0 F3600 X87.55 Y62.55
M204 S500
M205 X10 Y10
;TYPE:WALL-OUTER
G1 F1200 X78.201 Y62.55 E560.99838
G1 X78.201 Y57.45 E561.21924
G1 X87.55 Y57.45 E561.6241
G1 X87.55 Y62.038 E561.82279
G0 F960 X87.55 Y62.55
M204 S2000
M205 X30 Y30
G0 F3600 X87.3 Y62.55
G0 X86.55 Y61.697
G1 F2700 E557.82279
;MESH:NONMESH
G0 F600 X86.55 Y61.697 Z11.3
G0 F3600 X78.721 Y60.144
G0 X77.286 Y60.144
G0 X40.702 Y63.453
G0 X34.547 Y63.453
G0 X32.659 Y60.144
G0 X31.724 Y60.144
G0 X31.705 Y60.205
;TIME_ELAPSED:739.486815
;LAYER:44
M204 S500
M205 X10 Y10
;TYPE:WALL-OUTER
;MESH:temperaturetowerv2.stl
G1 F2700 E561.82279
G1 F600 X31.295 Y60.205 E561.84055
G1 X31.295 Y59.795 E561.8583
G1 X31.705 Y59.795 E561.87606
G1 X31.705 Y60.114 E561.88987
G0 F960 X31.705 Y60.205
M204 S2000
M205 X30 Y30
G0 F3600 X31.455 Y60.205
G1 F2700 E557.88987
G0 F3600 X31.455 Y60.105
G0 X32.62 Y60.191
G0 X34.535 Y60.191
G0 X35.97 Y60.191
G0 X36.65 Y60.224
M204 S500
M205 X10 Y10
;TYPE:FILL
G1 F2700 E561.88987
G1 F2400 X37.774 Y61.349 E561.95874
G1 X37.986 Y61.561
M204 S2000
M205 X30 Y30
G0 F3600 X38.669 Y59.886
M204 S500
M205 X10 Y10
G1 F2400 X37.432 Y58.649 E562.0345
G1 X37.22 Y58.437
M204 S2000
M205 X30 Y30
G0 F3600 X38.869 Y61.55
M204 S500
M205 X10 Y10
;TYPE:WALL-INNER
G1 F720 X36.45 Y61.55 E562.13926
G1 X36.45 Y58.45 E562.2735
G1 X38.869 Y58.45 E562.37826
G1 X38.869 Y61.038 E562.49033
G0 F1920 X38.869 Y61.55
M204 S2000
M205 X30 Y30
G0 F3600 X39.369 Y62.05
M204 S500
M205 X10 Y10
G1 F720 X35.95 Y62.05 E562.6384
G1 X35.95 Y57.95 E562.81595
G1 X39.369 Y57.95 E562.96401
G1 X39.369 Y61.538 E563.11939
G0 F1920 X39.369 Y62.05
M204 S2000
M205 X30 Y30
G0 F3600 X39.869 Y62.55
M204 S500
M205 X10 Y10
;TYPE:WALL-OUTER
G1 F1200 X35.45 Y62.55 E563.31076
G1 X35.45 Y57.45 E563.53162
G1 X39.869 Y57.45 E563.72299
G1 X39.869 Y62.038 E563.92168
G0 F960 X39.869 Y62.55
M204 S2000
M205 X30 Y30
G0 F3600 X39.619 Y62.55
G0 X38.869 Y61.697
G1 F2700 E559.92168
G0 F3600 X39.349 Y60.47
G0 X40.784 Y60.47
G0 X77.216 Y60.47
G0 X78.651 Y60.47
G0 X79.33 Y60.47
M204 S500
M205 X10 Y10
;TYPE:FILL
G1 F2700 E563.92168
G1 F2400 X80.209 Y61.349 E563.97551
G1 X80.421 Y61.561
M204 S2000
M205 X30 Y30
G0 F3600 X82.567 Y61.349
M204 S500
M205 X10 Y10
G1 F2400 X79.867 Y58.65 E564.14084
G1 X79.655 Y58.438
M204 S2000
M205 X30 Y30
G0 F3600 X82.225 Y58.65
M204 S500
M205 X10 Y10
G1 F2400 X84.924 Y61.349 E564.30613
G1 X85.136 Y61.561
M204 S2000
M205 X30 Y30
G0 F3600 X86.349 Y60.416
M204 S500
M205 X10 Y10
G1 F2400 X84.582 Y58.65 E564.41432
G1 X84.37 Y58.438
M204 S2000
M205 X30 Y30
G0 F3600 X86.55 Y61.55
M204 S500
M205 X10 Y10
;TYPE:WALL-INNER
G1 F2400 X79.131 Y61.55 E564.7356
G1 X79.131 Y58.45 E564.86985
G1 X86.55 Y58.45 E565.19114
G1 X86.55 Y61.038 E565.30321
G0 F1920 X86.55 Y61.55
M204 S2000
M205 X30 Y30
G0 F3600 X87.05 Y62.05
M204 S500
M205 X10 Y10
G1 F2400 X78.631 Y62.05 E565.6678
G1 X78.631 Y57.95 E565.84536
G1 X87.05 Y57.95 E566.20995
G1 X87.05 Y61.538 E566.36533
G0 F1920 X87.05 Y62.05
M204 S2000
M205 X30 Y30
G0 F3600 X87.55 Y62.55
M204 S500
M205 X10 Y10
;TYPE:WALL-OUTER
G1 F1200 X78.131 Y62.55 E566.77323
G1 X78.131 Y57.45 E566.99409
G1 X87.55 Y57.45 E567.40198
G1 X87.55 Y62.038 E567.60067
G0 F960 X87.55 Y62.55
M204 S2000
M205 X30 Y30
G0 F3600 X87.3 Y62.55
G0 X86.55 Y61.697
G1 F2700 E563.60067
;MESH:NONMESH
G0 F600 X86.55 Y61.697 Z11.55
G0 F3600 X78.651 Y60.105
G0 X77.216 Y60.105
G0 X40.772 Y63.453
G0 X34.547 Y63.453
G0 X32.62 Y60.105
G0 X31.685 Y60.105
G0 X31.665 Y60.165
;TIME_ELAPSED:749.877928
;LAYER:45
M204 S500
M205 X10 Y10
;TYPE:WALL-OUTER
;MESH:temperaturetowerv2.stl
G1 F2700 E567.60067
G1 F600 X31.335 Y60.165 E567.61496
G1 X31.335 Y59.835 E567.62925
G1 X31.665 Y59.835 E567.64354
G1 X31.665 Y60.092 E567.65467
G0 F960 X31.665 Y60.165
M204 S2000
M205 X30 Y30
G0 F3600 X31.415 Y60.165
G1 F2700 E563.65467
G0 F3600 X31.435 Y60.065
G0 X32.58 Y59.849
G0 X34.535 Y59.849
G0 X35.97 Y59.849
G0 X36.65 Y59.773
M204 S500
M205 X10 Y10
;TYPE:FILL
G1 F2700 E567.65467
G1 F2400 X37.774 Y58.649 E567.72351
G1 X37.986 Y58.437
M204 S2000
M205 X30 Y30
G0 F3600 X38.747 Y60.034
M204 S500
M205 X10 Y10
G1 F2400 X37.432 Y61.349 E567.80404
G1 X37.22 Y61.561
M204 S2000
M205 X30 Y30
G0 F3600 X38.948 Y61.55
M204 S500
M205 X10 Y10
;TYPE:WALL-INNER
G1 F720 X36.45 Y61.55 E567.91222
G1 X36.45 Y58.45 E568.04647
G1 X38.947 Y58.45 E568.1546
G1 X38.948 Y61.038 E568.26668
G0 F1920 X38.948 Y61.55
M204 S2000
M205 X30 Y30
G0 F3600 X39.448 Y62.05
M204 S500
M205 X10 Y10
G1 F720 X35.95 Y62.05 E568.41816
G1 X35.95 Y57.95 E568.59572
G1 X39.447 Y57.95 E568.74716
G1 X39.448 Y61.538 E568.90254
G0 F1920 X39.448 Y62.05
M204 S2000
M205 X30 Y30
G0 F3600 X39.948 Y62.55
M204 S500
M205 X10 Y10
;TYPE:WALL-OUTER
G1 F1200 X35.45 Y62.55 E569.09733
G1 X35.45 Y57.45 E569.31819
G1 X39.947 Y57.45 E569.51293
G1 X39.948 Y62.038 E569.71162
G0 F960 X39.948 Y62.55
M204 S2000
M205 X30 Y30
G0 F3600 X39.698 Y62.55
G0 X38.947 Y61.696
G1 F2700 E565.71162
G0 F3600 X39.447 Y59.615
G0 X40.862 Y59.615
G0 X77.138 Y59.615
G0 X78.573 Y59.615
G0 X79.252 Y59.606
M204 S500
M205 X10 Y10
;TYPE:FILL
G1 F2700 E569.71162
G1 F2400 X80.208 Y58.65 E569.77017
G1 X80.42 Y58.438
M204 S2000
M205 X30 Y30
G0 F3600 X82.566 Y58.65
M204 S500
M205 X10 Y10
G1 F2400 X79.866 Y61.349 E569.93549
G1 X79.654 Y61.561
M204 S2000
M205 X30 Y30
G0 F3600 X82.223 Y61.349
M204 S500
M205 X10 Y10
G1 F2400 X84.923 Y58.65 E570.10082
G1 X85.135 Y58.438
M204 S2000
M205 X30 Y30
G0 F3600 X86.349 Y59.582
M204 S500
M205 X10 Y10
G1 F2400 X84.581 Y61.349 E570.20907
G1 X84.369 Y61.561
M204 S2000
M205 X30 Y30
G0 F3600 X86.55 Y61.55
M204 S500
M205 X10 Y10
;TYPE:WALL-INNER
G1 F2400 X79.053 Y61.55 E570.53373
G1 X79.053 Y58.45 E570.66798
G1 X86.55 Y58.45 E570.99264
G1 X86.55 Y61.038 E571.10472
G0 F1920 X86.55 Y61.55
M204 S2000
M205 X30 Y30
G0 F3600 X87.05 Y62.05
M204 S500
M205 X10 Y10
G1 F2400 X78.553 Y62.05 E571.47269
G1 X78.553 Y57.95 E571.65024
G1 X87.05 Y57.95 E572.01821
G1 X87.05 Y61.538 E572.17359
G0 F1920 X87.05 Y62.05
M204 S2000
M205 X30 Y30
G0 F3600 X87.55 Y62.55
M204 S500
M205 X10 Y10
;TYPE:WALL-OUTER
G1 F1200 X78.053 Y62.55 E572.58487
G1 X78.053 Y57.45 E572.80572
G1 X87.55 Y57.45 E573.217
G1 X87.55 Y62.038 E573.41569
G0 F960 X87.55 Y62.55
M204 S2000
M205 X30 Y30
G0 F3600 X87.3 Y62.55
G0 X86.55 Y61.697
G1 F2700 E569.41569
;MESH:NONMESH
G0 F600 X86.55 Y61.697 Z11.8
G0 F3600 X78.573 Y60.065
G0 X77.138 Y60.065
G0 X40.85 Y63.453
G0 X34.547 Y63.453
G0 X32.58 Y60.065
G0 X31.645 Y60.065
G0 X31.626 Y60.126
;TIME_ELAPSED:760.247590
;LAYER:46
M204 S500
M205 X10 Y10
;TYPE:WALL-OUTER
;MESH:temperaturetowerv2.stl
G1 F2700 E573.41569
G1 F600 X31.374 Y60.126 E573.4266
G1 X31.374 Y59.874 E573.43751
G1 X31.626 Y59.874 E573.44842
G1 X31.626 Y60.07 E573.45691
G0 F960 X31.626 Y60.126
M204 S2000
M205 X30 Y30
G0 F3600 X31.376 Y60.126
G1 F2700 E569.45691
G0 F3600 X31.474 Y60.026
G0 X32.541 Y60.112
G0 X34.535 Y60.112
G0 X35.97 Y60.112
G0 X36.65 Y60.224
M204 S500
M205 X10 Y10
;TYPE:FILL
G1 F2700 E573.45691
G1 F2400 X37.774 Y61.349 E573.52578
G1 X37.986 Y61.561
M204 S2000
M205 X30 Y30
G0 F3600 X38.836 Y60.053
M204 S500
M205 X10 Y10
G1 F2400 X37.432 Y58.649 E573.61177
G1 X37.22 Y58.437
M204 S2000
M205 X30 Y30
G0 F3600 X39.036 Y61.55
M204 S500
M205 X10 Y10
;TYPE:WALL-INNER
G1 F720 X36.45 Y61.55 E573.72376
G1 X36.45 Y58.45 E573.858
G1 X39.036 Y58.45 E573.96999
G1 X39.036 Y61.038 E574.08207
G0 F1920 X39.036 Y61.55
M204 S2000
M205 X30 Y30
G0 F3600 X39.536 Y62.05
M204 S500
M205 X10 Y10
G1 F720 X35.95 Y62.05 E574.23736
G1 X35.95 Y57.95 E574.41492
G1 X39.536 Y57.95 E574.57021
G1 X39.536 Y61.538 E574.72559
G0 F1920 X39.536 Y62.05
M204 S2000
M205 X30 Y30
G0 F3600 X40.036 Y62.55
M204 S500
M205 X10 Y10
;TYPE:WALL-OUTER
G1 F1200 X35.45 Y62.55 E574.92419
G1 X35.45 Y57.45 E575.14505
G1 X40.036 Y57.45 E575.34365
G1 X40.036 Y62.038 E575.54234
G0 F960 X40.036 Y62.55
M204 S2000
M205 X30 Y30
G0 F3600 X39.786 Y62.55
G0 X39.036 Y61.697
G1 F2700 E571.54234
G0 F3600 X39.516 Y60.303
G0 X40.951 Y60.303
G0 X77.049 Y60.303
G0 X78.484 Y60.303
G0 X79.163 Y60.303
M204 S500
M205 X10 Y10
;TYPE:FILL
G1 F2700 E575.54234
G1 F2400 X80.209 Y61.349 E575.6064
G1 X80.421 Y61.561
M204 S2000
M205 X30 Y30
G0 F3600 X82.567 Y61.349
M204 S500
M205 X10 Y10
G1 F2400 X79.867 Y58.65 E575.77172
G1 X79.655 Y58.438
M204 S2000
M205 X30 Y30
G0 F3600 X82.225 Y58.65
M204 S500
M205 X10 Y10
G1 F2400 X84.924 Y61.349 E575.93702
G1 X85.136 Y61.561
M204 S2000
M205 X30 Y30
G0 F3600 X86.349 Y60.416
M204 S500
M205 X10 Y10
G1 F2400 X84.582 Y58.65 E576.04521
G1 X84.37 Y58.438
M204 S2000
M205 X30 Y30
G0 F3600 X86.55 Y61.55
M204 S500
M205 X10 Y10
;TYPE:WALL-INNER
G1 F2400 X78.964 Y61.55 E576.37372
G1 X78.964 Y58.45 E576.50797
G1 X86.55 Y58.45 E576.83649
G1 X86.55 Y61.038 E576.94857
G0 F1920 X86.55 Y61.55
M204 S2000
M205 X30 Y30
G0 F3600 X87.05 Y62.05
M204 S500
M205 X10 Y10
G1 F2400 X78.464 Y62.05 E577.32039
G1 X78.464 Y57.95 E577.49794
G1 X87.05 Y57.95 E577.86976
G1 X87.05 Y61.538 E578.02515
G0 F1920 X87.05 Y62.05
M204 S2000
M205 X30 Y30
G0 F3600 X87.55 Y62.55
M204 S500
M205 X10 Y10
;TYPE:WALL-OUTER
G1 F1200 X77.964 Y62.55 E578.44027
G1 X77.964 Y57.45 E578.66113
G1 X87.55 Y57.45 E579.07626
G1 X87.55 Y62.038 E579.27495
G0 F960 X87.55 Y62.55
M204 S2000
M205 X30 Y30
G0 F3600 X87.3 Y62.55
G0 X86.55 Y61.697
G1 F2700 E575.27495
;MESH:NONMESH
G0 F600 X86.55 Y61.697 Z12.05
G0 F3600 X78.484 Y60.026
G0 X77.049 Y60.026
G0 X40.939 Y63.453
G0 X34.547 Y63.453
G0 X32.541 Y60.026
G0 X31.606 Y60.026
G0 X31.586 Y60.086
;TIME_ELAPSED:770.695163
;LAYER:47
M204 S500
M205 X10 Y10
;TYPE:WALL-OUTER
;MESH:temperaturetowerv2.stl
G1 F2700 E579.27495
G1 F600 X31.414 Y60.086 E579.2824
G1 X31.414 Y59.914 E579.28985
G1 X31.586 Y59.914 E579.29729
G1 X31.586 Y60.048 E579.3031
G0 F960 X31.586 Y60.086
M204 S2000
M205 X30 Y30
G0 F3600 X31.414 Y60.086
G0 X31.414 Y60.008
G1 F2700 E575.3031
G0 F3600 X31.486 Y60.008
G0 X32.501 Y59.928
G0 X34.535 Y59.928
G0 X35.97 Y59.928
G0 X36.65 Y59.773
M204 S500
M205 X10 Y10
;TYPE:FILL
G1 F2700 E579.3031
G1 F2400 X37.774 Y58.649 E579.37194
G1 X37.986 Y58.437
M204 S2000
M205 X30 Y30
G0 F3600 X38.935 Y59.845
M204 S500
M205 X10 Y10
G1 F2400 X37.432 Y61.349 E579.46402
G1 X37.22 Y61.561
M204 S2000
M205 X30 Y30
G0 F3600 X39.135 Y61.55
M204 S500
M205 X10 Y10
;TYPE:WALL-INNER
G1 F720 X36.45 Y61.55 E579.58029
G1 X36.45 Y58.45 E579.71454
G1 X39.135 Y58.45 E579.83081
G1 X39.135 Y61.038 E579.94289
G0 F1920 X39.135 Y61.55
M204 S2000
M205 X30 Y30
G0 F3600 X39.635 Y62.05
M204 S500
M205 X10 Y10
G1 F720 X35.95 Y62.05 E580.10247
G1 X35.95 Y57.95 E580.28003
G1 X39.635 Y57.95 E580.43961
G1 X39.635 Y61.538 E580.59499
G0 F1920 X39.635 Y62.05
M204 S2000
M205 X30 Y30
G0 F3600 X40.135 Y62.55
M204 S500
M205 X10 Y10
;TYPE:WALL-OUTER
G1 F1200 X35.45 Y62.55 E580.79788
G1 X35.45 Y57.45 E581.01873
G1 X40.135 Y57.45 E581.22162
G1 X40.135 Y62.038 E581.42031
G0 F960 X40.135 Y62.55
M204 S2000
M205 X30 Y30
G0 F3600 X39.885 Y62.55
G0 X39.135 Y61.697
G1 F2700 E577.42031
G0 F3600 X39.615 Y59.794
G0 X41.05 Y59.794
G0 X76.95 Y59.794
G0 X78.385 Y59.794
G0 X79.064 Y59.794
M204 S500
M205 X10 Y10
;TYPE:FILL
G1 F2700 E581.42031
G1 F2400 X80.208 Y58.65 E581.49037
G1 X80.42 Y58.438
M204 S2000
M205 X30 Y30
G0 F3600 X82.566 Y58.65
M204 S500
M205 X10 Y10
G1 F2400 X79.866 Y61.349 E581.6557
G1 X79.654 Y61.561
M204 S2000
M205 X30 Y30
G0 F3600 X82.223 Y61.349
M204 S500
M205 X10 Y10
G1 F2400 X84.923 Y58.65 E581.82103
G1 X85.135 Y58.438
M204 S2000
M205 X30 Y30
G0 F3600 X86.349 Y59.582
M204 S500
M205 X10 Y10
G1 F2400 X84.581 Y61.349 E581.92927
G1 X84.369 Y61.561
M204 S2000
M205 X30 Y30
G0 F3600 X86.55 Y61.55
M204 S500
M205 X10 Y10
;TYPE:WALL-INNER
G1 F2400 X78.865 Y61.55 E582.26208
G1 X78.865 Y58.45 E582.39633
G1 X86.55 Y58.45 E582.72913
G1 X86.55 Y61.038 E582.84121
G0 F1920 X86.55 Y61.55
M204 S2000
M205 X30 Y30
G0 F3600 X87.05 Y62.05
M204 S500
M205 X10 Y10
G1 F2400 X78.365 Y62.05 E583.21732
G1 X78.365 Y57.95 E583.39487
G1 X87.05 Y57.95 E583.77098
G1 X87.05 Y61.538 E583.92636
G0 F1920 X87.05 Y62.05
M204 S2000
M205 X30 Y30
G0 F3600 X87.55 Y62.55
M204 S500
M205 X10 Y10
;TYPE:WALL-OUTER
G1 F1200 X77.865 Y62.55 E584.34578
G1 X77.865 Y57.45 E584.56664
G1 X87.55 Y57.45 E584.98605
G1 X87.55 Y62.038 E585.18474
G0 F960 X87.55 Y62.55
M204 S2000
M205 X30 Y30
G0 F3600 X87.3 Y62.55
G0 X86.55 Y61.697
G1 F2700 E581.18474
;MESH:NONMESH
G0 F600 X86.55 Y61.697 Z12.3
G0 F3600 X78.385 Y59.986
G0 X76.95 Y59.986
G0 X41.038 Y56.547
G0 X34.547 Y56.547
G0 X32.501 Y59.986
G0 X31.566 Y59.986
G0 X31.546 Y60.046
;TIME_ELAPSED:781.128276
;LAYER:48
M204 S500
M205 X10 Y10
;TYPE:WALL-OUTER
;MESH:temperaturetowerv2.stl
G1 F2700 E585.18474
G1 F600 X31.454 Y60.046 E585.18872
G1 X31.454 Y59.954 E585.19271
G1 X31.546 Y59.954 E585.19669
G1 X31.546 Y60.026 E585.19981
G0 F960 X31.546 Y60.046
M204 S2000
M205 X30 Y30
G0 F3600 X31.454 Y60.046
G0 X31.454 Y59.954
G0 X31.52 Y59.954
G1 F2700 E581.19981
G0 F3600 X31.504 Y59.996
G0 X32.461 Y60.032
G0 X34.535 Y60.032
G0 X35.97 Y60.032
G0 X36.65 Y60.224
M204 S500
M205 X10 Y10
;TYPE:FILL
G1 F2700 E585.19981
G1 F2400 X37.774 Y61.349 E585.26868
G1 X37.986 Y61.561
M204 S2000
M205 X30 Y30
G0 F3600 X39.045 Y60.262
M204 S500
M205 X10 Y10
G1 F2400 X37.432 Y58.649 E585.36746
G1 X37.22 Y58.437
M204 S2000
M205 X30 Y30
G0 F3600 X39.245 Y61.55
M204 S500
M205 X10 Y10
;TYPE:WALL-INNER
G1 F720 X36.45 Y61.55 E585.4885
G1 X36.45 Y58.45 E585.62275
G1 X39.245 Y58.45 E585.74379
G1 X39.245 Y61.038 E585.85587
G0 F1920 X39.245 Y61.55
M204 S2000
M205 X30 Y30
G0 F3600 X39.745 Y62.05
M204 S500
M205 X10 Y10
G1 F2400 X35.95 Y62.05 E586.02021
G1 X35.95 Y57.95 E586.19776
G1 X39.745 Y57.95 E586.36211
G1 X39.745 Y61.538 E586.51749
G0 F1920 X39.745 Y62.05
M204 S2000
M205 X30 Y30
G0 F3600 X40.245 Y62.55
M204 S500
M205 X10 Y10
;TYPE:WALL-OUTER
G1 F1200 X35.45 Y62.55 E586.72514
G1 X35.45 Y57.45 E586.946
G1 X40.245 Y57.45 E587.15365
G1 X40.245 Y62.038 E587.35234
G0 F960 X40.245 Y62.55
M204 S2000
M205 X30 Y30
G0 F3600 X39.995 Y62.55
G0 X39.245 Y61.697
G1 F2700 E583.35234
G0 F3600 X39.725 Y60.094
G0 X41.16 Y60.094
G0 X76.84 Y60.094
G0 X78.275 Y60.094
G0 X78.954 Y60.094
M204 S500
M205 X10 Y10
;TYPE:FILL
G1 F2700 E587.35234
G1 F2400 X80.209 Y61.349 E587.4292
G1 X80.421 Y61.561
M204 S2000
M205 X30 Y30
G0 F3600 X82.567 Y61.349
M204 S500
M205 X10 Y10
G1 F2400 X79.867 Y58.65 E587.59453
G1 X79.655 Y58.438
M204 S2000
M205 X30 Y30
G0 F3600 X82.225 Y58.65
M204 S500
M205 X10 Y10
G1 F2400 X84.924 Y61.349 E587.75982
G1 X85.136 Y61.561
M204 S2000
M205 X30 Y30
G0 F3600 X86.349 Y60.416
M204 S500
M205 X10 Y10
G1 F2400 X84.582 Y58.65 E587.86801
G1 X84.37 Y58.438
M204 S2000
M205 X30 Y30
G0 F3600 X86.55 Y61.55
M204 S500
M205 X10 Y10
;TYPE:WALL-INNER
G1 F2400 X78.755 Y61.55 E588.20558
G1 X78.755 Y58.45 E588.33983
G1 X86.55 Y58.45 E588.67739
G1 X86.55 Y61.038 E588.78947
G0 F1920 X86.55 Y61.55
M204 S2000
M205 X30 Y30
G0 F3600 X87.05 Y62.05
M204 S500
M205 X10 Y10
G1 F2400 X78.255 Y62.05 E589.17034
G1 X78.255 Y57.95 E589.3479
G1 X87.05 Y57.95 E589.72877
G1 X87.05 Y61.538 E589.88415
G0 F1920 X87.05 Y62.05
M204 S2000
M205 X30 Y30
G0 F3600 X87.55 Y62.55
M204 S500
M205 X10 Y10
;TYPE:WALL-OUTER
G1 F1200 X77.755 Y62.55 E590.30833
G1 X77.755 Y57.45 E590.52919
G1 X87.55 Y57.45 E590.95337
G1 X87.55 Y62.038 E591.15206
G0 F960 X87.55 Y62.55
M204 S2000
M205 X30 Y30
G0 F3600 X87.3 Y62.55
G0 X86.55 Y61.697
G1 F2700 E587.15206
;MESH:NONMESH
G0 F600 X86.55 Y61.697 Z12.55
G0 F3600 X78.275 Y58.648
G0 X76.84 Y58.648
G0 X41.16 Y58.648
G0 X39.725 Y58.648
G0 X37.775 Y58.648
;TIME_ELAPSED:790.779104
;LAYER:49
M204 S500
M205 X10 Y10
;TYPE:FILL
;MESH:temperaturetowerv2.stl
G1 F2700 E591.15206
G1 F2400 X36.65 Y59.773 E591.22096
G1 X36.438 Y59.985
M204 S2000
M205 X30 Y30
G0 F3600 X37.432 Y61.349
M204 S500
M205 X10 Y10
G1 F2400 X39.164 Y59.616 E591.32706
G1 X39.376 Y59.404
M204 S2000
M205 X30 Y30
G0 F3600 X39.365 Y61.55
M204 S500
M205 X10 Y10
;TYPE:WALL-INNER
G1 F720 X36.45 Y61.55 E591.4533
G1 X36.45 Y58.45 E591.58754
G1 X39.365 Y58.45 E591.71378
G1 X39.365 Y61.038 E591.82586
G0 F1920 X39.365 Y61.55
M204 S2000
M205 X30 Y30
G0 F3600 X39.865 Y62.05
M204 S500
M205 X10 Y10
G1 F2400 X35.95 Y62.05 E591.9954
G1 X35.95 Y57.95 E592.17295
G1 X39.865 Y57.95 E592.34249
G1 X39.865 Y61.538 E592.49787
G0 F1920 X39.865 Y62.05
M204 S2000
M205 X30 Y30
G0 F3600 X40.365 Y62.55
M204 S500
M205 X10 Y10
;TYPE:WALL-OUTER
G1 F1200 X35.45 Y62.55 E592.71072
G1 X35.45 Y57.45 E592.93158
G1 X40.365 Y57.45 E593.14443
G1 X40.365 Y62.038 E593.34311
G0 F960 X40.365 Y62.55
M204 S2000
M205 X30 Y30
G0 F3600 X40.115 Y62.55
G0 X39.365 Y61.697
G1 F2700 E589.34311
G0 F3600 X39.845 Y60.024
G0 X41.28 Y60.024
G0 X76.72 Y60.024
G0 X78.155 Y60.024
G0 X78.833 Y60.024
M204 S500
M205 X10 Y10
;TYPE:FILL
G1 F2700 E593.34311
G1 F2400 X80.208 Y58.65 E593.42729
G1 X80.42 Y58.438
M204 S2000
M205 X30 Y30
G0 F3600 X82.566 Y58.65
M204 S500
M205 X10 Y10
G1 F2400 X79.866 Y61.349 E593.59262
G1 X79.654 Y61.561
M204 S2000
M205 X30 Y30
G0 F3600 X82.223 Y61.349
M204 S500
M205 X10 Y10
G1 F2400 X84.923 Y58.65 E593.75795
G1 X85.135 Y58.438
M204 S2000
M205 X30 Y30
G0 F3600 X86.349 Y59.582
M204 S500
M205 X10 Y10
G1 F2400 X84.581 Y61.349 E593.8662
G1 X84.369 Y61.561
M204 S2000
M205 X30 Y30
G0 F3600 X86.55 Y61.55
M204 S500
M205 X10 Y10
;TYPE:WALL-INNER
G1 F2400 X78.635 Y61.55 E594.20896
G1 X78.635 Y58.45 E594.34321
G1 X86.55 Y58.45 E594.68597
G1 X86.55 Y61.038 E594.79805
G0 F1920 X86.55 Y61.55
M204 S2000
M205 X30 Y30
G0 F3600 X87.05 Y62.05
M204 S500
M205 X10 Y10
G1 F2400 X78.135 Y62.05 E595.18412
G1 X78.135 Y57.95 E595.36167
G1 X87.05 Y57.95 E595.74774
G1 X87.05 Y61.538 E595.90312
G0 F1920 X87.05 Y62.05
M204 S2000
M205 X30 Y30
G0 F3600 X87.55 Y62.55
M204 S500
M205 X10 Y10
;TYPE:WALL-OUTER
G1 F1200 X77.635 Y62.55 E596.3325
G1 X77.635 Y57.45 E596.55336
G1 X87.55 Y57.45 E596.98274
G1 X87.55 Y62.038 E597.18142
G0 F960 X87.55 Y62.55
M204 S2000
M205 X30 Y30
G0 F3600 X87.3 Y62.55
G0 X86.55 Y61.697
G1 F2700 E593.18142
;MESH:NONMESH
G0 F600 X86.55 Y61.697 Z12.8
G0 F3600 X78.155 Y58.649
G0 X76.72 Y58.649
G0 X41.28 Y58.649
G0 X39.845 Y58.649
G0 X37.432 Y58.649
;TIME_ELAPSED:799.996328
;LAYER:50
M204 S500
M205 X10 Y10
;TYPE:FILL
;MESH:temperaturetowerv2.stl
G1 F2700 E597.18142
G1 F2400 X39.297 Y60.514 E597.29564
G1 X39.509 Y60.726
M204 S2000
M205 X30 Y30
G0 F3600 X37.774 Y61.349
M204 S500
M205 X10 Y10
G1 F2400 X36.65 Y60.224 E597.36451
G1 X36.438 Y60.012
M204 S2000
M205 X30 Y30
G0 F3600 X39.497 Y61.55
M204 S500
M205 X10 Y10
;TYPE:WALL-INNER
G1 F720 X36.45 Y61.55 E597.49646
G1 X36.45 Y58.45 E597.63071
G1 X39.497 Y58.45 E597.76266
G1 X39.497 Y61.038 E597.87474
G0 F1920 X39.497 Y61.55
M204 S2000
M205 X30 Y30
G0 F3600 X39.997 Y62.05
M204 S500
M205 X10 Y10
G1 F2400 X35.95 Y62.05 E598.05
G1 X35.95 Y57.95 E598.22755
G1 X39.997 Y57.95 E598.40281
G1 X39.997 Y61.538 E598.55819
G0 F1920 X39.997 Y62.05
M204 S2000
M205 X30 Y30
G0 F3600 X40.497 Y62.55
M204 S500
M205 X10 Y10
;TYPE:WALL-OUTER
G1 F1200 X35.45 Y62.55 E598.77675
G1 X35.45 Y57.45 E598.99761
G1 X40.497 Y57.45 E599.21618
G1 X40.497 Y62.038 E599.41486
G0 F960 X40.497 Y62.55
M204 S2000
M205 X30 Y30
G0 F3600 X40.247 Y62.55
G0 X39.497 Y61.697
G1 F2700 E595.41486
G0 F3600 X39.977 Y59.842
G0 X41.412 Y59.842
G0 X76.588 Y59.842
G0 X78.023 Y59.842
G0 X78.702 Y59.842
M204 S500
M205 X10 Y10
;TYPE:FILL
G1 F2700 E599.41486
G1 F2400 X80.209 Y61.349 E599.50716
G1 X80.421 Y61.561
M204 S2000
M205 X30 Y30
G0 F3600 X82.567 Y61.349
M204 S500
M205 X10 Y10
G1 F2400 X79.867 Y58.65 E599.67249
G1 X79.655 Y58.438
M204 S2000
M205 X30 Y30
G0 F3600 X82.225 Y58.65
M204 S500
M205 X10 Y10
G1 F2400 X84.924 Y61.349 E599.83778
G1 X85.136 Y61.561
M204 S2000
M205 X30 Y30
G0 F3600 X86.349 Y60.416
M204 S500
M205 X10 Y10
G1 F2400 X84.582 Y58.65 E599.94597
G1 X84.37 Y58.438
M204 S2000
M205 X30 Y30
G0 F3600 X86.55 Y61.55
M204 S500
M205 X10 Y10
;TYPE:WALL-INNER
G1 F2400 X78.503 Y61.55 E600.29445
G1 X78.503 Y58.45 E600.4287
G1 X86.55 Y58.45 E600.77718
G1 X86.55 Y61.038 E600.88925
G0 F1920 X86.55 Y61.55
M204 S2000
M205 X30 Y30
G0 F3600 X87.05 Y62.05
M204 S500
M205 X10 Y10
G1 F2400 X78.003 Y62.05 E601.28104
G1 X78.003 Y57.95 E601.45859
G1 X87.05 Y57.95 E601.85038
G1 X87.05 Y61.538 E602.00576
G0 F1920 X87.05 Y62.05
M204 S2000
M205 X30 Y30
G0 F3600 X87.55 Y62.55
M204 S500
M205 X10 Y10
;TYPE:WALL-OUTER
G1 F1200 X77.503 Y62.55 E602.44086
G1 X77.503 Y57.45 E602.66171
G1 X87.55 Y57.45 E603.09681
G1 X87.55 Y62.038 E603.29549
G0 F960 X87.55 Y62.55
M204 S2000
M205 X30 Y30
G0 F3600 X87.3 Y62.55
G0 X86.55 Y61.697
G1 F2700 E599.29549
;MESH:NONMESH
G0 F600 X86.55 Y61.697 Z13.05
G0 F3600 X78.023 Y58.649
G0 X76.588 Y58.649
G0 X41.412 Y58.649
G0 X39.977 Y58.649
G0 X37.774 Y58.649
;TIME_ELAPSED:809.338868
;LAYER:51
M204 S500
M205 X10 Y10
;TYPE:FILL
;MESH:temperaturetowerv2.stl
G1 F2700 E603.29549
G1 F2400 X36.65 Y59.773 E603.36433
G1 X36.438 Y59.985
M204 S2000
M205 X30 Y30
G0 F3600 X37.432 Y61.349
M204 S500
M205 X10 Y10
G1 F2400 X39.44 Y59.341 E603.48731
G1 X39.652 Y59.129
M204 S2000
M205 X30 Y30
G0 F3600 X39.64 Y61.55
M204 S500
M205 X10 Y10
;TYPE:WALL-INNER
G1 F720 X36.45 Y61.55 E603.62545
G1 X36.45 Y58.45 E603.7597
G1 X39.64 Y58.45 E603.89785
G1 X39.64 Y61.038 E604.00992
G0 F1920 X39.64 Y61.55
M204 S2000
M205 X30 Y30
G0 F3600 X40.14 Y62.05
M204 S500
M205 X10 Y10
G1 F2400 X35.95 Y62.05 E604.19137
G1 X35.95 Y57.95 E604.36893
G1 X40.14 Y57.95 E604.55038
G1 X40.14 Y61.538 E604.70576
G0 F1920 X40.14 Y62.05
M204 S2000
M205 X30 Y30
G0 F3600 X40.64 Y62.55
M204 S500
M205 X10 Y10
;TYPE:WALL-OUTER
G1 F1200 X35.45 Y62.55 E604.93052
G1 X35.45 Y57.45 E605.15137
G1 X40.64 Y57.45 E605.37613
G1 X40.64 Y62.038 E605.57482
G0 F960 X40.64 Y62.55
M204 S2000
M205 X30 Y30
G0 F3600 X40.39 Y62.55
G0 X39.64 Y61.697
G1 F2700 E601.57482
G0 F3600 X40.12 Y60.299
G0 X41.555 Y60.299
G0 X76.445 Y60.299
G0 X77.88 Y60.299
G0 X78.559 Y60.299
M204 S500
M205 X10 Y10
;TYPE:FILL
G1 F2700 E605.57482
G1 F2400 X80.208 Y58.65 E605.67581
G1 X80.42 Y58.438
M204 S2000
M205 X30 Y30
G0 F3600 X82.566 Y58.65
M204 S500
M205 X10 Y10
G1 F2400 X79.866 Y61.349 E605.84114
G1 X79.654 Y61.561
M204 S2000
M205 X30 Y30
G0 F3600 X82.223 Y61.349
M204 S500
M205 X10 Y10
G1 F2400 X84.923 Y58.65 E606.00646
G1 X85.135 Y58.438
M204 S2000
M205 X30 Y30
G0 F3600 X86.349 Y59.582
M204 S500
M205 X10 Y10
G1 F2400 X84.581 Y61.349 E606.11471
G1 X84.369 Y61.561
M204 S2000
M205 X30 Y30
G0 F3600 X86.55 Y61.55
M204 S500
M205 X10 Y10
;TYPE:WALL-INNER
G1 F2400 X78.36 Y61.55 E606.46938
G1 X78.36 Y58.45 E606.60363
G1 X86.55 Y58.45 E606.95831
G1 X86.55 Y61.038 E607.07038
G0 F1920 X86.55 Y61.55
M204 S2000
M205 X30 Y30
G0 F3600 X87.05 Y62.05
M204 S500
M205 X10 Y10
G1 F2400 X77.86 Y62.05 E607.46836
G1 X77.86 Y57.95 E607.64592
G1 X87.05 Y57.95 E608.04389
G1 X87.05 Y61.538 E608.19928
G0 F1920 X87.05 Y62.05
M204 S2000
M205 X30 Y30
G0 F3600 X87.55 Y62.55
M204 S500
M205 X10 Y10
;TYPE:WALL-OUTER
G1 F1200 X77.36 Y62.55 E608.64056
G1 X77.36 Y57.45 E608.86142
G1 X87.55 Y57.45 E609.30271
G1 X87.55 Y62.038 E609.50139
G0 F960 X87.55 Y62.55
M204 S2000
M205 X30 Y30
G0 F3600 X87.3 Y62.55
G0 X86.55 Y61.697
G1 F2700 E605.50139
;MESH:NONMESH
G0 F600 X86.55 Y61.697 Z13.3
G0 F3600 X77.88 Y58.649
G0 X76.445 Y58.649
G0 X41.555 Y58.649
G0 X40.12 Y58.649
G0 X37.432 Y58.649
;TIME_ELAPSED:818.707815
;LAYER:52
M204 S500
M205 X10 Y10
;TYPE:FILL
;MESH:temperaturetowerv2.stl
G1 F2700 E609.50139
G1 F2400 X39.597 Y60.814 E609.63399
G1 X39.809 Y61.026
M204 S2000
M205 X30 Y30
G0 F3600 X37.774 Y61.349
M204 S500
M205 X10 Y10
G1 F2400 X36.65 Y60.224 E609.70285
G1 X36.438 Y60.012
M204 S2000
M205 X30 Y30
G0 F3600 X39.797 Y61.55
M204 S500
M205 X10 Y10
;TYPE:WALL-INNER
G1 F720 X36.45 Y61.55 E609.8478
G1 X36.45 Y58.45 E609.98205
G1 X39.796 Y58.45 E610.12695
G1 X39.797 Y61.038 E610.23902
G0 F1920 X39.797 Y61.55
M204 S2000
M205 X30 Y30
G0 F3600 X40.297 Y62.05
M204 S500
M205 X10 Y10
G1 F2400 X35.95 Y62.05 E610.42727
G1 X35.95 Y57.95 E610.60483
G1 X40.296 Y57.95 E610.79303
G1 X40.297 Y61.538 E610.94841
G0 F1920 X40.297 Y62.05
M204 S2000
M205 X30 Y30
G0 F3600 X40.797 Y62.55
M204 S500
M205 X10 Y10
;TYPE:WALL-OUTER
G1 F1200 X35.45 Y62.55 E611.17997
G1 X35.45 Y57.45 E611.40083
G1 X40.796 Y57.45 E611.63234
G1 X40.797 Y62.038 E611.83103
G0 F960 X40.797 Y62.55
M204 S2000
M205 X30 Y30
G0 F3600 X40.547 Y62.55
G0 X39.796 Y61.696
G1 F2700 E607.83103
G0 F3600 X40.296 Y59.552
G0 X41.711 Y59.551
G0 X76.289 Y59.552
G0 X77.724 Y59.552
G0 X78.403 Y59.543
M204 S500
M205 X10 Y10
;TYPE:FILL
G1 F2700 E611.83103
G1 F2400 X80.209 Y61.349 E611.94163
G1 X80.421 Y61.561
M204 S2000
M205 X30 Y30
G0 F3600 X82.567 Y61.349
M204 S500
M205 X10 Y10
G1 F2400 X79.867 Y58.65 E612.10696
G1 X79.655 Y58.438
M204 S2000
M205 X30 Y30
G0 F3600 X82.225 Y58.65
M204 S500
M205 X10 Y10
G1 F2400 X84.924 Y61.349 E612.27226
G1 X85.136 Y61.561
M204 S2000
M205 X30 Y30
G0 F3600 X86.349 Y60.416
M204 S500
M205 X10 Y10
G1 F2400 X84.582 Y58.65 E612.38044
G1 X84.37 Y58.438
M204 S2000
M205 X30 Y30
G0 F3600 X86.55 Y61.55
M204 S500
M205 X10 Y10
;TYPE:WALL-INNER
G1 F2400 X78.204 Y61.55 E612.74187
G1 X78.204 Y58.45 E612.87612
G1 X86.55 Y58.45 E613.23755
G1 X86.55 Y61.038 E613.34963
G0 F1920 X86.55 Y61.55
M204 S2000
M205 X30 Y30
G0 F3600 X87.05 Y62.05
M204 S500
M205 X10 Y10
G1 F2400 X77.704 Y62.05 E613.75436
G1 X77.704 Y57.95 E613.93191
G1 X87.05 Y57.95 E614.33665
G1 X87.05 Y61.538 E614.49203
G0 F1920 X87.05 Y62.05
M204 S2000
M205 X30 Y30
G0 F3600 X87.55 Y62.55
M204 S500
M205 X10 Y10
;TYPE:WALL-OUTER
G1 F1200 X77.204 Y62.55 E614.94007
G1 X77.204 Y57.45 E615.16093
G1 X87.55 Y57.45 E615.60897
G1 X87.55 Y62.038 E615.80766
G0 F960 X87.55 Y62.55
M204 S2000
M205 X30 Y30
G0 F3600 X87.3 Y62.55
G0 X86.55 Y61.697
G1 F2700 E611.80766
;MESH:NONMESH
G0 F600 X86.55 Y61.697 Z13.55
G0 F3600 X77.724 Y58.649
G0 X76.289 Y58.649
G0 X41.711 Y58.657
G0 X40.296 Y58.658
G0 X37.774 Y58.649
;TIME_ELAPSED:828.227874
;LAYER:53
M204 S500
M205 X10 Y10
;TYPE:FILL
;MESH:temperaturetowerv2.stl
G1 F2700 E615.80766
G1 F2400 X36.65 Y59.773 E615.8765
G1 X36.438 Y59.985
M204 S2000
M205 X30 Y30
G0 F3600 X37.432 Y61.349
M204 S500
M205 X10 Y10
G1 F2400 X39.766 Y59.014 E616.01947
G1 X39.978 Y58.802
M204 S2000
M205 X30 Y30
G0 F3600 X39.967 Y61.55
M204 S500
M205 X10 Y10
;TYPE:WALL-INNER
G1 F720 X36.45 Y61.55 E616.17178
G1 X36.45 Y58.45 E616.30602
G1 X39.967 Y58.45 E616.45833
G1 X39.967 Y61.038 E616.57041
G0 F1920 X39.967 Y61.55
M204 S2000
M205 X30 Y30
G0 F3600 X40.467 Y62.05
M204 S500
M205 X10 Y10
G1 F2400 X35.95 Y62.05 E616.76602
G1 X35.95 Y57.95 E616.94357
G1 X40.467 Y57.95 E617.13918
G1 X40.467 Y61.538 E617.29456
G0 F1920 X40.467 Y62.05
M204 S2000
M205 X30 Y30
G0 F3600 X40.967 Y62.55
M204 S500
M205 X10 Y10
;TYPE:WALL-OUTER
G1 F1200 X35.45 Y62.55 E617.53348
G1 X35.45 Y57.45 E617.75434
G1 X40.967 Y57.45 E617.99326
G1 X40.967 Y62.038 E618.19195
G0 F960 X40.967 Y62.55
M204 S2000
M205 X30 Y30
G0 F3600 X40.717 Y62.55
G0 X39.967 Y61.697
G1 F2700 E614.19195
G0 F3600 X40.447 Y60.625
G0 X41.882 Y60.625
G0 X76.118 Y60.625
G0 X77.553 Y60.625
G0 X78.232 Y60.625
M204 S500
M205 X10 Y10
;TYPE:FILL
G1 F2700 E618.19195
G1 F2400 X80.209 Y58.649 E618.31299
G1 X80.421 Y58.437
M204 S2000
M205 X30 Y30
G0 F3600 X82.566 Y58.649
M204 S500
M205 X10 Y10
G1 F2400 X79.866 Y61.349 E618.47835
G1 X79.654 Y61.561
M204 S2000
M205 X30 Y30
G0 F3600 X82.223 Y61.349
M204 S500
M205 X10 Y10
G1 F2400 X84.924 Y58.649 E618.64374
G1 X85.136 Y58.437
M204 S2000
M205 X30 Y30
G0 F3600 X86.349 Y59.582
M204 S500
M205 X10 Y10
G1 F2400 X84.581 Y61.349 E618.75199
G1 X84.369 Y61.561
M204 S2000
M205 X30 Y30
G0 F3600 X86.55 Y61.55
M204 S500
M205 X10 Y10
;TYPE:WALL-INNER
G1 F2400 X78.033 Y61.55 E619.12082
G1 X78.033 Y58.45 E619.25507
G1 X86.55 Y58.45 E619.6239
G1 X86.55 Y61.038 E619.73598
G0 F1920 X86.55 Y61.55
M204 S2000
M205 X30 Y30
G0 F3600 X87.05 Y62.05
M204 S500
M205 X10 Y10
G1 F2400 X77.533 Y62.05 E620.14812
G1 X77.533 Y57.95 E620.32567
G1 X87.05 Y57.95 E620.73781
G1 X87.05 Y61.538 E620.8932
G0 F1920 X87.05 Y62.05
M204 S2000
M205 X30 Y30
G0 F3600 X87.55 Y62.55
M204 S500
M205 X10 Y10
;TYPE:WALL-OUTER
G1 F1200 X77.033 Y62.55 E621.34864
G1 X77.033 Y57.45 E621.5695
G1 X87.55 Y57.45 E622.02495
G1 X87.55 Y62.038 E622.22363
G0 F960 X87.55 Y62.55
M204 S2000
M205 X30 Y30
G0 F3600 X87.3 Y62.55
G0 X86.55 Y61.697
G1 F2700 E618.22363
;MESH:NONMESH
G0 F600 X86.55 Y61.697 Z13.8
G0 F3600 X77.553 Y58.649
G0 X76.118 Y58.649
G0 X41.882 Y58.649
G0 X40.447 Y58.649
G0 X37.432 Y58.649
;TIME_ELAPSED:837.776717
;LAYER:54
M204 S500
M205 X10 Y10
;TYPE:FILL
;MESH:temperaturetowerv2.stl
G1 F2700 E622.22363
G1 F2400 X39.953 Y61.171 E622.37806
G1 X40.165 Y61.383
M204 S2000
M205 X30 Y30
G0 F3600 X37.774 Y61.349
M204 S500
M205 X10 Y10
G1 F2400 X36.65 Y60.224 E622.44693
M204 S2000
M205 X30 Y30
G0 F3600 X36.572 Y60.147
M204 S500
M205 X10 Y10
G1 F2400 X36.398 Y59.973 E622.45759
M204 S2000
M205 X30 Y30
G0 F3600 X39.789 Y58.649
M204 S500
M205 X10 Y10
G1 F2400 X39.953 Y58.813 E622.46763
M204 S2000
M205 X30 Y30
G0 F3600 X36.45 Y59.697
M204 S500
M205 X10 Y10
;TYPE:WALL-INNER
G1 F720 X36.45 Y58.45 E622.52163
G1 X40.154 Y58.45 E622.68204
G1 X40.154 Y61.55 E622.81628
G1 X36.45 Y61.55 E622.97669
G1 X36.45 Y60.308 E623.03047
G1 X36.199 Y60.163 E623.04303
G1 X36.199 Y60.064 E623.04731
G0 F1920 X36.199 Y59.841
G0 X36.45 Y59.697
M204 S2000
M205 X30 Y30
G0 F3600 X35.95 Y59.407
M204 S500
M205 X10 Y10
G1 F2400 X35.95 Y57.95 E623.11041
G1 X40.654 Y57.95 E623.31412
G1 X40.654 Y62.05 E623.49167
G1 X35.95 Y62.05 E623.69538
G1 X35.95 Y60.597 E623.75831
G1 X35.699 Y60.452 E623.77086
G1 X35.699 Y59.774 E623.80022
G0 F1920 X35.699 Y59.551
G0 X35.95 Y59.407
M204 S2000
M205 X30 Y30
G0 F3600 X35.45 Y59.117
M204 S500
M205 X10 Y10
;TYPE:WALL-OUTER
G1 F1200 X35.45 Y57.45 E623.87241
G1 X41.154 Y57.45 E624.11943
G1 X41.154 Y62.55 E624.34029
G1 X35.45 Y62.55 E624.5873
G1 X35.45 Y60.886 E624.65936
G1 X35.199 Y60.741 E624.67192
G1 X35.199 Y59.484 E624.72635
G0 F960 X35.199 Y59.261
G0 X35.45 Y59.117
M204 S2000
M205 X30 Y30
G0 F3600 X35.45 Y58.867
G0 X36.45 Y58.867
G1 F2700 E620.72635
G0 F3600 X40.634 Y59.184
G0 X42.069 Y59.184
G0 X75.931 Y59.184
G0 X77.366 Y59.184
G0 X78.044 Y59.184
M204 S500
M205 X10 Y10
;TYPE:FILL
G1 F2700 E624.72635
G1 F2400 X80.209 Y61.349 E624.85895
G1 X80.421 Y61.561
M204 S2000
M205 X30 Y30
G0 F3600 X82.567 Y61.349
M204 S500
M205 X10 Y10
G1 F2400 X79.867 Y58.65 E625.02427
G1 X79.655 Y58.438
M204 S2000
M205 X30 Y30
G0 F3600 X82.225 Y58.65
M204 S500
M205 X10 Y10
G1 F2400 X84.924 Y61.349 E625.18957
G1 X85.136 Y61.561
M204 S2000
M205 X30 Y30
G0 F3600 X86.349 Y60.416
M204 S500
M205 X10 Y10
G1 F2400 X84.582 Y58.65 E625.29776
G1 X84.37 Y58.438
M204 S2000
M205 X30 Y30
G0 F3600 X86.55 Y61.55
M204 S500
M205 X10 Y10
;TYPE:WALL-INNER
G1 F2400 X77.846 Y61.55 E625.67469
G1 X77.846 Y58.45 E625.80894
G1 X86.55 Y58.45 E626.18587
G1 X86.55 Y61.038 E626.29794
G0 F1920 X86.55 Y61.55
M204 S2000
M205 X30 Y30
G0 F3600 X87.05 Y62.05
M204 S500
M205 X10 Y10
G1 F2400 X77.346 Y62.05 E626.71818
G1 X77.346 Y57.95 E626.89574
G1 X87.05 Y57.95 E627.31598
G1 X87.05 Y61.538 E627.47136
G0 F1920 X87.05 Y62.05
M204 S2000
M205 X30 Y30
G0 F3600 X87.55 Y62.55
M204 S500
M205 X10 Y10
;TYPE:WALL-OUTER
G1 F1200 X76.846 Y62.55 E627.9349
G1 X76.846 Y57.45 E628.15576
G1 X87.55 Y57.45 E628.61931
G1 X87.55 Y62.038 E628.81799
G0 F960 X87.55 Y62.55
M204 S2000
M205 X30 Y30
G0 F3600 X87.3 Y62.55
G0 X86.55 Y61.697
G1 F2700 E624.81799
;MESH:NONMESH
G0 F600 X86.55 Y61.697 Z14.05
G0 F3600 X77.366 Y58.648
G0 X75.931 Y58.648
G0 X42.069 Y58.648
G0 X40.634 Y58.648
G0 X37.775 Y58.648
;TIME_ELAPSED:847.824357
;LAYER:55
M204 S500
M205 X10 Y10
;TYPE:FILL
;MESH:temperaturetowerv2.stl
G1 F2700 E628.81799
G1 F2400 X36.256 Y60.167 E628.91102
G1 X36.044 Y60.379
M204 S2000
M205 X30 Y30
G0 F3600 X37.432 Y61.349
M204 S500
M205 X10 Y10
G1 F2400 X40.132 Y58.648 E629.07641
G1 X40.344 Y58.436
M204 S2000
M205 X30 Y30
G0 F3600 X40.157 Y60.981
M204 S500
M205 X10 Y10
G1 F2400 X39.789 Y61.349 E629.09895
M204 S2000
M205 X30 Y30
G0 F3600 X36.45 Y59.492
M204 S500
M205 X10 Y10
;TYPE:WALL-INNER
G1 F720 X36.45 Y58.45 E629.14407
G1 X40.358 Y58.45 E629.31331
G1 X40.358 Y61.55 E629.44756
G1 X36.45 Y61.55 E629.6168
G1 X36.45 Y60.511 E629.66179
G1 X35.842 Y60.161 E629.69217
G1 X35.842 Y59.841 E629.70603
G1 X36.006 Y59.746 E629.71424
G0 F1920 X36.45 Y59.492
M204 S2000
M205 X30 Y30
G0 F3600 X35.95 Y59.202
M204 S500
M205 X10 Y10
G1 F2400 X35.95 Y57.95 E629.76846
G1 X40.858 Y57.95 E629.981
G1 X40.858 Y62.05 E630.15855
G1 X35.95 Y62.05 E630.3711
G1 X35.95 Y60.8 E630.42523
G1 X35.342 Y60.45 E630.45561
G1 X35.342 Y59.551 E630.49454
G1 X35.506 Y59.456 E630.50275
G0 F1920 X35.95 Y59.202
M204 S2000
M205 X30 Y30
G0 F3600 X35.45 Y58.912
M204 S500
M205 X10 Y10
;TYPE:WALL-OUTER
G1 F1200 X35.45 Y57.45 E630.56606
G1 X41.358 Y57.45 E630.82192
G1 X41.358 Y62.55 E631.04277
G1 X35.45 Y62.55 E631.29862
G1 X35.45 Y61.089 E631.36189
G1 X34.842 Y60.739 E631.39228
G1 X34.842 Y59.261 E631.45628
G1 X35.006 Y59.166 E631.46449
G0 F960 X35.45 Y58.912
M204 S2000
M205 X30 Y30
G0 F3600 X35.45 Y58.662
G0 X36.45 Y58.662
G1 F2700 E627.46449
G0 F3600 X40.838 Y61.016
G0 X42.273 Y61.016
G0 X75.728 Y61.016
G0 X77.163 Y61.016
G0 X77.842 Y61.016
M204 S500
M205 X10 Y10
;TYPE:FILL
G1 F2700 E631.46449
G1 F2400 X80.208 Y58.65 E631.60939
G1 X80.42 Y58.438
M204 S2000
M205 X30 Y30
G0 F3600 X82.566 Y58.65
M204 S500
M205 X10 Y10
G1 F2400 X79.866 Y61.349 E631.77472
G1 X79.654 Y61.561
M204 S2000
M205 X30 Y30
G0 F3600 X82.223 Y61.349
M204 S500
M205 X10 Y10
G1 F2400 X84.923 Y58.65 E631.94004
G1 X85.135 Y58.438
M204 S2000
M205 X30 Y30
G0 F3600 X86.349 Y59.582
M204 S500
M205 X10 Y10
G1 F2400 X84.581 Y61.349 E632.04829
G1 X84.369 Y61.561
M204 S2000
M205 X30 Y30
G0 F3600 X86.55 Y61.55
M204 S500
M205 X10 Y10
;TYPE:WALL-INNER
G1 F2400 X77.643 Y61.55 E632.43402
G1 X77.643 Y58.45 E632.56826
G1 X86.55 Y58.45 E632.95399
G1 X86.55 Y61.038 E633.06606
G0 F1920 X86.55 Y61.55
M204 S2000
M205 X30 Y30
G0 F3600 X87.05 Y62.05
M204 S500
M205 X10 Y10
G1 F2400 X77.143 Y62.05 E633.49509
G1 X77.143 Y57.95 E633.67265
G1 X87.05 Y57.95 E634.10168
G1 X87.05 Y61.538 E634.25706
G0 F1920 X87.05 Y62.05
M204 S2000
M205 X30 Y30
G0 F3600 X87.55 Y62.55
M204 S500
M205 X10 Y10
;TYPE:WALL-OUTER
G1 F1200 X76.643 Y62.55 E634.72939
G1 X76.643 Y57.45 E634.95025
G1 X87.55 Y57.45 E635.42259
G1 X87.55 Y62.038 E635.62128
G0 F960 X87.55 Y62.55
M204 S2000
M205 X30 Y30
G0 F3600 X87.3 Y62.55
G0 X86.55 Y61.697
G1 F2700 E631.62128
;MESH:NONMESH
G0 F600 X86.55 Y61.697 Z14.3
G0 F3600 X77.163 Y58.649
G0 X75.728 Y58.649
G0 X42.273 Y58.649
G0 X40.838 Y58.649
G0 X37.432 Y58.649
;TIME_ELAPSED:858.048325
;LAYER:56
M204 S500
M205 X10 Y10
;TYPE:FILL
;MESH:temperaturetowerv2.stl
G1 F2700 E635.62128
G1 F2400 X40.131 Y61.349 E635.7866
G1 X40.343 Y61.561
M204 S2000
M205 X30 Y30
G0 F3600 X40.379 Y59.239
M204 S500
M205 X10 Y10
G1 F2400 X39.789 Y58.649 E635.82274
M204 S2000
M205 X30 Y30
G0 F3600 X37.774 Y61.349
M204 S500
M205 X10 Y10
G1 F2400 X36.128 Y59.703 E635.92354
G1 X35.916 Y59.491
M204 S2000
M205 X30 Y30
G0 F3600 X36.45 Y59.288
M204 S500
M205 X10 Y10
;TYPE:WALL-INNER
G1 F720 X36.45 Y58.45 E635.95983
G1 X40.579 Y58.45 E636.13864
G1 X40.579 Y61.55 E636.27289
G1 X36.45 Y61.55 E636.4517
G1 X36.45 Y60.715 E636.48786
G1 X35.485 Y60.16 E636.53607
G1 X35.485 Y59.841 E636.54988
G1 X36.006 Y59.542 E636.5759
G0 F1920 X36.45 Y59.288
M204 S2000
M205 X30 Y30
G0 F3600 X35.95 Y58.998
M204 S500
M205 X10 Y10
G1 F2400 X35.95 Y57.95 E636.62128
G1 X41.079 Y57.95 E636.8434
G1 X41.079 Y62.05 E637.02095
G1 X35.95 Y62.05 E637.24307
G1 X35.95 Y61.004 E637.28836
G1 X34.985 Y60.449 E637.33657
G1 X34.985 Y59.551 E637.37546
G1 X35.506 Y59.252 E637.40147
G0 F1920 X35.95 Y58.998
M204 S2000
M205 X30 Y30
G0 F3600 X35.45 Y58.708
M204 S500
M205 X10 Y10
;TYPE:WALL-OUTER
G1 F1200 X35.45 Y57.45 E637.45595
G1 X41.579 Y57.45 E637.72137
G1 X41.579 Y62.55 E637.94223
G1 X35.45 Y62.55 E638.20765
G1 X35.45 Y61.293 E638.26209
G1 X34.485 Y60.739 E638.31028
G1 X34.485 Y59.261 E638.37428
G1 X35.006 Y58.962 E638.4003
G0 F960 X35.45 Y58.708
M204 S2000
M205 X30 Y30
G0 F3600 X35.45 Y58.458
G0 X36.45 Y58.458
G1 F2700 E634.4003
G0 F3600 X41.059 Y58.76
G0 X42.494 Y58.76
G0 X75.506 Y58.76
G0 X76.941 Y58.76
G0 X77.62 Y58.76
M204 S500
M205 X10 Y10
;TYPE:FILL
G1 F2700 E638.4003
G1 F2400 X80.209 Y61.349 E638.55886
G1 X80.421 Y61.561
M204 S2000
M205 X30 Y30
G0 F3600 X77.852 Y61.349
M204 S500
M205 X10 Y10
G1 F2400 X77.62 Y61.118 E638.57303
M204 S2000
M205 X30 Y30
G0 F3600 X79.867 Y58.65
M204 S500
M205 X10 Y10
G1 F2400 X82.567 Y61.349 E638.73836
G1 X82.779 Y61.561
M204 S2000
M205 X30 Y30
G0 F3600 X84.924 Y61.349
M204 S500
M205 X10 Y10
G1 F2400 X82.225 Y58.65 E638.90366
G1 X82.013 Y58.438
M204 S2000
M205 X30 Y30
G0 F3600 X84.582 Y58.65
M204 S500
M205 X10 Y10
G1 F2400 X86.349 Y60.416 E639.01184
G1 X86.561 Y60.628
M204 S2000
M205 X30 Y30
G0 F3600 X86.55 Y61.55
M204 S500
M205 X10 Y10
;TYPE:WALL-INNER
G1 F2400 X77.421 Y61.55 E639.40718
G1 X77.421 Y58.45 E639.54143
G1 X86.55 Y58.45 E639.93677
G1 X86.55 Y61.038 E640.04884
G0 F1920 X86.55 Y61.55
M204 S2000
M205 X30 Y30
G0 F3600 X87.05 Y62.05
M204 S500
M205 X10 Y10
G1 F2400 X76.921 Y62.05 E640.48749
G1 X76.921 Y57.95 E640.66504
G1 X87.05 Y57.95 E641.10368
G1 X87.05 Y61.538 E641.25906
G0 F1920 X87.05 Y62.05
M204 S2000
M205 X30 Y30
G0 F3600 X87.55 Y62.55
M204 S500
M205 X10 Y10
;TYPE:WALL-OUTER
G1 F1200 X76.421 Y62.55 E641.74101
G1 X76.421 Y57.45 E641.96187
G1 X87.55 Y57.45 E642.44382
G1 X87.55 Y62.038 E642.64251
G0 F960 X87.55 Y62.55
M204 S2000
M205 X30 Y30
G0 F3600 X87.3 Y62.55
G0 X86.55 Y61.697
G1 F2700 E638.64251
;MESH:NONMESH
G0 F600 X86.55 Y61.697 Z14.55
G0 F3600 X76.941 Y58.649
G0 X75.506 Y58.649
G0 X42.494 Y58.649
G0 X41.059 Y58.649
G0 X37.774 Y58.649
;TIME_ELAPSED:868.511561
;LAYER:57
M204 S500
M205 X10 Y10
;TYPE:FILL
;MESH:temperaturetowerv2.stl
G1 F2700 E642.64251
G1 F2400 X35.995 Y60.427 E642.75143
G1 X35.783 Y60.639
M204 S2000
M205 X30 Y30
G0 F3600 X37.432 Y61.349
M204 S500
M205 X10 Y10
G1 F2400 X40.131 Y58.649 E642.91676
G1 X40.343 Y58.437
M204 S2000
M205 X30 Y30
G0 F3600 X40.621 Y60.517
M204 S500
M205 X10 Y10
G1 F2400 X39.789 Y61.349 E642.96771
G1 X39.577 Y61.561
M204 S2000
M205 X30 Y30
G0 F3600 X36.45 Y59.083
M204 S500
M205 X10 Y10
;TYPE:WALL-INNER
G1 F2400 X36.45 Y58.45 E642.99513
G1 X40.821 Y58.45 E643.18442
G1 X40.821 Y61.55 E643.31866
G1 X36.45 Y61.55 E643.50795
G1 X36.45 Y60.92 E643.53523
G1 X35.128 Y60.16 E643.60127
G1 X35.128 Y59.841 E643.61509
G1 X36.006 Y59.337 E643.65893
G0 F1920 X36.45 Y59.083
M204 S2000
M205 X30 Y30
G0 F3600 X35.95 Y58.793
M204 S500
M205 X10 Y10
G1 F2400 X35.95 Y57.95 E643.69543
G1 X41.321 Y57.95 E643.92803
G1 X41.321 Y62.05 E644.10558
G1 X35.95 Y62.05 E644.33818
G1 X35.95 Y61.209 E644.3746
G1 X34.628 Y60.449 E644.44063
G1 X34.628 Y59.551 E644.47952
G1 X35.506 Y59.047 E644.52336
G0 F1920 X35.95 Y58.793
M204 S2000
M205 X30 Y30
G0 F3600 X35.45 Y58.503
M204 S500
M205 X10 Y10
;TYPE:WALL-OUTER
G1 F1200 X35.45 Y57.45 E644.56897
G1 X41.821 Y57.45 E644.84487
G1 X41.821 Y62.55 E645.06573
G1 X35.45 Y62.55 E645.34163
G1 X35.45 Y61.498 E645.38718
G1 X34.128 Y60.739 E645.4532
G1 X34.128 Y59.261 E645.5172
G1 X35.006 Y58.757 E645.56105
G0 F960 X35.45 Y58.503
M204 S2000
M205 X30 Y30
G0 F3600 X35.45 Y58.253
G0 X36.45 Y58.45
G1 F2700 E641.56105
G0 F3600 X41.301 Y59.122
G0 X42.736 Y59.122
G0 X75.264 Y59.122
G0 X76.699 Y59.122
G0 X77.378 Y59.122
M204 S500
M205 X10 Y10
;TYPE:FILL
G1 F2700 E645.56105
G1 F2400 X77.851 Y58.65 E645.58998
M204 S2000
M205 X30 Y30
G0 F3600 X80.208 Y58.65
M204 S500
M205 X10 Y10
G1 F2400 X77.508 Y61.349 E645.75531
G1 X77.296 Y61.561
M204 S2000
M205 X30 Y30
G0 F3600 X79.866 Y61.349
M204 S500
M205 X10 Y10
G1 F2400 X82.566 Y58.65 E645.92064
G1 X82.778 Y58.438
M204 S2000
M205 X30 Y30
G0 F3600 X84.923 Y58.65
M204 S500
M205 X10 Y10
G1 F2400 X82.223 Y61.349 E646.08596
G1 X82.011 Y61.561
M204 S2000
M205 X30 Y30
G0 F3600 X84.581 Y61.349
M204 S500
M205 X10 Y10
G1 F2400 X86.349 Y59.582 E646.19421
G1 X86.561 Y59.37
M204 S2000
M205 X30 Y30
G0 F3600 X86.55 Y61.55
M204 S500
M205 X10 Y10
;TYPE:WALL-INNER
G1 F2400 X77.179 Y61.55 E646.60003
G1 X77.179 Y58.45 E646.73428
G1 X86.55 Y58.45 E647.1401
G1 X86.55 Y61.038 E647.25217
G0 F1920 X86.55 Y61.55
M204 S2000
M205 X30 Y30
G0 F3600 X87.05 Y62.05
M204 S500
M205 X10 Y10
G1 F2400 X76.679 Y62.05 E647.7013
G1 X76.679 Y57.95 E647.87885
G1 X87.05 Y57.95 E648.32797
G1 X87.05 Y61.538 E648.48335
G0 F1920 X87.05 Y62.05
M204 S2000
M205 X30 Y30
G0 F3600 X87.55 Y62.55
M204 S500
M205 X10 Y10
;TYPE:WALL-OUTER
G1 F1200 X76.179 Y62.55 E648.97578
G1 X76.179 Y57.45 E649.19664
G1 X87.55 Y57.45 E649.68907
G1 X87.55 Y62.038 E649.88776
G0 F960 X87.55 Y62.55
M204 S2000
M205 X30 Y30
G0 F3600 X87.3 Y62.55
G0 X86.55 Y61.697
G1 F2700 E645.88776
;MESH:NONMESH
G0 F600 X86.55 Y61.697 Z14.8
G0 F3600 X76.699 Y59.442
G0 X75.264 Y59.442
G0 X42.736 Y59.442
G0 X41.301 Y59.442
G0 X35.867 Y59.442
;TIME_ELAPSED:878.613981
;LAYER:58
M204 S500
M205 X10 Y10
;TYPE:FILL
;MESH:temperaturetowerv2.stl
G1 F2700 E649.88776
G1 F2400 X37.774 Y61.349 E650.00455
G1 X37.986 Y61.561
M204 S2000
M205 X30 Y30
G0 F3600 X40.131 Y61.349
M204 S500
M205 X10 Y10
G1 F2400 X37.432 Y58.649 E650.16988
G1 X37.22 Y58.437
M204 S2000
M205 X30 Y30
G0 F3600 X39.789 Y58.649
M204 S500
M205 X10 Y10
G1 F2400 X40.887 Y59.746 E650.23709
G1 X41.099 Y59.958
M204 S2000
M205 X30 Y30
G0 F3600 X36.45 Y58.878
M204 S500
M205 X10 Y10
;TYPE:WALL-INNER
G1 F2400 X36.45 Y58.45 E650.25563
G1 X41.087 Y58.45 E650.45644
G1 X41.087 Y61.55 E650.59068
G1 X36.45 Y61.55 E650.79149
G1 X36.45 Y61.125 E650.8099
G1 X34.771 Y60.159 E650.89378
G1 X34.771 Y59.841 E650.90755
G1 X36.006 Y59.132 E650.96922
G0 F1920 X36.45 Y58.878
M204 S2000
M205 X30 Y30
G0 F3600 X35.95 Y58.588
M204 S500
M205 X10 Y10
G1 F2400 X35.95 Y57.95 E650.99685
G1 X41.587 Y57.95 E651.24097
G1 X41.587 Y62.05 E651.41852
G1 X35.95 Y62.05 E651.66263
G1 X35.95 Y61.414 E651.69018
G1 X34.271 Y60.449 E651.77404
G1 X34.271 Y59.551 E651.81293
G1 X35.506 Y58.842 E651.8746
G0 F1920 X35.95 Y58.588
M204 S2000
M205 X30 Y30
G0 F3600 X35.45 Y58.298
M204 S500
M205 X10 Y10
;TYPE:WALL-OUTER
G1 F1200 X35.45 Y57.45 E651.91132
G1 X42.087 Y57.45 E652.19874
G1 X42.087 Y62.55 E652.4196
G1 X35.45 Y62.55 E652.70702
G1 X35.45 Y61.703 E652.7437
G1 X33.771 Y60.739 E652.82754
G1 X33.771 Y59.261 E652.89155
G1 X35.006 Y58.552 E652.95322
G0 F960 X35.45 Y58.298
M204 S2000
M205 X30 Y30
G0 F3600 X35.45 Y58.048
G0 X36.45 Y58.45
G1 F2700 E648.95322
G0 F3600 X41.567 Y60.609
G0 X43.002 Y60.609
G0 X74.998 Y60.609
G0 X76.433 Y60.609
G0 X77.112 Y60.609
M204 S500
M205 X10 Y10
;TYPE:FILL
G1 F2700 E652.95322
G1 F2400 X77.852 Y61.349 E652.99854
G1 X78.064 Y61.561
M204 S2000
M205 X30 Y30
G0 F3600 X80.209 Y61.349
M204 S500
M205 X10 Y10
G1 F2400 X77.51 Y58.65 E653.16384
G1 X77.298 Y58.438
M204 S2000
M205 X30 Y30
G0 F3600 X79.867 Y58.65
M204 S500
M205 X10 Y10
G1 F2400 X82.567 Y61.349 E653.32916
G1 X82.779 Y61.561
M204 S2000
M205 X30 Y30
G0 F3600 X84.924 Y61.349
M204 S500
M205 X10 Y10
G1 F2400 X82.225 Y58.65 E653.49446
G1 X82.013 Y58.438
M204 S2000
M205 X30 Y30
G0 F3600 X84.582 Y58.65
M204 S500
M205 X10 Y10
G1 F2400 X86.349 Y60.416 E653.60265
G1 X86.561 Y60.628
M204 S2000
M205 X30 Y30
G0 F3600 X86.55 Y61.55
M204 S500
M205 X10 Y10
;TYPE:WALL-INNER
G1 F2400 X76.913 Y61.55 E654.01998
G1 X76.913 Y58.45 E654.15423
G1 X86.55 Y58.45 E654.57157
G1 X86.55 Y61.038 E654.68364
G0 F1920 X86.55 Y61.55
M204 S2000
M205 X30 Y30
G0 F3600 X87.05 Y62.05
M204 S500
M205 X10 Y10
G1 F2400 X76.413 Y62.05 E655.14429
G1 X76.413 Y57.95 E655.32184
G1 X87.05 Y57.95 E655.78248
G1 X87.05 Y61.538 E655.93787
G0 F1920 X87.05 Y62.05
M204 S2000
M205 X30 Y30
G0 F3600 X87.55 Y62.55
M204 S500
M205 X10 Y10
;TYPE:WALL-OUTER
G1 F1200 X75.913 Y62.55 E656.44181
G1 X75.913 Y57.45 E656.66267
G1 X87.55 Y57.45 E657.16662
G1 X87.55 Y62.038 E657.36531
G0 F960 X87.55 Y62.55
M204 S2000
M205 X30 Y30
G0 F3600 X87.3 Y62.55
G0 X86.55 Y61.697
G1 F2700 E653.36531
;MESH:NONMESH
G0 F600 X86.55 Y61.697 Z15.05
G0 F3600 X76.433 Y58.649
G0 X74.998 Y58.649
G0 X43.002 Y58.649
G0 X41.567 Y58.649
G0 X37.774 Y58.649
;TIME_ELAPSED:888.849019
;LAYER:59
M204 S500
M205 X10 Y10
;TYPE:FILL
;MESH:temperaturetowerv2.stl
G1 F2700 E657.36531
G1 F2400 X35.735 Y60.688 E657.49018
G1 X35.523 Y60.9
M204 S2000
M205 X30 Y30
G0 F3600 X37.432 Y61.349
M204 S500
M205 X10 Y10
G1 F2400 X40.131 Y58.649 E657.65551
G1 X40.343 Y58.437
M204 S2000
M205 X30 Y30
G0 F3600 X41.182 Y59.956
M204 S500
M205 X10 Y10
G1 F2400 X39.789 Y61.349 E657.74082
G1 X39.577 Y61.561
M204 S2000
M205 X30 Y30
G0 F3600 X36.45 Y58.673
M204 S500
M205 X10 Y10
;TYPE:WALL-INNER
G1 F2400 X36.45 Y58.45 E657.75048
G1 X41.383 Y58.45 E657.96411
G1 X41.383 Y61.55 E658.09836
G1 X36.45 Y61.55 E658.31198
G1 X36.45 Y61.33 E658.32151
G1 X34.414 Y60.159 E658.42322
G1 X34.414 Y59.841 E658.437
G1 X36.006 Y58.927 E658.51649
G0 F1920 X36.45 Y58.673
M204 S2000
M205 X30 Y30
G0 F3600 X35.95 Y58.383
M204 S500
M205 X10 Y10
G1 F2400 X35.95 Y57.95 E658.53524
G1 X41.883 Y57.95 E658.79218
G1 X41.883 Y62.05 E658.96973
G1 X35.95 Y62.05 E659.22666
G1 X35.95 Y61.619 E659.24533
G1 X33.914 Y60.449 E659.34702
G1 X33.914 Y59.551 E659.38591
G1 X35.506 Y58.637 E659.46541
G0 F1920 X35.95 Y58.383
M204 S2000
M205 X30 Y30
G0 F3600 X35.45 Y58.093
M204 S500
M205 X10 Y10
;TYPE:WALL-OUTER
G1 F1200 X35.45 Y57.45 E659.49325
G1 X42.383 Y57.45 E659.79349
G1 X42.383 Y62.55 E660.01435
G1 X35.45 Y62.55 E660.31459
G1 X35.45 Y61.908 E660.34239
G1 X33.414 Y60.739 E660.44406
G1 X33.414 Y59.261 E660.50807
G1 X35.006 Y58.347 E660.58756
G0 F960 X35.45 Y58.093
M204 S2000
M205 X30 Y30
G0 F3600 X35.45 Y57.843
G0 X36.45 Y58.303
G1 F2700 E656.58756
G0 F3600 X41.863 Y59.684
G0 X43.298 Y59.684
G0 X74.702 Y59.684
G0 X76.137 Y59.684
G0 X76.816 Y59.684
M204 S500
M205 X10 Y10
;TYPE:FILL
G1 F2700 E660.58756
G1 F2400 X77.851 Y58.649 E660.65095
G1 X78.063 Y58.437
M204 S2000
M205 X30 Y30
G0 F3600 X80.209 Y58.649
M204 S500
M205 X10 Y10
G1 F2400 X77.508 Y61.349 E660.81634
G1 X77.296 Y61.561
M204 S2000
M205 X30 Y30
G0 F3600 X79.866 Y61.349
M204 S500
M205 X10 Y10
G1 F2400 X82.566 Y58.649 E660.9817
G1 X82.778 Y58.437
M204 S2000
M205 X30 Y30
G0 F3600 X84.924 Y58.649
M204 S500
M205 X10 Y10
G1 F2400 X82.223 Y61.349 E661.14708
G1 X82.011 Y61.561
M204 S2000
M205 X30 Y30
G0 F3600 X84.581 Y61.349
M204 S500
M205 X10 Y10
G1 F2400 X86.349 Y59.582 E661.25533
G1 X86.561 Y59.37
M204 S2000
M205 X30 Y30
G0 F3600 X86.55 Y61.55
M204 S500
M205 X10 Y10
;TYPE:WALL-INNER
G1 F2400 X76.617 Y61.55 E661.68549
G1 X76.617 Y58.45 E661.81974
G1 X86.55 Y58.45 E662.24989
G1 X86.55 Y61.038 E662.36197
G0 F1920 X86.55 Y61.55
M204 S2000
M205 X30 Y30
G0 F3600 X87.05 Y62.05
M204 S500
M205 X10 Y10
G1 F2400 X76.117 Y62.05 E662.83543
G1 X76.117 Y57.95 E663.01298
G1 X87.05 Y57.95 E663.48644
G1 X87.05 Y61.538 E663.64182
G0 F1920 X87.05 Y62.05
M204 S2000
M205 X30 Y30
G0 F3600 X87.55 Y62.55
M204 S500
M205 X10 Y10
;TYPE:WALL-OUTER
G1 F1200 X75.617 Y62.55 E664.15859
G1 X75.617 Y57.45 E664.37945
G1 X87.55 Y57.45 E664.89622
G1 X87.55 Y62.038 E665.09491
G0 F960 X87.55 Y62.55
M204 S2000
M205 X30 Y30
G0 F3600 X87.3 Y62.55
G0 X86.55 Y61.697
G1 F2700 E661.09491
;MESH:NONMESH
G0 F600 X86.55 Y61.697 Z15.3
G0 F3600 X76.137 Y59.182
G0 X74.702 Y59.182
G0 X43.298 Y59.182
G0 X41.863 Y59.182
G0 X35.607 Y59.182
;TIME_ELAPSED:899.281618
;LAYER:60
M204 S500
M205 X10 Y10
;TYPE:FILL
;MESH:temperaturetowerv2.stl
G1 F2700 E665.09491
G1 F2400 X37.774 Y61.349 E665.22762
G1 X37.986 Y61.561
M204 S2000
M205 X30 Y30
G0 F3600 X40.131 Y61.349
M204 S500
M205 X10 Y10
G1 F2400 X37.432 Y58.649 E665.39295
G1 X37.22 Y58.437
M204 S2000
M205 X30 Y30
G0 F3600 X39.789 Y58.649
M204 S500
M205 X10 Y10
G1 F2400 X41.51 Y60.37 E665.49835
G1 X41.722 Y60.582
M204 S2000
M205 X30 Y30
G0 F3600 X36.45 Y58.469
M204 S500
M205 X10 Y10
;TYPE:WALL-INNER
G1 F2400 X36.45 Y58.45 E665.49917
G1 X41.711 Y58.45 E665.727
G1 X41.711 Y61.55 E665.86125
G1 X36.45 Y61.55 E666.08908
G1 X36.45 Y61.532 E666.08986
G1 X34.057 Y60.159 E666.20934
G1 X34.057 Y59.841 E666.22311
G1 X36.006 Y58.723 E666.32041
G0 F1920 X36.45 Y58.469
M204 S2000
M205 X30 Y30
G0 F3600 X35.95 Y58.179
M204 S500
M205 X10 Y10
G1 F2400 X35.95 Y57.95 E666.33033
G1 X42.211 Y57.95 E666.60147
G1 X42.211 Y62.05 E666.77902
G1 X35.95 Y62.05 E667.05016
G1 X35.95 Y61.822 E667.06003
G1 X33.557 Y60.449 E667.17951
G1 X33.557 Y59.551 E667.2184
G1 X35.506 Y58.433 E667.3157
G0 F1920 X35.95 Y58.179
M204 S2000
M205 X30 Y30
G0 F3600 X35.45 Y57.889
M204 S500
M205 X10 Y10
;TYPE:WALL-OUTER
G1 F1200 X35.45 Y57.45 E667.33471
G1 X42.711 Y57.45 E667.64915
G1 X42.711 Y62.55 E667.87001
G1 X35.45 Y62.55 E668.18445
G1 X35.45 Y62.112 E668.20342
G1 X33.057 Y60.739 E668.3229
G1 X33.057 Y59.261 E668.38691
G1 X35.006 Y58.143 E668.48421
G0 F960 X35.45 Y57.889
M204 S2000
M205 X30 Y30
G0 F3600 X35.45 Y57.639
G0 X36.303 Y58.45
G1 F2700 E664.48421
G0 F3600 X42.191 Y59.985
G0 X43.626 Y59.985
G0 X74.374 Y59.985
G0 X75.809 Y59.985
G0 X76.487 Y59.985
M204 S500
M205 X10 Y10
;TYPE:FILL
G1 F2700 E668.48421
G1 F2400 X77.852 Y61.349 E668.56778
G1 X78.064 Y61.561
M204 S2000
M205 X30 Y30
G0 F3600 X80.209 Y61.349
M204 S500
M205 X10 Y10
G1 F2400 X77.51 Y58.65 E668.73307
G1 X77.298 Y58.438
M204 S2000
M205 X30 Y30
G0 F3600 X79.867 Y58.65
M204 S500
M205 X10 Y10
G1 F2400 X82.567 Y61.349 E668.8984
G1 X82.779 Y61.561
M204 S2000
M205 X30 Y30
G0 F3600 X84.924 Y61.349
M204 S500
M205 X10 Y10
G1 F2400 X82.225 Y58.65 E669.0637
G1 X82.013 Y58.438
M204 S2000
M205 X30 Y30
G0 F3600 X84.582 Y58.65
M204 S500
M205 X10 Y10
G1 F2400 X86.349 Y60.416 E669.17188
G1 X86.561 Y60.628
M204 S2000
M205 X30 Y30
G0 F3600 X86.55 Y61.55
M204 S500
M205 X10 Y10
;TYPE:WALL-INNER
G1 F2400 X76.289 Y61.55 E669.61624
G1 X76.289 Y58.45 E669.75049
G1 X86.55 Y58.45 E670.19485
G1 X86.55 Y61.038 E670.30693
G0 F1920 X86.55 Y61.55
M204 S2000
M205 X30 Y30
G0 F3600 X87.05 Y62.05
M204 S500
M205 X10 Y10
G1 F2400 X75.789 Y62.05 E670.79459
G1 X75.789 Y57.95 E670.97214
G1 X87.05 Y57.95 E671.45981
G1 X87.05 Y61.538 E671.61519
G0 F1920 X87.05 Y62.05
M204 S2000
M205 X30 Y30
G0 F3600 X87.55 Y62.55
M204 S500
M205 X10 Y10
;TYPE:WALL-OUTER
G1 F1200 X75.289 Y62.55 E672.14616
G1 X75.289 Y57.45 E672.36702
G1 X87.55 Y57.45 E672.89799
G1 X87.55 Y62.038 E673.09668
G0 F960 X87.55 Y62.55
M204 S2000
M205 X30 Y30
G0 F3600 X87.3 Y62.55
G0 X86.55 Y61.697
G1 F2700 E669.09668
;MESH:NONMESH
G0 F600 X86.55 Y61.697 Z15.55
G0 F3600 X75.809 Y59.672
G0 X74.374 Y59.672
G0 X43.626 Y59.672
G0 X42.191 Y59.672
G0 X34.394 Y59.672
;TIME_ELAPSED:909.894478
;LAYER:61
M204 S500
M205 X10 Y10
;TYPE:FILL
;MESH:temperaturetowerv2.stl
G1 F2700 E673.09668
G1 F2400 X33.978 Y60.087 E673.12213
M204 S2000
M205 X30 Y30
G0 F3600 X35.476 Y60.947
M204 S500
M205 X10 Y10
G1 F2400 X37.774 Y58.649 E673.26287
G1 X37.986 Y58.437
M204 S2000
M205 X30 Y30
G0 F3600 X40.131 Y58.649
M204 S500
M205 X10 Y10
G1 F2400 X37.432 Y61.349 E673.42819
G1 X37.22 Y61.561
M204 S2000
M205 X30 Y30
G0 F3600 X39.789 Y61.349
M204 S500
M205 X10 Y10
G1 F2400 X41.878 Y59.26 E673.55613
G1 X42.09 Y59.048
M204 S2000
M205 X30 Y30
G0 F3600 X42.078 Y61.55
M204 S500
M205 X10 Y10
;TYPE:WALL-INNER
G1 F2400 X36.124 Y61.55 E673.81397
G1 X33.7 Y60.159 E673.935
G1 X33.7 Y59.84 E673.94882
G1 X36.125 Y58.45 E674.06986
G1 X42.078 Y58.45 E674.32766
G1 X42.078 Y61.038 E674.43973
G0 F1920 X42.078 Y61.55
M204 S2000
M205 X30 Y30
G0 F3600 X36.036 Y58.024
G0 X35.95 Y57.974
M204 S500
M205 X10 Y10
G1 F2400 X35.95 Y57.95 E674.44077
G1 X42.578 Y57.95 E674.7278
G1 X42.578 Y62.05 E674.90536
G1 X35.95 Y62.05 E675.19239
G1 X35.95 Y62.027 E675.19338
G1 X33.2 Y60.449 E675.33069
G1 X33.2 Y59.55 E675.36962
G1 X35.506 Y58.228 E675.48473
G0 F1920 X35.95 Y57.974
M204 S2000
M205 X30 Y30
G0 F3600 X35.45 Y57.684
M204 S500
M205 X10 Y10
;TYPE:WALL-OUTER
G1 F1200 X35.45 Y57.45 E675.49486
G1 X43.078 Y57.45 E675.8252
G1 X43.078 Y62.55 E676.04606
G1 X35.45 Y62.55 E676.3764
G1 X35.45 Y62.317 E676.38649
G1 X32.7 Y60.739 E676.52379
G1 X32.7 Y59.26 E676.58784
G1 X35.006 Y57.938 E676.70295
G0 F960 X35.45 Y57.684
M204 S2000
M205 X30 Y30
G0 F3600 X35.45 Y57.45
G0 X35.466 Y57.45
G0 X36.058 Y58.487
G1 F2700 E672.70295
G0 F3600 X42.558 Y60.379
G0 X43.993 Y60.379
G0 X74.007 Y60.379
G0 X75.442 Y60.379
G0 X76.121 Y60.379
M204 S500
M205 X10 Y10
;TYPE:FILL
G1 F2700 E676.70295
G1 F2400 X77.851 Y58.65 E676.80887
G1 X78.063 Y58.438
M204 S2000
M205 X30 Y30
G0 F3600 X80.208 Y58.65
M204 S500
M205 X10 Y10
G1 F2400 X77.508 Y61.349 E676.9742
G1 X77.296 Y61.561
M204 S2000
M205 X30 Y30
G0 F3600 X79.866 Y61.349
M204 S500
M205 X10 Y10
G1 F2400 X82.566 Y58.65 E677.13952
G1 X82.778 Y58.438
M204 S2000
M205 X30 Y30
G0 F3600 X84.923 Y58.65
M204 S500
M205 X10 Y10
G1 F2400 X82.223 Y61.349 E677.30485
G1 X82.011 Y61.561
M204 S2000
M205 X30 Y30
G0 F3600 X84.581 Y61.349
M204 S500
M205 X10 Y10
G1 F2400 X86.349 Y59.582 E677.4131
G1 X86.561 Y59.37
M204 S2000
M205 X30 Y30
G0 F3600 X86.55 Y61.55
M204 S500
M205 X10 Y10
;TYPE:WALL-INNER
G1 F2400 X75.922 Y61.55 E677.87335
G1 X75.922 Y58.45 E678.0076
G1 X86.55 Y58.45 E678.46785
G1 X86.55 Y61.038 E678.57993
G0 F1920 X86.55 Y61.55
M204 S2000
M205 X30 Y30
G0 F3600 X87.05 Y62.05
M204 S500
M205 X10 Y10
G1 F2400 X75.422 Y62.05 E679.08349
G1 X75.422 Y57.95 E679.26104
G1 X87.05 Y57.95 E679.7646
G1 X87.05 Y61.538 E679.91998
G0 F1920 X87.05 Y62.05
M204 S2000
M205 X30 Y30
G0 F3600 X87.55 Y62.55
M204 S500
M205 X10 Y10
;TYPE:WALL-OUTER
G1 F1200 X74.922 Y62.55 E680.46685
G1 X74.922 Y57.45 E680.6877
G1 X87.55 Y57.45 E681.23457
G1 X87.55 Y62.038 E681.43326
G0 F960 X87.55 Y62.55
M204 S2000
M205 X30 Y30
G0 F3600 X87.3 Y62.55
G0 X86.55 Y61.697
G1 F2700 E677.43326
;MESH:NONMESH
G0 F600 X86.55 Y61.697 Z15.8
G0 F3600 X75.442 Y59.781
G0 X74.007 Y59.781
G0 X43.993 Y59.781
G0 X42.558 Y59.781
G0 X33.849 Y59.781
;TIME_ELAPSED:920.821177
;LAYER:62
M204 S500
M205 X10 Y10
;TYPE:FILL
;MESH:temperaturetowerv2.stl
G1 F2700 E681.43326
G1 F2400 X34.873 Y60.806 E681.496
G1 X35.085 Y61.018
M204 S2000
M205 X30 Y30
G0 F3600 X35.346 Y58.921
M204 S500
M205 X10 Y10
G1 F2400 X37.774 Y61.349 E681.6447
G1 X37.986 Y61.561
M204 S2000
M205 X30 Y30
G0 F3600 X40.131 Y61.349
M204 S500
M205 X10 Y10
G1 F2400 X37.432 Y58.649 E681.81003
G1 X37.22 Y58.437
M204 S2000
M205 X30 Y30
G0 F3600 X39.789 Y58.649
M204 S500
M205 X10 Y10
G1 F2400 X42.302 Y61.162 E681.96393
G1 X42.514 Y61.374
M204 S2000
M205 X30 Y30
G0 F3600 X42.302 Y58.805
M204 S500
M205 X10 Y10
G1 F2400 X42.147 Y58.649 E681.97346
M204 S2000
M205 X30 Y30
G0 F3600 X42.503 Y61.55
M204 S500
M205 X10 Y10
;TYPE:WALL-INNER
G1 F2400 X35.767 Y61.55 E682.26516
G1 X33.343 Y60.159 E682.38619
G1 X33.343 Y59.841 E682.39996
G1 X35.768 Y58.45 E682.52103
G1 X42.503 Y58.45 E682.81269
G1 X42.503 Y61.038 E682.92477
G0 F1920 X42.503 Y61.55
M204 S2000
M205 X30 Y30
G0 F3600 X43.003 Y62.05
M204 S500
M205 X10 Y10
G1 F2400 X35.633 Y62.05 E683.24393
G1 X32.843 Y60.449 E683.38323
G1 X32.843 Y59.551 E683.42212
G1 X35.634 Y57.95 E683.56146
G1 X43.003 Y57.95 E683.88058
G1 X43.003 Y61.538 E684.03596
G0 F1920 X43.003 Y62.05
M204 S2000
M205 X30 Y30
G1 F2700 E680.03596
G0 F3600 X35.49 Y57.57
G0 X35.45 Y57.479
M204 S500
M205 X10 Y10
;TYPE:WALL-OUTER
G1 F2700 E684.03596
G1 F1200 X35.45 Y57.45 E684.03722
G1 X43.503 Y57.45 E684.38596
G1 X43.503 Y62.55 E684.60682
G1 X35.45 Y62.55 E684.95556
G1 X35.45 Y62.522 E684.95677
G1 X32.343 Y60.739 E685.11191
G1 X32.343 Y59.261 E685.17591
G1 X35.006 Y57.733 E685.30887
G0 F960 X35.45 Y57.479
M204 S2000
M205 X30 Y30
G0 F3600 X35.45 Y57.45
G0 X35.671 Y57.45
G0 X35.43 Y58.354
G1 F2700 E681.30887
G0 F3600 X43.233 Y59.193
G0 X44.418 Y59.193
G0 X73.582 Y59.193
G0 X75.017 Y59.193
G0 X75.695 Y59.193
M204 S500
M205 X10 Y10
;TYPE:FILL
G1 F2700 E685.30887
G1 F2400 X77.852 Y61.349 E685.44094
G1 X78.064 Y61.561
M204 S2000
M205 X30 Y30
G0 F3600 X80.209 Y61.349
M204 S500
M205 X10 Y10
G1 F2400 X77.51 Y58.65 E685.60624
G1 X77.298 Y58.438
M204 S2000
M205 X30 Y30
G0 F3600 X79.867 Y58.65
M204 S500
M205 X10 Y10
G1 F2400 X82.567 Y61.349 E685.77157
G1 X82.779 Y61.561
M204 S2000
M205 X30 Y30
G0 F3600 X84.924 Y61.349
M204 S500
M205 X10 Y10
G1 F2400 X82.225 Y58.65 E685.93686
G1 X82.013 Y58.438
M204 S2000
M205 X30 Y30
G0 F3600 X84.582 Y58.65
M204 S500
M205 X10 Y10
G1 F2400 X86.349 Y60.416 E686.04505
G1 X86.561 Y60.628
M204 S2000
M205 X30 Y30
G0 F3600 X86.55 Y61.55
M204 S500
M205 X10 Y10
;TYPE:WALL-INNER
G1 F2400 X75.497 Y61.55 E686.52371
G1 X75.497 Y58.45 E686.65796
G1 X86.55 Y58.45 E687.13661
G1 X86.55 Y61.038 E687.24869
G0 F1920 X86.55 Y61.55
M204 S2000
M205 X30 Y30
G0 F3600 X87.05 Y62.05
M204 S500
M205 X10 Y10
G1 F2400 X74.997 Y62.05 E687.77065
G1 X74.997 Y57.95 E687.94821
G1 X87.05 Y57.95 E688.47017
G1 X87.05 Y61.538 E688.62555
G0 F1920 X87.05 Y62.05
M204 S2000
M205 X30 Y30
G0 F3600 X87.55 Y62.55
M204 S500
M205 X10 Y10
;TYPE:WALL-OUTER
G1 F1200 X74.497 Y62.55 E689.19082
G1 X74.497 Y57.45 E689.41168
G1 X87.55 Y57.45 E689.97695
G1 X87.55 Y62.038 E690.17564
G0 F960 X87.55 Y62.55
M204 S2000
M205 X30 Y30
G0 F3600 X87.3 Y62.55
G0 X86.55 Y61.697
G1 F2700 E686.17564
;MESH:NONMESH
G0 F600 X86.55 Y61.697 Z16.05
G0 F3600 X75.017 Y58.706
G0 X73.582 Y58.706
G0 X44.418 Y58.706
G0 X43.233 Y58.706
G0 X35.359 Y58.706
;TIME_ELAPSED:932.332458
;LAYER:63
M204 S500
M205 X10 Y10
;TYPE:FILL
;MESH:temperaturetowerv2.stl
G1 F2700 E690.17564
G1 F2400 X33.718 Y60.348 E690.27617
G1 X33.506 Y60.56
M204 S2000
M205 X30 Y30
G0 F3600 X35.216 Y61.207
M204 S500
M205 X10 Y10
G1 F2400 X37.775 Y58.648 E690.43289
G1 X37.987 Y58.436
M204 S2000
M205 X30 Y30
G0 F3600 X40.133 Y58.648
M204 S500
M205 X10 Y10
G1 F2400 X37.432 Y61.349 E690.59831
G1 X37.22 Y61.561
M204 S2000
M205 X30 Y30
G0 F3600 X39.789 Y61.349
M204 S500
M205 X10 Y10
G1 F2400 X42.49 Y58.648 E690.76373
G1 X42.702 Y58.436
M204 S2000
M205 X30 Y30
G0 F3600 X42.797 Y60.698
M204 S500
M205 X10 Y10
G1 F2400 X42.147 Y61.349 E690.80357
M204 S2000
M205 X30 Y30
G0 F3600 X42.998 Y61.55
M204 S500
M205 X10 Y10
;TYPE:WALL-INNER
G1 F2400 X35.409 Y61.55 E691.13221
G1 X32.986 Y60.159 E691.25321
G1 X32.986 Y59.841 E691.26698
G1 X35.396 Y58.457 E691.38733
G1 X35.87 Y58.45 E691.40786
G1 X42.998 Y58.45 E691.71654
G1 X42.998 Y61.038 E691.82862
G0 F1920 X42.998 Y61.55
M204 S2000
M205 X30 Y30
G0 F3600 X43.498 Y62.05
M204 S500
M205 X10 Y10
G1 F2400 X35.275 Y62.05 E692.18472
G1 X32.486 Y60.449 E692.32398
G1 X32.486 Y59.551 E692.36287
G1 X35.259 Y57.959 E692.50134
G1 X35.863 Y57.95 E692.5275
G1 X43.498 Y57.95 E692.85814
G1 X43.498 Y61.538 E693.01352
G0 F1920 X43.498 Y62.05
M204 S2000
M205 X30 Y30
G0 F3600 X43.998 Y62.55
M204 S500
M205 X10 Y10
;TYPE:WALL-OUTER
G1 F1200 X35.141 Y62.55 E693.39708
G1 X31.986 Y60.739 E693.55462
G1 X31.986 Y59.261 E693.61863
G1 X35.122 Y57.461 E693.77521
G1 X35.855 Y57.45 E693.80696
G1 X43.998 Y57.45 E694.1596
G1 X43.998 Y62.038 E694.35829
G0 F960 X43.998 Y62.55
M204 S2000
M205 X30 Y30
G0 F3600 X43.748 Y62.55
G0 X42.998 Y61.697
G1 F2700 E690.35829
G0 F3600 X44.913 Y61.299
G0 X73.087 Y61.299
G0 X74.522 Y61.299
G0 X75.201 Y61.299
M204 S500
M205 X10 Y10
;TYPE:FILL
G1 F2700 E694.35829
G1 F2400 X77.851 Y58.649 E694.52058
G1 X78.063 Y58.437
M204 S2000
M205 X30 Y30
G0 F3600 X75.494 Y58.649
M204 S500
M205 X10 Y10
G1 F2400 X75.201 Y58.942 E694.53853
M204 S2000
M205 X30 Y30
G0 F3600 X77.508 Y61.349
M204 S500
M205 X10 Y10
G1 F2400 X80.209 Y58.649 E694.70391
G1 X80.421 Y58.437
M204 S2000
M205 X30 Y30
G0 F3600 X82.566 Y58.649
M204 S500
M205 X10 Y10
G1 F2400 X79.866 Y61.349 E694.86927
G1 X79.654 Y61.561
M204 S2000
M205 X30 Y30
G0 F3600 X82.223 Y61.349
M204 S500
M205 X10 Y10
G1 F2400 X84.924 Y58.649 E695.03466
G1 X85.136 Y58.437
M204 S2000
M205 X30 Y30
G0 F3600 X86.349 Y59.582
M204 S500
M205 X10 Y10
G1 F2400 X84.581 Y61.349 E695.14291
G1 X84.369 Y61.561
M204 S2000
M205 X30 Y30
G0 F3600 X86.55 Y61.55
M204 S500
M205 X10 Y10
;TYPE:WALL-INNER
G1 F2400 X75.002 Y61.55 E695.643
G1 X75.002 Y58.45 E695.77725
G1 X86.55 Y58.45 E696.27735
G1 X86.55 Y61.038 E696.38942
G0 F1920 X86.55 Y61.55
M204 S2000
M205 X30 Y30
G0 F3600 X87.05 Y62.05
M204 S500
M205 X10 Y10
G1 F2400 X74.502 Y62.05 E696.93282
G1 X74.502 Y57.95 E697.11037
G1 X87.05 Y57.95 E697.65377
G1 X87.05 Y61.538 E697.80916
G0 F1920 X87.05 Y62.05
M204 S2000
M205 X30 Y30
G0 F3600 X87.55 Y62.55
M204 S500
M205 X10 Y10
;TYPE:WALL-OUTER
G1 F1200 X74.002 Y62.55 E698.39586
G1 X74.002 Y57.45 E698.61672
G1 X87.55 Y57.45 E699.20343
G1 X87.55 Y62.038 E699.40211
G0 F960 X87.55 Y62.55
M204 S2000
M205 X30 Y30
G0 F3600 X87.3 Y62.55
G0 X86.55 Y61.697
G1 F2700 E695.40211
;MESH:NONMESH
G0 F600 X86.55 Y61.697 Z16.3
G0 F3600 X74.522 Y59.52
G0 X73.087 Y59.52
G0 X44.913 Y59.52
G0 X43.478 Y59.52
G0 X33.588 Y59.52
;TIME_ELAPSED:943.702361
;LAYER:64
M204 S500
M205 X10 Y10
;TYPE:FILL
;MESH:temperaturetowerv2.stl
G1 F2700 E699.40211
G1 F2400 X35.416 Y61.349 E699.5141
G1 X35.628 Y61.561
M204 S2000
M205 X30 Y30
G0 F3600 X37.774 Y61.349
M204 S500
M205 X10 Y10
G1 F2400 X35.086 Y58.661 E699.67872
G1 X34.874 Y58.449
M204 S2000
M205 X30 Y30
G0 F3600 X37.432 Y58.649
M204 S500
M205 X10 Y10
G1 F2400 X40.131 Y61.349 E699.84405
G1 X40.343 Y61.561
M204 S2000
M205 X30 Y30
G0 F3600 X42.489 Y61.349
M204 S500
M205 X10 Y10
G1 F2400 X39.789 Y58.649 E700.0094
G1 X39.577 Y58.437
M204 S2000
M205 X30 Y30
G0 F3600 X42.147 Y58.649
M204 S500
M205 X10 Y10
G1 F2400 X43.417 Y59.919 E700.08718
G1 X43.629 Y60.131
M204 S2000
M205 X30 Y30
G0 F3600 X43.616 Y61.55
M204 S500
M205 X10 Y10
;TYPE:WALL-INNER
G1 F2400 X35.054 Y61.55 E700.45797
G1 X32.628 Y60.159 E700.57907
G1 X32.628 Y59.841 E700.59284
G1 X35.054 Y58.45 E700.71395
G1 X43.617 Y58.45 E701.08477
G1 X43.616 Y61.038 E701.19685
G0 F1920 X43.616 Y61.55
M204 S2000
M205 X30 Y30
G0 F3600 X44.116 Y62.05
M204 S500
M205 X10 Y10
G1 F2400 X34.92 Y62.05 E701.59509
G1 X32.128 Y60.449 E701.73447
G1 X32.128 Y59.551 E701.77336
G1 X34.92 Y57.95 E701.91273
G1 X44.117 Y57.95 E702.31102
G1 X44.116 Y61.538 E702.4664
G0 F1920 X44.116 Y62.05
M204 S2000
M205 X30 Y30
G0 F3600 X44.616 Y62.55
M204 S500
M205 X10 Y10
;TYPE:WALL-OUTER
G1 F1200 X34.786 Y62.55 E702.89209
G1 X31.628 Y60.739 E703.04974
G1 X31.628 Y59.261 E703.11375
G1 X34.786 Y57.45 E703.2714
G1 X44.617 Y57.45 E703.69714
G1 X44.616 Y62.038 E703.89583
G0 F960 X44.616 Y62.55
M204 S2000
M205 X30 Y30
G0 F3600 X44.366 Y62.55
G0 X43.763 Y61.55
G1 F2700 E699.89583
G0 F3600 X44.097 Y60.428
G0 X45.532 Y60.428
G0 X72.469 Y60.428
G0 X73.904 Y60.428
G0 X74.582 Y60.437
M204 S500
M205 X10 Y10
;TYPE:FILL
G1 F2700 E703.89583
G1 F2400 X75.494 Y61.349 E703.95168
G1 X75.706 Y61.561
M204 S2000
M205 X30 Y30
G0 F3600 X77.852 Y61.349
M204 S500
M205 X10 Y10
G1 F2400 X75.152 Y58.65 E704.11701
G1 X74.94 Y58.438
M204 S2000
M205 X30 Y30
G0 F3600 X77.51 Y58.65
M204 S500
M205 X10 Y10
G1 F2400 X80.209 Y61.349 E704.2823
G1 X80.421 Y61.561
M204 S2000
M205 X30 Y30
G0 F3600 X82.567 Y61.349
M204 S500
M205 X10 Y10
G1 F2400 X79.867 Y58.65 E704.44763
G1 X79.655 Y58.438
M204 S2000
M205 X30 Y30
G0 F3600 X82.225 Y58.65
M204 S500
M205 X10 Y10
G1 F2400 X84.924 Y61.349 E704.61293
G1 X85.136 Y61.561
M204 S2000
M205 X30 Y30
G0 F3600 X86.349 Y60.416
M204 S500
M205 X10 Y10
G1 F2400 X84.582 Y58.65 E704.72111
G1 X84.37 Y58.438
M204 S2000
M205 X30 Y30
G0 F3600 X86.55 Y61.55
M204 S500
M205 X10 Y10
;TYPE:WALL-INNER
G1 F2400 X74.384 Y61.55 E705.24797
G1 X74.384 Y58.45 E705.38222
G1 X86.55 Y58.45 E705.90908
G1 X86.55 Y61.038 E706.02115
G0 F1920 X86.55 Y61.55
M204 S2000
M205 X30 Y30
G0 F3600 X87.05 Y62.05
M204 S500
M205 X10 Y10
G1 F2400 X73.884 Y62.05 E706.59131
G1 X73.884 Y57.95 E706.76887
G1 X87.05 Y57.95 E707.33903
G1 X87.05 Y61.538 E707.49441
G0 F1920 X87.05 Y62.05
M204 S2000
M205 X30 Y30
G0 F3600 X87.55 Y62.55
M204 S500
M205 X10 Y10
;TYPE:WALL-OUTER
G1 F1200 X73.384 Y62.55 E708.10788
G1 X73.384 Y57.45 E708.32874
G1 X87.55 Y57.45 E708.94221
G1 X87.55 Y62.038 E709.1409
G0 F960 X87.55 Y62.55
M204 S2000
M205 X30 Y30
G0 F3600 X87.3 Y62.55
G0 X86.55 Y61.697
G1 F2700 E705.1409
;MESH:NONMESH
G0 F600 X86.55 Y61.697 Z16.55
G0 F3600 X73.904 Y61.549
G0 X72.469 Y61.549
G0 X45.532 Y61.54
G0 X44.097 Y61.54
G0 X44.477 Y61.55
;TIME_ELAPSED:955.321467
;LAYER:65
M204 S500
M205 X10 Y10
;TYPE:WALL-INNER
;MESH:temperaturetowerv2.stl
G1 F2700 E709.1409
G1 F2400 X34.697 Y61.55 E709.56443
G1 X32.271 Y60.159 E709.68553
G1 X32.271 Y59.841 E709.6993
G1 X34.697 Y58.45 E709.82041
G1 X44.478 Y58.45 E710.24398
G1 X44.477 Y61.038 E710.35605
G0 F1920 X44.477 Y61.55
M204 S2000
M205 X30 Y30
G0 F3600 X44.977 Y62.05
M204 S500
M205 X10 Y10
G1 F2400 X34.563 Y62.05 E710.80704
G1 X31.771 Y60.449 E710.94642
G1 X31.771 Y59.551 E710.98531
G1 X34.563 Y57.95 E711.12468
G1 X44.978 Y57.95 E711.57571
G1 X44.977 Y61.538 E711.73109
G0 F1920 X44.977 Y62.05
M204 S2000
M205 X30 Y30
G0 F3600 X45.477 Y62.55
M204 S500
M205 X10 Y10
;TYPE:WALL-OUTER
G1 F1200 X34.429 Y62.55 E712.20954
G1 X31.271 Y60.739 E712.36719
G1 X31.271 Y59.261 E712.43119
G1 X34.429 Y57.45 E712.58884
G1 X45.478 Y57.45 E713.06733
G1 X45.477 Y62.038 E713.26602
G0 F960 X45.477 Y62.55
M204 S2000
M205 X30 Y30
G0 F3600 X45.227 Y62.55
G0 X44.907 Y61.98
G0 X43.987 Y61.06
M204 S500
M205 X10 Y10
;TYPE:SKIN
G1 F1200 X34.826 Y61.06 E713.7421
G1 X32.978 Y60 E713.85282
G1 X34.826 Y58.94 E713.96354
G1 X43.988 Y58.94 E714.43968
G1 X43.987 Y60.548 E714.52324
G0 F960 X43.987 Y61.06
M204 S2000
M205 X30 Y30
G0 F3600 X43.11 Y60.834
M204 S500
M205 X10 Y10
G1 F1200 X43.762 Y60.182 E714.57116
M204 S2000
M205 X30 Y30
G0 F3600 X43.762 Y59.474
M204 S500
M205 X10 Y10
G1 F1200 X42.403 Y60.834 E714.67108
M204 S2000
M205 X30 Y30
G0 F3600 X41.695 Y60.834
M204 S500
M205 X10 Y10
G1 F1200 X43.366 Y59.164 E714.79385
M204 S2000
M205 X30 Y30
G0 F3600 X42.659 Y59.164
M204 S500
M205 X10 Y10
G1 F1200 X40.988 Y60.834 E714.91662
M204 S2000
M205 X30 Y30
G0 F3600 X40.281 Y60.834
M204 S500
M205 X10 Y10
G1 F1200 X41.951 Y59.164 E715.03936
M204 S2000
M205 X30 Y30
G0 F3600 X41.244 Y59.164
M204 S500
M205 X10 Y10
G1 F1200 X39.574 Y60.834 E715.1621
M204 S2000
M205 X30 Y30
G0 F3600 X38.867 Y60.834
M204 S500
M205 X10 Y10
G1 F1200 X40.537 Y59.164 E715.28484
M204 S2000
M205 X30 Y30
G0 F3600 X39.83 Y59.164
M204 S500
M205 X10 Y10
G1 F1200 X38.16 Y60.834 E715.40757
M204 S2000
M205 X30 Y30
G0 F3600 X37.453 Y60.834
M204 S500
M205 X10 Y10
G1 F1200 X39.123 Y59.164 E715.53031
M204 S2000
M205 X30 Y30
G0 F3600 X38.416 Y59.164
M204 S500
M205 X10 Y10
G1 F1200 X36.746 Y60.834 E715.65305
M204 S2000
M205 X30 Y30
G0 F3600 X36.039 Y60.834
M204 S500
M205 X10 Y10
G1 F1200 X37.709 Y59.164 E715.77578
M204 S2000
M205 X30 Y30
G0 F3600 X37.002 Y59.164
M204 S500
M205 X10 Y10
G1 F1200 X35.332 Y60.834 E715.89852
M204 S2000
M205 X30 Y30
G0 F3600 X34.719 Y60.739
M204 S500
M205 X10 Y10
G1 F1200 X36.295 Y59.164 E716.01431
M204 S2000
M205 X30 Y30
G0 F3600 X35.587 Y59.164
M204 S500
M205 X10 Y10
G1 F1200 X34.269 Y60.482 E716.11118
M204 S2000
M205 X30 Y30
G0 F3600 X33.82 Y60.224
M204 S500
M205 X10 Y10
G1 F1200 X34.875 Y59.169 E716.18872
G1 X35.087 Y58.957
M204 S2000
M205 X30 Y30
G1 F2700 E712.18872
G0 F3600 X44.958 Y58.901
G0 X46.393 Y58.901
G0 X71.608 Y58.901
G0 X73.043 Y58.901
G0 X79.947 Y58.911
M204 S500
M205 X10 Y10
;TYPE:FILL
G1 F2700 E716.18872
G1 F2400 X80.208 Y58.65 E716.2047
M204 S2000
M205 X30 Y30
G0 F3600 X82.566 Y58.65
M204 S500
M205 X10 Y10
G1 F2400 X79.948 Y61.267 E716.36501
G1 X79.736 Y61.479
M204 S2000
M205 X30 Y30
G0 F3600 X82.223 Y61.349
M204 S500
M205 X10 Y10
G1 F2400 X84.923 Y58.65 E716.53033
G1 X85.135 Y58.438
M204 S2000
M205 X30 Y30
G0 F3600 X86.349 Y59.582
M204 S500
M205 X10 Y10
G1 F2400 X84.581 Y61.349 E716.63858
G1 X84.369 Y61.561
M204 S2000
M205 X30 Y30
G0 F3600 X86.55 Y61.55
M204 S500
M205 X10 Y10
;TYPE:WALL-INNER
G1 F2400 X73.523 Y61.55 E717.20273
G1 X73.523 Y58.45 E717.33697
G1 X86.55 Y58.45 E717.90112
G1 X86.55 Y61.038 E718.01319
G0 F1920 X86.55 Y61.55
M204 S2000
M205 X30 Y30
G0 F3600 X87.05 Y62.05
M204 S500
M205 X10 Y10
G1 F2400 X73.023 Y62.05 E718.62064
G1 X73.023 Y57.95 E718.79819
G1 X87.05 Y57.95 E719.40564
G1 X87.05 Y61.538 E719.56103
G0 F1920 X87.05 Y62.05
M204 S2000
M205 X30 Y30
G0 F3600 X87.55 Y62.55
M204 S500
M205 X10 Y10
;TYPE:WALL-OUTER
G1 F1200 X72.523 Y62.55 E720.21178
G1 X72.523 Y57.45 E720.43264
G1 X87.55 Y57.45 E721.0834
G1 X87.55 Y62.038 E721.28208
G0 F960 X87.55 Y62.55
M204 S2000
M205 X30 Y30
G0 F3600 X87.3 Y62.55
G0 X86.98 Y61.98
G0 X79.759 Y61.06
M204 S500
M205 X10 Y10
;TYPE:SKIN
G1 F1200 X74.013 Y61.06 E721.5807
G1 X74.013 Y58.94 E721.69087
G1 X79.758 Y58.94 E721.98943
G1 X79.759 Y60.548 E722.073
G0 F960 X79.759 Y61.06
M204 S2000
M205 X30 Y30
G0 F3600 X79.532 Y60.474
M204 S500
M205 X10 Y10
G1 F1200 X79.171 Y60.835 E722.09953
M204 S2000
M205 X30 Y30
G0 F3600 X78.464 Y60.835
M204 S500
M205 X10 Y10
G1 F1200 X79.532 Y59.767 E722.17802
M204 S2000
M205 X30 Y30
G0 F3600 X79.427 Y59.165
M204 S500
M205 X10 Y10
G1 F1200 X77.757 Y60.835 E722.30076
M204 S2000
M205 X30 Y30
G0 F3600 X77.05 Y60.835
M204 S500
M205 X10 Y10
G1 F1200 X78.72 Y59.165 E722.4235
M204 S2000
M205 X30 Y30
G0 F3600 X78.013 Y59.165
M204 S500
M205 X10 Y10
G1 F1200 X76.343 Y60.835 E722.54623
M204 S2000
M205 X30 Y30
G0 F3600 X75.636 Y60.835
M204 S500
M205 X10 Y10
G1 F1200 X77.306 Y59.165 E722.66897
M204 S2000
M205 X30 Y30
G0 F3600 X76.599 Y59.165
M204 S500
M205 X10 Y10
G1 F1200 X74.929 Y60.835 E722.79171
M204 S2000
M205 X30 Y30
G0 F3600 X74.237 Y60.819
M204 S500
M205 X10 Y10
G1 F1200 X75.892 Y59.165 E722.91331
M204 S2000
M205 X30 Y30
G0 F3600 X75.185 Y59.165
M204 S500
M205 X10 Y10
G1 F1200 X74.237 Y60.112 E722.98294
M204 S2000
M205 X30 Y30
G0 F3600 X74.237 Y59.405
M204 S500
M205 X10 Y10
G1 F1200 X74.478 Y59.165 E723.00062
M204 S2000
M205 X30 Y30
;MESH:NONMESH
G0 F600 X74.478 Y59.165 Z16.8
G0 F3600 X79.946 Y58.729
;TIME_ELAPSED:971.405831
;LAYER:66
M204 S500
M205 X10 Y10
;TYPE:FILL
;MESH:temperaturetowerv2.stl
G1 F2400 X82.567 Y61.349 E723.16111
G1 X82.779 Y61.561
M204 S2000
M205 X30 Y30
G0 F3600 X84.924 Y61.349
M204 S500
M205 X10 Y10
G1 F2400 X82.225 Y58.65 E723.3264
G1 X82.013 Y58.438
M204 S2000
M205 X30 Y30
G0 F3600 X84.582 Y58.65
M204 S500
M205 X10 Y10
G1 F2400 X86.349 Y60.416 E723.43459
G1 X86.561 Y60.628
M204 S2000
M205 X30 Y30
G0 F3600 X80.209 Y61.349
M204 S500
M205 X10 Y10
G1 F2400 X79.947 Y61.087 E723.45064
M204 S2000
M205 X30 Y30
G0 F3600 X86.55 Y61.55
M204 S500
M205 X10 Y10
;TYPE:WALL-INNER
G1 F2400 X34.338 Y61.55 E725.71171
G1 X31.914 Y60.159 E725.83274
G1 X31.914 Y59.841 E725.84651
G1 X34.34 Y58.45 E725.96762
G1 X86.55 Y58.45 E728.22861
G1 X86.55 Y61.038 E728.34069
G0 F1920 X86.55 Y61.55
M204 S2000
M205 X30 Y30
G0 F3600 X87.05 Y62.05
M204 S500
M205 X10 Y10
G1 F2400 X34.204 Y62.05 E730.62922
G1 X31.414 Y60.449 E730.76852
G1 X31.414 Y59.551 E730.80741
G1 X34.206 Y57.95 E730.94679
G1 X87.05 Y57.95 E733.23524
G1 X87.05 Y61.538 E733.39062
G0 F1920 X87.05 Y62.05
M204 S2000
M205 X30 Y30
G0 F3600 X87.55 Y62.55
M204 S500
M205 X10 Y10
;TYPE:WALL-OUTER
G1 F1200 X34.07 Y62.55 E735.70661
G1 X30.914 Y60.739 E735.86419
G1 X30.914 Y59.261 E735.92819
G1 X34.072 Y57.45 E736.08584
G1 X87.55 Y57.45 E738.40175
G1 X87.55 Y62.038 E738.60043
G0 F960 X87.55 Y62.55
M204 S2000
M205 X30 Y30
G0 F3600 X87.3 Y62.55
G0 X86.98 Y61.98
G0 X79.759 Y61.06
M204 S500
M205 X10 Y10
;TYPE:SKIN
G1 F1200 X34.467 Y61.06 E740.95421
G1 X32.621 Y60 E741.06484
G1 X34.469 Y58.94 E741.17555
G1 X79.758 Y58.94 E743.52918
G1 X79.759 Y60.548 E743.61274
G0 F960 X79.759 Y61.06
M204 S2000
M205 X30 Y30
G0 F3600 X33.942 Y60.5
M204 S500
M205 X10 Y10
G1 F1200 X79.534 Y60.5 E745.98211
M204 S2000
M205 X30 Y30
G0 F3600 X79.534 Y60
M204 S500
M205 X10 Y10
G1 F1200 X33.097 Y60 E748.39539
M204 S2000
M205 X30 Y30
G0 F3600 X33.944 Y59.5
M204 S500
M205 X10 Y10
G1 F1200 X79.534 Y59.5 E750.76466
G1 X79.834 Y59.5
M204 S2000
M205 X30 Y30
;MESH:NONMESH
G0 F600 X79.834 Y59.5 Z17.05
G0 F3600 X79.947 Y58.911
;TIME_ELAPSED:997.473806
;LAYER:67
M204 S500
M205 X10 Y10
;TYPE:FILL
;MESH:temperaturetowerv2.stl
G1 F2400 X80.208 Y58.65 E750.78064
M204 S2000
M205 X30 Y30
G0 F3600 X82.566 Y58.65
M204 S500
M205 X10 Y10
G1 F2400 X79.948 Y61.267 E750.94095
G1 X79.736 Y61.479
M204 S2000
M205 X30 Y30
G0 F3600 X82.223 Y61.349
M204 S500
M205 X10 Y10
G1 F2400 X84.923 Y58.65 E751.10627
G1 X85.135 Y58.438
M204 S2000
M205 X30 Y30
G0 F3600 X86.349 Y59.582
M204 S500
M205 X10 Y10
G1 F2400 X84.581 Y61.349 E751.21452
G1 X84.369 Y61.561
M204 S2000
M205 X30 Y30
G0 F3600 X86.55 Y61.55
M204 S500
M205 X10 Y10
;TYPE:WALL-INNER
G1 F2400 X33.98 Y61.55 E753.49111
G1 X31.557 Y60.159 E753.6121
G1 X31.557 Y59.841 E753.62587
G1 X33.981 Y58.45 E753.7469
G1 X86.55 Y58.45 E756.02344
G1 X86.55 Y61.038 E756.13551
G0 F1920 X86.55 Y61.55
M204 S2000
M205 X30 Y30
G0 F3600 X87.05 Y62.05
M204 S500
M205 X10 Y10
G1 F2400 X33.846 Y62.05 E758.43955
G1 X31.057 Y60.449 E758.57881
G1 X31.057 Y59.551 E758.6177
G1 X33.847 Y57.95 E758.75701
G1 X87.05 Y57.95 E761.061
G1 X87.05 Y61.538 E761.21638
G0 F1920 X87.05 Y62.05
M204 S2000
M205 X30 Y30
G0 F3600 X87.55 Y62.55
M204 S500
M205 X10 Y10
;TYPE:WALL-OUTER
G1 F1200 X33.712 Y62.55 E763.54788
G1 X30.557 Y60.739 E763.70541
G1 X30.557 Y59.261 E763.76942
G1 X33.713 Y57.45 E763.927
G1 X87.55 Y57.45 E766.25845
G1 X87.55 Y62.038 E766.45713
G0 F960 X87.55 Y62.55
M204 S2000
M205 X30 Y30
G0 F3600 X87.3 Y62.55
G0 X86.98 Y61.98
G0 X79.759 Y61.06
M204 S500
M205 X10 Y10
;TYPE:SKIN
G1 F1200 X34.11 Y61.06 E768.82947
G1 X32.264 Y60 E768.94009
G1 X34.11 Y58.94 E769.05072
G1 X79.758 Y58.94 E771.423
G1 X79.759 Y60.548 E771.50656
G0 F960 X79.759 Y61.06
M204 S2000
M205 X30 Y30
G0 F3600 X79.532 Y60.474
M204 S500
M205 X10 Y10
G1 F1200 X79.172 Y60.834 E771.53302
M204 S2000
M205 X30 Y30
G0 F3600 X78.465 Y60.834
M204 S500
M205 X10 Y10
G1 F1200 X79.532 Y59.767 E771.61144
M204 S2000
M205 X30 Y30
G0 F3600 X79.428 Y59.164
M204 S500
M205 X10 Y10
G1 F1200 X77.758 Y60.834 E771.73418
M204 S2000
M205 X30 Y30
G0 F3600 X77.051 Y60.834
M204 S500
M205 X10 Y10
G1 F1200 X78.721 Y59.164 E771.85691
M204 S2000
M205 X30 Y30
G0 F3600 X78.014 Y59.164
M204 S500
M205 X10 Y10
G1 F1200 X76.344 Y60.834 E771.97965
M204 S2000
M205 X30 Y30
G0 F3600 X75.637 Y60.834
M204 S500
M205 X10 Y10
G1 F1200 X77.307 Y59.164 E772.10239
M204 S2000
M205 X30 Y30
G0 F3600 X76.6 Y59.164
M204 S500
M205 X10 Y10
G1 F1200 X74.929 Y60.834 E772.22516
M204 S2000
M205 X30 Y30
G0 F3600 X74.222 Y60.834
M204 S500
M205 X10 Y10
G1 F1200 X75.893 Y59.164 E772.34794
M204 S2000
M205 X30 Y30
G0 F3600 X75.185 Y59.164
M204 S500
M205 X10 Y10
G1 F1200 X73.515 Y60.834 E772.47067
M204 S2000
M205 X30 Y30
G0 F3600 X72.808 Y60.834
M204 S500
M205 X10 Y10
G1 F1200 X74.478 Y59.164 E772.59341
M204 S2000
M205 X30 Y30
G0 F3600 X73.771 Y59.164
M204 S500
M205 X10 Y10
G1 F1200 X72.101 Y60.834 E772.71615
M204 S2000
M205 X30 Y30
G0 F3600 X71.394 Y60.834
M204 S500
M205 X10 Y10
G1 F1200 X73.064 Y59.164 E772.83888
M204 S2000
M205 X30 Y30
G0 F3600 X72.357 Y59.164
M204 S500
M205 X10 Y10
G1 F1200 X70.687 Y60.834 E772.96162
M204 S2000
M205 X30 Y30
G0 F3600 X69.98 Y60.834
M204 S500
M205 X10 Y10
G1 F1200 X71.65 Y59.164 E773.08436
M204 S2000
M205 X30 Y30
G0 F3600 X70.943 Y59.164
M204 S500
M205 X10 Y10
G1 F1200 X69.273 Y60.834 E773.20709
M204 S2000
M205 X30 Y30
G0 F3600 X68.566 Y60.834
M204 S500
M205 X10 Y10
G1 F1200 X70.236 Y59.164 E773.32983
M204 S2000
M205 X30 Y30
G0 F3600 X69.529 Y59.164
M204 S500
M205 X10 Y10
G1 F1200 X67.858 Y60.834 E773.4526
M204 S2000
M205 X30 Y30
G0 F3600 X67.151 Y60.834
M204 S500
M205 X10 Y10
G1 F1200 X68.821 Y59.164 E773.57534
M204 S2000
M205 X30 Y30
G0 F3600 X68.114 Y59.164
M204 S500
M205 X10 Y10
G1 F1200 X66.444 Y60.834 E773.69808
M204 S2000
M205 X30 Y30
G0 F3600 X65.737 Y60.834
M204 S500
M205 X10 Y10
G1 F1200 X67.407 Y59.164 E773.82082
M204 S2000
M205 X30 Y30
G0 F3600 X66.7 Y59.164
M204 S500
M205 X10 Y10
G1 F1200 X65.03 Y60.834 E773.94355
M204 S2000
M205 X30 Y30
G0 F3600 X64.323 Y60.834
M204 S500
M205 X10 Y10
G1 F1200 X65.993 Y59.164 E774.06629
M204 S2000
M205 X30 Y30
G0 F3600 X65.286 Y59.164
M204 S500
M205 X10 Y10
G1 F1200 X63.616 Y60.834 E774.18903
M204 S2000
M205 X30 Y30
G0 F3600 X62.909 Y60.834
M204 S500
M205 X10 Y10
G1 F1200 X64.579 Y59.164 E774.31176
M204 S2000
M205 X30 Y30
G0 F3600 X63.872 Y59.164
M204 S500
M205 X10 Y10
G1 F1200 X62.202 Y60.834 E774.4345
M204 S2000
M205 X30 Y30
G0 F3600 X61.494 Y60.834
M204 S500
M205 X10 Y10
G1 F1200 X63.165 Y59.164 E774.55727
M204 S2000
M205 X30 Y30
G0 F3600 X62.458 Y59.164
M204 S500
M205 X10 Y10
G1 F1200 X60.787 Y60.834 E774.68005
M204 S2000
M205 X30 Y30
G0 F3600 X60.08 Y60.834
M204 S500
M205 X10 Y10
G1 F1200 X61.75 Y59.164 E774.80279
M204 S2000
M205 X30 Y30
G0 F3600 X61.043 Y59.164
M204 S500
M205 X10 Y10
G1 F1200 X59.373 Y60.834 E774.92552
M204 S2000
M205 X30 Y30
G0 F3600 X58.666 Y60.834
M204 S500
M205 X10 Y10
G1 F1200 X60.336 Y59.164 E775.04826
M204 S2000
M205 X30 Y30
G0 F3600 X59.629 Y59.164
M204 S500
M205 X10 Y10
G1 F1200 X57.959 Y60.834 E775.171
M204 S2000
M205 X30 Y30
G0 F3600 X57.252 Y60.834
M204 S500
M205 X10 Y10
G1 F1200 X58.922 Y59.164 E775.29373
M204 S2000
M205 X30 Y30
G0 F3600 X58.215 Y59.164
M204 S500
M205 X10 Y10
G1 F1200 X56.545 Y60.834 E775.41647
M204 S2000
M205 X30 Y30
G0 F3600 X55.838 Y60.834
M204 S500
M205 X10 Y10
G1 F1200 X57.508 Y59.164 E775.53921
M204 S2000
M205 X30 Y30
G0 F3600 X56.801 Y59.164
M204 S500
M205 X10 Y10
G1 F1200 X55.13 Y60.834 E775.66198
M204 S2000
M205 X30 Y30
G0 F3600 X54.423 Y60.834
M204 S500
M205 X10 Y10
G1 F1200 X56.094 Y59.164 E775.78475
M204 S2000
M205 X30 Y30
G0 F3600 X55.386 Y59.164
M204 S500
M205 X10 Y10
G1 F1200 X53.716 Y60.834 E775.90749
M204 S2000
M205 X30 Y30
G0 F3600 X53.009 Y60.834
M204 S500
M205 X10 Y10
G1 F1200 X54.679 Y59.164 E776.03023
M204 S2000
M205 X30 Y30
G0 F3600 X53.972 Y59.164
M204 S500
M205 X10 Y10
G1 F1200 X52.302 Y60.834 E776.15297
M204 S2000
M205 X30 Y30
G0 F3600 X51.595 Y60.834
M204 S500
M205 X10 Y10
G1 F1200 X53.265 Y59.164 E776.2757
M204 S2000
M205 X30 Y30
G0 F3600 X52.558 Y59.164
M204 S500
M205 X10 Y10
G1 F1200 X50.888 Y60.834 E776.39844
M204 S2000
M205 X30 Y30
G0 F3600 X50.181 Y60.834
M204 S500
M205 X10 Y10
G1 F1200 X51.851 Y59.164 E776.52118
M204 S2000
M205 X30 Y30
G0 F3600 X51.144 Y59.164
M204 S500
M205 X10 Y10
G1 F1200 X49.474 Y60.834 E776.64391
M204 S2000
M205 X30 Y30
G0 F3600 X48.767 Y60.834
M204 S500
M205 X10 Y10
G1 F1200 X50.437 Y59.164 E776.76665
M204 S2000
M205 X30 Y30
G0 F3600 X49.73 Y59.164
M204 S500
M205 X10 Y10
G1 F1200 X48.059 Y60.834 E776.88942
M204 S2000
M205 X30 Y30
G0 F3600 X47.352 Y60.834
M204 S500
M205 X10 Y10
G1 F1200 X49.023 Y59.164 E777.0122
M204 S2000
M205 X30 Y30
G0 F3600 X48.315 Y59.164
M204 S500
M205 X10 Y10
G1 F1200 X46.645 Y60.834 E777.13494
M204 S2000
M205 X30 Y30
G0 F3600 X45.938 Y60.834
M204 S500
M205 X10 Y10
G1 F1200 X47.608 Y59.164 E777.25767
M204 S2000
M205 X30 Y30
G0 F3600 X46.901 Y59.164
M204 S500
M205 X10 Y10
G1 F1200 X45.231 Y60.834 E777.38041
M204 S2000
M205 X30 Y30
G0 F3600 X44.524 Y60.834
M204 S500
M205 X10 Y10
G1 F1200 X46.194 Y59.164 E777.50315
M204 S2000
M205 X30 Y30
G0 F3600 X45.487 Y59.164
M204 S500
M205 X10 Y10
G1 F1200 X43.817 Y60.834 E777.62588
M204 S2000
M205 X30 Y30
G0 F3600 X43.11 Y60.834
M204 S500
M205 X10 Y10
G1 F1200 X44.78 Y59.164 E777.74862
M204 S2000
M205 X30 Y30
G0 F3600 X44.073 Y59.164
M204 S500
M205 X10 Y10
G1 F1200 X42.403 Y60.834 E777.87136
M204 S2000
M205 X30 Y30
G0 F3600 X41.695 Y60.834
M204 S500
M205 X10 Y10
G1 F1200 X43.366 Y59.164 E777.99413
M204 S2000
M205 X30 Y30
G0 F3600 X42.659 Y59.164
M204 S500
M205 X10 Y10
G1 F1200 X40.988 Y60.834 E778.1169
M204 S2000
M205 X30 Y30
G0 F3600 X40.281 Y60.834
M204 S500
M205 X10 Y10
G1 F1200 X41.951 Y59.164 E778.23964
M204 S2000
M205 X30 Y30
G0 F3600 X41.244 Y59.164
M204 S500
M205 X10 Y10
G1 F1200 X39.574 Y60.834 E778.36238
M204 S2000
M205 X30 Y30
G0 F3600 X38.867 Y60.834
M204 S500
M205 X10 Y10
G1 F1200 X40.537 Y59.164 E778.48512
M204 S2000
M205 X30 Y30
G0 F3600 X39.83 Y59.164
M204 S500
M205 X10 Y10
G1 F1200 X38.16 Y60.834 E778.60785
M204 S2000
M205 X30 Y30
G0 F3600 X37.453 Y60.834
M204 S500
M205 X10 Y10
G1 F1200 X39.123 Y59.164 E778.73059
M204 S2000
M205 X30 Y30
G0 F3600 X38.416 Y59.164
M204 S500
M205 X10 Y10
G1 F1200 X36.746 Y60.834 E778.85333
M204 S2000
M205 X30 Y30
G0 F3600 X36.039 Y60.834
M204 S500
M205 X10 Y10
G1 F1200 X37.709 Y59.164 E778.97606
M204 S2000
M205 X30 Y30
G0 F3600 X37.002 Y59.164
M204 S500
M205 X10 Y10
G1 F1200 X35.332 Y60.834 E779.0988
M204 S2000
M205 X30 Y30
G0 F3600 X34.624 Y60.834
M204 S500
M205 X10 Y10
G1 F1200 X36.295 Y59.164 E779.22157
M204 S2000
M205 X30 Y30
G0 F3600 X35.587 Y59.164
M204 S500
M205 X10 Y10
G1 F1200 X34.009 Y60.742 E779.33755
M204 S2000
M205 X30 Y30
G0 F3600 X33.56 Y60.484
M204 S500
M205 X10 Y10
G1 F1200 X34.88 Y59.164 E779.43456
M204 S2000
M205 X30 Y30
G0 F3600 X34.173 Y59.164
M204 S500
M205 X10 Y10
G1 F1200 X33.111 Y60.226 E779.51262
G1 X32.899 Y60.438
M204 S2000
M205 X30 Y30
;MESH:NONMESH
G0 F600 X32.899 Y60.438 Z17.3
G0 F3600 X31.522 Y60.022
;TIME_ELAPSED:1026.301105
;LAYER:68
M104 S200 T0 ; littlefish custom hot end temp
M204 S500
M205 X10 Y10
;TYPE:WALL-INNER
;MESH:temperaturetowerv2.stl
G1 F720 X31.478 Y60.022 E779.51452
G1 X31.478 Y59.978 E779.51643
G1 X31.522 Y59.978 E779.51833
G1 X31.522 Y60.013 E779.51985
G0 F1920 X31.522 Y60.022
M204 S2000
M205 X30 Y30
G0 F3600 X32.022 Y60.522
M204 S500
M205 X10 Y10
;TYPE:WALL-OUTER
G1 F600 X30.978 Y60.522 E779.56506
G1 X30.978 Y59.478 E779.61027
G1 X32.022 Y59.478 E779.65548
G1 X32.022 Y60.29 E779.69065
G0 F960 X32.022 Y60.522
M204 S2000
M205 X30 Y30
G0 F3600 X31.772 Y60.522
G1 F2700 E775.69065
G0 F3600 X31.513 Y60.013
G0 X32.937 Y59.992
G0 X34.86 Y59.992
G0 X36.275 Y59.991
G0 X38.251 Y58.775
M204 S500
M205 X10 Y10
;TYPE:WALL-INNER
G1 F2700 E779.69065
G1 F720 X38.252 Y61.226 E779.79679
G1 X36.775 Y61.225 E779.86075
G1 X36.774 Y58.774 E779.96689
G1 X37.851 Y58.775 E780.01353
G0 F1920 X38.251 Y58.775
M204 S2000
M205 X30 Y30
G0 F3600 X38.751 Y58.275
M204 S500
M205 X10 Y10
G1 F720 X38.752 Y61.726 E780.16298
G1 X36.275 Y61.725 E780.27025
G1 X36.274 Y58.274 E780.4197
G1 X38.239 Y58.275 E780.50479
G0 F1920 X38.751 Y58.275
M204 S2000
M205 X30 Y30
G0 F3600 X39.251 Y57.775
M204 S500
M205 X10 Y10
;TYPE:WALL-OUTER
G1 F1200 X39.252 Y62.226 E780.69755
G1 X35.775 Y62.225 E780.84812
G1 X35.774 Y57.774 E781.04088
G1 X38.739 Y57.775 E781.16928
G0 F960 X39.251 Y57.775
M204 S2000
M205 X30 Y30
G0 F3600 X39.251 Y58.025
G0 X38.681 Y58.345
G0 X37.761 Y59.265
M204 S500
M205 X10 Y10
;TYPE:SKIN
G1 F600 X37.762 Y60.736 E781.24572
G1 X37.265 Y60.735 E781.27155
G1 X37.264 Y59.264 E781.348
G1 X37.579 Y59.265 E781.36437
G0 F960 X37.761 Y59.265
M204 S2000
M205 X30 Y30
G1 F2700 E777.36437
G0 F3600 X38.751 Y58.986
G0 X40.166 Y58.985
G0 X77.834 Y58.976
G0 X79.249 Y58.975
G0 X80.192 Y58.974
M204 S500
M205 X10 Y10
;TYPE:FILL
G1 F2700 E781.36437
G1 F2400 X82.242 Y61.024 E781.48992
G1 X82.454 Y61.236
M204 S2000
M205 X30 Y30
G0 F3600 X82.549 Y58.974
M204 S500
M205 X10 Y10
G1 F2400 X84.6 Y61.025 E781.61553
G1 X84.812 Y61.237
M204 S2000
M205 X30 Y30
G0 F3600 X86.025 Y60.092
M204 S500
M205 X10 Y10
G1 F2400 X84.907 Y58.974 E781.684
G1 X84.695 Y58.762
M204 S2000
M205 X30 Y30
G0 F3600 X86.225 Y58.775
M204 S500
M205 X10 Y10
;TYPE:WALL-INNER
G1 F2400 X86.226 Y61.226 E781.79014
G1 X79.749 Y61.225 E782.07063
G1 X79.748 Y58.774 E782.17677
G1 X85.713 Y58.775 E782.43509
G0 F1920 X86.225 Y58.775
M204 S2000
M205 X30 Y30
G0 F3600 X86.725 Y58.275
M204 S500
M205 X10 Y10
G1 F2400 X86.726 Y61.726 E782.58454
G1 X79.249 Y61.725 E782.90834
G1 X79.248 Y58.274 E783.05779
G1 X86.213 Y58.275 E783.35941
G0 F1920 X86.725 Y58.275
M204 S2000
M205 X30 Y30
G0 F3600 X87.225 Y57.775
M204 S500
M205 X10 Y10
;TYPE:WALL-OUTER
G1 F1200 X87.226 Y62.226 E783.55216
G1 X78.749 Y62.225 E783.91927
G1 X78.748 Y57.774 E784.11202
G1 X86.713 Y57.775 E784.45695
G0 F960 X87.225 Y57.775
M204 S2000
M205 X30 Y30
G0 F3600 X87.225 Y58.025
G0 X86.225 Y58.627
G1 F2700 E780.45695
;MESH:NONMESH
G0 F600 X86.225 Y58.627 Z17.55
G0 F3600 X79.249 Y60
G0 X77.834 Y60.001
G0 X40.154 Y56.872
G0 X34.871 Y56.871
G0 X32.937 Y60
G0 X31.502 Y60
G0 X31.982 Y60.482
;TIME_ELAPSED:1035.797332
;LAYER:69
M204 S500
M205 X10 Y10
;TYPE:WALL-OUTER
;MESH:temperaturetowerv2.stl
G1 F2700 E784.45695
G1 F600 X31.018 Y60.482 E784.4987
G1 X31.018 Y59.518 E784.54044
G1 X31.982 Y59.518 E784.58219
G1 X31.982 Y60.268 E784.61467
G0 F960 X31.982 Y60.482
M204 S2000
M205 X30 Y30
G0 F3600 X31.732 Y60.482
G0 X31.482 Y59.982
G1 F2700 E780.61467
G0 F3600 X32.897 Y59.532
G0 X34.61 Y59.532
G0 X36.025 Y59.531
G0 X38.517 Y58.525
M204 S500
M205 X10 Y10
;TYPE:WALL-INNER
G1 F2700 E784.61467
G1 F720 X38.518 Y61.476 E784.74247
G1 X36.525 Y61.475 E784.82877
G1 X36.524 Y58.524 E784.95657
G1 X38.005 Y58.525 E785.02071
G0 F1920 X38.517 Y58.525
M204 S2000
M205 X30 Y30
G0 F3600 X39.017 Y58.025
M204 S500
M205 X10 Y10
G1 F720 X39.018 Y61.976 E785.19181
G1 X36.025 Y61.975 E785.32142
G1 X36.024 Y58.024 E785.49252
G1 X38.505 Y58.025 E785.59996
G0 F1920 X39.017 Y58.025
M204 S2000
M205 X30 Y30
G0 F3600 X39.517 Y57.525
M204 S500
M205 X10 Y10
;TYPE:WALL-OUTER
G1 F1200 X39.518 Y62.476 E785.81437
G1 X35.525 Y62.475 E785.98729
G1 X35.524 Y57.524 E786.2017
G1 X39.005 Y57.525 E786.35244
G0 F960 X39.517 Y57.525
M204 S2000
M205 X30 Y30
G0 F3600 X39.517 Y57.775
G0 X38.947 Y58.095
G0 X38.027 Y59.015
M204 S500
M205 X10 Y10
;TYPE:SKIN
G1 F600 X38.028 Y60.986 E786.45487
G1 X37.015 Y60.985 E786.50752
G1 X37.014 Y59.014 E786.60995
G1 X37.731 Y59.015 E786.64721
G0 F960 X38.027 Y59.015
M204 S2000
M205 X30 Y30
G0 F3600 X37.239 Y59.633
M204 S500
M205 X10 Y10
G1 F1200 X37.635 Y59.238 E786.67628
M204 S2000
M205 X30 Y30
G0 F3600 X37.802 Y59.778
M204 S500
M205 X10 Y10
G1 F1200 X37.239 Y60.34 E786.71762
M204 S2000
M205 X30 Y30
G0 F3600 X37.527 Y60.76
M204 S500
M205 X10 Y10
G1 F1200 X37.802 Y60.485 E786.73783
M204 S2000
M205 X30 Y30
G1 F2700 E782.73783
G0 F3600 X39.017 Y59.187
G0 X40.432 Y59.186
G0 X77.568 Y59.178
G0 X78.983 Y59.177
G0 X79.681 Y59.177
M204 S500
M205 X10 Y10
;TYPE:FILL
G1 F2700 E786.73783
G1 F2400 X80.134 Y58.723 E786.7656
M204 S2000
M205 X30 Y30
G0 F3600 X82.492 Y58.723
M204 S500
M205 X10 Y10
G1 F2400 X79.94 Y61.275 E786.9219
G1 X79.728 Y61.487
M204 S2000
M205 X30 Y30
G0 F3600 X82.298 Y61.275
M204 S500
M205 X10 Y10
G1 F2400 X84.849 Y58.724 E787.07813
G1 X85.061 Y58.512
M204 S2000
M205 X30 Y30
G0 F3600 X86.274 Y59.657
M204 S500
M205 X10 Y10
G1 F2400 X84.654 Y61.276 E787.17731
G1 X84.442 Y61.488
M204 S2000
M205 X30 Y30
G0 F3600 X86.475 Y58.525
M204 S500
M205 X10 Y10
;TYPE:WALL-INNER
G1 F2400 X86.476 Y61.476 E787.30511
G1 X79.483 Y61.475 E787.60795
G1 X79.482 Y58.524 E787.73574
G1 X85.963 Y58.525 E788.01641
G0 F1920 X86.475 Y58.525
M204 S2000
M205 X30 Y30
G0 F3600 X86.975 Y58.025
M204 S500
M205 X10 Y10
G1 F2400 X86.976 Y61.976 E788.18751
G1 X78.983 Y61.975 E788.53365
G1 X78.982 Y58.024 E788.70475
G1 X86.463 Y58.025 E789.02872
G0 F1920 X86.975 Y58.025
M204 S2000
M205 X30 Y30
G0 F3600 X87.475 Y57.525
M204 S500
M205 X10 Y10
;TYPE:WALL-OUTER
G1 F1200 X87.476 Y62.476 E789.24313
G1 X78.483 Y62.475 E789.63258
G1 X78.482 Y57.524 E789.84698
G1 X86.963 Y57.525 E790.21426
G0 F960 X87.475 Y57.525
M204 S2000
M205 X30 Y30
G0 F3600 X87.475 Y57.775
G0 X86.475 Y58.377
G1 F2700 E786.21426
;MESH:NONMESH
G0 F600 X86.475 Y58.377 Z17.8
G0 F3600 X78.983 Y60.371
G0 X77.568 Y60.372
G0 X40.421 Y63.379
G0 X34.622 Y63.378
G0 X32.897 Y60.371
G0 X31.962 Y60.371
G0 X31.942 Y60.442
;TIME_ELAPSED:1046.604512
;LAYER:70
M204 S500
M205 X10 Y10
;TYPE:WALL-OUTER
;MESH:temperaturetowerv2.stl
G1 F2700 E790.21426
G1 F600 X31.058 Y60.442 E790.25254
G1 X31.058 Y59.558 E790.29082
G1 X31.942 Y59.558 E790.32911
G1 X31.942 Y60.246 E790.3589
G0 F960 X31.942 Y60.442
M204 S2000
M205 X30 Y30
G0 F3600 X31.692 Y60.442
G0 X31.442 Y59.942
G1 F2700 E786.3589
G0 F3600 X32.857 Y60.428
G0 X34.535 Y60.428
G0 X35.97 Y60.428
G0 X38.581 Y61.55
M204 S500
M205 X10 Y10
;TYPE:WALL-INNER
G1 F2700 E790.3589
G1 F720 X36.45 Y61.55 E790.45119
G1 X36.45 Y58.45 E790.58543
G1 X38.582 Y58.45 E790.67776
G1 X38.581 Y61.038 E790.78984
G0 F1920 X38.581 Y61.55
M204 S2000
M205 X30 Y30
G0 F3600 X39.081 Y62.05
M204 S500
M205 X10 Y10
G1 F720 X35.95 Y62.05 E790.92543
G1 X35.95 Y57.95 E791.10298
G1 X39.082 Y57.95 E791.23861
G1 X39.081 Y61.538 E791.39399
G0 F1920 X39.081 Y62.05
M204 S2000
M205 X30 Y30
G0 F3600 X39.581 Y62.55
M204 S500
M205 X10 Y10
;TYPE:WALL-OUTER
G1 F1200 X35.45 Y62.55 E791.57289
G1 X35.45 Y57.45 E791.79375
G1 X39.582 Y57.45 E791.97269
G1 X39.581 Y62.038 E792.17138
G0 F960 X39.581 Y62.55
M204 S2000
M205 X30 Y30
G0 F3600 X39.331 Y62.55
G0 X39.011 Y61.98
G0 X38.091 Y61.06
M204 S500
M205 X10 Y10
;TYPE:SKIN
G1 F600 X36.94 Y61.06 E792.23119
G1 X36.94 Y58.94 E792.34137
G1 X38.092 Y58.94 E792.40123
G1 X38.091 Y60.661 E792.49067
G0 F960 X38.091 Y61.06
M204 S2000
M205 X30 Y30
G0 F3600 X37.499 Y60.834
M204 S500
M205 X10 Y10
G1 F1200 X37.164 Y60.499 E792.51529
M204 S2000
M205 X30 Y30
G0 F3600 X37.866 Y60.494
M204 S500
M205 X10 Y10
G1 F1200 X37.164 Y59.792 E792.56689
M204 S2000
M205 X30 Y30
G0 F3600 X37.244 Y59.164
M204 S500
M205 X10 Y10
G1 F1200 X37.866 Y59.787 E792.61264
M204 S2000
M205 X30 Y30
G1 F2700 E788.61264
G0 F3600 X39.062 Y60.746
G0 X40.497 Y60.746
G0 X77.503 Y60.746
G0 X78.938 Y60.746
G0 X79.617 Y60.757
M204 S500
M205 X10 Y10
;TYPE:FILL
G1 F2700 E792.61264
G1 F2400 X80.209 Y61.349 E792.64889
M204 S2000
M205 X30 Y30
G0 F3600 X82.567 Y61.349
M204 S500
M205 X10 Y10
G1 F2400 X79.867 Y58.65 E792.81422
G1 X79.655 Y58.438
M204 S2000
M205 X30 Y30
G0 F3600 X82.225 Y58.65
M204 S500
M205 X10 Y10
G1 F2400 X84.924 Y61.349 E792.97952
G1 X85.136 Y61.561
M204 S2000
M205 X30 Y30
G0 F3600 X86.349 Y60.416
M204 S500
M205 X10 Y10
G1 F2400 X84.582 Y58.65 E793.0877
G1 X84.37 Y58.438
M204 S2000
M205 X30 Y30
G0 F3600 X86.55 Y61.55
M204 S500
M205 X10 Y10
;TYPE:WALL-INNER
G1 F2400 X79.418 Y61.55 E793.39656
G1 X79.418 Y58.45 E793.53081
G1 X86.55 Y58.45 E793.83967
G1 X86.55 Y61.038 E793.95174
G0 F1920 X86.55 Y61.55
M204 S2000
M205 X30 Y30
G0 F3600 X87.05 Y62.05
M204 S500
M205 X10 Y10
G1 F2400 X78.918 Y62.05 E794.3039
G1 X78.918 Y57.95 E794.48146
G1 X87.05 Y57.95 E794.83362
G1 X87.05 Y61.538 E794.989
G0 F1920 X87.05 Y62.05
M204 S2000
M205 X30 Y30
G0 F3600 X87.55 Y62.55
M204 S500
M205 X10 Y10
;TYPE:WALL-OUTER
G1 F1200 X78.418 Y62.55 E795.38447
G1 X78.418 Y57.45 E795.60533
G1 X87.55 Y57.45 E796.00079
G1 X87.55 Y62.038 E796.19948
G0 F960 X87.55 Y62.55
M204 S2000
M205 X30 Y30
G0 F3600 X87.3 Y62.55
G0 X86.55 Y61.697
G1 F2700 E792.19948
;MESH:NONMESH
G0 F600 X86.55 Y61.697 Z18.05
G0 F3600 X78.938 Y60.342
G0 X77.503 Y60.342
G0 X40.484 Y63.453
G0 X34.547 Y63.453
G0 X32.857 Y60.342
G0 X31.922 Y60.342
G0 X31.903 Y60.403
;TIME_ELAPSED:1057.665167
;LAYER:71
M204 S500
M205 X10 Y10
;TYPE:WALL-OUTER
;MESH:temperaturetowerv2.stl
G1 F2700 E796.19948
G1 F600 X31.097 Y60.403 E796.23439
G1 X31.097 Y59.597 E796.26929
G1 X31.903 Y59.597 E796.30419
G1 X31.903 Y60.224 E796.33135
G0 F960 X31.903 Y60.403
M204 S2000
M205 X30 Y30
G0 F3600 X31.653 Y60.403
G0 X31.403 Y59.903
G1 F2700 E792.33135
G0 F3600 X32.818 Y60.389
G0 X34.535 Y60.389
G0 X35.97 Y60.389
G0 X38.608 Y61.55
M204 S500
M205 X10 Y10
;TYPE:WALL-INNER
G1 F2700 E796.33135
G1 F720 X36.45 Y61.55 E796.4248
G1 X36.45 Y58.45 E796.55905
G1 X38.609 Y58.45 E796.65255
G1 X38.608 Y61.038 E796.76462
G0 F1920 X38.608 Y61.55
M204 S2000
M205 X30 Y30
G0 F3600 X39.108 Y62.05
M204 S500
M205 X10 Y10
G1 F720 X35.95 Y62.05 E796.90138
G1 X35.95 Y57.95 E797.07893
G1 X39.109 Y57.95 E797.21574
G1 X39.108 Y61.538 E797.37112
G0 F1920 X39.108 Y62.05
M204 S2000
M205 X30 Y30
G0 F3600 X39.608 Y62.55
M204 S500
M205 X10 Y10
;TYPE:WALL-OUTER
G1 F1200 X35.45 Y62.55 E797.55118
G1 X35.45 Y57.45 E797.77204
G1 X39.609 Y57.45 E797.95215
G1 X39.608 Y62.038 E798.15084
G0 F960 X39.608 Y62.55
M204 S2000
M205 X30 Y30
G0 F3600 X39.358 Y62.55
G0 X39.038 Y61.98
G0 X38.118 Y61.06
M204 S500
M205 X10 Y10
;TYPE:SKIN
G1 F600 X36.94 Y61.06 E798.21206
G1 X36.94 Y58.94 E798.32223
G1 X38.119 Y58.94 E798.3835
G1 X38.118 Y60.659 E798.47284
G0 F960 X38.118 Y61.06
M204 S2000
M205 X30 Y30
G0 F3600 X37.453 Y60.834
M204 S500
M205 X10 Y10
G1 F1200 X37.893 Y60.394 E798.50518
M204 S2000
M205 X30 Y30
G0 F3600 X37.893 Y59.686
M204 S500
M205 X10 Y10
G1 F1200 X37.164 Y60.415 E798.55875
M204 S2000
M205 X30 Y30
G0 F3600 X37.164 Y59.708
M204 S500
M205 X10 Y10
G1 F1200 X37.709 Y59.164 E798.59877
M204 S2000
M205 X30 Y30
G1 F2700 E794.59877
G0 F3600 X39.089 Y59.256
G0 X40.524 Y59.256
G0 X77.476 Y59.267
G0 X78.911 Y59.267
G0 X79.591 Y59.267
M204 S500
M205 X10 Y10
;TYPE:FILL
G1 F2700 E798.59877
G1 F2400 X80.209 Y58.649 E798.63662
M204 S2000
M205 X30 Y30
G0 F3600 X82.566 Y58.649
M204 S500
M205 X10 Y10
G1 F2400 X79.866 Y61.349 E798.80198
G1 X79.654 Y61.561
M204 S2000
M205 X30 Y30
G0 F3600 X82.223 Y61.349
M204 S500
M205 X10 Y10
G1 F2400 X84.924 Y58.649 E798.96737
G1 X85.136 Y58.437
M204 S2000
M205 X30 Y30
G0 F3600 X86.349 Y59.582
M204 S500
M205 X10 Y10
G1 F2400 X84.581 Y61.349 E799.07561
G1 X84.369 Y61.561
M204 S2000
M205 X30 Y30
G0 F3600 X86.55 Y61.55
M204 S500
M205 X10 Y10
;TYPE:WALL-INNER
G1 F2400 X79.391 Y61.55 E799.38564
G1 X79.392 Y58.45 E799.51989
G1 X86.55 Y58.45 E799.82987
G1 X86.55 Y61.038 E799.94195
G0 F1920 X86.55 Y61.55
M204 S2000
M205 X30 Y30
G0 F3600 X87.05 Y62.05
M204 S500
M205 X10 Y10
G1 F2400 X78.891 Y62.05 E800.29528
G1 X78.892 Y57.95 E800.47283
G1 X87.05 Y57.95 E800.82612
G1 X87.05 Y61.538 E800.9815
G0 F1920 X87.05 Y62.05
M204 S2000
M205 X30 Y30
G0 F3600 X87.55 Y62.55
M204 S500
M205 X10 Y10
;TYPE:WALL-OUTER
G1 F1200 X78.391 Y62.55 E801.37814
G1 X78.392 Y57.45 E801.599
G1 X87.55 Y57.45 E801.99559
G1 X87.55 Y62.038 E802.19428
G0 F960 X87.55 Y62.55
M204 S2000
M205 X30 Y30
G0 F3600 X87.3 Y62.55
G0 X86.55 Y61.697
G1 F2700 E798.19428
;MESH:NONMESH
G0 F600 X86.55 Y61.697 Z18.3
G0 F3600 X78.911 Y60.316
G0 X77.476 Y60.316
G0 X40.511 Y63.453
G0 X34.547 Y63.453
G0 X32.818 Y60.316
G0 X31.883 Y60.316
G0 X31.863 Y60.363
;TIME_ELAPSED:1068.695981
;LAYER:72
M204 S500
M205 X10 Y10
;TYPE:WALL-OUTER
;MESH:temperaturetowerv2.stl
G1 F2700 E802.19428
G1 F600 X31.137 Y60.363 E802.22572
G1 X31.137 Y59.637 E802.25716
G1 X31.863 Y59.637 E802.2886
G1 X31.863 Y60.202 E802.31306
G0 F960 X31.863 Y60.363
M204 S2000
M205 X30 Y30
G0 F3600 X31.613 Y60.363
G0 X31.613 Y60.137
G1 F2700 E798.31306
G0 F3600 X32.778 Y60.349
G0 X34.535 Y60.349
G0 X35.97 Y60.349
G0 X38.642 Y61.55
M204 S500
M205 X10 Y10
;TYPE:WALL-INNER
G1 F2700 E802.31306
G1 F720 X36.45 Y61.55 E802.40799
G1 X36.45 Y58.45 E802.54224
G1 X38.643 Y58.45 E802.63721
G1 X38.642 Y61.038 E802.74928
G0 F1920 X38.642 Y61.55
M204 S2000
M205 X30 Y30
G0 F3600 X39.142 Y62.05
M204 S500
M205 X10 Y10
G1 F720 X35.95 Y62.05 E802.88751
G1 X35.95 Y57.95 E803.06507
G1 X39.143 Y57.95 E803.20334
G1 X39.142 Y61.538 E803.35872
G0 F1920 X39.142 Y62.05
M204 S2000
M205 X30 Y30
G0 F3600 X39.642 Y62.55
M204 S500
M205 X10 Y10
;TYPE:WALL-OUTER
G1 F1200 X35.45 Y62.55 E803.54026
G1 X35.45 Y57.45 E803.76112
G1 X39.643 Y57.45 E803.9427
G1 X39.642 Y62.038 E804.14139
G0 F960 X39.642 Y62.55
M204 S2000
M205 X30 Y30
G0 F3600 X39.392 Y62.55
G0 X39.072 Y61.98
G0 X38.152 Y61.06
M204 S500
M205 X10 Y10
;TYPE:SKIN
G1 F600 X36.94 Y61.06 E804.20438
G1 X36.94 Y58.94 E804.31455
G1 X38.153 Y58.94 E804.37759
G1 X38.152 Y60.657 E804.46682
G0 F960 X38.152 Y61.06
M204 S2000
M205 X30 Y30
G0 F3600 X37.499 Y60.834
M204 S500
M205 X10 Y10
G1 F1200 X37.164 Y60.499 E804.49144
M204 S2000
M205 X30 Y30
G0 F3600 X37.164 Y59.792
M204 S500
M205 X10 Y10
G1 F1200 X37.927 Y60.555 E804.54752
M204 S2000
M205 X30 Y30
G0 F3600 X37.928 Y59.848
M204 S500
M205 X10 Y10
G1 F1200 X37.244 Y59.164 E804.59779
M204 S2000
M205 X30 Y30
G1 F2700 E800.59779
G0 F3600 X39.123 Y60.685
G0 X40.558 Y60.685
G0 X77.442 Y60.696
G0 X78.877 Y60.696
G0 X79.556 Y60.696
M204 S500
M205 X10 Y10
;TYPE:FILL
G1 F2700 E804.59779
G1 F2400 X80.209 Y61.349 E804.63778
M204 S2000
M205 X30 Y30
G0 F3600 X82.567 Y61.349
M204 S500
M205 X10 Y10
G1 F2400 X79.867 Y58.65 E804.80311
G1 X79.655 Y58.438
M204 S2000
M205 X30 Y30
G0 F3600 X82.225 Y58.65
M204 S500
M205 X10 Y10
G1 F2400 X84.924 Y61.349 E804.9684
G1 X85.136 Y61.561
M204 S2000
M205 X30 Y30
G0 F3600 X86.349 Y60.416
M204 S500
M205 X10 Y10
G1 F2400 X84.582 Y58.65 E805.07659
G1 X84.37 Y58.438
M204 S2000
M205 X30 Y30
G0 F3600 X86.55 Y61.55
M204 S500
M205 X10 Y10
;TYPE:WALL-INNER
G1 F2400 X79.357 Y61.55 E805.38809
G1 X79.358 Y58.45 E805.52234
G1 X86.55 Y58.45 E805.83379
G1 X86.55 Y61.038 E805.94587
G0 F1920 X86.55 Y61.55
M204 S2000
M205 X30 Y30
G0 F3600 X87.05 Y62.05
M204 S500
M205 X10 Y10
G1 F2400 X78.857 Y62.05 E806.30067
G1 X78.858 Y57.95 E806.47822
G1 X87.05 Y57.95 E806.83298
G1 X87.05 Y61.538 E806.98836
G0 F1920 X87.05 Y62.05
M204 S2000
M205 X30 Y30
G0 F3600 X87.55 Y62.55
M204 S500
M205 X10 Y10
;TYPE:WALL-OUTER
G1 F1200 X78.357 Y62.55 E807.38647
G1 X78.358 Y57.45 E807.60733
G1 X87.55 Y57.45 E808.0054
G1 X87.55 Y62.038 E808.20409
G0 F960 X87.55 Y62.55
M204 S2000
M205 X30 Y30
G0 F3600 X87.3 Y62.55
G0 X86.55 Y61.697
G1 F2700 E804.20409
;MESH:NONMESH
G0 F600 X86.55 Y61.697 Z18.55
G0 F3600 X78.877 Y60.276
G0 X77.442 Y60.276
G0 X40.545 Y63.453
G0 X34.547 Y63.453
G0 X32.778 Y60.276
G0 X31.843 Y60.276
G0 X31.824 Y60.324
;TIME_ELAPSED:1079.760146
;LAYER:73
M204 S500
M205 X10 Y10
;TYPE:WALL-OUTER
;MESH:temperaturetowerv2.stl
G1 F2700 E808.20409
G1 F600 X31.176 Y60.324 E808.23215
G1 X31.176 Y59.676 E808.26021
G1 X31.824 Y59.676 E808.28827
G1 X31.824 Y60.18 E808.3101
G0 F960 X31.824 Y60.324
M204 S2000
M205 X30 Y30
G0 F3600 X31.574 Y60.324
G0 X31.574 Y60.176
G1 F2700 E804.3101
G0 F3600 X32.739 Y59.773
G0 X34.535 Y59.773
G0 X35.97 Y59.773
G0 X36.65 Y59.773
M204 S500
M205 X10 Y10
;TYPE:FILL
G1 F2700 E808.3101
G1 F2400 X37.774 Y58.649 E808.37894
G1 X37.986 Y58.437
M204 S2000
M205 X30 Y30
G0 F3600 X38.485 Y60.295
M204 S500
M205 X10 Y10
G1 F2400 X37.432 Y61.349 E808.44346
G1 X37.22 Y61.561
M204 S2000
M205 X30 Y30
G0 F3600 X38.685 Y61.55
M204 S500
M205 X10 Y10
;TYPE:WALL-INNER
G1 F720 X36.45 Y61.55 E808.54024
G1 X36.45 Y58.45 E808.67449
G1 X38.686 Y58.45 E808.77132
G1 X38.685 Y61.038 E808.8834
G0 F1920 X38.685 Y61.55
M204 S2000
M205 X30 Y30
G0 F3600 X39.185 Y62.05
M204 S500
M205 X10 Y10
G1 F720 X35.95 Y62.05 E809.02349
G1 X35.95 Y57.95 E809.20105
G1 X39.186 Y57.95 E809.34118
G1 X39.185 Y61.538 E809.49657
G0 F1920 X39.185 Y62.05
M204 S2000
M205 X30 Y30
G0 F3600 X39.685 Y62.55
M204 S500
M205 X10 Y10
;TYPE:WALL-OUTER
G1 F1200 X35.45 Y62.55 E809.67997
G1 X35.45 Y57.45 E809.90082
G1 X39.686 Y57.45 E810.08427
G1 X39.685 Y62.038 E810.28295
G0 F960 X39.685 Y62.55
M204 S2000
M205 X30 Y30
G0 F3600 X39.435 Y62.55
G0 X38.832 Y61.55
G1 F2700 E806.28295
G0 F3600 X39.166 Y59.333
G0 X40.601 Y59.333
G0 X77.399 Y59.344
G0 X78.834 Y59.344
G0 X79.514 Y59.344
M204 S500
M205 X10 Y10
;TYPE:FILL
G1 F2700 E810.28295
G1 F2400 X80.208 Y58.65 E810.32546
M204 S2000
M205 X30 Y30
G0 F3600 X82.566 Y58.65
M204 S500
M205 X10 Y10
G1 F2400 X79.866 Y61.349 E810.49078
G1 X79.654 Y61.561
M204 S2000
M205 X30 Y30
G0 F3600 X82.223 Y61.349
M204 S500
M205 X10 Y10
G1 F2400 X84.923 Y58.65 E810.65611
G1 X85.135 Y58.438
M204 S2000
M205 X30 Y30
G0 F3600 X86.349 Y59.582
M204 S500
M205 X10 Y10
G1 F2400 X84.581 Y61.349 E810.76436
G1 X84.369 Y61.561
M204 S2000
M205 X30 Y30
G0 F3600 X86.55 Y61.55
M204 S500
M205 X10 Y10
;TYPE:WALL-INNER
G1 F2400 X79.314 Y61.55 E811.07772
G1 X79.315 Y58.45 E811.21197
G1 X86.55 Y58.45 E811.52528
G1 X86.55 Y61.038 E811.63736
G0 F1920 X86.55 Y61.55
M204 S2000
M205 X30 Y30
G0 F3600 X87.05 Y62.05
M204 S500
M205 X10 Y10
G1 F2400 X78.814 Y62.05 E811.99403
G1 X78.815 Y57.95 E812.17158
G1 X87.05 Y57.95 E812.5282
G1 X87.05 Y61.538 E812.68358
G0 F1920 X87.05 Y62.05
M204 S2000
M205 X30 Y30
G0 F3600 X87.55 Y62.55
M204 S500
M205 X10 Y10
;TYPE:WALL-OUTER
G1 F1200 X78.314 Y62.55 E813.08355
G1 X78.315 Y57.45 E813.30441
G1 X87.55 Y57.45 E813.70434
G1 X87.55 Y62.038 E813.90303
G0 F960 X87.55 Y62.55
M204 S2000
M205 X30 Y30
G0 F3600 X87.3 Y62.55
G0 X86.55 Y61.697
G1 F2700 E809.90303
;MESH:NONMESH
G0 F600 X86.55 Y61.697 Z18.8
G0 F3600 X78.834 Y60.237
G0 X77.399 Y60.237
G0 X40.588 Y63.453
G0 X34.547 Y63.453
G0 X32.739 Y60.237
G0 X31.804 Y60.237
G0 X31.784 Y60.284
;TIME_ELAPSED:1090.072968
;LAYER:74
M204 S500
M205 X10 Y10
;TYPE:WALL-OUTER
;MESH:temperaturetowerv2.stl
G1 F2700 E813.90303
G1 F600 X31.216 Y60.284 E813.92763
G1 X31.216 Y59.716 E813.95222
G1 X31.784 Y59.716 E813.97682
G1 X31.784 Y60.158 E813.99596
G0 F960 X31.784 Y60.284
M204 S2000
M205 X30 Y30
G0 F3600 X31.534 Y60.284
G0 X31.534 Y60.216
G1 F2700 E809.99596
G0 F3600 X31.534 Y60.184
G0 X32.699 Y60.224
G0 X34.535 Y60.224
G0 X35.97 Y60.224
G0 X36.65 Y60.224
M204 S500
M205 X10 Y10
;TYPE:FILL
G1 F2700 E813.99596
G1 F2400 X37.774 Y61.349 E814.06483
G1 X37.986 Y61.561
M204 S2000
M205 X30 Y30
G0 F3600 X38.538 Y59.755
M204 S500
M205 X10 Y10
G1 F2400 X37.432 Y58.649 E814.13257
G1 X37.22 Y58.437
M204 S2000
M205 X30 Y30
G0 F3600 X38.737 Y61.55
M204 S500
M205 X10 Y10
;TYPE:WALL-INNER
G1 F720 X36.45 Y61.55 E814.23161
G1 X36.45 Y58.45 E814.36585
G1 X38.738 Y58.45 E814.46494
G1 X38.737 Y61.038 E814.57701
G0 F1920 X38.737 Y61.55
M204 S2000
M205 X30 Y30
G0 F3600 X39.237 Y62.05
M204 S500
M205 X10 Y10
G1 F720 X35.95 Y62.05 E814.71936
G1 X35.95 Y57.95 E814.89691
G1 X39.238 Y57.95 E815.0393
G1 X39.237 Y61.538 E815.19468
G0 F1920 X39.237 Y62.05
M204 S2000
M205 X30 Y30
G0 F3600 X39.737 Y62.55
M204 S500
M205 X10 Y10
;TYPE:WALL-OUTER
G1 F1200 X35.45 Y62.55 E815.38033
G1 X35.45 Y57.45 E815.60119
G1 X39.738 Y57.45 E815.78689
G1 X39.737 Y62.038 E815.98558
G0 F960 X39.737 Y62.55
M204 S2000
M205 X30 Y30
G0 F3600 X39.487 Y62.55
G0 X38.884 Y61.55
G1 F2700 E811.98558
G0 F3600 X39.218 Y60.59
G0 X40.653 Y60.59
G0 X77.348 Y60.59
G0 X78.783 Y60.59
G0 X79.461 Y60.601
M204 S500
M205 X10 Y10
;TYPE:FILL
G1 F2700 E815.98558
G1 F2400 X80.209 Y61.349 E816.03139
G1 X80.421 Y61.561
M204 S2000
M205 X30 Y30
G0 F3600 X82.567 Y61.349
M204 S500
M205 X10 Y10
G1 F2400 X79.867 Y58.65 E816.19671
G1 X79.655 Y58.438
M204 S2000
M205 X30 Y30
G0 F3600 X82.225 Y58.65
M204 S500
M205 X10 Y10
G1 F2400 X84.924 Y61.349 E816.36201
G1 X85.136 Y61.561
M204 S2000
M205 X30 Y30
G0 F3600 X86.349 Y60.416
M204 S500
M205 X10 Y10
G1 F2400 X84.582 Y58.65 E816.4702
G1 X84.37 Y58.438
M204 S2000
M205 X30 Y30
G0 F3600 X86.55 Y61.55
M204 S500
M205 X10 Y10
;TYPE:WALL-INNER
G1 F2400 X79.263 Y61.55 E816.78577
G1 X79.263 Y58.45 E816.92001
G1 X86.55 Y58.45 E817.23558
G1 X86.55 Y61.038 E817.34766
G0 F1920 X86.55 Y61.55
M204 S2000
M205 X30 Y30
G0 F3600 X87.05 Y62.05
M204 S500
M205 X10 Y10
G1 F2400 X78.763 Y62.05 E817.70653
G1 X78.763 Y57.95 E817.88409
G1 X87.05 Y57.95 E818.24296
G1 X87.05 Y61.538 E818.39834
G0 F1920 X87.05 Y62.05
M204 S2000
M205 X30 Y30
G0 F3600 X87.55 Y62.55
M204 S500
M205 X10 Y10
;TYPE:WALL-OUTER
G1 F1200 X78.263 Y62.55 E818.80052
G1 X78.263 Y57.45 E819.02138
G1 X87.55 Y57.45 E819.42356
G1 X87.55 Y62.038 E819.62225
G0 F960 X87.55 Y62.55
M204 S2000
M205 X30 Y30
G0 F3600 X87.3 Y62.55
G0 X86.55 Y61.697
G1 F2700 E815.62225
;MESH:NONMESH
G0 F600 X86.55 Y61.697 Z19.05
G0 F3600 X78.783 Y60.184
G0 X77.348 Y60.184
G0 X40.64 Y63.453
G0 X34.547 Y63.453
G0 X32.699 Y60.184
G0 X31.764 Y60.184
G0 X31.744 Y60.244
;TIME_ELAPSED:1100.431090
;LAYER:75
M204 S500
M205 X10 Y10
;TYPE:WALL-OUTER
;MESH:temperaturetowerv2.stl
G1 F2700 E819.62225
G1 F600 X31.256 Y60.244 E819.64338
G1 X31.256 Y59.756 E819.66451
G1 X31.744 Y59.756 E819.68565
G1 X31.744 Y60.136 E819.7021
G0 F960 X31.744 Y60.244
M204 S2000
M205 X30 Y30
G0 F3600 X31.494 Y60.244
G1 F2700 E815.7021
G0 F3600 X31.494 Y60.144
G0 X32.659 Y59.773
G0 X34.535 Y59.773
G0 X35.97 Y59.773
G0 X36.65 Y59.773
M204 S500
M205 X10 Y10
;TYPE:FILL
G1 F2700 E819.7021
G1 F2400 X37.774 Y58.649 E819.77094
G1 X37.986 Y58.437
M204 S2000
M205 X30 Y30
G0 F3600 X38.598 Y60.182
M204 S500
M205 X10 Y10
G1 F2400 X37.432 Y61.349 E819.84238
G1 X37.22 Y61.561
M204 S2000
M205 X30 Y30
G0 F3600 X38.799 Y61.55
M204 S500
M205 X10 Y10
;TYPE:WALL-INNER
G1 F720 X36.45 Y61.55 E819.94411
G1 X36.45 Y58.45 E820.07835
G1 X38.799 Y58.45 E820.18008
G1 X38.799 Y61.038 E820.29215
G0 F1920 X38.799 Y61.55
M204 S2000
M205 X30 Y30
G0 F3600 X39.299 Y62.05
M204 S500
M205 X10 Y10
G1 F720 X35.95 Y62.05 E820.43719
G1 X35.95 Y57.95 E820.61474
G1 X39.299 Y57.95 E820.75977
G1 X39.299 Y61.538 E820.91515
G0 F1920 X39.299 Y62.05
M204 S2000
M205 X30 Y30
G0 F3600 X39.799 Y62.55
M204 S500
M205 X10 Y10
;TYPE:WALL-OUTER
G1 F1200 X35.45 Y62.55 E821.10349
G1 X35.45 Y57.45 E821.32435
G1 X39.799 Y57.45 E821.51268
G1 X39.799 Y62.038 E821.71137
G0 F960 X39.799 Y62.55
M204 S2000
M205 X30 Y30
G0 F3600 X39.549 Y62.55
G0 X38.799 Y61.697
G1 F2700 E817.71137
G0 F3600 X39.279 Y59.458
G0 X40.714 Y59.458
G0 X77.286 Y59.458
G0 X78.721 Y59.458
G0 X79.4 Y59.458
M204 S500
M205 X10 Y10
;TYPE:FILL
G1 F2700 E821.71137
G1 F2400 X80.209 Y58.649 E821.76092
G1 X80.421 Y58.437
M204 S2000
M205 X30 Y30
G0 F3600 X82.566 Y58.649
M204 S500
M205 X10 Y10
G1 F2400 X79.866 Y61.349 E821.92627
G1 X79.654 Y61.561
M204 S2000
M205 X30 Y30
G0 F3600 X82.223 Y61.349
M204 S500
M205 X10 Y10
G1 F2400 X84.924 Y58.649 E822.09166
G1 X85.136 Y58.437
M204 S2000
M205 X30 Y30
G0 F3600 X86.349 Y59.582
M204 S500
M205 X10 Y10
G1 F2400 X84.581 Y61.349 E822.19991
G1 X84.369 Y61.561
M204 S2000
M205 X30 Y30
G0 F3600 X86.55 Y61.55
M204 S500
M205 X10 Y10
;TYPE:WALL-INNER
G1 F2400 X79.201 Y61.55 E822.51816
G1 X79.201 Y58.45 E822.65241
G1 X86.55 Y58.45 E822.97067
G1 X86.55 Y61.038 E823.08274
G0 F1920 X86.55 Y61.55
M204 S2000
M205 X30 Y30
G0 F3600 X87.05 Y62.05
M204 S500
M205 X10 Y10
G1 F2400 X78.701 Y62.05 E823.4443
G1 X78.701 Y57.95 E823.62185
G1 X87.05 Y57.95 E823.98341
G1 X87.05 Y61.538 E824.13879
G0 F1920 X87.05 Y62.05
M204 S2000
M205 X30 Y30
G0 F3600 X87.55 Y62.55
M204 S500
M205 X10 Y10
;TYPE:WALL-OUTER
G1 F1200 X78.201 Y62.55 E824.54366
G1 X78.201 Y57.45 E824.76452
G1 X87.55 Y57.45 E825.16938
G1 X87.55 Y62.038 E825.36807
G0 F960 X87.55 Y62.55
M204 S2000
M205 X30 Y30
G0 F3600 X87.3 Y62.55
G0 X86.55 Y61.697
G1 F2700 E821.36807
;MESH:NONMESH
G0 F600 X86.55 Y61.697 Z19.3
G0 F3600 X78.721 Y60.144
G0 X77.286 Y60.144
G0 X40.702 Y63.453
G0 X34.547 Y63.453
G0 X32.659 Y60.144
G0 X31.724 Y60.144
G0 X31.705 Y60.205
;TIME_ELAPSED:1110.761735
;LAYER:76
M204 S500
M205 X10 Y10
;TYPE:WALL-OUTER
;MESH:temperaturetowerv2.stl
G1 F2700 E825.36807
G1 F600 X31.295 Y60.205 E825.38583
G1 X31.295 Y59.795 E825.40358
G1 X31.705 Y59.795 E825.42134
G1 X31.705 Y60.114 E825.43515
G0 F960 X31.705 Y60.205
M204 S2000
M205 X30 Y30
G0 F3600 X31.455 Y60.205
G1 F2700 E821.43515
G0 F3600 X31.455 Y60.105
G0 X32.62 Y60.191
G0 X34.535 Y60.191
G0 X35.97 Y60.191
G0 X36.65 Y60.224
M204 S500
M205 X10 Y10
;TYPE:FILL
G1 F2700 E825.43515
G1 F2400 X37.774 Y61.349 E825.50402
G1 X37.986 Y61.561
M204 S2000
M205 X30 Y30
G0 F3600 X38.669 Y59.886
M204 S500
M205 X10 Y10
G1 F2400 X37.432 Y58.649 E825.57978
G1 X37.22 Y58.437
M204 S2000
M205 X30 Y30
G0 F3600 X38.869 Y61.55
M204 S500
M205 X10 Y10
;TYPE:WALL-INNER
G1 F720 X36.45 Y61.55 E825.68454
G1 X36.45 Y58.45 E825.81878
G1 X38.869 Y58.45 E825.92354
G1 X38.869 Y61.038 E826.03561
G0 F1920 X38.869 Y61.55
M204 S2000
M205 X30 Y30
G0 F3600 X39.369 Y62.05
M204 S500
M205 X10 Y10
G1 F720 X35.95 Y62.05 E826.18368
G1 X35.95 Y57.95 E826.36123
G1 X39.369 Y57.95 E826.50929
G1 X39.369 Y61.538 E826.66467
G0 F1920 X39.369 Y62.05
M204 S2000
M205 X30 Y30
G0 F3600 X39.869 Y62.55
M204 S500
M205 X10 Y10
;TYPE:WALL-OUTER
G1 F1200 X35.45 Y62.55 E826.85604
G1 X35.45 Y57.45 E827.0769
G1 X39.869 Y57.45 E827.26827
G1 X39.869 Y62.038 E827.46696
G0 F960 X39.869 Y62.55
M204 S2000
M205 X30 Y30
G0 F3600 X39.619 Y62.55
G0 X38.869 Y61.697
G1 F2700 E823.46696
G0 F3600 X39.349 Y60.47
G0 X40.784 Y60.47
G0 X77.216 Y60.47
G0 X78.651 Y60.47
G0 X79.33 Y60.47
M204 S500
M205 X10 Y10
;TYPE:FILL
G1 F2700 E827.46696
G1 F2400 X80.209 Y61.349 E827.52079
G1 X80.421 Y61.561
M204 S2000
M205 X30 Y30
G0 F3600 X82.567 Y61.349
M204 S500
M205 X10 Y10
G1 F2400 X79.867 Y58.65 E827.68612
G1 X79.655 Y58.438
M204 S2000
M205 X30 Y30
G0 F3600 X82.225 Y58.65
M204 S500
M205 X10 Y10
G1 F2400 X84.924 Y61.349 E827.85141
G1 X85.136 Y61.561
M204 S2000
M205 X30 Y30
G0 F3600 X86.349 Y60.416
M204 S500
M205 X10 Y10
G1 F2400 X84.582 Y58.65 E827.9596
G1 X84.37 Y58.438
M204 S2000
M205 X30 Y30
G0 F3600 X86.55 Y61.55
M204 S500
M205 X10 Y10
;TYPE:WALL-INNER
G1 F2400 X79.131 Y61.55 E828.28088
G1 X79.131 Y58.45 E828.41513
G1 X86.55 Y58.45 E828.73642
G1 X86.55 Y61.038 E828.84849
G0 F1920 X86.55 Y61.55
M204 S2000
M205 X30 Y30
G0 F3600 X87.05 Y62.05
M204 S500
M205 X10 Y10
G1 F2400 X78.631 Y62.05 E829.21308
G1 X78.631 Y57.95 E829.39064
G1 X87.05 Y57.95 E829.75523
G1 X87.05 Y61.538 E829.91061
G0 F1920 X87.05 Y62.05
M204 S2000
M205 X30 Y30
G0 F3600 X87.55 Y62.55
M204 S500
M205 X10 Y10
;TYPE:WALL-OUTER
G1 F1200 X78.131 Y62.55 E830.31851
G1 X78.131 Y57.45 E830.53937
G1 X87.55 Y57.45 E830.94726
G1 X87.55 Y62.038 E831.14595
G0 F960 X87.55 Y62.55
M204 S2000
M205 X30 Y30
G0 F3600 X87.3 Y62.55
G0 X86.55 Y61.697
G1 F2700 E827.14595
;MESH:NONMESH
G0 F600 X86.55 Y61.697 Z19.55
G0 F3600 X78.651 Y60.105
G0 X77.216 Y60.105
G0 X40.772 Y63.453
G0 X34.547 Y63.453
G0 X32.62 Y60.105
G0 X31.685 Y60.105
G0 X31.665 Y60.165
;TIME_ELAPSED:1121.152848
;LAYER:77
M204 S500
M205 X10 Y10
;TYPE:WALL-OUTER
;MESH:temperaturetowerv2.stl
G1 F2700 E831.14595
G1 F600 X31.335 Y60.165 E831.16024
G1 X31.335 Y59.835 E831.17453
G1 X31.665 Y59.835 E831.18882
G1 X31.665 Y60.092 E831.19995
G0 F960 X31.665 Y60.165
M204 S2000
M205 X30 Y30
G0 F3600 X31.415 Y60.165
G1 F2700 E827.19995
G0 F3600 X31.435 Y60.065
G0 X32.58 Y59.849
G0 X34.535 Y59.849
G0 X35.97 Y59.849
G0 X36.65 Y59.773
M204 S500
M205 X10 Y10
;TYPE:FILL
G1 F2700 E831.19995
G1 F2400 X37.774 Y58.649 E831.26879
G1 X37.986 Y58.437
M204 S2000
M205 X30 Y30
G0 F3600 X38.747 Y60.034
M204 S500
M205 X10 Y10
G1 F2400 X37.432 Y61.349 E831.34932
G1 X37.22 Y61.561
M204 S2000
M205 X30 Y30
G0 F3600 X38.947 Y61.55
M204 S500
M205 X10 Y10
;TYPE:WALL-INNER
G1 F720 X36.45 Y61.55 E831.45746
G1 X36.45 Y58.45 E831.59171
G1 X38.947 Y58.45 E831.69984
G1 X38.947 Y61.038 E831.81192
G0 F1920 X38.947 Y61.55
M204 S2000
M205 X30 Y30
G0 F3600 X39.447 Y62.05
M204 S500
M205 X10 Y10
G1 F720 X35.95 Y62.05 E831.96336
G1 X35.95 Y57.95 E832.14091
G1 X39.447 Y57.95 E832.29235
G1 X39.447 Y61.538 E832.44773
G0 F1920 X39.447 Y62.05
M204 S2000
M205 X30 Y30
G0 F3600 X39.947 Y62.55
M204 S500
M205 X10 Y10
;TYPE:WALL-OUTER
G1 F1200 X35.45 Y62.55 E832.64248
G1 X35.45 Y57.45 E832.86334
G1 X39.947 Y57.45 E833.05808
G1 X39.947 Y62.038 E833.25677
G0 F960 X39.947 Y62.55
M204 S2000
M205 X30 Y30
G0 F3600 X39.697 Y62.55
G0 X38.947 Y61.697
G1 F2700 E829.25677
G0 F3600 X39.427 Y59.606
G0 X40.862 Y59.606
G0 X77.138 Y59.606
G0 X78.573 Y59.606
G0 X79.252 Y59.606
M204 S500
M205 X10 Y10
;TYPE:FILL
G1 F2700 E833.25677
G1 F2400 X80.208 Y58.65 E833.31532
G1 X80.42 Y58.438
M204 S2000
M205 X30 Y30
G0 F3600 X82.566 Y58.65
M204 S500
M205 X10 Y10
G1 F2400 X79.866 Y61.349 E833.48064
G1 X79.654 Y61.561
M204 S2000
M205 X30 Y30
G0 F3600 X82.223 Y61.349
M204 S500
M205 X10 Y10
G1 F2400 X84.923 Y58.65 E833.64597
G1 X85.135 Y58.438
M204 S2000
M205 X30 Y30
G0 F3600 X86.349 Y59.582
M204 S500
M205 X10 Y10
G1 F2400 X84.581 Y61.349 E833.75422
G1 X84.369 Y61.561
M204 S2000
M205 X30 Y30
G0 F3600 X86.55 Y61.55
M204 S500
M205 X10 Y10
;TYPE:WALL-INNER
G1 F2400 X79.053 Y61.55 E834.07888
G1 X79.053 Y58.45 E834.21313
G1 X86.55 Y58.45 E834.53779
G1 X86.55 Y61.038 E834.64987
G0 F1920 X86.55 Y61.55
M204 S2000
M205 X30 Y30
G0 F3600 X87.05 Y62.05
M204 S500
M205 X10 Y10
G1 F2400 X78.553 Y62.05 E835.01784
G1 X78.553 Y57.95 E835.19539
G1 X87.05 Y57.95 E835.56336
G1 X87.05 Y61.538 E835.71874
G0 F1920 X87.05 Y62.05
M204 S2000
M205 X30 Y30
G0 F3600 X87.55 Y62.55
M204 S500
M205 X10 Y10
;TYPE:WALL-OUTER
G1 F1200 X78.053 Y62.55 E836.13002
G1 X78.053 Y57.45 E836.35087
G1 X87.55 Y57.45 E836.76215
G1 X87.55 Y62.038 E836.96084
G0 F960 X87.55 Y62.55
M204 S2000
M205 X30 Y30
G0 F3600 X87.3 Y62.55
G0 X86.55 Y61.697
G1 F2700 E832.96084
;MESH:NONMESH
G0 F600 X86.55 Y61.697 Z19.8
G0 F3600 X78.573 Y60.065
G0 X77.138 Y60.065
G0 X40.85 Y63.453
G0 X34.547 Y63.453
G0 X32.58 Y60.065
G0 X31.645 Y60.065
G0 X31.626 Y60.126
;TIME_ELAPSED:1131.522768
;LAYER:78
M204 S500
M205 X10 Y10
;TYPE:WALL-OUTER
;MESH:temperaturetowerv2.stl
G1 F2700 E836.96084
G1 F600 X31.374 Y60.126 E836.97175
G1 X31.374 Y59.874 E836.98266
G1 X31.626 Y59.874 E836.99357
G1 X31.626 Y60.07 E837.00206
G0 F960 X31.626 Y60.126
M204 S2000
M205 X30 Y30
G0 F3600 X31.376 Y60.126
G1 F2700 E833.00206
G0 F3600 X31.474 Y60.026
G0 X32.541 Y60.112
G0 X34.535 Y60.112
G0 X35.97 Y60.112
G0 X36.65 Y60.224
M204 S500
M205 X10 Y10
;TYPE:FILL
G1 F2700 E837.00206
G1 F2400 X37.774 Y61.349 E837.07093
G1 X37.986 Y61.561
M204 S2000
M205 X30 Y30
G0 F3600 X38.836 Y60.053
M204 S500
M205 X10 Y10
G1 F2400 X37.432 Y58.649 E837.15692
G1 X37.22 Y58.437
M204 S2000
M205 X30 Y30
G0 F3600 X39.036 Y61.55
M204 S500
M205 X10 Y10
;TYPE:WALL-INNER
G1 F720 X36.45 Y61.55 E837.26891
G1 X36.45 Y58.45 E837.40315
G1 X39.036 Y58.45 E837.51514
G1 X39.036 Y61.038 E837.62722
G0 F1920 X39.036 Y61.55
M204 S2000
M205 X30 Y30
G0 F3600 X39.536 Y62.05
M204 S500
M205 X10 Y10
G1 F720 X35.95 Y62.05 E837.78251
G1 X35.95 Y57.95 E837.96007
G1 X39.536 Y57.95 E838.11536
G1 X39.536 Y61.538 E838.27074
G0 F1920 X39.536 Y62.05
M204 S2000
M205 X30 Y30
G0 F3600 X40.036 Y62.55
M204 S500
M205 X10 Y10
;TYPE:WALL-OUTER
G1 F1200 X35.45 Y62.55 E838.46934
G1 X35.45 Y57.45 E838.6902
G1 X40.036 Y57.45 E838.8888
G1 X40.036 Y62.038 E839.08749
G0 F960 X40.036 Y62.55
M204 S2000
M205 X30 Y30
G0 F3600 X39.786 Y62.55
G0 X39.036 Y61.697
G1 F2700 E835.08749
G0 F3600 X39.516 Y60.303
G0 X40.951 Y60.303
G0 X77.049 Y60.303
G0 X78.484 Y60.303
G0 X79.163 Y60.303
M204 S500
M205 X10 Y10
;TYPE:FILL
G1 F2700 E839.08749
G1 F2400 X80.209 Y61.349 E839.15155
G1 X80.421 Y61.561
M204 S2000
M205 X30 Y30
G0 F3600 X82.567 Y61.349
M204 S500
M205 X10 Y10
G1 F2400 X79.867 Y58.65 E839.31687
G1 X79.655 Y58.438
M204 S2000
M205 X30 Y30
G0 F3600 X82.225 Y58.65
M204 S500
M205 X10 Y10
G1 F2400 X84.924 Y61.349 E839.48217
G1 X85.136 Y61.561
M204 S2000
M205 X30 Y30
G0 F3600 X86.349 Y60.416
M204 S500
M205 X10 Y10
G1 F2400 X84.582 Y58.65 E839.59036
G1 X84.37 Y58.438
M204 S2000
M205 X30 Y30
G0 F3600 X86.55 Y61.55
M204 S500
M205 X10 Y10
;TYPE:WALL-INNER
G1 F2400 X78.964 Y61.55 E839.91887
G1 X78.964 Y58.45 E840.05312
G1 X86.55 Y58.45 E840.38164
G1 X86.55 Y61.038 E840.49372
G0 F1920 X86.55 Y61.55
M204 S2000
M205 X30 Y30
G0 F3600 X87.05 Y62.05
M204 S500
M205 X10 Y10
G1 F2400 X78.464 Y62.05 E840.86554
G1 X78.464 Y57.95 E841.04309
G1 X87.05 Y57.95 E841.41491
G1 X87.05 Y61.538 E841.5703
G0 F1920 X87.05 Y62.05
M204 S2000
M205 X30 Y30
G0 F3600 X87.55 Y62.55
M204 S500
M205 X10 Y10
;TYPE:WALL-OUTER
G1 F1200 X77.964 Y62.55 E841.98542
G1 X77.964 Y57.45 E842.20628
G1 X87.55 Y57.45 E842.62141
G1 X87.55 Y62.038 E842.8201
G0 F960 X87.55 Y62.55
M204 S2000
M205 X30 Y30
G0 F3600 X87.3 Y62.55
G0 X86.55 Y61.697
G1 F2700 E838.8201
;MESH:NONMESH
G0 F600 X86.55 Y61.697 Z20.05
G0 F3600 X78.484 Y60.026
G0 X77.049 Y60.026
G0 X40.939 Y63.453
G0 X34.547 Y63.453
G0 X32.541 Y60.026
G0 X31.606 Y60.026
G0 X31.586 Y60.086
;TIME_ELAPSED:1141.970340
;LAYER:79
M204 S500
M205 X10 Y10
;TYPE:WALL-OUTER
;MESH:temperaturetowerv2.stl
G1 F2700 E842.8201
G1 F600 X31.414 Y60.086 E842.82755
G1 X31.414 Y59.914 E842.835
G1 X31.586 Y59.914 E842.84244
G1 X31.586 Y60.048 E842.84825
G0 F960 X31.586 Y60.086
M204 S2000
M205 X30 Y30
G0 F3600 X31.414 Y60.086
G0 X31.414 Y60.008
G1 F2700 E838.84825
G0 F3600 X31.486 Y60.008
G0 X32.501 Y59.928
G0 X34.535 Y59.928
G0 X35.97 Y59.928
G0 X36.65 Y59.773
M204 S500
M205 X10 Y10
;TYPE:FILL
G1 F2700 E842.84825
G1 F2400 X37.774 Y58.649 E842.91709
G1 X37.986 Y58.437
M204 S2000
M205 X30 Y30
G0 F3600 X38.935 Y59.845
M204 S500
M205 X10 Y10
G1 F2400 X37.432 Y61.349 E843.00917
G1 X37.22 Y61.561
M204 S2000
M205 X30 Y30
G0 F3600 X39.135 Y61.55
M204 S500
M205 X10 Y10
;TYPE:WALL-INNER
G1 F720 X36.45 Y61.55 E843.12544
G1 X36.45 Y58.45 E843.25969
G1 X39.135 Y58.45 E843.37596
G1 X39.135 Y61.038 E843.48804
G0 F1920 X39.135 Y61.55
M204 S2000
M205 X30 Y30
G0 F3600 X39.635 Y62.05
M204 S500
M205 X10 Y10
G1 F720 X35.95 Y62.05 E843.64762
G1 X35.95 Y57.95 E843.82518
G1 X39.635 Y57.95 E843.98476
G1 X39.635 Y61.538 E844.14014
G0 F1920 X39.635 Y62.05
M204 S2000
M205 X30 Y30
G0 F3600 X40.135 Y62.55
M204 S500
M205 X10 Y10
;TYPE:WALL-OUTER
G1 F1200 X35.45 Y62.55 E844.34303
G1 X35.45 Y57.45 E844.56388
G1 X40.135 Y57.45 E844.76677
G1 X40.135 Y62.038 E844.96546
G0 F960 X40.135 Y62.55
M204 S2000
M205 X30 Y30
G0 F3600 X39.885 Y62.55
G0 X39.135 Y61.697
G1 F2700 E840.96546
G0 F3600 X39.615 Y59.794
G0 X41.05 Y59.794
G0 X76.95 Y59.794
G0 X78.385 Y59.794
G0 X79.064 Y59.794
M204 S500
M205 X10 Y10
;TYPE:FILL
G1 F2700 E844.96546
G1 F2400 X80.208 Y58.65 E845.03552
G1 X80.42 Y58.438
M204 S2000
M205 X30 Y30
G0 F3600 X82.566 Y58.65
M204 S500
M205 X10 Y10
G1 F2400 X79.866 Y61.349 E845.20085
G1 X79.654 Y61.561
M204 S2000
M205 X30 Y30
G0 F3600 X82.223 Y61.349
M204 S500
M205 X10 Y10
G1 F2400 X84.923 Y58.65 E845.36618
G1 X85.135 Y58.438
M204 S2000
M205 X30 Y30
G0 F3600 X86.349 Y59.582
M204 S500
M205 X10 Y10
G1 F2400 X84.581 Y61.349 E845.47442
G1 X84.369 Y61.561
M204 S2000
M205 X30 Y30
G0 F3600 X86.55 Y61.55
M204 S500
M205 X10 Y10
;TYPE:WALL-INNER
G1 F2400 X78.865 Y61.55 E845.80723
G1 X78.865 Y58.45 E845.94148
G1 X86.55 Y58.45 E846.27428
G1 X86.55 Y61.038 E846.38636
G0 F1920 X86.55 Y61.55
M204 S2000
M205 X30 Y30
G0 F3600 X87.05 Y62.05
M204 S500
M205 X10 Y10
G1 F2400 X78.365 Y62.05 E846.76247
G1 X78.365 Y57.95 E846.94002
G1 X87.05 Y57.95 E847.31613
G1 X87.05 Y61.538 E847.47151
G0 F1920 X87.05 Y62.05
M204 S2000
M205 X30 Y30
G0 F3600 X87.55 Y62.55
M204 S500
M205 X10 Y10
;TYPE:WALL-OUTER
G1 F1200 X77.865 Y62.55 E847.89093
G1 X77.865 Y57.45 E848.11179
G1 X87.55 Y57.45 E848.5312
G1 X87.55 Y62.038 E848.72989
G0 F960 X87.55 Y62.55
M204 S2000
M205 X30 Y30
G0 F3600 X87.3 Y62.55
G0 X86.55 Y61.697
G1 F2700 E844.72989
;MESH:NONMESH
G0 F600 X86.55 Y61.697 Z20.3
G0 F3600 X78.385 Y59.986
G0 X76.95 Y59.986
G0 X41.038 Y56.547
G0 X34.547 Y56.547
G0 X32.501 Y59.986
G0 X31.566 Y59.986
G0 X31.546 Y60.046
;TIME_ELAPSED:1152.403454
;LAYER:80
M204 S500
M205 X10 Y10
;TYPE:WALL-OUTER
;MESH:temperaturetowerv2.stl
G1 F2700 E848.72989
G1 F600 X31.454 Y60.046 E848.73387
G1 X31.454 Y59.954 E848.73786
G1 X31.546 Y59.954 E848.74184
G1 X31.546 Y60.026 E848.74496
G0 F960 X31.546 Y60.046
M204 S2000
M205 X30 Y30
G0 F3600 X31.454 Y60.046
G0 X31.454 Y59.954
G0 X31.52 Y59.954
G1 F2700 E844.74496
G0 F3600 X31.504 Y59.996
G0 X32.461 Y60.032
G0 X34.535 Y60.032
G0 X35.97 Y60.032
G0 X36.65 Y60.224
M204 S500
M205 X10 Y10
;TYPE:FILL
G1 F2700 E848.74496
G1 F2400 X37.774 Y61.349 E848.81383
G1 X37.986 Y61.561
M204 S2000
M205 X30 Y30
G0 F3600 X39.045 Y60.262
M204 S500
M205 X10 Y10
G1 F2400 X37.432 Y58.649 E848.91261
G1 X37.22 Y58.437
M204 S2000
M205 X30 Y30
G0 F3600 X39.245 Y61.55
M204 S500
M205 X10 Y10
;TYPE:WALL-INNER
G1 F720 X36.45 Y61.55 E849.03365
G1 X36.45 Y58.45 E849.1679
G1 X39.245 Y58.45 E849.28894
G1 X39.245 Y61.038 E849.40102
G0 F1920 X39.245 Y61.55
M204 S2000
M205 X30 Y30
G0 F3600 X39.745 Y62.05
M204 S500
M205 X10 Y10
G1 F2400 X35.95 Y62.05 E849.56536
G1 X35.95 Y57.95 E849.74291
G1 X39.745 Y57.95 E849.90726
G1 X39.745 Y61.538 E850.06264
G0 F1920 X39.745 Y62.05
M204 S2000
M205 X30 Y30
G0 F3600 X40.245 Y62.55
M204 S500
M205 X10 Y10
;TYPE:WALL-OUTER
G1 F1200 X35.45 Y62.55 E850.27029
G1 X35.45 Y57.45 E850.49115
G1 X40.245 Y57.45 E850.6988
G1 X40.245 Y62.038 E850.89749
G0 F960 X40.245 Y62.55
M204 S2000
M205 X30 Y30
G0 F3600 X39.995 Y62.55
G0 X39.245 Y61.697
G1 F2700 E846.89749
G0 F3600 X39.725 Y60.094
G0 X41.16 Y60.094
G0 X76.84 Y60.094
G0 X78.275 Y60.094
G0 X78.954 Y60.094
M204 S500
M205 X10 Y10
;TYPE:FILL
G1 F2700 E850.89749
G1 F2400 X80.209 Y61.349 E850.97435
G1 X80.421 Y61.561
M204 S2000
M205 X30 Y30
G0 F3600 X82.567 Y61.349
M204 S500
M205 X10 Y10
G1 F2400 X79.867 Y58.65 E851.13968
G1 X79.655 Y58.438
M204 S2000
M205 X30 Y30
G0 F3600 X82.225 Y58.65
M204 S500
M205 X10 Y10
G1 F2400 X84.924 Y61.349 E851.30497
G1 X85.136 Y61.561
M204 S2000
M205 X30 Y30
G0 F3600 X86.349 Y60.416
M204 S500
M205 X10 Y10
G1 F2400 X84.582 Y58.65 E851.41316
G1 X84.37 Y58.438
M204 S2000
M205 X30 Y30
G0 F3600 X86.55 Y61.55
M204 S500
M205 X10 Y10
;TYPE:WALL-INNER
G1 F2400 X78.755 Y61.55 E851.75073
G1 X78.755 Y58.45 E851.88498
G1 X86.55 Y58.45 E852.22254
G1 X86.55 Y61.038 E852.33462
G0 F1920 X86.55 Y61.55
M204 S2000
M205 X30 Y30
G0 F3600 X87.05 Y62.05
M204 S500
M205 X10 Y10
G1 F2400 X78.255 Y62.05 E852.71549
G1 X78.255 Y57.95 E852.89305
G1 X87.05 Y57.95 E853.27392
G1 X87.05 Y61.538 E853.4293
G0 F1920 X87.05 Y62.05
M204 S2000
M205 X30 Y30
G0 F3600 X87.55 Y62.55
M204 S500
M205 X10 Y10
;TYPE:WALL-OUTER
G1 F1200 X77.755 Y62.55 E853.85348
G1 X77.755 Y57.45 E854.07434
G1 X87.55 Y57.45 E854.49852
G1 X87.55 Y62.038 E854.69721
G0 F960 X87.55 Y62.55
M204 S2000
M205 X30 Y30
G0 F3600 X87.3 Y62.55
G0 X86.55 Y61.697
G1 F2700 E850.69721
;MESH:NONMESH
G0 F600 X86.55 Y61.697 Z20.55
G0 F3600 X78.275 Y58.648
G0 X76.84 Y58.648
G0 X41.16 Y58.648
G0 X39.725 Y58.648
G0 X37.775 Y58.648
;TIME_ELAPSED:1162.054282
;LAYER:81
M204 S500
M205 X10 Y10
;TYPE:FILL
;MESH:temperaturetowerv2.stl
G1 F2700 E854.69721
G1 F2400 X36.65 Y59.773 E854.76611
G1 X36.438 Y59.985
M204 S2000
M205 X30 Y30
G0 F3600 X37.432 Y61.349
M204 S500
M205 X10 Y10
G1 F2400 X39.164 Y59.616 E854.87221
G1 X39.376 Y59.404
M204 S2000
M205 X30 Y30
G0 F3600 X39.365 Y61.55
M204 S500
M205 X10 Y10
;TYPE:WALL-INNER
G1 F720 X36.45 Y61.55 E854.99845
G1 X36.45 Y58.45 E855.13269
G1 X39.365 Y58.45 E855.25893
G1 X39.365 Y61.038 E855.37101
G0 F1920 X39.365 Y61.55
M204 S2000
M205 X30 Y30
G0 F3600 X39.865 Y62.05
M204 S500
M205 X10 Y10
G1 F2400 X35.95 Y62.05 E855.54055
G1 X35.95 Y57.95 E855.7181
G1 X39.865 Y57.95 E855.88764
G1 X39.865 Y61.538 E856.04302
G0 F1920 X39.865 Y62.05
M204 S2000
M205 X30 Y30
G0 F3600 X40.365 Y62.55
M204 S500
M205 X10 Y10
;TYPE:WALL-OUTER
G1 F1200 X35.45 Y62.55 E856.25587
G1 X35.45 Y57.45 E856.47673
G1 X40.365 Y57.45 E856.68958
G1 X40.365 Y62.038 E856.88826
G0 F960 X40.365 Y62.55
M204 S2000
M205 X30 Y30
G0 F3600 X40.115 Y62.55
G0 X39.365 Y61.697
G1 F2700 E852.88826
G0 F3600 X39.845 Y60.024
G0 X41.28 Y60.024
G0 X76.72 Y60.024
G0 X78.155 Y60.024
G0 X78.833 Y60.024
M204 S500
M205 X10 Y10
;TYPE:FILL
G1 F2700 E856.88826
G1 F2400 X80.208 Y58.65 E856.97244
G1 X80.42 Y58.438
M204 S2000
M205 X30 Y30
G0 F3600 X82.566 Y58.65
M204 S500
M205 X10 Y10
G1 F2400 X79.866 Y61.349 E857.13777
G1 X79.654 Y61.561
M204 S2000
M205 X30 Y30
G0 F3600 X82.223 Y61.349
M204 S500
M205 X10 Y10
G1 F2400 X84.923 Y58.65 E857.3031
G1 X85.135 Y58.438
M204 S2000
M205 X30 Y30
G0 F3600 X86.349 Y59.582
M204 S500
M205 X10 Y10
G1 F2400 X84.581 Y61.349 E857.41135
G1 X84.369 Y61.561
M204 S2000
M205 X30 Y30
G0 F3600 X86.55 Y61.55
M204 S500
M205 X10 Y10
;TYPE:WALL-INNER
G1 F2400 X78.635 Y61.55 E857.75411
G1 X78.635 Y58.45 E857.88836
G1 X86.55 Y58.45 E858.23112
G1 X86.55 Y61.038 E858.3432
G0 F1920 X86.55 Y61.55
M204 S2000
M205 X30 Y30
G0 F3600 X87.05 Y62.05
M204 S500
M205 X10 Y10
G1 F2400 X78.135 Y62.05 E858.72927
G1 X78.135 Y57.95 E858.90682
G1 X87.05 Y57.95 E859.29289
G1 X87.05 Y61.538 E859.44827
G0 F1920 X87.05 Y62.05
M204 S2000
M205 X30 Y30
G0 F3600 X87.55 Y62.55
M204 S500
M205 X10 Y10
;TYPE:WALL-OUTER
G1 F1200 X77.635 Y62.55 E859.87765
G1 X77.635 Y57.45 E860.09851
G1 X87.55 Y57.45 E860.52789
G1 X87.55 Y62.038 E860.72657
G0 F960 X87.55 Y62.55
M204 S2000
M205 X30 Y30
G0 F3600 X87.3 Y62.55
G0 X86.55 Y61.697
G1 F2700 E856.72657
;MESH:NONMESH
G0 F600 X86.55 Y61.697 Z20.8
G0 F3600 X78.155 Y58.649
G0 X76.72 Y58.649
G0 X41.28 Y58.649
G0 X39.845 Y58.649
G0 X37.432 Y58.649
;TIME_ELAPSED:1171.271505
;LAYER:82
M204 S500
M205 X10 Y10
;TYPE:FILL
;MESH:temperaturetowerv2.stl
G1 F2700 E860.72657
G1 F2400 X39.297 Y60.514 E860.84079
G1 X39.509 Y60.726
M204 S2000
M205 X30 Y30
G0 F3600 X37.774 Y61.349
M204 S500
M205 X10 Y10
G1 F2400 X36.65 Y60.224 E860.90966
G1 X36.438 Y60.012
M204 S2000
M205 X30 Y30
G0 F3600 X39.497 Y61.55
M204 S500
M205 X10 Y10
;TYPE:WALL-INNER
G1 F720 X36.45 Y61.55 E861.04161
G1 X36.45 Y58.45 E861.17586
G1 X39.497 Y58.45 E861.30781
G1 X39.497 Y61.038 E861.41989
G0 F1920 X39.497 Y61.55
M204 S2000
M205 X30 Y30
G0 F3600 X39.997 Y62.05
M204 S500
M205 X10 Y10
G1 F2400 X35.95 Y62.05 E861.59515
G1 X35.95 Y57.95 E861.7727
G1 X39.997 Y57.95 E861.94796
G1 X39.997 Y61.538 E862.10334
G0 F1920 X39.997 Y62.05
M204 S2000
M205 X30 Y30
G0 F3600 X40.497 Y62.55
M204 S500
M205 X10 Y10
;TYPE:WALL-OUTER
G1 F1200 X35.45 Y62.55 E862.3219
G1 X35.45 Y57.45 E862.54276
G1 X40.497 Y57.45 E862.76133
G1 X40.497 Y62.038 E862.96001
G0 F960 X40.497 Y62.55
M204 S2000
M205 X30 Y30
G0 F3600 X40.247 Y62.55
G0 X39.497 Y61.697
G1 F2700 E858.96001
G0 F3600 X39.977 Y59.842
G0 X41.412 Y59.842
G0 X76.588 Y59.842
G0 X78.023 Y59.842
G0 X78.702 Y59.842
M204 S500
M205 X10 Y10
;TYPE:FILL
G1 F2700 E862.96001
G1 F2400 X80.209 Y61.349 E863.05231
G1 X80.421 Y61.561
M204 S2000
M205 X30 Y30
G0 F3600 X82.567 Y61.349
M204 S500
M205 X10 Y10
G1 F2400 X79.867 Y58.65 E863.21764
G1 X79.655 Y58.438
M204 S2000
M205 X30 Y30
G0 F3600 X82.225 Y58.65
M204 S500
M205 X10 Y10
G1 F2400 X84.924 Y61.349 E863.38293
G1 X85.136 Y61.561
M204 S2000
M205 X30 Y30
G0 F3600 X86.349 Y60.416
M204 S500
M205 X10 Y10
G1 F2400 X84.582 Y58.65 E863.49112
G1 X84.37 Y58.438
M204 S2000
M205 X30 Y30
G0 F3600 X86.55 Y61.55
M204 S500
M205 X10 Y10
;TYPE:WALL-INNER
G1 F2400 X78.503 Y61.55 E863.8396
G1 X78.503 Y58.45 E863.97385
G1 X86.55 Y58.45 E864.32233
G1 X86.55 Y61.038 E864.4344
G0 F1920 X86.55 Y61.55
M204 S2000
M205 X30 Y30
G0 F3600 X87.05 Y62.05
M204 S500
M205 X10 Y10
G1 F2400 X78.003 Y62.05 E864.82619
G1 X78.003 Y57.95 E865.00374
G1 X87.05 Y57.95 E865.39553
G1 X87.05 Y61.538 E865.55091
G0 F1920 X87.05 Y62.05
M204 S2000
M205 X30 Y30
G0 F3600 X87.55 Y62.55
M204 S500
M205 X10 Y10
;TYPE:WALL-OUTER
G1 F1200 X77.503 Y62.55 E865.98601
G1 X77.503 Y57.45 E866.20686
G1 X87.55 Y57.45 E866.64196
G1 X87.55 Y62.038 E866.84064
G0 F960 X87.55 Y62.55
M204 S2000
M205 X30 Y30
G0 F3600 X87.3 Y62.55
G0 X86.55 Y61.697
G1 F2700 E862.84064
;MESH:NONMESH
G0 F600 X86.55 Y61.697 Z21.05
G0 F3600 X78.023 Y58.649
G0 X76.588 Y58.649
G0 X41.412 Y58.649
G0 X39.977 Y58.649
G0 X37.774 Y58.649
;TIME_ELAPSED:1180.614045
;LAYER:83
M204 S500
M205 X10 Y10
;TYPE:FILL
;MESH:temperaturetowerv2.stl
G1 F2700 E866.84064
G1 F2400 X36.65 Y59.773 E866.90948
G1 X36.438 Y59.985
M204 S2000
M205 X30 Y30
G0 F3600 X37.432 Y61.349
M204 S500
M205 X10 Y10
G1 F2400 X39.44 Y59.341 E867.03246
G1 X39.652 Y59.129
M204 S2000
M205 X30 Y30
G0 F3600 X39.64 Y61.55
M204 S500
M205 X10 Y10
;TYPE:WALL-INNER
G1 F720 X36.45 Y61.55 E867.1706
G1 X36.45 Y58.45 E867.30485
G1 X39.64 Y58.45 E867.443
G1 X39.64 Y61.038 E867.55507
G0 F1920 X39.64 Y61.55
M204 S2000
M205 X30 Y30
G0 F3600 X40.14 Y62.05
M204 S500
M205 X10 Y10
G1 F2400 X35.95 Y62.05 E867.73652
G1 X35.95 Y57.95 E867.91408
G1 X40.14 Y57.95 E868.09553
G1 X40.14 Y61.538 E868.25091
G0 F1920 X40.14 Y62.05
M204 S2000
M205 X30 Y30
G0 F3600 X40.64 Y62.55
M204 S500
M205 X10 Y10
;TYPE:WALL-OUTER
G1 F1200 X35.45 Y62.55 E868.47567
G1 X35.45 Y57.45 E868.69652
G1 X40.64 Y57.45 E868.92128
G1 X40.64 Y62.038 E869.11997
G0 F960 X40.64 Y62.55
M204 S2000
M205 X30 Y30
G0 F3600 X40.39 Y62.55
G0 X39.64 Y61.697
G1 F2700 E865.11997
G0 F3600 X40.12 Y60.299
G0 X41.555 Y60.299
G0 X76.445 Y60.299
G0 X77.88 Y60.299
G0 X78.559 Y60.299
M204 S500
M205 X10 Y10
;TYPE:FILL
G1 F2700 E869.11997
G1 F2400 X80.208 Y58.65 E869.22096
G1 X80.42 Y58.438
M204 S2000
M205 X30 Y30
G0 F3600 X82.566 Y58.65
M204 S500
M205 X10 Y10
G1 F2400 X79.866 Y61.349 E869.38629
G1 X79.654 Y61.561
M204 S2000
M205 X30 Y30
G0 F3600 X82.223 Y61.349
M204 S500
M205 X10 Y10
G1 F2400 X84.923 Y58.65 E869.55161
G1 X85.135 Y58.438
M204 S2000
M205 X30 Y30
G0 F3600 X86.349 Y59.582
M204 S500
M205 X10 Y10
G1 F2400 X84.581 Y61.349 E869.65986
G1 X84.369 Y61.561
M204 S2000
M205 X30 Y30
G0 F3600 X86.55 Y61.55
M204 S500
M205 X10 Y10
;TYPE:WALL-INNER
G1 F2400 X78.36 Y61.55 E870.01453
G1 X78.36 Y58.45 E870.14878
G1 X86.55 Y58.45 E870.50346
G1 X86.55 Y61.038 E870.61553
G0 F1920 X86.55 Y61.55
M204 S2000
M205 X30 Y30
G0 F3600 X87.05 Y62.05
M204 S500
M205 X10 Y10
G1 F2400 X77.86 Y62.05 E871.01351
G1 X77.86 Y57.95 E871.19107
G1 X87.05 Y57.95 E871.58904
G1 X87.05 Y61.538 E871.74443
G0 F1920 X87.05 Y62.05
M204 S2000
M205 X30 Y30
G0 F3600 X87.55 Y62.55
M204 S500
M205 X10 Y10
;TYPE:WALL-OUTER
G1 F1200 X77.36 Y62.55 E872.18571
G1 X77.36 Y57.45 E872.40657
G1 X87.55 Y57.45 E872.84786
G1 X87.55 Y62.038 E873.04654
G0 F960 X87.55 Y62.55
M204 S2000
M205 X30 Y30
G0 F3600 X87.3 Y62.55
G0 X86.55 Y61.697
G1 F2700 E869.04654
;MESH:NONMESH
G0 F600 X86.55 Y61.697 Z21.3
G0 F3600 X77.88 Y58.649
G0 X76.445 Y58.649
G0 X41.555 Y58.649
G0 X40.12 Y58.649
G0 X37.432 Y58.649
;TIME_ELAPSED:1189.982992
;LAYER:84
M204 S500
M205 X10 Y10
;TYPE:FILL
;MESH:temperaturetowerv2.stl
G1 F2700 E873.04654
G1 F2400 X39.595 Y60.813 E873.17904
G1 X39.807 Y61.025
M204 S2000
M205 X30 Y30
G0 F3600 X37.774 Y61.349
M204 S500
M205 X10 Y10
G1 F2400 X36.65 Y60.224 E873.24791
G1 X36.438 Y60.012
M204 S2000
M205 X30 Y30
G0 F3600 X39.796 Y61.55
M204 S500
M205 X10 Y10
;TYPE:WALL-INNER
G1 F720 X36.45 Y61.55 E873.39281
G1 X36.45 Y58.45 E873.52706
G1 X39.796 Y58.45 E873.67196
G1 X39.796 Y61.038 E873.78404
G0 F1920 X39.796 Y61.55
M204 S2000
M205 X30 Y30
G0 F3600 X40.296 Y62.05
M204 S500
M205 X10 Y10
G1 F2400 X35.95 Y62.05 E873.97224
G1 X35.95 Y57.95 E874.1498
G1 X40.296 Y57.95 E874.338
G1 X40.296 Y61.538 E874.49338
G0 F1920 X40.296 Y62.05
M204 S2000
M205 X30 Y30
G0 F3600 X40.796 Y62.55
M204 S500
M205 X10 Y10
;TYPE:WALL-OUTER
G1 F1200 X35.45 Y62.55 E874.7249
G1 X35.45 Y57.45 E874.94576
G1 X40.796 Y57.45 E875.17727
G1 X40.796 Y62.038 E875.37596
G0 F960 X40.796 Y62.55
M204 S2000
M205 X30 Y30
G0 F3600 X40.546 Y62.55
G0 X39.796 Y61.697
G1 F2700 E871.37596
G0 F3600 X40.276 Y59.543
G0 X41.711 Y59.543
G0 X76.289 Y59.543
G0 X77.724 Y59.543
G0 X78.403 Y59.543
M204 S500
M205 X10 Y10
;TYPE:FILL
G1 F2700 E875.37596
G1 F2400 X80.209 Y61.349 E875.48656
G1 X80.421 Y61.561
M204 S2000
M205 X30 Y30
G0 F3600 X82.567 Y61.349
M204 S500
M205 X10 Y10
G1 F2400 X79.867 Y58.65 E875.65189
G1 X79.655 Y58.438
M204 S2000
M205 X30 Y30
G0 F3600 X82.225 Y58.65
M204 S500
M205 X10 Y10
G1 F2400 X84.924 Y61.349 E875.81718
G1 X85.136 Y61.561
M204 S2000
M205 X30 Y30
G0 F3600 X86.349 Y60.416
M204 S500
M205 X10 Y10
G1 F2400 X84.582 Y58.65 E875.92537
G1 X84.37 Y58.438
M204 S2000
M205 X30 Y30
G0 F3600 X86.55 Y61.55
M204 S500
M205 X10 Y10
;TYPE:WALL-INNER
G1 F2400 X78.204 Y61.55 E876.2868
G1 X78.204 Y58.45 E876.42105
G1 X86.55 Y58.45 E876.78248
G1 X86.55 Y61.038 E876.89455
G0 F1920 X86.55 Y61.55
M204 S2000
M205 X30 Y30
G0 F3600 X87.05 Y62.05
M204 S500
M205 X10 Y10
G1 F2400 X77.704 Y62.05 E877.29929
G1 X77.704 Y57.95 E877.47684
G1 X87.05 Y57.95 E877.88158
G1 X87.05 Y61.538 E878.03696
G0 F1920 X87.05 Y62.05
M204 S2000
M205 X30 Y30
G0 F3600 X87.55 Y62.55
M204 S500
M205 X10 Y10
;TYPE:WALL-OUTER
G1 F1200 X77.204 Y62.55 E878.485
G1 X77.204 Y57.45 E878.70586
G1 X87.55 Y57.45 E879.1539
G1 X87.55 Y62.038 E879.35259
G0 F960 X87.55 Y62.55
M204 S2000
M205 X30 Y30
G0 F3600 X87.3 Y62.55
G0 X86.55 Y61.697
G1 F2700 E875.35259
;MESH:NONMESH
G0 F600 X86.55 Y61.697 Z21.55
G0 F3600 X77.724 Y58.649
G0 X76.289 Y58.649
G0 X41.711 Y58.649
G0 X40.276 Y58.649
G0 X37.774 Y58.649
;TIME_ELAPSED:1199.503296
;LAYER:85
M204 S500
M205 X10 Y10
;TYPE:FILL
;MESH:temperaturetowerv2.stl
G1 F2700 E879.35259
G1 F2400 X36.65 Y59.773 E879.42142
G1 X36.438 Y59.985
M204 S2000
M205 X30 Y30
G0 F3600 X37.432 Y61.349
M204 S500
M205 X10 Y10
G1 F2400 X39.766 Y59.014 E879.5644
G1 X39.978 Y58.802
M204 S2000
M205 X30 Y30
G0 F3600 X39.967 Y61.55
M204 S500
M205 X10 Y10
;TYPE:WALL-INNER
G1 F720 X36.45 Y61.55 E879.7167
G1 X36.45 Y58.45 E879.85095
G1 X39.967 Y58.45 E880.00326
G1 X39.967 Y61.038 E880.11533
G0 F1920 X39.967 Y61.55
M204 S2000
M205 X30 Y30
G0 F3600 X40.467 Y62.05
M204 S500
M205 X10 Y10
G1 F2400 X35.95 Y62.05 E880.31095
G1 X35.95 Y57.95 E880.4885
G1 X40.467 Y57.95 E880.68411
G1 X40.467 Y61.538 E880.83949
G0 F1920 X40.467 Y62.05
M204 S2000
M205 X30 Y30
G0 F3600 X40.967 Y62.55
M204 S500
M205 X10 Y10
;TYPE:WALL-OUTER
G1 F1200 X35.45 Y62.55 E881.07841
G1 X35.45 Y57.45 E881.29927
G1 X40.967 Y57.45 E881.53819
G1 X40.967 Y62.038 E881.73687
G0 F960 X40.967 Y62.55
M204 S2000
M205 X30 Y30
G0 F3600 X40.717 Y62.55
G0 X39.967 Y61.697
G1 F2700 E877.73687
G0 F3600 X40.447 Y60.625
G0 X41.882 Y60.625
G0 X76.118 Y60.625
G0 X77.553 Y60.625
G0 X78.232 Y60.625
M204 S500
M205 X10 Y10
;TYPE:FILL
G1 F2700 E881.73687
G1 F2400 X80.209 Y58.649 E881.85792
G1 X80.421 Y58.437
M204 S2000
M205 X30 Y30
G0 F3600 X82.566 Y58.649
M204 S500
M205 X10 Y10
G1 F2400 X79.866 Y61.349 E882.02328
G1 X79.654 Y61.561
M204 S2000
M205 X30 Y30
G0 F3600 X82.223 Y61.349
M204 S500
M205 X10 Y10
G1 F2400 X84.924 Y58.649 E882.18867
G1 X85.136 Y58.437
M204 S2000
M205 X30 Y30
G0 F3600 X86.349 Y59.582
M204 S500
M205 X10 Y10
G1 F2400 X84.581 Y61.349 E882.29692
G1 X84.369 Y61.561
M204 S2000
M205 X30 Y30
G0 F3600 X86.55 Y61.55
M204 S500
M205 X10 Y10
;TYPE:WALL-INNER
G1 F2400 X78.033 Y61.55 E882.66575
G1 X78.033 Y58.45 E882.8
G1 X86.55 Y58.45 E883.16883
G1 X86.55 Y61.038 E883.28091
G0 F1920 X86.55 Y61.55
M204 S2000
M205 X30 Y30
G0 F3600 X87.05 Y62.05
M204 S500
M205 X10 Y10
G1 F2400 X77.533 Y62.05 E883.69305
G1 X77.533 Y57.95 E883.8706
G1 X87.05 Y57.95 E884.28274
G1 X87.05 Y61.538 E884.43812
G0 F1920 X87.05 Y62.05
M204 S2000
M205 X30 Y30
G0 F3600 X87.55 Y62.55
M204 S500
M205 X10 Y10
;TYPE:WALL-OUTER
G1 F1200 X77.033 Y62.55 E884.89357
G1 X77.033 Y57.45 E885.11443
G1 X87.55 Y57.45 E885.56988
G1 X87.55 Y62.038 E885.76856
G0 F960 X87.55 Y62.55
M204 S2000
M205 X30 Y30
G0 F3600 X87.3 Y62.55
G0 X86.55 Y61.697
G1 F2700 E881.76856
;MESH:NONMESH
G0 F600 X86.55 Y61.697 Z21.8
G0 F3600 X77.553 Y58.649
G0 X76.118 Y58.649
G0 X41.882 Y58.649
G0 X40.447 Y58.649
G0 X37.432 Y58.649
;TIME_ELAPSED:1209.052139
;LAYER:86
M204 S500
M205 X10 Y10
;TYPE:FILL
;MESH:temperaturetowerv2.stl
G1 F2700 E885.76856
G1 F2400 X39.953 Y61.171 E885.92299
G1 X40.165 Y61.383
M204 S2000
M205 X30 Y30
G0 F3600 X37.774 Y61.349
M204 S500
M205 X10 Y10
G1 F2400 X36.65 Y60.224 E885.99186
M204 S2000
M205 X30 Y30
G0 F3600 X36.572 Y60.147
M204 S500
M205 X10 Y10
G1 F2400 X36.398 Y59.973 E886.00251
M204 S2000
M205 X30 Y30
G0 F3600 X39.789 Y58.649
M204 S500
M205 X10 Y10
G1 F2400 X39.953 Y58.813 E886.01256
M204 S2000
M205 X30 Y30
G0 F3600 X36.45 Y59.697
M204 S500
M205 X10 Y10
;TYPE:WALL-INNER
G1 F720 X36.45 Y58.45 E886.06656
G1 X40.154 Y58.45 E886.22696
G1 X40.154 Y61.55 E886.36121
G1 X36.45 Y61.55 E886.52162
G1 X36.45 Y60.308 E886.5754
G1 X36.199 Y60.163 E886.58795
G1 X36.199 Y60.064 E886.59224
G0 F1920 X36.199 Y59.841
G0 X36.45 Y59.697
M204 S2000
M205 X30 Y30
G0 F3600 X35.95 Y59.407
M204 S500
M205 X10 Y10
G1 F2400 X35.95 Y57.95 E886.65534
G1 X40.654 Y57.95 E886.85905
G1 X40.654 Y62.05 E887.0366
G1 X35.95 Y62.05 E887.24031
G1 X35.95 Y60.597 E887.30324
G1 X35.699 Y60.452 E887.31579
G1 X35.699 Y59.774 E887.34515
G0 F1920 X35.699 Y59.551
G0 X35.95 Y59.407
M204 S2000
M205 X30 Y30
G0 F3600 X35.45 Y59.117
M204 S500
M205 X10 Y10
;TYPE:WALL-OUTER
G1 F1200 X35.45 Y57.45 E887.41734
G1 X41.154 Y57.45 E887.66436
G1 X41.154 Y62.55 E887.88522
G1 X35.45 Y62.55 E888.13223
G1 X35.45 Y60.886 E888.20429
G1 X35.199 Y60.741 E888.21685
G1 X35.199 Y59.484 E888.27128
G0 F960 X35.199 Y59.261
G0 X35.45 Y59.117
M204 S2000
M205 X30 Y30
G0 F3600 X35.45 Y58.867
G0 X36.45 Y58.867
G1 F2700 E884.27128
G0 F3600 X40.634 Y59.184
G0 X42.069 Y59.184
G0 X75.931 Y59.184
G0 X77.366 Y59.184
G0 X78.044 Y59.184
M204 S500
M205 X10 Y10
;TYPE:FILL
G1 F2700 E888.27128
G1 F2400 X80.209 Y61.349 E888.40387
G1 X80.421 Y61.561
M204 S2000
M205 X30 Y30
G0 F3600 X82.567 Y61.349
M204 S500
M205 X10 Y10
G1 F2400 X79.867 Y58.65 E888.5692
G1 X79.655 Y58.438
M204 S2000
M205 X30 Y30
G0 F3600 X82.225 Y58.65
M204 S500
M205 X10 Y10
G1 F2400 X84.924 Y61.349 E888.7345
G1 X85.136 Y61.561
M204 S2000
M205 X30 Y30
G0 F3600 X86.349 Y60.416
M204 S500
M205 X10 Y10
G1 F2400 X84.582 Y58.65 E888.84268
G1 X84.37 Y58.438
M204 S2000
M205 X30 Y30
G0 F3600 X86.55 Y61.55
M204 S500
M205 X10 Y10
;TYPE:WALL-INNER
G1 F2400 X77.846 Y61.55 E889.21962
G1 X77.846 Y58.45 E889.35386
G1 X86.55 Y58.45 E889.7308
G1 X86.55 Y61.038 E889.84287
G0 F1920 X86.55 Y61.55
M204 S2000
M205 X30 Y30
G0 F3600 X87.05 Y62.05
M204 S500
M205 X10 Y10
G1 F2400 X77.346 Y62.05 E890.26311
G1 X77.346 Y57.95 E890.44067
G1 X87.05 Y57.95 E890.8609
G1 X87.05 Y61.538 E891.01629
G0 F1920 X87.05 Y62.05
M204 S2000
M205 X30 Y30
G0 F3600 X87.55 Y62.55
M204 S500
M205 X10 Y10
;TYPE:WALL-OUTER
G1 F1200 X76.846 Y62.55 E891.47983
G1 X76.846 Y57.45 E891.70069
G1 X87.55 Y57.45 E892.16423
G1 X87.55 Y62.038 E892.36292
G0 F960 X87.55 Y62.55
M204 S2000
M205 X30 Y30
G0 F3600 X87.3 Y62.55
G0 X86.55 Y61.697
G1 F2700 E888.36292
;MESH:NONMESH
G0 F600 X86.55 Y61.697 Z22.05
G0 F3600 X77.366 Y58.648
G0 X75.931 Y58.648
G0 X42.069 Y58.648
G0 X40.634 Y58.648
G0 X37.775 Y58.648
;TIME_ELAPSED:1219.099779
;LAYER:87
M204 S500
M205 X10 Y10
;TYPE:FILL
;MESH:temperaturetowerv2.stl
G1 F2700 E892.36292
G1 F2400 X36.256 Y60.167 E892.45595
G1 X36.044 Y60.379
M204 S2000
M205 X30 Y30
G0 F3600 X37.432 Y61.349
M204 S500
M205 X10 Y10
G1 F2400 X40.132 Y58.648 E892.62134
G1 X40.344 Y58.436
M204 S2000
M205 X30 Y30
G0 F3600 X40.157 Y60.981
M204 S500
M205 X10 Y10
G1 F2400 X39.789 Y61.349 E892.64387
M204 S2000
M205 X30 Y30
G0 F3600 X36.45 Y59.492
M204 S500
M205 X10 Y10
;TYPE:WALL-INNER
G1 F720 X36.45 Y58.45 E892.689
G1 X40.358 Y58.45 E892.85824
G1 X40.358 Y61.55 E892.99249
G1 X36.45 Y61.55 E893.16172
G1 X36.45 Y60.511 E893.20672
G1 X35.842 Y60.161 E893.2371
G1 X35.842 Y59.841 E893.25096
G1 X36.006 Y59.746 E893.25917
G0 F1920 X36.45 Y59.492
M204 S2000
M205 X30 Y30
G0 F3600 X35.95 Y59.202
M204 S500
M205 X10 Y10
G1 F2400 X35.95 Y57.95 E893.31338
G1 X40.858 Y57.95 E893.52593
G1 X40.858 Y62.05 E893.70348
G1 X35.95 Y62.05 E893.91603
G1 X35.95 Y60.8 E893.97016
G1 X35.342 Y60.45 E894.00054
G1 X35.342 Y59.551 E894.03947
G1 X35.506 Y59.456 E894.04768
G0 F1920 X35.95 Y59.202
M204 S2000
M205 X30 Y30
G0 F3600 X35.45 Y58.912
M204 S500
M205 X10 Y10
;TYPE:WALL-OUTER
G1 F1200 X35.45 Y57.45 E894.11099
G1 X41.358 Y57.45 E894.36684
G1 X41.358 Y62.55 E894.5877
G1 X35.45 Y62.55 E894.84355
G1 X35.45 Y61.089 E894.90682
G1 X34.842 Y60.739 E894.9372
G1 X34.842 Y59.261 E895.00121
G1 X35.006 Y59.166 E895.00942
G0 F960 X35.45 Y58.912
M204 S2000
M205 X30 Y30
G0 F3600 X35.45 Y58.662
G0 X36.45 Y58.662
G1 F2700 E891.00942
G0 F3600 X40.838 Y61.016
G0 X42.273 Y61.016
G0 X75.728 Y61.016
G0 X77.163 Y61.016
G0 X77.842 Y61.016
M204 S500
M205 X10 Y10
;TYPE:FILL
G1 F2700 E895.00942
G1 F2400 X80.208 Y58.65 E895.15432
G1 X80.42 Y58.438
M204 S2000
M205 X30 Y30
G0 F3600 X82.566 Y58.65
M204 S500
M205 X10 Y10
G1 F2400 X79.866 Y61.349 E895.31965
G1 X79.654 Y61.561
M204 S2000
M205 X30 Y30
G0 F3600 X82.223 Y61.349
M204 S500
M205 X10 Y10
G1 F2400 X84.923 Y58.65 E895.48497
G1 X85.135 Y58.438
M204 S2000
M205 X30 Y30
G0 F3600 X86.349 Y59.582
M204 S500
M205 X10 Y10
G1 F2400 X84.581 Y61.349 E895.59322
G1 X84.369 Y61.561
M204 S2000
M205 X30 Y30
G0 F3600 X86.55 Y61.55
M204 S500
M205 X10 Y10
;TYPE:WALL-INNER
G1 F2400 X77.643 Y61.55 E895.97895
G1 X77.643 Y58.45 E896.11319
G1 X86.55 Y58.45 E896.49892
G1 X86.55 Y61.038 E896.61099
G0 F1920 X86.55 Y61.55
M204 S2000
M205 X30 Y30
G0 F3600 X87.05 Y62.05
M204 S500
M205 X10 Y10
G1 F2400 X77.143 Y62.05 E897.04002
G1 X77.143 Y57.95 E897.21758
G1 X87.05 Y57.95 E897.64661
G1 X87.05 Y61.538 E897.80199
G0 F1920 X87.05 Y62.05
M204 S2000
M205 X30 Y30
G0 F3600 X87.55 Y62.55
M204 S500
M205 X10 Y10
;TYPE:WALL-OUTER
G1 F1200 X76.643 Y62.55 E898.27432
G1 X76.643 Y57.45 E898.49518
G1 X87.55 Y57.45 E898.96752
G1 X87.55 Y62.038 E899.1662
G0 F960 X87.55 Y62.55
M204 S2000
M205 X30 Y30
G0 F3600 X87.3 Y62.55
G0 X86.55 Y61.697
G1 F2700 E895.1662
;MESH:NONMESH
G0 F600 X86.55 Y61.697 Z22.3
G0 F3600 X77.163 Y58.649
G0 X75.728 Y58.649
G0 X42.273 Y58.649
G0 X40.838 Y58.649
G0 X37.432 Y58.649
;TIME_ELAPSED:1229.323747
;LAYER:88
M204 S500
M205 X10 Y10
;TYPE:FILL
;MESH:temperaturetowerv2.stl
G1 F2700 E899.1662
G1 F2400 X40.131 Y61.349 E899.33153
G1 X40.343 Y61.561
M204 S2000
M205 X30 Y30
G0 F3600 X40.379 Y59.239
M204 S500
M205 X10 Y10
G1 F2400 X39.789 Y58.649 E899.36766
M204 S2000
M205 X30 Y30
G0 F3600 X37.774 Y61.349
M204 S500
M205 X10 Y10
G1 F2400 X36.128 Y59.703 E899.46847
G1 X35.916 Y59.491
M204 S2000
M205 X30 Y30
G0 F3600 X36.45 Y59.288
M204 S500
M205 X10 Y10
;TYPE:WALL-INNER
G1 F720 X36.45 Y58.45 E899.50476
G1 X40.579 Y58.45 E899.68357
G1 X40.579 Y61.55 E899.81782
G1 X36.45 Y61.55 E899.99663
G1 X36.45 Y60.715 E900.03279
G1 X35.485 Y60.16 E900.081
G1 X35.485 Y59.841 E900.09481
G1 X36.006 Y59.542 E900.12083
G0 F1920 X36.45 Y59.288
M204 S2000
M205 X30 Y30
G0 F3600 X35.95 Y58.998
M204 S500
M205 X10 Y10
G1 F2400 X35.95 Y57.95 E900.16621
G1 X41.079 Y57.95 E900.38833
G1 X41.079 Y62.05 E900.56588
G1 X35.95 Y62.05 E900.78799
G1 X35.95 Y61.004 E900.83329
G1 X34.985 Y60.449 E900.8815
G1 X34.985 Y59.551 E900.92039
G1 X35.506 Y59.252 E900.9464
G0 F1920 X35.95 Y58.998
M204 S2000
M205 X30 Y30
G0 F3600 X35.45 Y58.708
M204 S500
M205 X10 Y10
;TYPE:WALL-OUTER
G1 F1200 X35.45 Y57.45 E901.00088
G1 X41.579 Y57.45 E901.2663
G1 X41.579 Y62.55 E901.48716
G1 X35.45 Y62.55 E901.75258
G1 X35.45 Y61.293 E901.80702
G1 X34.485 Y60.739 E901.8552
G1 X34.485 Y59.261 E901.91921
G1 X35.006 Y58.962 E901.94522
G0 F960 X35.45 Y58.708
M204 S2000
M205 X30 Y30
G0 F3600 X35.45 Y58.458
G0 X36.45 Y58.458
G1 F2700 E897.94522
G0 F3600 X41.059 Y58.76
G0 X42.494 Y58.76
G0 X75.506 Y58.76
G0 X76.941 Y58.76
G0 X77.62 Y58.76
M204 S500
M205 X10 Y10
;TYPE:FILL
G1 F2700 E901.94522
G1 F2400 X80.209 Y61.349 E902.10378
G1 X80.421 Y61.561
M204 S2000
M205 X30 Y30
G0 F3600 X77.852 Y61.349
M204 S500
M205 X10 Y10
G1 F2400 X77.62 Y61.118 E902.11796
M204 S2000
M205 X30 Y30
G0 F3600 X79.867 Y58.65
M204 S500
M205 X10 Y10
G1 F2400 X82.567 Y61.349 E902.28329
G1 X82.779 Y61.561
M204 S2000
M205 X30 Y30
G0 F3600 X84.924 Y61.349
M204 S500
M205 X10 Y10
G1 F2400 X82.225 Y58.65 E902.44859
G1 X82.013 Y58.438
M204 S2000
M205 X30 Y30
G0 F3600 X84.582 Y58.65
M204 S500
M205 X10 Y10
G1 F2400 X86.349 Y60.416 E902.55677
G1 X86.561 Y60.628
M204 S2000
M205 X30 Y30
G0 F3600 X86.55 Y61.55
M204 S500
M205 X10 Y10
;TYPE:WALL-INNER
G1 F2400 X77.421 Y61.55 E902.95211
G1 X77.421 Y58.45 E903.08636
G1 X86.55 Y58.45 E903.4817
G1 X86.55 Y61.038 E903.59377
G0 F1920 X86.55 Y61.55
M204 S2000
M205 X30 Y30
G0 F3600 X87.05 Y62.05
M204 S500
M205 X10 Y10
G1 F2400 X76.921 Y62.05 E904.03241
G1 X76.921 Y57.95 E904.20997
G1 X87.05 Y57.95 E904.64861
G1 X87.05 Y61.538 E904.80399
G0 F1920 X87.05 Y62.05
M204 S2000
M205 X30 Y30
G0 F3600 X87.55 Y62.55
M204 S500
M205 X10 Y10
;TYPE:WALL-OUTER
G1 F1200 X76.421 Y62.55 E905.28594
G1 X76.421 Y57.45 E905.5068
G1 X87.55 Y57.45 E905.98875
G1 X87.55 Y62.038 E906.18744
G0 F960 X87.55 Y62.55
M204 S2000
M205 X30 Y30
G0 F3600 X87.3 Y62.55
G0 X86.55 Y61.697
G1 F2700 E902.18744
;MESH:NONMESH
G0 F600 X86.55 Y61.697 Z22.55
G0 F3600 X76.941 Y58.649
G0 X75.506 Y58.649
G0 X42.494 Y58.649
G0 X41.059 Y58.649
G0 X37.774 Y58.649
;TIME_ELAPSED:1239.786983
;LAYER:89
M204 S500
M205 X10 Y10
;TYPE:FILL
;MESH:temperaturetowerv2.stl
G1 F2700 E906.18744
G1 F2400 X35.995 Y60.427 E906.29636
G1 X35.783 Y60.639
M204 S2000
M205 X30 Y30
G0 F3600 X37.432 Y61.349
M204 S500
M205 X10 Y10
G1 F2400 X40.131 Y58.649 E906.46169
G1 X40.343 Y58.437
M204 S2000
M205 X30 Y30
G0 F3600 X40.621 Y60.517
M204 S500
M205 X10 Y10
G1 F2400 X39.789 Y61.349 E906.51264
G1 X39.577 Y61.561
M204 S2000
M205 X30 Y30
G0 F3600 X36.45 Y59.083
M204 S500
M205 X10 Y10
;TYPE:WALL-INNER
G1 F2400 X36.45 Y58.45 E906.54005
G1 X40.821 Y58.45 E906.72934
G1 X40.821 Y61.55 E906.86359
G1 X36.45 Y61.55 E907.05288
G1 X36.45 Y60.92 E907.08016
G1 X35.128 Y60.16 E907.1462
G1 X35.128 Y59.841 E907.16001
G1 X36.006 Y59.337 E907.20386
G0 F1920 X36.45 Y59.083
M204 S2000
M205 X30 Y30
G0 F3600 X35.95 Y58.793
M204 S500
M205 X10 Y10
G1 F2400 X35.95 Y57.95 E907.24036
G1 X41.321 Y57.95 E907.47296
G1 X41.321 Y62.05 E907.65051
G1 X35.95 Y62.05 E907.88311
G1 X35.95 Y61.209 E907.91953
G1 X34.628 Y60.449 E907.98556
G1 X34.628 Y59.551 E908.02445
G1 X35.506 Y59.047 E908.06829
G0 F1920 X35.95 Y58.793
M204 S2000
M205 X30 Y30
G0 F3600 X35.45 Y58.503
M204 S500
M205 X10 Y10
;TYPE:WALL-OUTER
G1 F1200 X35.45 Y57.45 E908.11389
G1 X41.821 Y57.45 E908.38979
G1 X41.821 Y62.55 E908.61065
G1 X35.45 Y62.55 E908.88655
G1 X35.45 Y61.498 E908.93211
G1 X34.128 Y60.739 E908.99813
G1 X34.128 Y59.261 E909.06213
G1 X35.006 Y58.757 E909.10597
G0 F960 X35.45 Y58.503
M204 S2000
M205 X30 Y30
G0 F3600 X35.45 Y58.253
G0 X36.45 Y58.45
G1 F2700 E905.10597
G0 F3600 X41.301 Y59.122
G0 X42.736 Y59.122
G0 X75.264 Y59.122
G0 X76.699 Y59.122
G0 X77.378 Y59.122
M204 S500
M205 X10 Y10
;TYPE:FILL
G1 F2700 E909.10597
G1 F2400 X77.851 Y58.65 E909.13491
M204 S2000
M205 X30 Y30
G0 F3600 X80.208 Y58.65
M204 S500
M205 X10 Y10
G1 F2400 X77.508 Y61.349 E909.30024
G1 X77.296 Y61.561
M204 S2000
M205 X30 Y30
G0 F3600 X79.866 Y61.349
M204 S500
M205 X10 Y10
G1 F2400 X82.566 Y58.65 E909.46557
G1 X82.778 Y58.438
M204 S2000
M205 X30 Y30
G0 F3600 X84.923 Y58.65
M204 S500
M205 X10 Y10
G1 F2400 X82.223 Y61.349 E909.63089
G1 X82.011 Y61.561
M204 S2000
M205 X30 Y30
G0 F3600 X84.581 Y61.349
M204 S500
M205 X10 Y10
G1 F2400 X86.349 Y59.582 E909.73914
G1 X86.561 Y59.37
M204 S2000
M205 X30 Y30
G0 F3600 X86.55 Y61.55
M204 S500
M205 X10 Y10
;TYPE:WALL-INNER
G1 F2400 X77.179 Y61.55 E910.14496
G1 X77.179 Y58.45 E910.27921
G1 X86.55 Y58.45 E910.68502
G1 X86.55 Y61.038 E910.7971
G0 F1920 X86.55 Y61.55
M204 S2000
M205 X30 Y30
G0 F3600 X87.05 Y62.05
M204 S500
M205 X10 Y10
G1 F2400 X76.679 Y62.05 E911.24622
G1 X76.679 Y57.95 E911.42378
G1 X87.05 Y57.95 E911.8729
G1 X87.05 Y61.538 E912.02828
G0 F1920 X87.05 Y62.05
M204 S2000
M205 X30 Y30
G0 F3600 X87.55 Y62.55
M204 S500
M205 X10 Y10
;TYPE:WALL-OUTER
G1 F1200 X76.179 Y62.55 E912.52071
G1 X76.179 Y57.45 E912.74157
G1 X87.55 Y57.45 E913.234
G1 X87.55 Y62.038 E913.43269
G0 F960 X87.55 Y62.55
M204 S2000
M205 X30 Y30
G0 F3600 X87.3 Y62.55
G0 X86.55 Y61.697
G1 F2700 E909.43269
;MESH:NONMESH
G0 F600 X86.55 Y61.697 Z22.8
G0 F3600 X76.699 Y59.442
G0 X75.264 Y59.442
G0 X42.736 Y59.442
G0 X41.301 Y59.442
G0 X35.867 Y59.442
;TIME_ELAPSED:1249.889403
;LAYER:90
M204 S500
M205 X10 Y10
;TYPE:FILL
;MESH:temperaturetowerv2.stl
G1 F2700 E913.43269
G1 F2400 X37.774 Y61.349 E913.54948
G1 X37.986 Y61.561
M204 S2000
M205 X30 Y30
G0 F3600 X40.131 Y61.349
M204 S500
M205 X10 Y10
G1 F2400 X37.432 Y58.649 E913.71481
G1 X37.22 Y58.437
M204 S2000
M205 X30 Y30
G0 F3600 X39.789 Y58.649
M204 S500
M205 X10 Y10
G1 F2400 X40.887 Y59.746 E913.78202
G1 X41.099 Y59.958
M204 S2000
M205 X30 Y30
G0 F3600 X36.45 Y58.878
M204 S500
M205 X10 Y10
;TYPE:WALL-INNER
G1 F2400 X36.45 Y58.45 E913.80056
G1 X41.087 Y58.45 E914.00136
G1 X41.087 Y61.55 E914.13561
G1 X36.45 Y61.55 E914.33642
G1 X36.45 Y61.125 E914.35483
G1 X34.771 Y60.159 E914.43871
G1 X34.771 Y59.841 E914.45248
G1 X36.006 Y59.132 E914.51415
G0 F1920 X36.45 Y58.878
M204 S2000
M205 X30 Y30
G0 F3600 X35.95 Y58.588
M204 S500
M205 X10 Y10
G1 F2400 X35.95 Y57.95 E914.54178
G1 X41.587 Y57.95 E914.7859
G1 X41.587 Y62.05 E914.96345
G1 X35.95 Y62.05 E915.20756
G1 X35.95 Y61.414 E915.23511
G1 X34.271 Y60.449 E915.31897
G1 X34.271 Y59.551 E915.35786
G1 X35.506 Y58.842 E915.41953
G0 F1920 X35.95 Y58.588
M204 S2000
M205 X30 Y30
G0 F3600 X35.45 Y58.298
M204 S500
M205 X10 Y10
;TYPE:WALL-OUTER
G1 F1200 X35.45 Y57.45 E915.45625
G1 X42.087 Y57.45 E915.74367
G1 X42.087 Y62.55 E915.96453
G1 X35.45 Y62.55 E916.25195
G1 X35.45 Y61.703 E916.28863
G1 X33.771 Y60.739 E916.37247
G1 X33.771 Y59.261 E916.43648
G1 X35.006 Y58.552 E916.49815
G0 F960 X35.45 Y58.298
M204 S2000
M205 X30 Y30
G0 F3600 X35.45 Y58.048
G0 X36.45 Y58.45
G1 F2700 E912.49815
G0 F3600 X41.567 Y60.609
G0 X43.002 Y60.609
G0 X74.998 Y60.609
G0 X76.433 Y60.609
G0 X77.112 Y60.609
M204 S500
M205 X10 Y10
;TYPE:FILL
G1 F2700 E916.49815
G1 F2400 X77.852 Y61.349 E916.54347
G1 X78.064 Y61.561
M204 S2000
M205 X30 Y30
G0 F3600 X80.209 Y61.349
M204 S500
M205 X10 Y10
G1 F2400 X77.51 Y58.65 E916.70876
G1 X77.298 Y58.438
M204 S2000
M205 X30 Y30
G0 F3600 X79.867 Y58.65
M204 S500
M205 X10 Y10
G1 F2400 X82.567 Y61.349 E916.87409
G1 X82.779 Y61.561
M204 S2000
M205 X30 Y30
G0 F3600 X84.924 Y61.349
M204 S500
M205 X10 Y10
G1 F2400 X82.225 Y58.65 E917.03939
G1 X82.013 Y58.438
M204 S2000
M205 X30 Y30
G0 F3600 X84.582 Y58.65
M204 S500
M205 X10 Y10
G1 F2400 X86.349 Y60.416 E917.14757
G1 X86.561 Y60.628
M204 S2000
M205 X30 Y30
G0 F3600 X86.55 Y61.55
M204 S500
M205 X10 Y10
;TYPE:WALL-INNER
G1 F2400 X76.913 Y61.55 E917.56491
G1 X76.913 Y58.45 E917.69916
G1 X86.55 Y58.45 E918.1165
G1 X86.55 Y61.038 E918.22857
G0 F1920 X86.55 Y61.55
M204 S2000
M205 X30 Y30
G0 F3600 X87.05 Y62.05
M204 S500
M205 X10 Y10
G1 F2400 X76.413 Y62.05 E918.68922
G1 X76.413 Y57.95 E918.86677
G1 X87.05 Y57.95 E919.32741
G1 X87.05 Y61.538 E919.48279
G0 F1920 X87.05 Y62.05
M204 S2000
M205 X30 Y30
G0 F3600 X87.55 Y62.55
M204 S500
M205 X10 Y10
;TYPE:WALL-OUTER
G1 F1200 X75.913 Y62.55 E919.98674
G1 X75.913 Y57.45 E920.2076
G1 X87.55 Y57.45 E920.71155
G1 X87.55 Y62.038 E920.91024
G0 F960 X87.55 Y62.55
M204 S2000
M205 X30 Y30
G0 F3600 X87.3 Y62.55
G0 X86.55 Y61.697
G1 F2700 E916.91024
;MESH:NONMESH
G0 F600 X86.55 Y61.697 Z23.05
G0 F3600 X76.433 Y58.649
G0 X74.998 Y58.649
G0 X43.002 Y58.649
G0 X41.567 Y58.649
G0 X37.774 Y58.649
;TIME_ELAPSED:1260.124440
;LAYER:91
M204 S500
M205 X10 Y10
;TYPE:FILL
;MESH:temperaturetowerv2.stl
G1 F2700 E920.91024
G1 F2400 X35.735 Y60.688 E921.03511
G1 X35.523 Y60.9
M204 S2000
M205 X30 Y30
G0 F3600 X37.432 Y61.349
M204 S500
M205 X10 Y10
G1 F2400 X40.131 Y58.649 E921.20044
G1 X40.343 Y58.437
M204 S2000
M205 X30 Y30
G0 F3600 X41.182 Y59.956
M204 S500
M205 X10 Y10
G1 F2400 X39.789 Y61.349 E921.28575
G1 X39.577 Y61.561
M204 S2000
M205 X30 Y30
G0 F3600 X36.45 Y58.673
M204 S500
M205 X10 Y10
;TYPE:WALL-INNER
G1 F2400 X36.45 Y58.45 E921.29541
G1 X41.383 Y58.45 E921.50904
G1 X41.383 Y61.55 E921.64328
G1 X36.45 Y61.55 E921.85691
G1 X36.45 Y61.33 E921.86644
G1 X34.414 Y60.159 E921.96815
G1 X34.414 Y59.841 E921.98192
G1 X36.006 Y58.927 E922.06142
G0 F1920 X36.45 Y58.673
M204 S2000
M205 X30 Y30
G0 F3600 X35.95 Y58.383
M204 S500
M205 X10 Y10
G1 F2400 X35.95 Y57.95 E922.08017
G1 X41.883 Y57.95 E922.3371
G1 X41.883 Y62.05 E922.51466
G1 X35.95 Y62.05 E922.77159
G1 X35.95 Y61.619 E922.79026
G1 X33.914 Y60.449 E922.89195
G1 X33.914 Y59.551 E922.93084
G1 X35.506 Y58.637 E923.01033
G0 F1920 X35.95 Y58.383
M204 S2000
M205 X30 Y30
G0 F3600 X35.45 Y58.093
M204 S500
M205 X10 Y10
;TYPE:WALL-OUTER
G1 F1200 X35.45 Y57.45 E923.03818
G1 X42.383 Y57.45 E923.33842
G1 X42.383 Y62.55 E923.55928
G1 X35.45 Y62.55 E923.85952
G1 X35.45 Y61.908 E923.88732
G1 X33.414 Y60.739 E923.98899
G1 X33.414 Y59.261 E924.05299
G1 X35.006 Y58.347 E924.13249
G0 F960 X35.45 Y58.093
M204 S2000
M205 X30 Y30
G0 F3600 X35.45 Y57.843
G0 X36.45 Y58.303
G1 F2700 E920.13249
G0 F3600 X41.863 Y59.684
G0 X43.298 Y59.684
G0 X74.702 Y59.684
G0 X76.137 Y59.684
G0 X76.816 Y59.684
M204 S500
M205 X10 Y10
;TYPE:FILL
G1 F2700 E924.13249
G1 F2400 X77.851 Y58.649 E924.19588
G1 X78.063 Y58.437
M204 S2000
M205 X30 Y30
G0 F3600 X80.209 Y58.649
M204 S500
M205 X10 Y10
G1 F2400 X77.508 Y61.349 E924.36127
G1 X77.296 Y61.561
M204 S2000
M205 X30 Y30
G0 F3600 X79.866 Y61.349
M204 S500
M205 X10 Y10
G1 F2400 X82.566 Y58.649 E924.52662
G1 X82.778 Y58.437
M204 S2000
M205 X30 Y30
G0 F3600 X84.924 Y58.649
M204 S500
M205 X10 Y10
G1 F2400 X82.223 Y61.349 E924.69201
G1 X82.011 Y61.561
M204 S2000
M205 X30 Y30
G0 F3600 X84.581 Y61.349
M204 S500
M205 X10 Y10
G1 F2400 X86.349 Y59.582 E924.80026
G1 X86.561 Y59.37
M204 S2000
M205 X30 Y30
G0 F3600 X86.55 Y61.55
M204 S500
M205 X10 Y10
;TYPE:WALL-INNER
G1 F2400 X76.617 Y61.55 E925.23042
G1 X76.617 Y58.45 E925.36466
G1 X86.55 Y58.45 E925.79482
G1 X86.55 Y61.038 E925.9069
G0 F1920 X86.55 Y61.55
M204 S2000
M205 X30 Y30
G0 F3600 X87.05 Y62.05
M204 S500
M205 X10 Y10
G1 F2400 X76.117 Y62.05 E926.38036
G1 X76.117 Y57.95 E926.55791
G1 X87.05 Y57.95 E927.03137
G1 X87.05 Y61.538 E927.18675
G0 F1920 X87.05 Y62.05
M204 S2000
M205 X30 Y30
G0 F3600 X87.55 Y62.55
M204 S500
M205 X10 Y10
;TYPE:WALL-OUTER
G1 F1200 X75.617 Y62.55 E927.70352
G1 X75.617 Y57.45 E927.92438
G1 X87.55 Y57.45 E928.44115
G1 X87.55 Y62.038 E928.63983
G0 F960 X87.55 Y62.55
M204 S2000
M205 X30 Y30
G0 F3600 X87.3 Y62.55
G0 X86.55 Y61.697
G1 F2700 E924.63983
;MESH:NONMESH
G0 F600 X86.55 Y61.697 Z23.3
G0 F3600 X76.137 Y59.182
G0 X74.702 Y59.182
G0 X43.298 Y59.182
G0 X41.863 Y59.182
G0 X35.607 Y59.182
;TIME_ELAPSED:1270.557040
;LAYER:92
M204 S500
M205 X10 Y10
;TYPE:FILL
;MESH:temperaturetowerv2.stl
G1 F2700 E928.63983
G1 F2400 X37.774 Y61.349 E928.77255
G1 X37.986 Y61.561
M204 S2000
M205 X30 Y30
G0 F3600 X40.131 Y61.349
M204 S500
M205 X10 Y10
G1 F2400 X37.432 Y58.649 E928.93788
G1 X37.22 Y58.437
M204 S2000
M205 X30 Y30
G0 F3600 X39.789 Y58.649
M204 S500
M205 X10 Y10
G1 F2400 X41.51 Y60.37 E929.04328
G1 X41.722 Y60.582
M204 S2000
M205 X30 Y30
G0 F3600 X36.45 Y58.469
M204 S500
M205 X10 Y10
;TYPE:WALL-INNER
G1 F2400 X36.45 Y58.45 E929.0441
G1 X41.711 Y58.45 E929.27193
G1 X41.711 Y61.55 E929.40618
G1 X36.45 Y61.55 E929.63401
G1 X36.45 Y61.532 E929.63479
G1 X34.057 Y60.159 E929.75427
G1 X34.057 Y59.841 E929.76804
G1 X36.006 Y58.723 E929.86534
G0 F1920 X36.45 Y58.469
M204 S2000
M205 X30 Y30
G0 F3600 X35.95 Y58.179
M204 S500
M205 X10 Y10
G1 F2400 X35.95 Y57.95 E929.87526
G1 X42.211 Y57.95 E930.14639
G1 X42.211 Y62.05 E930.32395
G1 X35.95 Y62.05 E930.59508
G1 X35.95 Y61.822 E930.60496
G1 X33.557 Y60.449 E930.72443
G1 X33.557 Y59.551 E930.76332
G1 X35.506 Y58.433 E930.86063
G0 F1920 X35.95 Y58.179
M204 S2000
M205 X30 Y30
G0 F3600 X35.45 Y57.889
M204 S500
M205 X10 Y10
;TYPE:WALL-OUTER
G1 F1200 X35.45 Y57.45 E930.87964
G1 X42.711 Y57.45 E931.19408
G1 X42.711 Y62.55 E931.41494
G1 X35.45 Y62.55 E931.72938
G1 X35.45 Y62.112 E931.74835
G1 X33.057 Y60.739 E931.86783
G1 X33.057 Y59.261 E931.93183
G1 X35.006 Y58.143 E932.02914
G0 F960 X35.45 Y57.889
M204 S2000
M205 X30 Y30
G0 F3600 X35.45 Y57.639
G0 X36.303 Y58.45
G1 F2700 E928.02914
G0 F3600 X42.191 Y59.985
G0 X43.626 Y59.985
G0 X74.374 Y59.985
G0 X75.809 Y59.985
G0 X76.487 Y59.985
M204 S500
M205 X10 Y10
;TYPE:FILL
G1 F2700 E932.02914
G1 F2400 X77.852 Y61.349 E932.1127
G1 X78.064 Y61.561
M204 S2000
M205 X30 Y30
G0 F3600 X80.209 Y61.349
M204 S500
M205 X10 Y10
G1 F2400 X77.51 Y58.65 E932.278
G1 X77.298 Y58.438
M204 S2000
M205 X30 Y30
G0 F3600 X79.867 Y58.65
M204 S500
M205 X10 Y10
G1 F2400 X82.567 Y61.349 E932.44333
G1 X82.779 Y61.561
M204 S2000
M205 X30 Y30
G0 F3600 X84.924 Y61.349
M204 S500
M205 X10 Y10
G1 F2400 X82.225 Y58.65 E932.60862
G1 X82.013 Y58.438
M204 S2000
M205 X30 Y30
G0 F3600 X84.582 Y58.65
M204 S500
M205 X10 Y10
G1 F2400 X86.349 Y60.416 E932.71681
G1 X86.561 Y60.628
M204 S2000
M205 X30 Y30
G0 F3600 X86.55 Y61.55
M204 S500
M205 X10 Y10
;TYPE:WALL-INNER
G1 F2400 X76.289 Y61.55 E933.16117
G1 X76.289 Y58.45 E933.29542
G1 X86.55 Y58.45 E933.73978
G1 X86.55 Y61.038 E933.85185
G0 F1920 X86.55 Y61.55
M204 S2000
M205 X30 Y30
G0 F3600 X87.05 Y62.05
M204 S500
M205 X10 Y10
G1 F2400 X75.789 Y62.05 E934.33952
G1 X75.789 Y57.95 E934.51707
G1 X87.05 Y57.95 E935.00474
G1 X87.05 Y61.538 E935.16012
G0 F1920 X87.05 Y62.05
M204 S2000
M205 X30 Y30
G0 F3600 X87.55 Y62.55
M204 S500
M205 X10 Y10
;TYPE:WALL-OUTER
G1 F1200 X75.289 Y62.55 E935.69109
G1 X75.289 Y57.45 E935.91195
G1 X87.55 Y57.45 E936.44292
G1 X87.55 Y62.038 E936.64161
G0 F960 X87.55 Y62.55
M204 S2000
M205 X30 Y30
G0 F3600 X87.3 Y62.55
G0 X86.55 Y61.697
G1 F2700 E932.64161
;MESH:NONMESH
G0 F600 X86.55 Y61.697 Z23.55
G0 F3600 X75.809 Y59.672
G0 X74.374 Y59.672
G0 X43.626 Y59.672
G0 X42.191 Y59.672
G0 X34.394 Y59.672
;TIME_ELAPSED:1281.169900
;LAYER:93
M204 S500
M205 X10 Y10
;TYPE:FILL
;MESH:temperaturetowerv2.stl
G1 F2700 E936.64161
G1 F2400 X33.978 Y60.087 E936.66706
M204 S2000
M205 X30 Y30
G0 F3600 X35.476 Y60.947
M204 S500
M205 X10 Y10
G1 F2400 X37.774 Y58.649 E936.80779
G1 X37.986 Y58.437
M204 S2000
M205 X30 Y30
G0 F3600 X40.131 Y58.649
M204 S500
M205 X10 Y10
G1 F2400 X37.432 Y61.349 E936.97312
G1 X37.22 Y61.561
M204 S2000
M205 X30 Y30
G0 F3600 X39.789 Y61.349
M204 S500
M205 X10 Y10
G1 F2400 X41.878 Y59.26 E937.10106
G1 X42.09 Y59.048
M204 S2000
M205 X30 Y30
G0 F3600 X42.078 Y61.55
M204 S500
M205 X10 Y10
;TYPE:WALL-INNER
G1 F2400 X36.124 Y61.55 E937.3589
G1 X33.7 Y60.159 E937.47993
G1 X33.7 Y59.84 E937.49374
G1 X36.125 Y58.45 E937.61479
G1 X42.078 Y58.45 E937.87259
G1 X42.078 Y61.038 E937.98466
G0 F1920 X42.078 Y61.55
M204 S2000
M205 X30 Y30
G0 F3600 X36.036 Y58.024
G0 X35.95 Y57.974
M204 S500
M205 X10 Y10
G1 F2400 X35.95 Y57.95 E937.9857
G1 X42.578 Y57.95 E938.27273
G1 X42.578 Y62.05 E938.45029
G1 X35.95 Y62.05 E938.73732
G1 X35.95 Y62.027 E938.73831
G1 X33.2 Y60.449 E938.87562
G1 X33.2 Y59.55 E938.91455
G1 X35.506 Y58.228 E939.02966
G0 F1920 X35.95 Y57.974
M204 S2000
M205 X30 Y30
G0 F3600 X35.45 Y57.684
M204 S500
M205 X10 Y10
;TYPE:WALL-OUTER
G1 F1200 X35.45 Y57.45 E939.03979
G1 X43.078 Y57.45 E939.37013
G1 X43.078 Y62.55 E939.59099
G1 X35.45 Y62.55 E939.92132
G1 X35.45 Y62.317 E939.93141
G1 X32.7 Y60.739 E940.06872
G1 X32.7 Y59.26 E940.13277
G1 X35.006 Y57.938 E940.24788
G0 F960 X35.45 Y57.684
M204 S2000
M205 X30 Y30
G0 F3600 X35.45 Y57.45
G0 X35.466 Y57.45
G0 X36.058 Y58.487
G1 F2700 E936.24788
G0 F3600 X42.558 Y60.379
G0 X43.993 Y60.379
G0 X74.007 Y60.379
G0 X75.442 Y60.379
G0 X76.121 Y60.379
M204 S500
M205 X10 Y10
;TYPE:FILL
G1 F2700 E940.24788
G1 F2400 X77.851 Y58.65 E940.3538
G1 X78.063 Y58.438
M204 S2000
M205 X30 Y30
G0 F3600 X80.208 Y58.65
M204 S500
M205 X10 Y10
G1 F2400 X77.508 Y61.349 E940.51912
G1 X77.296 Y61.561
M204 S2000
M205 X30 Y30
G0 F3600 X79.866 Y61.349
M204 S500
M205 X10 Y10
G1 F2400 X82.566 Y58.65 E940.68445
G1 X82.778 Y58.438
M204 S2000
M205 X30 Y30
G0 F3600 X84.923 Y58.65
M204 S500
M205 X10 Y10
G1 F2400 X82.223 Y61.349 E940.84978
G1 X82.011 Y61.561
M204 S2000
M205 X30 Y30
G0 F3600 X84.581 Y61.349
M204 S500
M205 X10 Y10
G1 F2400 X86.349 Y59.582 E940.95803
G1 X86.561 Y59.37
M204 S2000
M205 X30 Y30
G0 F3600 X86.55 Y61.55
M204 S500
M205 X10 Y10
;TYPE:WALL-INNER
G1 F2400 X75.922 Y61.55 E941.41828
G1 X75.922 Y58.45 E941.55253
G1 X86.55 Y58.45 E942.01278
G1 X86.55 Y61.038 E942.12486
G0 F1920 X86.55 Y61.55
M204 S2000
M205 X30 Y30
G0 F3600 X87.05 Y62.05
M204 S500
M205 X10 Y10
G1 F2400 X75.422 Y62.05 E942.62842
G1 X75.422 Y57.95 E942.80597
G1 X87.05 Y57.95 E943.30953
G1 X87.05 Y61.538 E943.46491
G0 F1920 X87.05 Y62.05
M204 S2000
M205 X30 Y30
G0 F3600 X87.55 Y62.55
M204 S500
M205 X10 Y10
;TYPE:WALL-OUTER
G1 F1200 X74.922 Y62.55 E944.01177
G1 X74.922 Y57.45 E944.23263
G1 X87.55 Y57.45 E944.7795
G1 X87.55 Y62.038 E944.97818
G0 F960 X87.55 Y62.55
M204 S2000
M205 X30 Y30
G0 F3600 X87.3 Y62.55
G0 X86.55 Y61.697
G1 F2700 E940.97818
;MESH:NONMESH
G0 F600 X86.55 Y61.697 Z23.8
G0 F3600 X75.442 Y59.781
G0 X74.007 Y59.781
G0 X43.993 Y59.781
G0 X42.558 Y59.781
G0 X33.849 Y59.781
;TIME_ELAPSED:1292.096599
;LAYER:94
M204 S500
M205 X10 Y10
;TYPE:FILL
;MESH:temperaturetowerv2.stl
G1 F2700 E944.97818
G1 F2400 X34.873 Y60.806 E945.04093
G1 X35.085 Y61.018
M204 S2000
M205 X30 Y30
G0 F3600 X35.346 Y58.921
M204 S500
M205 X10 Y10
G1 F2400 X37.774 Y61.349 E945.18963
G1 X37.986 Y61.561
M204 S2000
M205 X30 Y30
G0 F3600 X40.131 Y61.349
M204 S500
M205 X10 Y10
G1 F2400 X37.432 Y58.649 E945.35496
G1 X37.22 Y58.437
M204 S2000
M205 X30 Y30
G0 F3600 X39.789 Y58.649
M204 S500
M205 X10 Y10
G1 F2400 X42.302 Y61.162 E945.50886
G1 X42.514 Y61.374
M204 S2000
M205 X30 Y30
G0 F3600 X42.302 Y58.805
M204 S500
M205 X10 Y10
G1 F2400 X42.147 Y58.649 E945.51838
M204 S2000
M205 X30 Y30
G0 F3600 X42.503 Y61.55
M204 S500
M205 X10 Y10
;TYPE:WALL-INNER
G1 F2400 X35.767 Y61.55 E945.81009
G1 X33.343 Y60.159 E945.93112
G1 X33.343 Y59.841 E945.94489
G1 X35.768 Y58.45 E946.06596
G1 X42.503 Y58.45 E946.35762
G1 X42.503 Y61.038 E946.4697
G0 F1920 X42.503 Y61.55
M204 S2000
M205 X30 Y30
G0 F3600 X43.003 Y62.05
M204 S500
M205 X10 Y10
G1 F2400 X35.633 Y62.05 E946.78886
G1 X32.843 Y60.449 E946.92816
G1 X32.843 Y59.551 E946.96705
G1 X35.634 Y57.95 E947.10639
G1 X43.003 Y57.95 E947.42551
G1 X43.003 Y61.538 E947.58089
G0 F1920 X43.003 Y62.05
M204 S2000
M205 X30 Y30
G1 F2700 E943.58089
G0 F3600 X35.49 Y57.57
G0 X35.45 Y57.479
M204 S500
M205 X10 Y10
;TYPE:WALL-OUTER
G1 F2700 E947.58089
G1 F1200 X35.45 Y57.45 E947.58215
G1 X43.503 Y57.45 E947.93089
G1 X43.503 Y62.55 E948.15175
G1 X35.45 Y62.55 E948.50049
G1 X35.45 Y62.522 E948.5017
G1 X32.343 Y60.739 E948.65683
G1 X32.343 Y59.261 E948.72084
G1 X35.006 Y57.733 E948.8538
G0 F960 X35.45 Y57.479
M204 S2000
M205 X30 Y30
G0 F3600 X35.45 Y57.45
G0 X35.671 Y57.45
G0 X35.43 Y58.354
G1 F2700 E944.8538
G0 F3600 X43.233 Y59.193
G0 X44.418 Y59.193
G0 X73.582 Y59.193
G0 X75.017 Y59.193
G0 X75.695 Y59.193
M204 S500
M205 X10 Y10
;TYPE:FILL
G1 F2700 E948.8538
G1 F2400 X77.852 Y61.349 E948.98587
G1 X78.064 Y61.561
M204 S2000
M205 X30 Y30
G0 F3600 X80.209 Y61.349
M204 S500
M205 X10 Y10
G1 F2400 X77.51 Y58.65 E949.15117
G1 X77.298 Y58.438
M204 S2000
M205 X30 Y30
G0 F3600 X79.867 Y58.65
M204 S500
M205 X10 Y10
G1 F2400 X82.567 Y61.349 E949.31649
G1 X82.779 Y61.561
M204 S2000
M205 X30 Y30
G0 F3600 X84.924 Y61.349
M204 S500
M205 X10 Y10
G1 F2400 X82.225 Y58.65 E949.48179
G1 X82.013 Y58.438
M204 S2000
M205 X30 Y30
G0 F3600 X84.582 Y58.65
M204 S500
M205 X10 Y10
G1 F2400 X86.349 Y60.416 E949.58998
G1 X86.561 Y60.628
M204 S2000
M205 X30 Y30
G0 F3600 X86.55 Y61.55
M204 S500
M205 X10 Y10
;TYPE:WALL-INNER
G1 F2400 X75.497 Y61.55 E950.06864
G1 X75.497 Y58.45 E950.20288
G1 X86.55 Y58.45 E950.68154
G1 X86.55 Y61.038 E950.79362
G0 F1920 X86.55 Y61.55
M204 S2000
M205 X30 Y30
G0 F3600 X87.05 Y62.05
M204 S500
M205 X10 Y10
G1 F2400 X74.997 Y62.05 E951.31558
G1 X74.997 Y57.95 E951.49313
G1 X87.05 Y57.95 E952.0151
G1 X87.05 Y61.538 E952.17048
G0 F1920 X87.05 Y62.05
M204 S2000
M205 X30 Y30
G0 F3600 X87.55 Y62.55
M204 S500
M205 X10 Y10
;TYPE:WALL-OUTER
G1 F1200 X74.497 Y62.55 E952.73575
G1 X74.497 Y57.45 E952.95661
G1 X87.55 Y57.45 E953.52188
G1 X87.55 Y62.038 E953.72056
G0 F960 X87.55 Y62.55
M204 S2000
M205 X30 Y30
G0 F3600 X87.3 Y62.55
G0 X86.55 Y61.697
G1 F2700 E949.72056
;MESH:NONMESH
G0 F600 X86.55 Y61.697 Z24.05
G0 F3600 X75.017 Y58.709
G0 X73.582 Y58.709
G0 X44.418 Y58.709
G0 X43.233 Y58.709
G0 X35.356 Y58.709
;TIME_ELAPSED:1303.607917
;LAYER:95
M204 S500
M205 X10 Y10
;TYPE:FILL
;MESH:temperaturetowerv2.stl
G1 F2700 E953.72056
G1 F2400 X33.718 Y60.348 E953.82091
G1 X33.506 Y60.56
M204 S2000
M205 X30 Y30
G0 F3600 X35.216 Y61.207
M204 S500
M205 X10 Y10
G1 F2400 X37.775 Y58.648 E953.97763
G1 X37.987 Y58.436
M204 S2000
M205 X30 Y30
G0 F3600 X40.132 Y58.648
M204 S500
M205 X10 Y10
G1 F2400 X37.432 Y61.349 E954.14302
G1 X37.22 Y61.561
M204 S2000
M205 X30 Y30
G0 F3600 X39.789 Y61.349
M204 S500
M205 X10 Y10
G1 F2400 X42.49 Y58.648 E954.30844
G1 X42.702 Y58.436
M204 S2000
M205 X30 Y30
G0 F3600 X42.797 Y60.698
M204 S500
M205 X10 Y10
G1 F2400 X42.147 Y61.349 E954.34828
M204 S2000
M205 X30 Y30
G0 F3600 X42.998 Y61.55
M204 S500
M205 X10 Y10
;TYPE:WALL-INNER
G1 F2400 X35.409 Y61.55 E954.67693
G1 X32.986 Y60.159 E954.79792
G1 X32.986 Y59.841 E954.81169
G1 X35.41 Y58.45 E954.93272
G1 X42.998 Y58.45 E955.26132
G1 X42.998 Y61.038 E955.3734
G0 F1920 X42.998 Y61.55
M204 S2000
M205 X30 Y30
G0 F3600 X43.498 Y62.05
M204 S500
M205 X10 Y10
G1 F2400 X35.275 Y62.05 E955.7295
G1 X32.486 Y60.449 E955.86877
G1 X32.486 Y59.551 E955.90766
G1 X35.276 Y57.95 E956.04696
G1 X43.498 Y57.95 E956.40302
G1 X43.498 Y61.538 E956.5584
G0 F1920 X43.498 Y62.05
M204 S2000
M205 X30 Y30
G0 F3600 X43.998 Y62.55
M204 S500
M205 X10 Y10
;TYPE:WALL-OUTER
G1 F1200 X35.141 Y62.55 E956.94196
G1 X31.986 Y60.739 E957.0995
G1 X31.986 Y59.261 E957.1635
G1 X35.142 Y57.45 E957.32108
G1 X43.998 Y57.45 E957.70459
G1 X43.998 Y62.038 E957.90328
G0 F960 X43.998 Y62.55
M204 S2000
M205 X30 Y30
G0 F3600 X43.748 Y62.55
G0 X42.998 Y61.697
G1 F2700 E953.90328
G0 F3600 X44.913 Y61.299
G0 X73.087 Y61.299
G0 X74.522 Y61.299
G0 X75.201 Y61.299
M204 S500
M205 X10 Y10
;TYPE:FILL
G1 F2700 E957.90328
G1 F2400 X77.851 Y58.649 E958.06558
G1 X78.063 Y58.437
M204 S2000
M205 X30 Y30
G0 F3600 X75.494 Y58.649
M204 S500
M205 X10 Y10
G1 F2400 X75.201 Y58.942 E958.08352
M204 S2000
M205 X30 Y30
G0 F3600 X77.508 Y61.349
M204 S500
M205 X10 Y10
G1 F2400 X80.209 Y58.649 E958.24891
G1 X80.421 Y58.437
M204 S2000
M205 X30 Y30
G0 F3600 X82.566 Y58.649
M204 S500
M205 X10 Y10
G1 F2400 X79.866 Y61.349 E958.41427
G1 X79.654 Y61.561
M204 S2000
M205 X30 Y30
G0 F3600 X82.223 Y61.349
M204 S500
M205 X10 Y10
G1 F2400 X84.924 Y58.649 E958.57965
G1 X85.136 Y58.437
M204 S2000
M205 X30 Y30
G0 F3600 X86.349 Y59.582
M204 S500
M205 X10 Y10
G1 F2400 X84.581 Y61.349 E958.6879
G1 X84.369 Y61.561
M204 S2000
M205 X30 Y30
G0 F3600 X86.55 Y61.55
M204 S500
M205 X10 Y10
;TYPE:WALL-INNER
G1 F2400 X75.002 Y61.55 E959.188
G1 X75.002 Y58.45 E959.32224
G1 X86.55 Y58.45 E959.82234
G1 X86.55 Y61.038 E959.93441
G0 F1920 X86.55 Y61.55
M204 S2000
M205 X30 Y30
G0 F3600 X87.05 Y62.05
M204 S500
M205 X10 Y10
G1 F2400 X74.502 Y62.05 E960.47781
G1 X74.502 Y57.95 E960.65537
G1 X87.05 Y57.95 E961.19877
G1 X87.05 Y61.538 E961.35415
G0 F1920 X87.05 Y62.05
M204 S2000
M205 X30 Y30
G0 F3600 X87.55 Y62.55
M204 S500
M205 X10 Y10
;TYPE:WALL-OUTER
G1 F1200 X74.002 Y62.55 E961.94086
G1 X74.002 Y57.45 E962.16171
G1 X87.55 Y57.45 E962.74842
G1 X87.55 Y62.038 E962.94711
G0 F960 X87.55 Y62.55
M204 S2000
M205 X30 Y30
G0 F3600 X87.3 Y62.55
G0 X86.55 Y61.697
G1 F2700 E958.94711
;MESH:NONMESH
G0 F600 X86.55 Y61.697 Z24.3
G0 F3600 X74.522 Y59.52
G0 X73.087 Y59.52
G0 X44.913 Y59.52
G0 X43.478 Y59.52
G0 X33.588 Y59.52
;TIME_ELAPSED:1314.980174
;LAYER:96
M204 S500
M205 X10 Y10
;TYPE:FILL
;MESH:temperaturetowerv2.stl
G1 F2700 E962.94711
G1 F2400 X35.416 Y61.349 E963.05909
G1 X35.628 Y61.561
M204 S2000
M205 X30 Y30
G0 F3600 X37.774 Y61.349
M204 S500
M205 X10 Y10
G1 F2400 X35.086 Y58.661 E963.22371
G1 X34.874 Y58.449
M204 S2000
M205 X30 Y30
G0 F3600 X37.432 Y58.649
M204 S500
M205 X10 Y10
G1 F2400 X40.131 Y61.349 E963.38904
G1 X40.343 Y61.561
M204 S2000
M205 X30 Y30
G0 F3600 X42.489 Y61.349
M204 S500
M205 X10 Y10
G1 F2400 X39.789 Y58.649 E963.5544
G1 X39.577 Y58.437
M204 S2000
M205 X30 Y30
G0 F3600 X42.147 Y58.649
M204 S500
M205 X10 Y10
G1 F2400 X43.417 Y59.919 E963.63218
G1 X43.629 Y60.131
M204 S2000
M205 X30 Y30
G0 F3600 X43.616 Y61.55
M204 S500
M205 X10 Y10
;TYPE:WALL-INNER
G1 F2400 X35.054 Y61.55 E964.00296
G1 X32.628 Y60.159 E964.12407
G1 X32.628 Y59.841 E964.13784
G1 X35.054 Y58.45 E964.25894
G1 X43.617 Y58.45 E964.62977
G1 X43.616 Y61.038 E964.74184
G0 F1920 X43.616 Y61.55
M204 S2000
M205 X30 Y30
G0 F3600 X44.116 Y62.05
M204 S500
M205 X10 Y10
G1 F2400 X34.92 Y62.05 E965.14008
G1 X32.128 Y60.449 E965.27946
G1 X32.128 Y59.551 E965.31835
G1 X34.92 Y57.95 E965.45773
G1 X44.117 Y57.95 E965.85601
G1 X44.116 Y61.538 E966.01139
G0 F1920 X44.116 Y62.05
M204 S2000
M205 X30 Y30
G0 F3600 X44.616 Y62.55
M204 S500
M205 X10 Y10
;TYPE:WALL-OUTER
G1 F1200 X34.786 Y62.55 E966.43709
G1 X31.628 Y60.739 E966.59474
G1 X31.628 Y59.261 E966.65874
G1 X34.786 Y57.45 E966.81639
G1 X44.617 Y57.45 E967.24213
G1 X44.616 Y62.038 E967.44082
G0 F960 X44.616 Y62.55
M204 S2000
M205 X30 Y30
G0 F3600 X44.366 Y62.55
G0 X43.763 Y61.55
G1 F2700 E963.44082
G0 F3600 X44.097 Y60.428
G0 X45.532 Y60.428
G0 X72.469 Y60.428
G0 X73.904 Y60.428
G0 X74.582 Y60.437
M204 S500
M205 X10 Y10
;TYPE:FILL
G1 F2700 E967.44082
G1 F2400 X75.494 Y61.349 E967.49667
G1 X75.706 Y61.561
M204 S2000
M205 X30 Y30
G0 F3600 X77.852 Y61.349
M204 S500
M205 X10 Y10
G1 F2400 X75.152 Y58.65 E967.662
G1 X74.94 Y58.438
M204 S2000
M205 X30 Y30
G0 F3600 X77.51 Y58.65
M204 S500
M205 X10 Y10
G1 F2400 X80.209 Y61.349 E967.8273
G1 X80.421 Y61.561
M204 S2000
M205 X30 Y30
G0 F3600 X82.567 Y61.349
M204 S500
M205 X10 Y10
G1 F2400 X79.867 Y58.65 E967.99262
G1 X79.655 Y58.438
M204 S2000
M205 X30 Y30
G0 F3600 X82.225 Y58.65
M204 S500
M205 X10 Y10
G1 F2400 X84.924 Y61.349 E968.15792
G1 X85.136 Y61.561
M204 S2000
M205 X30 Y30
G0 F3600 X86.349 Y60.416
M204 S500
M205 X10 Y10
G1 F2400 X84.582 Y58.65 E968.26611
G1 X84.37 Y58.438
M204 S2000
M205 X30 Y30
G0 F3600 X86.55 Y61.55
M204 S500
M205 X10 Y10
;TYPE:WALL-INNER
G1 F2400 X74.384 Y61.55 E968.79296
G1 X74.384 Y58.45 E968.92721
G1 X86.55 Y58.45 E969.45407
G1 X86.55 Y61.038 E969.56615
G0 F1920 X86.55 Y61.55
M204 S2000
M205 X30 Y30
G0 F3600 X87.05 Y62.05
M204 S500
M205 X10 Y10
G1 F2400 X73.884 Y62.05 E970.13631
G1 X73.884 Y57.95 E970.31386
G1 X87.05 Y57.95 E970.88403
G1 X87.05 Y61.538 E971.03941
G0 F1920 X87.05 Y62.05
M204 S2000
M205 X30 Y30
G0 F3600 X87.55 Y62.55
M204 S500
M205 X10 Y10
;TYPE:WALL-OUTER
G1 F1200 X73.384 Y62.55 E971.65288
G1 X73.384 Y57.45 E971.87373
G1 X87.55 Y57.45 E972.4872
G1 X87.55 Y62.038 E972.68589
G0 F960 X87.55 Y62.55
M204 S2000
M205 X30 Y30
G0 F3600 X87.3 Y62.55
G0 X86.55 Y61.697
G1 F2700 E968.68589
;MESH:NONMESH
G0 F600 X86.55 Y61.697 Z24.55
G0 F3600 X73.904 Y61.549
G0 X72.469 Y61.549
G0 X45.532 Y61.54
G0 X44.097 Y61.54
G0 X44.477 Y61.55
;TIME_ELAPSED:1326.599279
;LAYER:97
M204 S500
M205 X10 Y10
;TYPE:WALL-INNER
;MESH:temperaturetowerv2.stl
G1 F2700 E972.68589
G1 F2400 X34.697 Y61.55 E973.10942
G1 X32.271 Y60.159 E973.23052
G1 X32.271 Y59.841 E973.2443
G1 X34.697 Y58.45 E973.3654
G1 X44.478 Y58.45 E973.78897
G1 X44.477 Y61.038 E973.90105
G0 F1920 X44.477 Y61.55
M204 S2000
M205 X30 Y30
G0 F3600 X44.977 Y62.05
M204 S500
M205 X10 Y10
G1 F2400 X34.563 Y62.05 E974.35203
G1 X31.771 Y60.449 E974.49141
G1 X31.771 Y59.551 E974.5303
G1 X34.563 Y57.95 E974.66968
G1 X44.978 Y57.95 E975.12071
G1 X44.977 Y61.538 E975.27609
G0 F1920 X44.977 Y62.05
M204 S2000
M205 X30 Y30
G0 F3600 X45.477 Y62.55
M204 S500
M205 X10 Y10
;TYPE:WALL-OUTER
G1 F1200 X34.429 Y62.55 E975.75453
G1 X31.271 Y60.739 E975.91218
G1 X31.271 Y59.261 E975.97619
G1 X34.429 Y57.45 E976.13384
G1 X45.478 Y57.45 E976.61232
G1 X45.477 Y62.038 E976.81101
G0 F960 X45.477 Y62.55
M204 S2000
M205 X30 Y30
G0 F3600 X45.227 Y62.55
G0 X44.907 Y61.98
G0 X43.987 Y61.06
M204 S500
M205 X10 Y10
;TYPE:SKIN
G1 F1200 X34.826 Y61.06 E977.2871
G1 X32.978 Y60 E977.39781
G1 X34.826 Y58.94 E977.50853
G1 X43.988 Y58.94 E977.98467
G1 X43.987 Y60.548 E978.06824
G0 F960 X43.987 Y61.06
M204 S2000
M205 X30 Y30
G0 F3600 X43.11 Y60.834
M204 S500
M205 X10 Y10
G1 F1200 X43.762 Y60.182 E978.11615
M204 S2000
M205 X30 Y30
G0 F3600 X43.762 Y59.474
M204 S500
M205 X10 Y10
G1 F1200 X42.403 Y60.834 E978.21607
M204 S2000
M205 X30 Y30
G0 F3600 X41.695 Y60.834
M204 S500
M205 X10 Y10
G1 F1200 X43.366 Y59.164 E978.33885
M204 S2000
M205 X30 Y30
G0 F3600 X42.659 Y59.164
M204 S500
M205 X10 Y10
G1 F1200 X40.988 Y60.834 E978.46162
M204 S2000
M205 X30 Y30
G0 F3600 X40.281 Y60.834
M204 S500
M205 X10 Y10
G1 F1200 X41.951 Y59.164 E978.58436
M204 S2000
M205 X30 Y30
G0 F3600 X41.244 Y59.164
M204 S500
M205 X10 Y10
G1 F1200 X39.574 Y60.834 E978.70709
M204 S2000
M205 X30 Y30
G0 F3600 X38.867 Y60.834
M204 S500
M205 X10 Y10
G1 F1200 X40.537 Y59.164 E978.82983
M204 S2000
M205 X30 Y30
G0 F3600 X39.83 Y59.164
M204 S500
M205 X10 Y10
G1 F1200 X38.16 Y60.834 E978.95257
M204 S2000
M205 X30 Y30
G0 F3600 X37.453 Y60.834
M204 S500
M205 X10 Y10
G1 F1200 X39.123 Y59.164 E979.0753
M204 S2000
M205 X30 Y30
G0 F3600 X38.416 Y59.164
M204 S500
M205 X10 Y10
G1 F1200 X36.746 Y60.834 E979.19804
M204 S2000
M205 X30 Y30
G0 F3600 X36.039 Y60.834
M204 S500
M205 X10 Y10
G1 F1200 X37.709 Y59.164 E979.32078
M204 S2000
M205 X30 Y30
G0 F3600 X37.002 Y59.164
M204 S500
M205 X10 Y10
G1 F1200 X35.332 Y60.834 E979.44351
M204 S2000
M205 X30 Y30
G0 F3600 X34.719 Y60.739
M204 S500
M205 X10 Y10
G1 F1200 X36.295 Y59.164 E979.55931
M204 S2000
M205 X30 Y30
G0 F3600 X35.587 Y59.164
M204 S500
M205 X10 Y10
G1 F1200 X34.269 Y60.482 E979.65617
M204 S2000
M205 X30 Y30
G0 F3600 X33.82 Y60.224
M204 S500
M205 X10 Y10
G1 F1200 X34.875 Y59.169 E979.73371
G1 X35.087 Y58.957
M204 S2000
M205 X30 Y30
G1 F2700 E975.73371
G0 F3600 X44.958 Y58.901
G0 X46.393 Y58.901
G0 X71.608 Y58.901
G0 X73.043 Y58.901
G0 X79.947 Y58.911
M204 S500
M205 X10 Y10
;TYPE:FILL
G1 F2700 E979.73371
G1 F2400 X80.208 Y58.65 E979.7497
M204 S2000
M205 X30 Y30
G0 F3600 X82.566 Y58.65
M204 S500
M205 X10 Y10
G1 F2400 X79.948 Y61.267 E979.91
G1 X79.736 Y61.479
M204 S2000
M205 X30 Y30
G0 F3600 X82.223 Y61.349
M204 S500
M205 X10 Y10
G1 F2400 X84.923 Y58.65 E980.07533
G1 X85.135 Y58.438
M204 S2000
M205 X30 Y30
G0 F3600 X86.349 Y59.582
M204 S500
M205 X10 Y10
G1 F2400 X84.581 Y61.349 E980.18358
G1 X84.369 Y61.561
M204 S2000
M205 X30 Y30
G0 F3600 X86.55 Y61.55
M204 S500
M205 X10 Y10
;TYPE:WALL-INNER
G1 F2400 X73.523 Y61.55 E980.74772
G1 X73.523 Y58.45 E980.88197
G1 X86.55 Y58.45 E981.44611
G1 X86.55 Y61.038 E981.55819
G0 F1920 X86.55 Y61.55
M204 S2000
M205 X30 Y30
G0 F3600 X87.05 Y62.05
M204 S500
M205 X10 Y10
G1 F2400 X73.023 Y62.05 E982.16564
G1 X73.023 Y57.95 E982.34319
G1 X87.05 Y57.95 E982.95064
G1 X87.05 Y61.538 E983.10602
G0 F1920 X87.05 Y62.05
M204 S2000
M205 X30 Y30
G0 F3600 X87.55 Y62.55
M204 S500
M205 X10 Y10
;TYPE:WALL-OUTER
G1 F1200 X72.523 Y62.55 E983.75677
G1 X72.523 Y57.45 E983.97763
G1 X87.55 Y57.45 E984.62839
G1 X87.55 Y62.038 E984.82708
G0 F960 X87.55 Y62.55
M204 S2000
M205 X30 Y30
G0 F3600 X87.3 Y62.55
G0 X86.98 Y61.98
G0 X79.759 Y61.06
M204 S500
M205 X10 Y10
;TYPE:SKIN
G1 F1200 X74.013 Y61.06 E985.12569
G1 X74.013 Y58.94 E985.23586
G1 X79.758 Y58.94 E985.53443
G1 X79.759 Y60.548 E985.61799
G0 F960 X79.759 Y61.06
M204 S2000
M205 X30 Y30
G0 F3600 X79.532 Y60.474
M204 S500
M205 X10 Y10
G1 F1200 X79.171 Y60.835 E985.64452
M204 S2000
M205 X30 Y30
G0 F3600 X78.464 Y60.835
M204 S500
M205 X10 Y10
G1 F1200 X79.532 Y59.767 E985.72302
M204 S2000
M205 X30 Y30
G0 F3600 X79.427 Y59.165
M204 S500
M205 X10 Y10
G1 F1200 X77.757 Y60.835 E985.84575
M204 S2000
M205 X30 Y30
G0 F3600 X77.05 Y60.835
M204 S500
M205 X10 Y10
G1 F1200 X78.72 Y59.165 E985.96849
M204 S2000
M205 X30 Y30
G0 F3600 X78.013 Y59.165
M204 S500
M205 X10 Y10
G1 F1200 X76.343 Y60.835 E986.09123
M204 S2000
M205 X30 Y30
G0 F3600 X75.636 Y60.835
M204 S500
M205 X10 Y10
G1 F1200 X77.306 Y59.165 E986.21396
M204 S2000
M205 X30 Y30
G0 F3600 X76.599 Y59.165
M204 S500
M205 X10 Y10
G1 F1200 X74.929 Y60.835 E986.3367
M204 S2000
M205 X30 Y30
G0 F3600 X74.237 Y60.819
M204 S500
M205 X10 Y10
G1 F1200 X75.892 Y59.165 E986.4583
M204 S2000
M205 X30 Y30
G0 F3600 X75.185 Y59.165
M204 S500
M205 X10 Y10
G1 F1200 X74.237 Y60.112 E986.52794
M204 S2000
M205 X30 Y30
G0 F3600 X74.237 Y59.405
M204 S500
M205 X10 Y10
G1 F1200 X74.478 Y59.165 E986.54561
M204 S2000
M205 X30 Y30
;MESH:NONMESH
G0 F600 X74.478 Y59.165 Z24.8
G0 F3600 X79.946 Y58.729
;TIME_ELAPSED:1342.683644
;LAYER:98
M204 S500
M205 X10 Y10
;TYPE:FILL
;MESH:temperaturetowerv2.stl
G1 F2400 X82.567 Y61.349 E986.7061
G1 X82.779 Y61.561
M204 S2000
M205 X30 Y30
G0 F3600 X84.924 Y61.349
M204 S500
M205 X10 Y10
G1 F2400 X82.225 Y58.65 E986.8714
G1 X82.013 Y58.438
M204 S2000
M205 X30 Y30
G0 F3600 X84.582 Y58.65
M204 S500
M205 X10 Y10
G1 F2400 X86.349 Y60.416 E986.97958
G1 X86.561 Y60.628
M204 S2000
M205 X30 Y30
G0 F3600 X80.209 Y61.349
M204 S500
M205 X10 Y10
G1 F2400 X79.947 Y61.087 E986.99563
M204 S2000
M205 X30 Y30
G0 F3600 X86.55 Y61.55
M204 S500
M205 X10 Y10
;TYPE:WALL-INNER
G1 F2400 X34.338 Y61.55 E989.25671
G1 X31.914 Y60.159 E989.37774
G1 X31.914 Y59.841 E989.39151
G1 X34.34 Y58.45 E989.51261
G1 X86.55 Y58.45 E991.7736
G1 X86.55 Y61.038 E991.88568
G0 F1920 X86.55 Y61.55
M204 S2000
M205 X30 Y30
G0 F3600 X87.05 Y62.05
M204 S500
M205 X10 Y10
G1 F2400 X34.204 Y62.05 E994.17422
G1 X31.414 Y60.449 E994.31352
G1 X31.414 Y59.551 E994.35241
G1 X34.206 Y57.95 E994.49178
G1 X87.05 Y57.95 E996.78023
G1 X87.05 Y61.538 E996.93561
G0 F1920 X87.05 Y62.05
M204 S2000
M205 X30 Y30
G0 F3600 X87.55 Y62.55
M204 S500
M205 X10 Y10
;TYPE:WALL-OUTER
G1 F1200 X34.07 Y62.55 E999.2516
G1 X30.914 Y60.739 E999.40918
G1 X30.914 Y59.261 E999.47319
G1 X34.072 Y57.45 E999.63084
G1 X87.55 Y57.45 E1001.94674
G1 X87.55 Y62.038 E1002.14543
G0 F960 X87.55 Y62.55
M204 S2000
M205 X30 Y30
G0 F3600 X87.3 Y62.55
G0 X86.98 Y61.98
G0 X79.759 Y61.06
M204 S500
M205 X10 Y10
;TYPE:SKIN
G1 F1200 X34.467 Y61.06 E1004.49921
G1 X32.621 Y60 E1004.60983
G1 X34.469 Y58.94 E1004.72055
G1 X79.758 Y58.94 E1007.07417
G1 X79.759 Y60.548 E1007.15774
G0 F960 X79.759 Y61.06
M204 S2000
M205 X30 Y30
G0 F3600 X33.942 Y60.5
M204 S500
M205 X10 Y10
G1 F1200 X79.534 Y60.5 E1009.5271
M204 S2000
M205 X30 Y30
G0 F3600 X79.534 Y60
M204 S500
M205 X10 Y10
G1 F1200 X33.097 Y60 E1011.94039
M204 S2000
M205 X30 Y30
G0 F3600 X33.944 Y59.5
M204 S500
M205 X10 Y10
G1 F1200 X79.534 Y59.5 E1014.30965
G1 X79.834 Y59.5
M204 S2000
M205 X30 Y30
;MESH:NONMESH
G0 F600 X79.834 Y59.5 Z25.05
G0 F3600 X79.947 Y58.911
;TIME_ELAPSED:1368.751619
;LAYER:99
M204 S500
M205 X10 Y10
;TYPE:FILL
;MESH:temperaturetowerv2.stl
G1 F2400 X80.208 Y58.65 E1014.32564
M204 S2000
M205 X30 Y30
G0 F3600 X82.566 Y58.65
M204 S500
M205 X10 Y10
G1 F2400 X79.948 Y61.267 E1014.48594
G1 X79.736 Y61.479
M204 S2000
M205 X30 Y30
G0 F3600 X82.223 Y61.349
M204 S500
M205 X10 Y10
G1 F2400 X84.923 Y58.65 E1014.65127
G1 X85.135 Y58.438
M204 S2000
M205 X30 Y30
G0 F3600 X86.349 Y59.582
M204 S500
M205 X10 Y10
G1 F2400 X84.581 Y61.349 E1014.75952
G1 X84.369 Y61.561
M204 S2000
M205 X30 Y30
G0 F3600 X86.55 Y61.55
M204 S500
M205 X10 Y10
;TYPE:WALL-INNER
G1 F2400 X33.98 Y61.55 E1017.0361
G1 X31.557 Y60.159 E1017.15709
G1 X31.557 Y59.841 E1017.17086
G1 X33.981 Y58.45 E1017.29189
G1 X86.55 Y58.45 E1019.56843
G1 X86.55 Y61.038 E1019.68051
G0 F1920 X86.55 Y61.55
M204 S2000
M205 X30 Y30
G0 F3600 X87.05 Y62.05
M204 S500
M205 X10 Y10
G1 F2400 X33.846 Y62.05 E1021.98454
G1 X31.057 Y60.449 E1022.12381
G1 X31.057 Y59.551 E1022.1627
G1 X33.847 Y57.95 E1022.302
G1 X87.05 Y57.95 E1024.60599
G1 X87.05 Y61.538 E1024.76138
G0 F1920 X87.05 Y62.05
M204 S2000
M205 X30 Y30
G0 F3600 X87.55 Y62.55
M204 S500
M205 X10 Y10
;TYPE:WALL-OUTER
G1 F1200 X33.712 Y62.55 E1027.09287
G1 X30.557 Y60.739 E1027.25041
G1 X30.557 Y59.261 E1027.31441
G1 X33.713 Y57.45 E1027.47199
G1 X87.55 Y57.45 E1029.80344
G1 X87.55 Y62.038 E1030.00213
G0 F960 X87.55 Y62.55
M204 S2000
M205 X30 Y30
G0 F3600 X87.3 Y62.55
G0 X86.98 Y61.98
G0 X79.759 Y61.06
M204 S500
M205 X10 Y10
;TYPE:SKIN
G1 F1200 X34.11 Y61.06 E1032.37446
G1 X32.264 Y60 E1032.48508
G1 X34.11 Y58.94 E1032.59571
G1 X79.758 Y58.94 E1034.96799
G1 X79.759 Y60.548 E1035.05156
G0 F960 X79.759 Y61.06
M204 S2000
M205 X30 Y30
G0 F3600 X79.532 Y60.474
M204 S500
M205 X10 Y10
G1 F1200 X79.172 Y60.834 E1035.07801
M204 S2000
M205 X30 Y30
G0 F3600 X78.465 Y60.834
M204 S500
M205 X10 Y10
G1 F1200 X79.532 Y59.767 E1035.15643
M204 S2000
M205 X30 Y30
G0 F3600 X79.428 Y59.164
M204 S500
M205 X10 Y10
G1 F1200 X77.758 Y60.834 E1035.27917
M204 S2000
M205 X30 Y30
G0 F3600 X77.051 Y60.834
M204 S500
M205 X10 Y10
G1 F1200 X78.721 Y59.164 E1035.40191
M204 S2000
M205 X30 Y30
G0 F3600 X78.014 Y59.164
M204 S500
M205 X10 Y10
G1 F1200 X76.344 Y60.834 E1035.52464
M204 S2000
M205 X30 Y30
G0 F3600 X75.637 Y60.834
M204 S500
M205 X10 Y10
G1 F1200 X77.307 Y59.164 E1035.64738
M204 S2000
M205 X30 Y30
G0 F3600 X76.6 Y59.164
M204 S500
M205 X10 Y10
G1 F1200 X74.929 Y60.834 E1035.77016
M204 S2000
M205 X30 Y30
G0 F3600 X74.222 Y60.834
M204 S500
M205 X10 Y10
G1 F1200 X75.893 Y59.164 E1035.89293
M204 S2000
M205 X30 Y30
G0 F3600 X75.185 Y59.164
M204 S500
M205 X10 Y10
G1 F1200 X73.515 Y60.834 E1036.01567
M204 S2000
M205 X30 Y30
G0 F3600 X72.808 Y60.834
M204 S500
M205 X10 Y10
G1 F1200 X74.478 Y59.164 E1036.1384
M204 S2000
M205 X30 Y30
G0 F3600 X73.771 Y59.164
M204 S500
M205 X10 Y10
G1 F1200 X72.101 Y60.834 E1036.26114
M204 S2000
M205 X30 Y30
G0 F3600 X71.394 Y60.834
M204 S500
M205 X10 Y10
G1 F1200 X73.064 Y59.164 E1036.38388
M204 S2000
M205 X30 Y30
G0 F3600 X72.357 Y59.164
M204 S500
M205 X10 Y10
G1 F1200 X70.687 Y60.834 E1036.50661
M204 S2000
M205 X30 Y30
G0 F3600 X69.98 Y60.834
M204 S500
M205 X10 Y10
G1 F1200 X71.65 Y59.164 E1036.62935
M204 S2000
M205 X30 Y30
G0 F3600 X70.943 Y59.164
M204 S500
M205 X10 Y10
G1 F1200 X69.273 Y60.834 E1036.75209
M204 S2000
M205 X30 Y30
G0 F3600 X68.566 Y60.834
M204 S500
M205 X10 Y10
G1 F1200 X70.236 Y59.164 E1036.87483
M204 S2000
M205 X30 Y30
G0 F3600 X69.529 Y59.164
M204 S500
M205 X10 Y10
G1 F1200 X67.858 Y60.834 E1036.9976
M204 S2000
M205 X30 Y30
G0 F3600 X67.151 Y60.834
M204 S500
M205 X10 Y10
G1 F1200 X68.821 Y59.164 E1037.12034
M204 S2000
M205 X30 Y30
G0 F3600 X68.114 Y59.164
M204 S500
M205 X10 Y10
G1 F1200 X66.444 Y60.834 E1037.24307
M204 S2000
M205 X30 Y30
G0 F3600 X65.737 Y60.834
M204 S500
M205 X10 Y10
G1 F1200 X67.407 Y59.164 E1037.36581
M204 S2000
M205 X30 Y30
G0 F3600 X66.7 Y59.164
M204 S500
M205 X10 Y10
G1 F1200 X65.03 Y60.834 E1037.48855
M204 S2000
M205 X30 Y30
G0 F3600 X64.323 Y60.834
M204 S500
M205 X10 Y10
G1 F1200 X65.993 Y59.164 E1037.61128
M204 S2000
M205 X30 Y30
G0 F3600 X65.286 Y59.164
M204 S500
M205 X10 Y10
G1 F1200 X63.616 Y60.834 E1037.73402
M204 S2000
M205 X30 Y30
G0 F3600 X62.909 Y60.834
M204 S500
M205 X10 Y10
G1 F1200 X64.579 Y59.164 E1037.85676
M204 S2000
M205 X30 Y30
G0 F3600 X63.872 Y59.164
M204 S500
M205 X10 Y10
G1 F1200 X62.202 Y60.834 E1037.97949
M204 S2000
M205 X30 Y30
G0 F3600 X61.494 Y60.834
M204 S500
M205 X10 Y10
G1 F1200 X63.165 Y59.164 E1038.10227
M204 S2000
M205 X30 Y30
G0 F3600 X62.458 Y59.164
M204 S500
M205 X10 Y10
G1 F1200 X60.787 Y60.834 E1038.22504
M204 S2000
M205 X30 Y30
G0 F3600 X60.08 Y60.834
M204 S500
M205 X10 Y10
G1 F1200 X61.75 Y59.164 E1038.34778
M204 S2000
M205 X30 Y30
G0 F3600 X61.043 Y59.164
M204 S500
M205 X10 Y10
G1 F1200 X59.373 Y60.834 E1038.47052
M204 S2000
M205 X30 Y30
G0 F3600 X58.666 Y60.834
M204 S500
M205 X10 Y10
G1 F1200 X60.336 Y59.164 E1038.59325
M204 S2000
M205 X30 Y30
G0 F3600 X59.629 Y59.164
M204 S500
M205 X10 Y10
G1 F1200 X57.959 Y60.834 E1038.71599
M204 S2000
M205 X30 Y30
G0 F3600 X57.252 Y60.834
M204 S500
M205 X10 Y10
G1 F1200 X58.922 Y59.164 E1038.83873
M204 S2000
M205 X30 Y30
G0 F3600 X58.215 Y59.164
M204 S500
M205 X10 Y10
G1 F1200 X56.545 Y60.834 E1038.96146
M204 S2000
M205 X30 Y30
G0 F3600 X55.838 Y60.834
M204 S500
M205 X10 Y10
G1 F1200 X57.508 Y59.164 E1039.0842
M204 S2000
M205 X30 Y30
G0 F3600 X56.801 Y59.164
M204 S500
M205 X10 Y10
G1 F1200 X55.13 Y60.834 E1039.20698
M204 S2000
M205 X30 Y30
G0 F3600 X54.423 Y60.834
M204 S500
M205 X10 Y10
G1 F1200 X56.094 Y59.164 E1039.32975
M204 S2000
M205 X30 Y30
G0 F3600 X55.386 Y59.164
M204 S500
M205 X10 Y10
G1 F1200 X53.716 Y60.834 E1039.45249
M204 S2000
M205 X30 Y30
G0 F3600 X53.009 Y60.834
M204 S500
M205 X10 Y10
G1 F1200 X54.679 Y59.164 E1039.57522
M204 S2000
M205 X30 Y30
G0 F3600 X53.972 Y59.164
M204 S500
M205 X10 Y10
G1 F1200 X52.302 Y60.834 E1039.69796
M204 S2000
M205 X30 Y30
G0 F3600 X51.595 Y60.834
M204 S500
M205 X10 Y10
G1 F1200 X53.265 Y59.164 E1039.8207
M204 S2000
M205 X30 Y30
G0 F3600 X52.558 Y59.164
M204 S500
M205 X10 Y10
G1 F1200 X50.888 Y60.834 E1039.94343
M204 S2000
M205 X30 Y30
G0 F3600 X50.181 Y60.834
M204 S500
M205 X10 Y10
G1 F1200 X51.851 Y59.164 E1040.06617
M204 S2000
M205 X30 Y30
G0 F3600 X51.144 Y59.164
M204 S500
M205 X10 Y10
G1 F1200 X49.474 Y60.834 E1040.18891
M204 S2000
M205 X30 Y30
G0 F3600 X48.767 Y60.834
M204 S500
M205 X10 Y10
G1 F1200 X50.437 Y59.164 E1040.31164
M204 S2000
M205 X30 Y30
G0 F3600 X49.73 Y59.164
M204 S500
M205 X10 Y10
G1 F1200 X48.059 Y60.834 E1040.43442
M204 S2000
M205 X30 Y30
G0 F3600 X47.352 Y60.834
M204 S500
M205 X10 Y10
G1 F1200 X49.023 Y59.164 E1040.55719
M204 S2000
M205 X30 Y30
G0 F3600 X48.315 Y59.164
M204 S500
M205 X10 Y10
G1 F1200 X46.645 Y60.834 E1040.67993
M204 S2000
M205 X30 Y30
G0 F3600 X45.938 Y60.834
M204 S500
M205 X10 Y10
G1 F1200 X47.608 Y59.164 E1040.80267
M204 S2000
M205 X30 Y30
G0 F3600 X46.901 Y59.164
M204 S500
M205 X10 Y10
G1 F1200 X45.231 Y60.834 E1040.9254
M204 S2000
M205 X30 Y30
G0 F3600 X44.524 Y60.834
M204 S500
M205 X10 Y10
G1 F1200 X46.194 Y59.164 E1041.04814
M204 S2000
M205 X30 Y30
G0 F3600 X45.487 Y59.164
M204 S500
M205 X10 Y10
G1 F1200 X43.817 Y60.834 E1041.17088
M204 S2000
M205 X30 Y30
G0 F3600 X43.11 Y60.834
M204 S500
M205 X10 Y10
G1 F1200 X44.78 Y59.164 E1041.29361
M204 S2000
M205 X30 Y30
G0 F3600 X44.073 Y59.164
M204 S500
M205 X10 Y10
G1 F1200 X42.403 Y60.834 E1041.41635
M204 S2000
M205 X30 Y30
G0 F3600 X41.695 Y60.834
M204 S500
M205 X10 Y10
G1 F1200 X43.366 Y59.164 E1041.53913
M204 S2000
M205 X30 Y30
G0 F3600 X42.659 Y59.164
M204 S500
M205 X10 Y10
G1 F1200 X40.988 Y60.834 E1041.6619
M204 S2000
M205 X30 Y30
G0 F3600 X40.281 Y60.834
M204 S500
M205 X10 Y10
G1 F1200 X41.951 Y59.164 E1041.78464
M204 S2000
M205 X30 Y30
G0 F3600 X41.244 Y59.164
M204 S500
M205 X10 Y10
G1 F1200 X39.574 Y60.834 E1041.90737
M204 S2000
M205 X30 Y30
G0 F3600 X38.867 Y60.834
M204 S500
M205 X10 Y10
G1 F1200 X40.537 Y59.164 E1042.03011
M204 S2000
M205 X30 Y30
G0 F3600 X39.83 Y59.164
M204 S500
M205 X10 Y10
G1 F1200 X38.16 Y60.834 E1042.15285
M204 S2000
M205 X30 Y30
G0 F3600 X37.453 Y60.834
M204 S500
M205 X10 Y10
G1 F1200 X39.123 Y59.164 E1042.27558
M204 S2000
M205 X30 Y30
G0 F3600 X38.416 Y59.164
M204 S500
M205 X10 Y10
G1 F1200 X36.746 Y60.834 E1042.39832
M204 S2000
M205 X30 Y30
G0 F3600 X36.039 Y60.834
M204 S500
M205 X10 Y10
G1 F1200 X37.709 Y59.164 E1042.52106
M204 S2000
M205 X30 Y30
G0 F3600 X37.002 Y59.164
M204 S500
M205 X10 Y10
G1 F1200 X35.332 Y60.834 E1042.64379
M204 S2000
M205 X30 Y30
G0 F3600 X34.624 Y60.834
M204 S500
M205 X10 Y10
G1 F1200 X36.295 Y59.164 E1042.76657
M204 S2000
M205 X30 Y30
G0 F3600 X35.587 Y59.164
M204 S500
M205 X10 Y10
G1 F1200 X34.009 Y60.742 E1042.88254
M204 S2000
M205 X30 Y30
G0 F3600 X33.56 Y60.484
M204 S500
M205 X10 Y10
G1 F1200 X34.88 Y59.164 E1042.97956
M204 S2000
M205 X30 Y30
G0 F3600 X34.173 Y59.164
M204 S500
M205 X10 Y10
G1 F1200 X33.111 Y60.226 E1043.05761
G1 X32.899 Y60.438
M204 S2000
M205 X30 Y30
;MESH:NONMESH
G0 F600 X32.899 Y60.438 Z25.3
G0 F3600 X31.522 Y60.022
;TIME_ELAPSED:1397.578918
;LAYER:100
M104 S205 T0 ; littlefish custom hot end temp
M204 S500
M205 X10 Y10
;TYPE:WALL-INNER
;MESH:temperaturetowerv2.stl
G1 F720 X31.478 Y60.022 E1043.05952
G1 X31.478 Y59.978 E1043.06142
G1 X31.522 Y59.978 E1043.06333
G1 X31.522 Y60.013 E1043.06484
G0 F1920 X31.522 Y60.022
M204 S2000
M205 X30 Y30
G0 F3600 X32.022 Y60.522
M204 S500
M205 X10 Y10
;TYPE:WALL-OUTER
G1 F600 X30.978 Y60.522 E1043.11005
G1 X30.978 Y59.478 E1043.15526
G1 X32.022 Y59.478 E1043.20048
G1 X32.022 Y60.29 E1043.23564
G0 F960 X32.022 Y60.522
M204 S2000
M205 X30 Y30
G0 F3600 X31.772 Y60.522
G1 F2700 E1039.23564
G0 F3600 X31.513 Y60.013
G0 X32.937 Y59.992
G0 X34.86 Y59.992
G0 X36.275 Y59.991
G0 X38.251 Y58.775
M204 S500
M205 X10 Y10
;TYPE:WALL-INNER
G1 F2700 E1043.23564
G1 F720 X38.252 Y61.226 E1043.34178
G1 X36.775 Y61.225 E1043.40574
G1 X36.774 Y58.774 E1043.51189
G1 X37.851 Y58.775 E1043.55853
G0 F1920 X38.251 Y58.775
M204 S2000
M205 X30 Y30
G0 F3600 X38.751 Y58.275
M204 S500
M205 X10 Y10
G1 F720 X38.752 Y61.726 E1043.70798
G1 X36.275 Y61.725 E1043.81524
G1 X36.274 Y58.274 E1043.96469
G1 X38.239 Y58.275 E1044.04979
G0 F1920 X38.751 Y58.275
M204 S2000
M205 X30 Y30
G0 F3600 X39.251 Y57.775
M204 S500
M205 X10 Y10
;TYPE:WALL-OUTER
G1 F1200 X39.252 Y62.226 E1044.24254
G1 X35.775 Y62.225 E1044.39312
G1 X35.774 Y57.774 E1044.58587
G1 X38.739 Y57.775 E1044.71427
G0 F960 X39.251 Y57.775
M204 S2000
M205 X30 Y30
G0 F3600 X39.251 Y58.025
G0 X38.681 Y58.345
G0 X37.761 Y59.265
M204 S500
M205 X10 Y10
;TYPE:SKIN
G1 F600 X37.762 Y60.736 E1044.79072
G1 X37.265 Y60.735 E1044.81655
G1 X37.264 Y59.264 E1044.89299
G1 X37.579 Y59.265 E1044.90936
G0 F960 X37.761 Y59.265
M204 S2000
M205 X30 Y30
G1 F2700 E1040.90936
G0 F3600 X38.751 Y58.986
G0 X40.166 Y58.985
G0 X77.834 Y58.976
G0 X79.249 Y58.975
G0 X80.192 Y58.974
M204 S500
M205 X10 Y10
;TYPE:FILL
G1 F2700 E1044.90936
G1 F2400 X82.242 Y61.024 E1045.03491
G1 X82.454 Y61.236
M204 S2000
M205 X30 Y30
G0 F3600 X82.549 Y58.974
M204 S500
M205 X10 Y10
G1 F2400 X84.6 Y61.025 E1045.16052
G1 X84.812 Y61.237
M204 S2000
M205 X30 Y30
G0 F3600 X86.025 Y60.092
M204 S500
M205 X10 Y10
G1 F2400 X84.907 Y58.974 E1045.22899
G1 X84.695 Y58.762
M204 S2000
M205 X30 Y30
G0 F3600 X86.225 Y58.775
M204 S500
M205 X10 Y10
;TYPE:WALL-INNER
G1 F2400 X86.226 Y61.226 E1045.33513
G1 X79.749 Y61.225 E1045.61563
G1 X79.748 Y58.774 E1045.72177
G1 X85.713 Y58.775 E1045.98009
G0 F1920 X86.225 Y58.775
M204 S2000
M205 X30 Y30
G0 F3600 X86.725 Y58.275
M204 S500
M205 X10 Y10
G1 F2400 X86.726 Y61.726 E1046.12954
G1 X79.249 Y61.725 E1046.45333
G1 X79.248 Y58.274 E1046.60278
G1 X86.213 Y58.275 E1046.9044
G0 F1920 X86.725 Y58.275
M204 S2000
M205 X30 Y30
G0 F3600 X87.225 Y57.775
M204 S500
M205 X10 Y10
;TYPE:WALL-OUTER
G1 F1200 X87.226 Y62.226 E1047.09716
G1 X78.749 Y62.225 E1047.46426
G1 X78.748 Y57.774 E1047.65702
G1 X86.713 Y57.775 E1048.00195
G0 F960 X87.225 Y57.775
M204 S2000
M205 X30 Y30
G0 F3600 X87.225 Y58.025
G0 X86.225 Y58.627
G1 F2700 E1044.00195
;MESH:NONMESH
G0 F600 X86.225 Y58.627 Z25.55
G0 F3600 X79.249 Y60
G0 X77.834 Y60.001
G0 X40.154 Y56.872
G0 X34.871 Y56.871
G0 X32.937 Y60
G0 X31.502 Y60
G0 X31.982 Y60.482
;TIME_ELAPSED:1407.075145
;LAYER:101
M204 S500
M205 X10 Y10
;TYPE:WALL-OUTER
;MESH:temperaturetowerv2.stl
G1 F2700 E1048.00195
G1 F600 X31.018 Y60.482 E1048.04369
G1 X31.018 Y59.518 E1048.08544
G1 X31.982 Y59.518 E1048.12719
G1 X31.982 Y60.268 E1048.15966
G0 F960 X31.982 Y60.482
M204 S2000
M205 X30 Y30
G0 F3600 X31.732 Y60.482
G0 X31.482 Y59.982
G1 F2700 E1044.15966
G0 F3600 X32.897 Y59.532
G0 X34.61 Y59.532
G0 X36.025 Y59.531
G0 X38.517 Y58.525
M204 S500
M205 X10 Y10
;TYPE:WALL-INNER
G1 F2700 E1048.15966
G1 F720 X38.518 Y61.476 E1048.28746
G1 X36.525 Y61.475 E1048.37377
G1 X36.524 Y58.524 E1048.50156
G1 X38.005 Y58.525 E1048.5657
G0 F1920 X38.517 Y58.525
M204 S2000
M205 X30 Y30
G0 F3600 X39.017 Y58.025
M204 S500
M205 X10 Y10
G1 F720 X39.018 Y61.976 E1048.7368
G1 X36.025 Y61.975 E1048.86641
G1 X36.024 Y58.024 E1049.03752
G1 X38.505 Y58.025 E1049.14496
G0 F1920 X39.017 Y58.025
M204 S2000
M205 X30 Y30
G0 F3600 X39.517 Y57.525
M204 S500
M205 X10 Y10
;TYPE:WALL-OUTER
G1 F1200 X39.518 Y62.476 E1049.35936
G1 X35.525 Y62.475 E1049.53228
G1 X35.524 Y57.524 E1049.74669
G1 X39.005 Y57.525 E1049.89744
G0 F960 X39.517 Y57.525
M204 S2000
M205 X30 Y30
G0 F3600 X39.517 Y57.775
G0 X38.947 Y58.095
G0 X38.027 Y59.015
M204 S500
M205 X10 Y10
;TYPE:SKIN
G1 F600 X38.028 Y60.986 E1049.99987
G1 X37.015 Y60.985 E1050.05251
G1 X37.014 Y59.014 E1050.15494
G1 X37.731 Y59.015 E1050.19221
G0 F960 X38.027 Y59.015
M204 S2000
M205 X30 Y30
G0 F3600 X37.239 Y59.633
M204 S500
M205 X10 Y10
G1 F1200 X37.635 Y59.238 E1050.22127
M204 S2000
M205 X30 Y30
G0 F3600 X37.802 Y59.778
M204 S500
M205 X10 Y10
G1 F1200 X37.239 Y60.34 E1050.26261
M204 S2000
M205 X30 Y30
G0 F3600 X37.527 Y60.76
M204 S500
M205 X10 Y10
G1 F1200 X37.802 Y60.485 E1050.28283
M204 S2000
M205 X30 Y30
G1 F2700 E1046.28283
G0 F3600 X39.017 Y59.187
G0 X40.432 Y59.186
G0 X77.568 Y59.178
G0 X78.983 Y59.177
G0 X79.681 Y59.177
M204 S500
M205 X10 Y10
;TYPE:FILL
G1 F2700 E1050.28283
G1 F2400 X80.134 Y58.723 E1050.3106
M204 S2000
M205 X30 Y30
G0 F3600 X82.492 Y58.723
M204 S500
M205 X10 Y10
G1 F2400 X79.94 Y61.275 E1050.46689
G1 X79.728 Y61.487
M204 S2000
M205 X30 Y30
G0 F3600 X82.298 Y61.275
M204 S500
M205 X10 Y10
G1 F2400 X84.849 Y58.724 E1050.62312
G1 X85.061 Y58.512
M204 S2000
M205 X30 Y30
G0 F3600 X86.274 Y59.657
M204 S500
M205 X10 Y10
G1 F2400 X84.654 Y61.276 E1050.72231
G1 X84.442 Y61.488
M204 S2000
M205 X30 Y30
G0 F3600 X86.475 Y58.525
M204 S500
M205 X10 Y10
;TYPE:WALL-INNER
G1 F2400 X86.476 Y61.476 E1050.8501
G1 X79.483 Y61.475 E1051.15294
G1 X79.482 Y58.524 E1051.28074
G1 X85.963 Y58.525 E1051.5614
G0 F1920 X86.475 Y58.525
M204 S2000
M205 X30 Y30
G0 F3600 X86.975 Y58.025
M204 S500
M205 X10 Y10
G1 F2400 X86.976 Y61.976 E1051.7325
G1 X78.983 Y61.975 E1052.07864
G1 X78.982 Y58.024 E1052.24975
G1 X86.463 Y58.025 E1052.57372
G0 F1920 X86.975 Y58.025
M204 S2000
M205 X30 Y30
G0 F3600 X87.475 Y57.525
M204 S500
M205 X10 Y10
;TYPE:WALL-OUTER
G1 F1200 X87.476 Y62.476 E1052.78812
G1 X78.483 Y62.475 E1053.17757
G1 X78.482 Y57.524 E1053.39198
G1 X86.963 Y57.525 E1053.75925
G0 F960 X87.475 Y57.525
M204 S2000
M205 X30 Y30
G0 F3600 X87.475 Y57.775
G0 X86.475 Y58.377
G1 F2700 E1049.75925
;MESH:NONMESH
G0 F600 X86.475 Y58.377 Z25.8
G0 F3600 X78.983 Y60.371
G0 X77.568 Y60.372
G0 X40.421 Y63.379
G0 X34.622 Y63.378
G0 X32.897 Y60.371
G0 X31.962 Y60.371
G0 X31.942 Y60.442
;TIME_ELAPSED:1417.882325
;LAYER:102
M204 S500
M205 X10 Y10
;TYPE:WALL-OUTER
;MESH:temperaturetowerv2.stl
G1 F2700 E1053.75925
G1 F600 X31.058 Y60.442 E1053.79754
G1 X31.058 Y59.558 E1053.83582
G1 X31.942 Y59.558 E1053.8741
G1 X31.942 Y60.246 E1053.90389
G0 F960 X31.942 Y60.442
M204 S2000
M205 X30 Y30
G0 F3600 X31.692 Y60.442
G0 X31.442 Y59.942
G1 F2700 E1049.90389
G0 F3600 X32.857 Y60.428
G0 X34.535 Y60.428
G0 X35.97 Y60.428
G0 X38.581 Y61.55
M204 S500
M205 X10 Y10
;TYPE:WALL-INNER
G1 F2700 E1053.90389
G1 F720 X36.45 Y61.55 E1053.99618
G1 X36.45 Y58.45 E1054.13043
G1 X38.582 Y58.45 E1054.22275
G1 X38.581 Y61.038 E1054.33483
G0 F1920 X38.581 Y61.55
M204 S2000
M205 X30 Y30
G0 F3600 X39.081 Y62.05
M204 S500
M205 X10 Y10
G1 F720 X35.95 Y62.05 E1054.47042
G1 X35.95 Y57.95 E1054.64797
G1 X39.082 Y57.95 E1054.78361
G1 X39.081 Y61.538 E1054.93899
G0 F1920 X39.081 Y62.05
M204 S2000
M205 X30 Y30
G0 F3600 X39.581 Y62.55
M204 S500
M205 X10 Y10
;TYPE:WALL-OUTER
G1 F1200 X35.45 Y62.55 E1055.11788
G1 X35.45 Y57.45 E1055.33874
G1 X39.582 Y57.45 E1055.51768
G1 X39.581 Y62.038 E1055.71637
G0 F960 X39.581 Y62.55
M204 S2000
M205 X30 Y30
G0 F3600 X39.331 Y62.55
G0 X39.011 Y61.98
G0 X38.091 Y61.06
M204 S500
M205 X10 Y10
;TYPE:SKIN
G1 F600 X36.94 Y61.06 E1055.77619
G1 X36.94 Y58.94 E1055.88636
G1 X38.092 Y58.94 E1055.94623
G1 X38.091 Y60.661 E1056.03567
G0 F960 X38.091 Y61.06
M204 S2000
M205 X30 Y30
G0 F3600 X37.499 Y60.834
M204 S500
M205 X10 Y10
G1 F1200 X37.164 Y60.499 E1056.06029
M204 S2000
M205 X30 Y30
G0 F3600 X37.866 Y60.494
M204 S500
M205 X10 Y10
G1 F1200 X37.164 Y59.792 E1056.11188
M204 S2000
M205 X30 Y30
G0 F3600 X37.244 Y59.164
M204 S500
M205 X10 Y10
G1 F1200 X37.866 Y59.787 E1056.15763
M204 S2000
M205 X30 Y30
G1 F2700 E1052.15763
G0 F3600 X39.062 Y60.746
G0 X40.497 Y60.746
G0 X77.503 Y60.746
G0 X78.938 Y60.746
G0 X79.617 Y60.757
M204 S500
M205 X10 Y10
;TYPE:FILL
G1 F2700 E1056.15763
G1 F2400 X80.209 Y61.349 E1056.19389
M204 S2000
M205 X30 Y30
G0 F3600 X82.567 Y61.349
M204 S500
M205 X10 Y10
G1 F2400 X79.867 Y58.65 E1056.35922
G1 X79.655 Y58.438
M204 S2000
M205 X30 Y30
G0 F3600 X82.225 Y58.65
M204 S500
M205 X10 Y10
G1 F2400 X84.924 Y61.349 E1056.52451
G1 X85.136 Y61.561
M204 S2000
M205 X30 Y30
G0 F3600 X86.349 Y60.416
M204 S500
M205 X10 Y10
G1 F2400 X84.582 Y58.65 E1056.6327
G1 X84.37 Y58.438
M204 S2000
M205 X30 Y30
G0 F3600 X86.55 Y61.55
M204 S500
M205 X10 Y10
;TYPE:WALL-INNER
G1 F2400 X79.418 Y61.55 E1056.94156
G1 X79.418 Y58.45 E1057.0758
G1 X86.55 Y58.45 E1057.38466
G1 X86.55 Y61.038 E1057.49673
G0 F1920 X86.55 Y61.55
M204 S2000
M205 X30 Y30
G0 F3600 X87.05 Y62.05
M204 S500
M205 X10 Y10
G1 F2400 X78.918 Y62.05 E1057.8489
G1 X78.918 Y57.95 E1058.02645
G1 X87.05 Y57.95 E1058.37861
G1 X87.05 Y61.538 E1058.53399
G0 F1920 X87.05 Y62.05
M204 S2000
M205 X30 Y30
G0 F3600 X87.55 Y62.55
M204 S500
M205 X10 Y10
;TYPE:WALL-OUTER
G1 F1200 X78.418 Y62.55 E1058.92946
G1 X78.418 Y57.45 E1059.15032
G1 X87.55 Y57.45 E1059.54579
G1 X87.55 Y62.038 E1059.74448
G0 F960 X87.55 Y62.55
M204 S2000
M205 X30 Y30
G0 F3600 X87.3 Y62.55
G0 X86.55 Y61.697
G1 F2700 E1055.74448
;MESH:NONMESH
G0 F600 X86.55 Y61.697 Z26.05
G0 F3600 X78.938 Y60.342
G0 X77.503 Y60.342
G0 X40.484 Y63.453
G0 X34.547 Y63.453
G0 X32.857 Y60.342
G0 X31.922 Y60.342
G0 X31.903 Y60.403
;TIME_ELAPSED:1428.942980
;LAYER:103
M204 S500
M205 X10 Y10
;TYPE:WALL-OUTER
;MESH:temperaturetowerv2.stl
G1 F2700 E1059.74448
G1 F600 X31.097 Y60.403 E1059.77938
G1 X31.097 Y59.597 E1059.81428
G1 X31.903 Y59.597 E1059.84919
G1 X31.903 Y60.224 E1059.87634
G0 F960 X31.903 Y60.403
M204 S2000
M205 X30 Y30
G0 F3600 X31.653 Y60.403
G0 X31.403 Y59.903
G1 F2700 E1055.87634
G0 F3600 X32.818 Y60.389
G0 X34.535 Y60.389
G0 X35.97 Y60.389
G0 X38.608 Y61.55
M204 S500
M205 X10 Y10
;TYPE:WALL-INNER
G1 F2700 E1059.87634
G1 F720 X36.45 Y61.55 E1059.9698
G1 X36.45 Y58.45 E1060.10404
G1 X38.609 Y58.45 E1060.19754
G1 X38.608 Y61.038 E1060.30962
G0 F1920 X38.608 Y61.55
M204 S2000
M205 X30 Y30
G0 F3600 X39.108 Y62.05
M204 S500
M205 X10 Y10
G1 F720 X35.95 Y62.05 E1060.44637
G1 X35.95 Y57.95 E1060.62393
G1 X39.109 Y57.95 E1060.76073
G1 X39.108 Y61.538 E1060.91611
G0 F1920 X39.108 Y62.05
M204 S2000
M205 X30 Y30
G0 F3600 X39.608 Y62.55
M204 S500
M205 X10 Y10
;TYPE:WALL-OUTER
G1 F1200 X35.45 Y62.55 E1061.09618
G1 X35.45 Y57.45 E1061.31704
G1 X39.609 Y57.45 E1061.49715
G1 X39.608 Y62.038 E1061.69583
G0 F960 X39.608 Y62.55
M204 S2000
M205 X30 Y30
G0 F3600 X39.358 Y62.55
G0 X39.038 Y61.98
G0 X38.118 Y61.06
M204 S500
M205 X10 Y10
;TYPE:SKIN
G1 F600 X36.94 Y61.06 E1061.75705
G1 X36.94 Y58.94 E1061.86723
G1 X38.119 Y58.94 E1061.9285
G1 X38.118 Y60.659 E1062.01783
G0 F960 X38.118 Y61.06
M204 S2000
M205 X30 Y30
G0 F3600 X37.453 Y60.834
M204 S500
M205 X10 Y10
G1 F1200 X37.893 Y60.394 E1062.05017
M204 S2000
M205 X30 Y30
G0 F3600 X37.893 Y59.686
M204 S500
M205 X10 Y10
G1 F1200 X37.164 Y60.415 E1062.10375
M204 S2000
M205 X30 Y30
G0 F3600 X37.164 Y59.708
M204 S500
M205 X10 Y10
G1 F1200 X37.709 Y59.164 E1062.14377
M204 S2000
M205 X30 Y30
G1 F2700 E1058.14377
G0 F3600 X39.089 Y59.256
G0 X40.524 Y59.256
G0 X77.476 Y59.267
G0 X78.911 Y59.267
G0 X79.591 Y59.267
M204 S500
M205 X10 Y10
;TYPE:FILL
G1 F2700 E1062.14377
G1 F2400 X80.209 Y58.649 E1062.18161
M204 S2000
M205 X30 Y30
G0 F3600 X82.566 Y58.649
M204 S500
M205 X10 Y10
G1 F2400 X79.866 Y61.349 E1062.34697
G1 X79.654 Y61.561
M204 S2000
M205 X30 Y30
G0 F3600 X82.223 Y61.349
M204 S500
M205 X10 Y10
G1 F2400 X84.924 Y58.649 E1062.51236
G1 X85.136 Y58.437
M204 S2000
M205 X30 Y30
G0 F3600 X86.349 Y59.582
M204 S500
M205 X10 Y10
G1 F2400 X84.581 Y61.349 E1062.62061
G1 X84.369 Y61.561
M204 S2000
M205 X30 Y30
G0 F3600 X86.55 Y61.55
M204 S500
M205 X10 Y10
;TYPE:WALL-INNER
G1 F2400 X79.391 Y61.55 E1062.93063
G1 X79.392 Y58.45 E1063.06488
G1 X86.55 Y58.45 E1063.37486
G1 X86.55 Y61.038 E1063.48694
G0 F1920 X86.55 Y61.55
M204 S2000
M205 X30 Y30
G0 F3600 X87.05 Y62.05
M204 S500
M205 X10 Y10
G1 F2400 X78.891 Y62.05 E1063.84027
G1 X78.892 Y57.95 E1064.01782
G1 X87.05 Y57.95 E1064.37111
G1 X87.05 Y61.538 E1064.52649
G0 F1920 X87.05 Y62.05
M204 S2000
M205 X30 Y30
G0 F3600 X87.55 Y62.55
M204 S500
M205 X10 Y10
;TYPE:WALL-OUTER
G1 F1200 X78.391 Y62.55 E1064.92313
G1 X78.392 Y57.45 E1065.14399
G1 X87.55 Y57.45 E1065.54058
G1 X87.55 Y62.038 E1065.73927
G0 F960 X87.55 Y62.55
M204 S2000
M205 X30 Y30
G0 F3600 X87.3 Y62.55
G0 X86.55 Y61.697
G1 F2700 E1061.73927
;MESH:NONMESH
G0 F600 X86.55 Y61.697 Z26.3
G0 F3600 X78.911 Y60.316
G0 X77.476 Y60.316
G0 X40.511 Y63.453
G0 X34.547 Y63.453
G0 X32.818 Y60.316
G0 X31.883 Y60.316
G0 X31.863 Y60.363
;TIME_ELAPSED:1439.973793
;LAYER:104
M204 S500
M205 X10 Y10
;TYPE:WALL-OUTER
;MESH:temperaturetowerv2.stl
G1 F2700 E1065.73927
G1 F600 X31.137 Y60.363 E1065.77071
G1 X31.137 Y59.637 E1065.80215
G1 X31.863 Y59.637 E1065.83359
G1 X31.863 Y60.202 E1065.85806
G0 F960 X31.863 Y60.363
M204 S2000
M205 X30 Y30
G0 F3600 X31.613 Y60.363
G0 X31.613 Y60.137
G1 F2700 E1061.85806
G0 F3600 X32.778 Y60.349
G0 X34.535 Y60.349
G0 X35.97 Y60.349
G0 X38.642 Y61.55
M204 S500
M205 X10 Y10
;TYPE:WALL-INNER
G1 F2700 E1065.85806
G1 F720 X36.45 Y61.55 E1065.95298
G1 X36.45 Y58.45 E1066.08723
G1 X38.643 Y58.45 E1066.1822
G1 X38.642 Y61.038 E1066.29428
G0 F1920 X38.642 Y61.55
M204 S2000
M205 X30 Y30
G0 F3600 X39.142 Y62.05
M204 S500
M205 X10 Y10
G1 F720 X35.95 Y62.05 E1066.43251
G1 X35.95 Y57.95 E1066.61006
G1 X39.143 Y57.95 E1066.74834
G1 X39.142 Y61.538 E1066.90372
G0 F1920 X39.142 Y62.05
M204 S2000
M205 X30 Y30
G0 F3600 X39.642 Y62.55
M204 S500
M205 X10 Y10
;TYPE:WALL-OUTER
G1 F1200 X35.45 Y62.55 E1067.08526
G1 X35.45 Y57.45 E1067.30612
G1 X39.643 Y57.45 E1067.4877
G1 X39.642 Y62.038 E1067.68638
G0 F960 X39.642 Y62.55
M204 S2000
M205 X30 Y30
G0 F3600 X39.392 Y62.55
G0 X39.072 Y61.98
G0 X38.152 Y61.06
M204 S500
M205 X10 Y10
;TYPE:SKIN
G1 F600 X36.94 Y61.06 E1067.74937
G1 X36.94 Y58.94 E1067.85954
G1 X38.153 Y58.94 E1067.92258
G1 X38.152 Y60.657 E1068.01181
G0 F960 X38.152 Y61.06
M204 S2000
M205 X30 Y30
G0 F3600 X37.499 Y60.834
M204 S500
M205 X10 Y10
G1 F1200 X37.164 Y60.499 E1068.03643
M204 S2000
M205 X30 Y30
G0 F3600 X37.164 Y59.792
M204 S500
M205 X10 Y10
G1 F1200 X37.927 Y60.555 E1068.09251
M204 S2000
M205 X30 Y30
G0 F3600 X37.928 Y59.848
M204 S500
M205 X10 Y10
G1 F1200 X37.244 Y59.164 E1068.14278
M204 S2000
M205 X30 Y30
G1 F2700 E1064.14278
G0 F3600 X39.123 Y60.685
G0 X40.558 Y60.685
G0 X77.442 Y60.696
G0 X78.877 Y60.696
G0 X79.556 Y60.696
M204 S500
M205 X10 Y10
;TYPE:FILL
G1 F2700 E1068.14278
G1 F2400 X80.209 Y61.349 E1068.18277
M204 S2000
M205 X30 Y30
G0 F3600 X82.567 Y61.349
M204 S500
M205 X10 Y10
G1 F2400 X79.867 Y58.65 E1068.3481
G1 X79.655 Y58.438
M204 S2000
M205 X30 Y30
G0 F3600 X82.225 Y58.65
M204 S500
M205 X10 Y10
G1 F2400 X84.924 Y61.349 E1068.5134
G1 X85.136 Y61.561
M204 S2000
M205 X30 Y30
G0 F3600 X86.349 Y60.416
M204 S500
M205 X10 Y10
G1 F2400 X84.582 Y58.65 E1068.62158
G1 X84.37 Y58.438
M204 S2000
M205 X30 Y30
G0 F3600 X86.55 Y61.55
M204 S500
M205 X10 Y10
;TYPE:WALL-INNER
G1 F2400 X79.357 Y61.55 E1068.93308
G1 X79.358 Y58.45 E1069.06733
G1 X86.55 Y58.45 E1069.37878
G1 X86.55 Y61.038 E1069.49086
G0 F1920 X86.55 Y61.55
M204 S2000
M205 X30 Y30
G0 F3600 X87.05 Y62.05
M204 S500
M205 X10 Y10
G1 F2400 X78.857 Y62.05 E1069.84566
G1 X78.858 Y57.95 E1070.02322
G1 X87.05 Y57.95 E1070.37798
G1 X87.05 Y61.538 E1070.53336
G0 F1920 X87.05 Y62.05
M204 S2000
M205 X30 Y30
G0 F3600 X87.55 Y62.55
M204 S500
M205 X10 Y10
;TYPE:WALL-OUTER
G1 F1200 X78.357 Y62.55 E1070.93147
G1 X78.358 Y57.45 E1071.15233
G1 X87.55 Y57.45 E1071.55039
G1 X87.55 Y62.038 E1071.74908
G0 F960 X87.55 Y62.55
M204 S2000
M205 X30 Y30
G0 F3600 X87.3 Y62.55
G0 X86.55 Y61.697
G1 F2700 E1067.74908
;MESH:NONMESH
G0 F600 X86.55 Y61.697 Z26.55
G0 F3600 X78.877 Y60.276
G0 X77.442 Y60.276
G0 X40.545 Y63.453
G0 X34.547 Y63.453
G0 X32.778 Y60.276
G0 X31.843 Y60.276
G0 X31.824 Y60.324
;TIME_ELAPSED:1451.037959
;LAYER:105
M204 S500
M205 X10 Y10
;TYPE:WALL-OUTER
;MESH:temperaturetowerv2.stl
G1 F2700 E1071.74908
G1 F600 X31.176 Y60.324 E1071.77714
G1 X31.176 Y59.676 E1071.8052
G1 X31.824 Y59.676 E1071.83327
G1 X31.824 Y60.18 E1071.85509
G0 F960 X31.824 Y60.324
M204 S2000
M205 X30 Y30
G0 F3600 X31.574 Y60.324
G0 X31.574 Y60.176
G1 F2700 E1067.85509
G0 F3600 X32.739 Y59.773
G0 X34.535 Y59.773
G0 X35.97 Y59.773
G0 X36.65 Y59.773
M204 S500
M205 X10 Y10
;TYPE:FILL
G1 F2700 E1071.85509
G1 F2400 X37.774 Y58.649 E1071.92393
G1 X37.986 Y58.437
M204 S2000
M205 X30 Y30
G0 F3600 X38.485 Y60.295
M204 S500
M205 X10 Y10
G1 F2400 X37.432 Y61.349 E1071.98845
G1 X37.22 Y61.561
M204 S2000
M205 X30 Y30
G0 F3600 X38.685 Y61.55
M204 S500
M205 X10 Y10
;TYPE:WALL-INNER
G1 F720 X36.45 Y61.55 E1072.08524
G1 X36.45 Y58.45 E1072.21949
G1 X38.686 Y58.45 E1072.31632
G1 X38.685 Y61.038 E1072.42839
G0 F1920 X38.685 Y61.55
M204 S2000
M205 X30 Y30
G0 F3600 X39.185 Y62.05
M204 S500
M205 X10 Y10
G1 F720 X35.95 Y62.05 E1072.56849
G1 X35.95 Y57.95 E1072.74604
G1 X39.186 Y57.95 E1072.88618
G1 X39.185 Y61.538 E1073.04156
G0 F1920 X39.185 Y62.05
M204 S2000
M205 X30 Y30
G0 F3600 X39.685 Y62.55
M204 S500
M205 X10 Y10
;TYPE:WALL-OUTER
G1 F1200 X35.45 Y62.55 E1073.22496
G1 X35.45 Y57.45 E1073.44582
G1 X39.686 Y57.45 E1073.62926
G1 X39.685 Y62.038 E1073.82795
G0 F960 X39.685 Y62.55
M204 S2000
M205 X30 Y30
G0 F3600 X39.435 Y62.55
G0 X38.832 Y61.55
G1 F2700 E1069.82795
G0 F3600 X39.166 Y59.333
G0 X40.601 Y59.333
G0 X77.399 Y59.344
G0 X78.834 Y59.344
G0 X79.514 Y59.344
M204 S500
M205 X10 Y10
;TYPE:FILL
G1 F2700 E1073.82795
G1 F2400 X80.208 Y58.65 E1073.87045
M204 S2000
M205 X30 Y30
G0 F3600 X82.566 Y58.65
M204 S500
M205 X10 Y10
G1 F2400 X79.866 Y61.349 E1074.03578
G1 X79.654 Y61.561
M204 S2000
M205 X30 Y30
G0 F3600 X82.223 Y61.349
M204 S500
M205 X10 Y10
G1 F2400 X84.923 Y58.65 E1074.20111
G1 X85.135 Y58.438
M204 S2000
M205 X30 Y30
G0 F3600 X86.349 Y59.582
M204 S500
M205 X10 Y10
G1 F2400 X84.581 Y61.349 E1074.30935
G1 X84.369 Y61.561
M204 S2000
M205 X30 Y30
G0 F3600 X86.55 Y61.55
M204 S500
M205 X10 Y10
;TYPE:WALL-INNER
G1 F2400 X79.314 Y61.55 E1074.62271
G1 X79.315 Y58.45 E1074.75696
G1 X86.55 Y58.45 E1075.07028
G1 X86.55 Y61.038 E1075.18235
G0 F1920 X86.55 Y61.55
M204 S2000
M205 X30 Y30
G0 F3600 X87.05 Y62.05
M204 S500
M205 X10 Y10
G1 F2400 X78.814 Y62.05 E1075.53902
G1 X78.815 Y57.95 E1075.71657
G1 X87.05 Y57.95 E1076.0732
G1 X87.05 Y61.538 E1076.22858
G0 F1920 X87.05 Y62.05
M204 S2000
M205 X30 Y30
G0 F3600 X87.55 Y62.55
M204 S500
M205 X10 Y10
;TYPE:WALL-OUTER
G1 F1200 X78.314 Y62.55 E1076.62855
G1 X78.315 Y57.45 E1076.84941
G1 X87.55 Y57.45 E1077.24934
G1 X87.55 Y62.038 E1077.44802
G0 F960 X87.55 Y62.55
M204 S2000
M205 X30 Y30
G0 F3600 X87.3 Y62.55
G0 X86.55 Y61.697
G1 F2700 E1073.44802
;MESH:NONMESH
G0 F600 X86.55 Y61.697 Z26.8
G0 F3600 X78.834 Y60.237
G0 X77.399 Y60.237
G0 X40.588 Y63.453
G0 X34.547 Y63.453
G0 X32.739 Y60.237
G0 X31.804 Y60.237
G0 X31.784 Y60.284
;TIME_ELAPSED:1461.350780
;LAYER:106
M204 S500
M205 X10 Y10
;TYPE:WALL-OUTER
;MESH:temperaturetowerv2.stl
G1 F2700 E1077.44802
G1 F600 X31.216 Y60.284 E1077.47262
G1 X31.216 Y59.716 E1077.49722
G1 X31.784 Y59.716 E1077.52182
G1 X31.784 Y60.158 E1077.54096
G0 F960 X31.784 Y60.284
M204 S2000
M205 X30 Y30
G0 F3600 X31.534 Y60.284
G0 X31.534 Y60.216
G1 F2700 E1073.54096
G0 F3600 X31.534 Y60.184
G0 X32.699 Y60.224
G0 X34.535 Y60.224
G0 X35.97 Y60.224
G0 X36.65 Y60.224
M204 S500
M205 X10 Y10
;TYPE:FILL
G1 F2700 E1077.54096
G1 F2400 X37.774 Y61.349 E1077.60983
G1 X37.986 Y61.561
M204 S2000
M205 X30 Y30
G0 F3600 X38.538 Y59.755
M204 S500
M205 X10 Y10
G1 F2400 X37.432 Y58.649 E1077.67756
G1 X37.22 Y58.437
M204 S2000
M205 X30 Y30
G0 F3600 X38.737 Y61.55
M204 S500
M205 X10 Y10
;TYPE:WALL-INNER
G1 F720 X36.45 Y61.55 E1077.7766
G1 X36.45 Y58.45 E1077.91085
G1 X38.738 Y58.45 E1078.00993
G1 X38.737 Y61.038 E1078.12201
G0 F1920 X38.737 Y61.55
M204 S2000
M205 X30 Y30
G0 F3600 X39.237 Y62.05
M204 S500
M205 X10 Y10
G1 F720 X35.95 Y62.05 E1078.26435
G1 X35.95 Y57.95 E1078.44191
G1 X39.238 Y57.95 E1078.5843
G1 X39.237 Y61.538 E1078.73968
G0 F1920 X39.237 Y62.05
M204 S2000
M205 X30 Y30
G0 F3600 X39.737 Y62.55
M204 S500
M205 X10 Y10
;TYPE:WALL-OUTER
G1 F1200 X35.45 Y62.55 E1078.92533
G1 X35.45 Y57.45 E1079.14619
G1 X39.738 Y57.45 E1079.33188
G1 X39.737 Y62.038 E1079.53057
G0 F960 X39.737 Y62.55
M204 S2000
M205 X30 Y30
G0 F3600 X39.487 Y62.55
G0 X38.884 Y61.55
G1 F2700 E1075.53057
G0 F3600 X39.218 Y60.59
G0 X40.653 Y60.59
G0 X77.348 Y60.59
G0 X78.783 Y60.59
G0 X79.461 Y60.601
M204 S500
M205 X10 Y10
;TYPE:FILL
G1 F2700 E1079.53057
G1 F2400 X80.209 Y61.349 E1079.57638
G1 X80.421 Y61.561
M204 S2000
M205 X30 Y30
G0 F3600 X82.567 Y61.349
M204 S500
M205 X10 Y10
G1 F2400 X79.867 Y58.65 E1079.74171
G1 X79.655 Y58.438
M204 S2000
M205 X30 Y30
G0 F3600 X82.225 Y58.65
M204 S500
M205 X10 Y10
G1 F2400 X84.924 Y61.349 E1079.907
G1 X85.136 Y61.561
M204 S2000
M205 X30 Y30
G0 F3600 X86.349 Y60.416
M204 S500
M205 X10 Y10
G1 F2400 X84.582 Y58.65 E1080.01519
G1 X84.37 Y58.438
M204 S2000
M205 X30 Y30
G0 F3600 X86.55 Y61.55
M204 S500
M205 X10 Y10
;TYPE:WALL-INNER
G1 F2400 X79.263 Y61.55 E1080.33076
G1 X79.263 Y58.45 E1080.46501
G1 X86.55 Y58.45 E1080.78058
G1 X86.55 Y61.038 E1080.89265
G0 F1920 X86.55 Y61.55
M204 S2000
M205 X30 Y30
G0 F3600 X87.05 Y62.05
M204 S500
M205 X10 Y10
G1 F2400 X78.763 Y62.05 E1081.25153
G1 X78.763 Y57.95 E1081.42908
G1 X87.05 Y57.95 E1081.78795
G1 X87.05 Y61.538 E1081.94333
G0 F1920 X87.05 Y62.05
M204 S2000
M205 X30 Y30
G0 F3600 X87.55 Y62.55
M204 S500
M205 X10 Y10
;TYPE:WALL-OUTER
G1 F1200 X78.263 Y62.55 E1082.34552
G1 X78.263 Y57.45 E1082.56637
G1 X87.55 Y57.45 E1082.96855
G1 X87.55 Y62.038 E1083.16724
G0 F960 X87.55 Y62.55
M204 S2000
M205 X30 Y30
G0 F3600 X87.3 Y62.55
G0 X86.55 Y61.697
G1 F2700 E1079.16724
;MESH:NONMESH
G0 F600 X86.55 Y61.697 Z27.05
G0 F3600 X78.783 Y60.184
G0 X77.348 Y60.184
G0 X40.64 Y63.453
G0 X34.547 Y63.453
G0 X32.699 Y60.184
G0 X31.764 Y60.184
G0 X31.744 Y60.244
;TIME_ELAPSED:1471.708903
;LAYER:107
M204 S500
M205 X10 Y10
;TYPE:WALL-OUTER
;MESH:temperaturetowerv2.stl
G1 F2700 E1083.16724
G1 F600 X31.256 Y60.244 E1083.18837
G1 X31.256 Y59.756 E1083.20951
G1 X31.744 Y59.756 E1083.23064
G1 X31.744 Y60.136 E1083.2471
G0 F960 X31.744 Y60.244
M204 S2000
M205 X30 Y30
G0 F3600 X31.494 Y60.244
G1 F2700 E1079.2471
G0 F3600 X31.494 Y60.144
G0 X32.659 Y59.773
G0 X34.535 Y59.773
G0 X35.97 Y59.773
G0 X36.65 Y59.773
M204 S500
M205 X10 Y10
;TYPE:FILL
G1 F2700 E1083.2471
G1 F2400 X37.774 Y58.649 E1083.31594
G1 X37.986 Y58.437
M204 S2000
M205 X30 Y30
G0 F3600 X38.598 Y60.182
M204 S500
M205 X10 Y10
G1 F2400 X37.432 Y61.349 E1083.38738
G1 X37.22 Y61.561
M204 S2000
M205 X30 Y30
G0 F3600 X38.799 Y61.55
M204 S500
M205 X10 Y10
;TYPE:WALL-INNER
G1 F720 X36.45 Y61.55 E1083.4891
G1 X36.45 Y58.45 E1083.62335
G1 X38.799 Y58.45 E1083.72507
G1 X38.799 Y61.038 E1083.83715
G0 F1920 X38.799 Y61.55
M204 S2000
M205 X30 Y30
G0 F3600 X39.299 Y62.05
M204 S500
M205 X10 Y10
G1 F720 X35.95 Y62.05 E1083.98218
G1 X35.95 Y57.95 E1084.15973
G1 X39.299 Y57.95 E1084.30476
G1 X39.299 Y61.538 E1084.46015
G0 F1920 X39.299 Y62.05
M204 S2000
M205 X30 Y30
G0 F3600 X39.799 Y62.55
M204 S500
M205 X10 Y10
;TYPE:WALL-OUTER
G1 F1200 X35.45 Y62.55 E1084.64848
G1 X35.45 Y57.45 E1084.86934
G1 X39.799 Y57.45 E1085.05768
G1 X39.799 Y62.038 E1085.25636
G0 F960 X39.799 Y62.55
M204 S2000
M205 X30 Y30
G0 F3600 X39.549 Y62.55
G0 X38.799 Y61.697
G1 F2700 E1081.25636
G0 F3600 X39.279 Y59.458
G0 X40.714 Y59.458
G0 X77.286 Y59.458
G0 X78.721 Y59.458
G0 X79.4 Y59.458
M204 S500
M205 X10 Y10
;TYPE:FILL
G1 F2700 E1085.25636
G1 F2400 X80.209 Y58.649 E1085.30591
G1 X80.421 Y58.437
M204 S2000
M205 X30 Y30
G0 F3600 X82.566 Y58.649
M204 S500
M205 X10 Y10
G1 F2400 X79.866 Y61.349 E1085.47127
G1 X79.654 Y61.561
M204 S2000
M205 X30 Y30
G0 F3600 X82.223 Y61.349
M204 S500
M205 X10 Y10
G1 F2400 X84.924 Y58.649 E1085.63666
G1 X85.136 Y58.437
M204 S2000
M205 X30 Y30
G0 F3600 X86.349 Y59.582
M204 S500
M205 X10 Y10
G1 F2400 X84.581 Y61.349 E1085.7449
G1 X84.369 Y61.561
M204 S2000
M205 X30 Y30
G0 F3600 X86.55 Y61.55
M204 S500
M205 X10 Y10
;TYPE:WALL-INNER
G1 F2400 X79.201 Y61.55 E1086.06316
G1 X79.201 Y58.45 E1086.19741
G1 X86.55 Y58.45 E1086.51566
G1 X86.55 Y61.038 E1086.62774
G0 F1920 X86.55 Y61.55
M204 S2000
M205 X30 Y30
G0 F3600 X87.05 Y62.05
M204 S500
M205 X10 Y10
G1 F2400 X78.701 Y62.05 E1086.98929
G1 X78.701 Y57.95 E1087.16685
G1 X87.05 Y57.95 E1087.52841
G1 X87.05 Y61.538 E1087.68379
G0 F1920 X87.05 Y62.05
M204 S2000
M205 X30 Y30
G0 F3600 X87.55 Y62.55
M204 S500
M205 X10 Y10
;TYPE:WALL-OUTER
G1 F1200 X78.201 Y62.55 E1088.08865
G1 X78.201 Y57.45 E1088.30951
G1 X87.55 Y57.45 E1088.71438
G1 X87.55 Y62.038 E1088.91307
G0 F960 X87.55 Y62.55
M204 S2000
M205 X30 Y30
G0 F3600 X87.3 Y62.55
G0 X86.55 Y61.697
G1 F2700 E1084.91307
;MESH:NONMESH
G0 F600 X86.55 Y61.697 Z27.3
G0 F3600 X78.721 Y60.144
G0 X77.286 Y60.144
G0 X40.702 Y63.453
G0 X34.547 Y63.453
G0 X32.659 Y60.144
G0 X31.724 Y60.144
G0 X31.705 Y60.205
;TIME_ELAPSED:1482.039547
;LAYER:108
M204 S500
M205 X10 Y10
;TYPE:WALL-OUTER
;MESH:temperaturetowerv2.stl
G1 F2700 E1088.91307
G1 F600 X31.295 Y60.205 E1088.93082
G1 X31.295 Y59.795 E1088.94858
G1 X31.705 Y59.795 E1088.96633
G1 X31.705 Y60.114 E1088.98015
G0 F960 X31.705 Y60.205
M204 S2000
M205 X30 Y30
G0 F3600 X31.455 Y60.205
G1 F2700 E1084.98015
G0 F3600 X31.455 Y60.105
G0 X32.62 Y60.191
G0 X34.535 Y60.191
G0 X35.97 Y60.191
G0 X36.65 Y60.224
M204 S500
M205 X10 Y10
;TYPE:FILL
G1 F2700 E1088.98015
G1 F2400 X37.774 Y61.349 E1089.04901
G1 X37.986 Y61.561
M204 S2000
M205 X30 Y30
G0 F3600 X38.669 Y59.886
M204 S500
M205 X10 Y10
G1 F2400 X37.432 Y58.649 E1089.12477
G1 X37.22 Y58.437
M204 S2000
M205 X30 Y30
G0 F3600 X38.869 Y61.55
M204 S500
M205 X10 Y10
;TYPE:WALL-INNER
G1 F720 X36.45 Y61.55 E1089.22953
G1 X36.45 Y58.45 E1089.36378
G1 X38.869 Y58.45 E1089.46853
G1 X38.869 Y61.038 E1089.58061
G0 F1920 X38.869 Y61.55
M204 S2000
M205 X30 Y30
G0 F3600 X39.369 Y62.05
M204 S500
M205 X10 Y10
G1 F720 X35.95 Y62.05 E1089.72867
G1 X35.95 Y57.95 E1089.90622
G1 X39.369 Y57.95 E1090.05429
G1 X39.369 Y61.538 E1090.20967
G0 F1920 X39.369 Y62.05
M204 S2000
M205 X30 Y30
G0 F3600 X39.869 Y62.55
M204 S500
M205 X10 Y10
;TYPE:WALL-OUTER
G1 F1200 X35.45 Y62.55 E1090.40104
G1 X35.45 Y57.45 E1090.6219
G1 X39.869 Y57.45 E1090.81326
G1 X39.869 Y62.038 E1091.01195
G0 F960 X39.869 Y62.55
M204 S2000
M205 X30 Y30
G0 F3600 X39.619 Y62.55
G0 X38.869 Y61.697
G1 F2700 E1087.01195
G0 F3600 X39.349 Y60.47
G0 X40.784 Y60.47
G0 X77.216 Y60.47
G0 X78.651 Y60.47
G0 X79.33 Y60.47
M204 S500
M205 X10 Y10
;TYPE:FILL
G1 F2700 E1091.01195
G1 F2400 X80.209 Y61.349 E1091.06578
G1 X80.421 Y61.561
M204 S2000
M205 X30 Y30
G0 F3600 X82.567 Y61.349
M204 S500
M205 X10 Y10
G1 F2400 X79.867 Y58.65 E1091.23111
G1 X79.655 Y58.438
M204 S2000
M205 X30 Y30
G0 F3600 X82.225 Y58.65
M204 S500
M205 X10 Y10
G1 F2400 X84.924 Y61.349 E1091.39641
G1 X85.136 Y61.561
M204 S2000
M205 X30 Y30
G0 F3600 X86.349 Y60.416
M204 S500
M205 X10 Y10
G1 F2400 X84.582 Y58.65 E1091.50459
G1 X84.37 Y58.438
M204 S2000
M205 X30 Y30
G0 F3600 X86.55 Y61.55
M204 S500
M205 X10 Y10
;TYPE:WALL-INNER
G1 F2400 X79.131 Y61.55 E1091.82588
G1 X79.131 Y58.45 E1091.96013
G1 X86.55 Y58.45 E1092.28141
G1 X86.55 Y61.038 E1092.39349
G0 F1920 X86.55 Y61.55
M204 S2000
M205 X30 Y30
G0 F3600 X87.05 Y62.05
M204 S500
M205 X10 Y10
G1 F2400 X78.631 Y62.05 E1092.75808
G1 X78.631 Y57.95 E1092.93563
G1 X87.05 Y57.95 E1093.30022
G1 X87.05 Y61.538 E1093.4556
G0 F1920 X87.05 Y62.05
M204 S2000
M205 X30 Y30
G0 F3600 X87.55 Y62.55
M204 S500
M205 X10 Y10
;TYPE:WALL-OUTER
G1 F1200 X78.131 Y62.55 E1093.8635
G1 X78.131 Y57.45 E1094.08436
G1 X87.55 Y57.45 E1094.49226
G1 X87.55 Y62.038 E1094.69094
G0 F960 X87.55 Y62.55
M204 S2000
M205 X30 Y30
G0 F3600 X87.3 Y62.55
G0 X86.55 Y61.697
G1 F2700 E1090.69094
;MESH:NONMESH
G0 F600 X86.55 Y61.697 Z27.55
G0 F3600 X78.651 Y60.105
G0 X77.216 Y60.105
G0 X40.772 Y63.453
G0 X34.547 Y63.453
G0 X32.62 Y60.105
G0 X31.685 Y60.105
G0 X31.665 Y60.165
;TIME_ELAPSED:1492.430661
;LAYER:109
M204 S500
M205 X10 Y10
;TYPE:WALL-OUTER
;MESH:temperaturetowerv2.stl
G1 F2700 E1094.69094
G1 F600 X31.335 Y60.165 E1094.70523
G1 X31.335 Y59.835 E1094.71952
G1 X31.665 Y59.835 E1094.73382
G1 X31.665 Y60.092 E1094.74494
G0 F960 X31.665 Y60.165
M204 S2000
M205 X30 Y30
G0 F3600 X31.415 Y60.165
G1 F2700 E1090.74494
G0 F3600 X31.435 Y60.065
G0 X32.58 Y59.849
G0 X34.535 Y59.849
G0 X35.97 Y59.849
G0 X36.65 Y59.773
M204 S500
M205 X10 Y10
;TYPE:FILL
G1 F2700 E1094.74494
G1 F2400 X37.774 Y58.649 E1094.81378
G1 X37.986 Y58.437
M204 S2000
M205 X30 Y30
G0 F3600 X38.747 Y60.034
M204 S500
M205 X10 Y10
G1 F2400 X37.432 Y61.349 E1094.89432
G1 X37.22 Y61.561
M204 S2000
M205 X30 Y30
G0 F3600 X38.947 Y61.55
M204 S500
M205 X10 Y10
;TYPE:WALL-INNER
G1 F720 X36.45 Y61.55 E1095.00245
G1 X36.45 Y58.45 E1095.1367
G1 X38.947 Y58.45 E1095.24483
G1 X38.947 Y61.038 E1095.35691
G0 F1920 X38.947 Y61.55
M204 S2000
M205 X30 Y30
G0 F3600 X39.447 Y62.05
M204 S500
M205 X10 Y10
G1 F720 X35.95 Y62.05 E1095.50835
G1 X35.95 Y57.95 E1095.6859
G1 X39.447 Y57.95 E1095.83734
G1 X39.447 Y61.538 E1095.99272
G0 F1920 X39.447 Y62.05
M204 S2000
M205 X30 Y30
G0 F3600 X39.947 Y62.55
M204 S500
M205 X10 Y10
;TYPE:WALL-OUTER
G1 F1200 X35.45 Y62.55 E1096.18747
G1 X35.45 Y57.45 E1096.40833
G1 X39.947 Y57.45 E1096.60308
G1 X39.947 Y62.038 E1096.80176
G0 F960 X39.947 Y62.55
M204 S2000
M205 X30 Y30
G0 F3600 X39.697 Y62.55
G0 X38.947 Y61.697
G1 F2700 E1092.80176
G0 F3600 X39.427 Y59.606
G0 X40.862 Y59.606
G0 X77.138 Y59.606
G0 X78.573 Y59.606
G0 X79.252 Y59.606
M204 S500
M205 X10 Y10
;TYPE:FILL
G1 F2700 E1096.80176
G1 F2400 X80.208 Y58.65 E1096.86031
G1 X80.42 Y58.438
M204 S2000
M205 X30 Y30
G0 F3600 X82.566 Y58.65
M204 S500
M205 X10 Y10
G1 F2400 X79.866 Y61.349 E1097.02564
G1 X79.654 Y61.561
M204 S2000
M205 X30 Y30
G0 F3600 X82.223 Y61.349
M204 S500
M205 X10 Y10
G1 F2400 X84.923 Y58.65 E1097.19097
G1 X85.135 Y58.438
M204 S2000
M205 X30 Y30
G0 F3600 X86.349 Y59.582
M204 S500
M205 X10 Y10
G1 F2400 X84.581 Y61.349 E1097.29921
G1 X84.369 Y61.561
M204 S2000
M205 X30 Y30
G0 F3600 X86.55 Y61.55
M204 S500
M205 X10 Y10
;TYPE:WALL-INNER
G1 F2400 X79.053 Y61.55 E1097.62388
G1 X79.053 Y58.45 E1097.75812
G1 X86.55 Y58.45 E1098.08279
G1 X86.55 Y61.038 E1098.19486
G0 F1920 X86.55 Y61.55
M204 S2000
M205 X30 Y30
G0 F3600 X87.05 Y62.05
M204 S500
M205 X10 Y10
G1 F2400 X78.553 Y62.05 E1098.56283
G1 X78.553 Y57.95 E1098.74038
G1 X87.05 Y57.95 E1099.10835
G1 X87.05 Y61.538 E1099.26373
G0 F1920 X87.05 Y62.05
M204 S2000
M205 X30 Y30
G0 F3600 X87.55 Y62.55
M204 S500
M205 X10 Y10
;TYPE:WALL-OUTER
G1 F1200 X78.053 Y62.55 E1099.67501
G1 X78.053 Y57.45 E1099.89587
G1 X87.55 Y57.45 E1100.30714
G1 X87.55 Y62.038 E1100.50583
G0 F960 X87.55 Y62.55
M204 S2000
M205 X30 Y30
G0 F3600 X87.3 Y62.55
G0 X86.55 Y61.697
G1 F2700 E1096.50583
;MESH:NONMESH
G0 F600 X86.55 Y61.697 Z27.8
G0 F3600 X78.573 Y60.065
G0 X77.138 Y60.065
G0 X40.85 Y63.453
G0 X34.547 Y63.453
G0 X32.58 Y60.065
G0 X31.645 Y60.065
G0 X31.626 Y60.126
;TIME_ELAPSED:1502.800580
;LAYER:110
M204 S500
M205 X10 Y10
;TYPE:WALL-OUTER
;MESH:temperaturetowerv2.stl
G1 F2700 E1100.50583
G1 F600 X31.374 Y60.126 E1100.51674
G1 X31.374 Y59.874 E1100.52766
G1 X31.626 Y59.874 E1100.53857
G1 X31.626 Y60.07 E1100.54706
G0 F960 X31.626 Y60.126
M204 S2000
M205 X30 Y30
G0 F3600 X31.376 Y60.126
G1 F2700 E1096.54706
G0 F3600 X31.474 Y60.026
G0 X32.541 Y60.112
G0 X34.535 Y60.112
G0 X35.97 Y60.112
G0 X36.65 Y60.224
M204 S500
M205 X10 Y10
;TYPE:FILL
G1 F2700 E1100.54706
G1 F2400 X37.774 Y61.349 E1100.61593
G1 X37.986 Y61.561
M204 S2000
M205 X30 Y30
G0 F3600 X38.836 Y60.053
M204 S500
M205 X10 Y10
G1 F2400 X37.432 Y58.649 E1100.70191
G1 X37.22 Y58.437
M204 S2000
M205 X30 Y30
G0 F3600 X39.036 Y61.55
M204 S500
M205 X10 Y10
;TYPE:WALL-INNER
G1 F720 X36.45 Y61.55 E1100.8139
G1 X36.45 Y58.45 E1100.94815
G1 X39.036 Y58.45 E1101.06014
G1 X39.036 Y61.038 E1101.17221
G0 F1920 X39.036 Y61.55
M204 S2000
M205 X30 Y30
G0 F3600 X39.536 Y62.05
M204 S500
M205 X10 Y10
G1 F720 X35.95 Y62.05 E1101.32751
G1 X35.95 Y57.95 E1101.50506
G1 X39.536 Y57.95 E1101.66035
G1 X39.536 Y61.538 E1101.81573
G0 F1920 X39.536 Y62.05
M204 S2000
M205 X30 Y30
G0 F3600 X40.036 Y62.55
M204 S500
M205 X10 Y10
;TYPE:WALL-OUTER
G1 F1200 X35.45 Y62.55 E1102.01433
G1 X35.45 Y57.45 E1102.23519
G1 X40.036 Y57.45 E1102.43379
G1 X40.036 Y62.038 E1102.63248
G0 F960 X40.036 Y62.55
M204 S2000
M205 X30 Y30
G0 F3600 X39.786 Y62.55
G0 X39.036 Y61.697
G1 F2700 E1098.63248
G0 F3600 X39.516 Y60.303
G0 X40.951 Y60.303
G0 X77.049 Y60.303
G0 X78.484 Y60.303
G0 X79.163 Y60.303
M204 S500
M205 X10 Y10
;TYPE:FILL
G1 F2700 E1102.63248
G1 F2400 X80.209 Y61.349 E1102.69654
G1 X80.421 Y61.561
M204 S2000
M205 X30 Y30
G0 F3600 X82.567 Y61.349
M204 S500
M205 X10 Y10
G1 F2400 X79.867 Y58.65 E1102.86187
G1 X79.655 Y58.438
M204 S2000
M205 X30 Y30
G0 F3600 X82.225 Y58.65
M204 S500
M205 X10 Y10
G1 F2400 X84.924 Y61.349 E1103.02716
G1 X85.136 Y61.561
M204 S2000
M205 X30 Y30
G0 F3600 X86.349 Y60.416
M204 S500
M205 X10 Y10
G1 F2400 X84.582 Y58.65 E1103.13535
G1 X84.37 Y58.438
M204 S2000
M205 X30 Y30
G0 F3600 X86.55 Y61.55
M204 S500
M205 X10 Y10
;TYPE:WALL-INNER
G1 F2400 X78.964 Y61.55 E1103.46387
G1 X78.964 Y58.45 E1103.59812
G1 X86.55 Y58.45 E1103.92663
G1 X86.55 Y61.038 E1104.03871
G0 F1920 X86.55 Y61.55
M204 S2000
M205 X30 Y30
G0 F3600 X87.05 Y62.05
M204 S500
M205 X10 Y10
G1 F2400 X78.464 Y62.05 E1104.41053
G1 X78.464 Y57.95 E1104.58809
G1 X87.05 Y57.95 E1104.95991
G1 X87.05 Y61.538 E1105.11529
G0 F1920 X87.05 Y62.05
M204 S2000
M205 X30 Y30
G0 F3600 X87.55 Y62.55
M204 S500
M205 X10 Y10
;TYPE:WALL-OUTER
G1 F1200 X77.964 Y62.55 E1105.53042
G1 X77.964 Y57.45 E1105.75128
G1 X87.55 Y57.45 E1106.16641
G1 X87.55 Y62.038 E1106.36509
G0 F960 X87.55 Y62.55
M204 S2000
M205 X30 Y30
G0 F3600 X87.3 Y62.55
G0 X86.55 Y61.697
G1 F2700 E1102.36509
;MESH:NONMESH
G0 F600 X86.55 Y61.697 Z28.05
G0 F3600 X78.484 Y60.026
G0 X77.049 Y60.026
G0 X40.939 Y63.453
G0 X34.547 Y63.453
G0 X32.541 Y60.026
G0 X31.606 Y60.026
G0 X31.586 Y60.086
;TIME_ELAPSED:1513.248153
;LAYER:111
M204 S500
M205 X10 Y10
;TYPE:WALL-OUTER
;MESH:temperaturetowerv2.stl
G1 F2700 E1106.36509
G1 F600 X31.414 Y60.086 E1106.37254
G1 X31.414 Y59.914 E1106.37999
G1 X31.586 Y59.914 E1106.38744
G1 X31.586 Y60.048 E1106.39324
G0 F960 X31.586 Y60.086
M204 S2000
M205 X30 Y30
G0 F3600 X31.414 Y60.086
G0 X31.414 Y60.008
G1 F2700 E1102.39324
G0 F3600 X31.486 Y60.008
G0 X32.501 Y59.928
G0 X34.535 Y59.928
G0 X35.97 Y59.928
G0 X36.65 Y59.773
M204 S500
M205 X10 Y10
;TYPE:FILL
G1 F2700 E1106.39324
G1 F2400 X37.774 Y58.649 E1106.46208
G1 X37.986 Y58.437
M204 S2000
M205 X30 Y30
G0 F3600 X38.935 Y59.845
M204 S500
M205 X10 Y10
G1 F2400 X37.432 Y61.349 E1106.55416
G1 X37.22 Y61.561
M204 S2000
M205 X30 Y30
G0 F3600 X39.135 Y61.55
M204 S500
M205 X10 Y10
;TYPE:WALL-INNER
G1 F720 X36.45 Y61.55 E1106.67044
G1 X36.45 Y58.45 E1106.80468
G1 X39.135 Y58.45 E1106.92096
G1 X39.135 Y61.038 E1107.03303
G0 F1920 X39.135 Y61.55
M204 S2000
M205 X30 Y30
G0 F3600 X39.635 Y62.05
M204 S500
M205 X10 Y10
G1 F720 X35.95 Y62.05 E1107.19262
G1 X35.95 Y57.95 E1107.37017
G1 X39.635 Y57.95 E1107.52975
G1 X39.635 Y61.538 E1107.68513
G0 F1920 X39.635 Y62.05
M204 S2000
M205 X30 Y30
G0 F3600 X40.135 Y62.55
M204 S500
M205 X10 Y10
;TYPE:WALL-OUTER
G1 F1200 X35.45 Y62.55 E1107.88802
G1 X35.45 Y57.45 E1108.10888
G1 X40.135 Y57.45 E1108.31177
G1 X40.135 Y62.038 E1108.51045
G0 F960 X40.135 Y62.55
M204 S2000
M205 X30 Y30
G0 F3600 X39.885 Y62.55
G0 X39.135 Y61.697
G1 F2700 E1104.51045
G0 F3600 X39.615 Y59.794
G0 X41.05 Y59.794
G0 X76.95 Y59.794
G0 X78.385 Y59.794
G0 X79.064 Y59.794
M204 S500
M205 X10 Y10
;TYPE:FILL
G1 F2700 E1108.51045
G1 F2400 X80.208 Y58.65 E1108.58052
G1 X80.42 Y58.438
M204 S2000
M205 X30 Y30
G0 F3600 X82.566 Y58.65
M204 S500
M205 X10 Y10
G1 F2400 X79.866 Y61.349 E1108.74584
G1 X79.654 Y61.561
M204 S2000
M205 X30 Y30
G0 F3600 X82.223 Y61.349
M204 S500
M205 X10 Y10
G1 F2400 X84.923 Y58.65 E1108.91117
G1 X85.135 Y58.438
M204 S2000
M205 X30 Y30
G0 F3600 X86.349 Y59.582
M204 S500
M205 X10 Y10
G1 F2400 X84.581 Y61.349 E1109.01942
G1 X84.369 Y61.561
M204 S2000
M205 X30 Y30
G0 F3600 X86.55 Y61.55
M204 S500
M205 X10 Y10
;TYPE:WALL-INNER
G1 F2400 X78.865 Y61.55 E1109.35222
G1 X78.865 Y58.45 E1109.48647
G1 X86.55 Y58.45 E1109.81927
G1 X86.55 Y61.038 E1109.93135
G0 F1920 X86.55 Y61.55
M204 S2000
M205 X30 Y30
G0 F3600 X87.05 Y62.05
M204 S500
M205 X10 Y10
G1 F2400 X78.365 Y62.05 E1110.30746
G1 X78.365 Y57.95 E1110.48501
G1 X87.05 Y57.95 E1110.86112
G1 X87.05 Y61.538 E1111.0165
G0 F1920 X87.05 Y62.05
M204 S2000
M205 X30 Y30
G0 F3600 X87.55 Y62.55
M204 S500
M205 X10 Y10
;TYPE:WALL-OUTER
G1 F1200 X77.865 Y62.55 E1111.43592
G1 X77.865 Y57.45 E1111.65678
G1 X87.55 Y57.45 E1112.0762
G1 X87.55 Y62.038 E1112.27488
G0 F960 X87.55 Y62.55
M204 S2000
M205 X30 Y30
G0 F3600 X87.3 Y62.55
G0 X86.55 Y61.697
G1 F2700 E1108.27488
;MESH:NONMESH
G0 F600 X86.55 Y61.697 Z28.3
G0 F3600 X78.385 Y59.986
G0 X76.95 Y59.986
G0 X41.038 Y56.547
G0 X34.547 Y56.547
G0 X32.501 Y59.986
G0 X31.566 Y59.986
G0 X31.546 Y60.046
;TIME_ELAPSED:1523.681266
;LAYER:112
M204 S500
M205 X10 Y10
;TYPE:WALL-OUTER
;MESH:temperaturetowerv2.stl
G1 F2700 E1112.27488
G1 F600 X31.454 Y60.046 E1112.27887
G1 X31.454 Y59.954 E1112.28285
G1 X31.546 Y59.954 E1112.28684
G1 X31.546 Y60.026 E1112.28995
G0 F960 X31.546 Y60.046
M204 S2000
M205 X30 Y30
G0 F3600 X31.454 Y60.046
G0 X31.454 Y59.954
G0 X31.52 Y59.954
G1 F2700 E1108.28995
G0 F3600 X31.504 Y59.996
G0 X32.461 Y60.032
G0 X34.535 Y60.032
G0 X35.97 Y60.032
G0 X36.65 Y60.224
M204 S500
M205 X10 Y10
;TYPE:FILL
G1 F2700 E1112.28995
G1 F2400 X37.774 Y61.349 E1112.35882
G1 X37.986 Y61.561
M204 S2000
M205 X30 Y30
G0 F3600 X39.045 Y60.262
M204 S500
M205 X10 Y10
G1 F2400 X37.432 Y58.649 E1112.45761
G1 X37.22 Y58.437
M204 S2000
M205 X30 Y30
G0 F3600 X39.245 Y61.55
M204 S500
M205 X10 Y10
;TYPE:WALL-INNER
G1 F720 X36.45 Y61.55 E1112.57865
G1 X36.45 Y58.45 E1112.71289
G1 X39.245 Y58.45 E1112.83393
G1 X39.245 Y61.038 E1112.94601
G0 F1920 X39.245 Y61.55
M204 S2000
M205 X30 Y30
G0 F3600 X39.745 Y62.05
M204 S500
M205 X10 Y10
G1 F2400 X35.95 Y62.05 E1113.11035
G1 X35.95 Y57.95 E1113.28791
G1 X39.745 Y57.95 E1113.45225
G1 X39.745 Y61.538 E1113.60763
G0 F1920 X39.745 Y62.05
M204 S2000
M205 X30 Y30
G0 F3600 X40.245 Y62.55
M204 S500
M205 X10 Y10
;TYPE:WALL-OUTER
G1 F1200 X35.45 Y62.55 E1113.81529
G1 X35.45 Y57.45 E1114.03614
G1 X40.245 Y57.45 E1114.2438
G1 X40.245 Y62.038 E1114.44248
G0 F960 X40.245 Y62.55
M204 S2000
M205 X30 Y30
G0 F3600 X39.995 Y62.55
G0 X39.245 Y61.697
G1 F2700 E1110.44248
G0 F3600 X39.725 Y60.094
G0 X41.16 Y60.094
G0 X76.84 Y60.094
G0 X78.275 Y60.094
G0 X78.954 Y60.094
M204 S500
M205 X10 Y10
;TYPE:FILL
G1 F2700 E1114.44248
G1 F2400 X80.209 Y61.349 E1114.51934
G1 X80.421 Y61.561
M204 S2000
M205 X30 Y30
G0 F3600 X82.567 Y61.349
M204 S500
M205 X10 Y10
G1 F2400 X79.867 Y58.65 E1114.68467
G1 X79.655 Y58.438
M204 S2000
M205 X30 Y30
G0 F3600 X82.225 Y58.65
M204 S500
M205 X10 Y10
G1 F2400 X84.924 Y61.349 E1114.84997
G1 X85.136 Y61.561
M204 S2000
M205 X30 Y30
G0 F3600 X86.349 Y60.416
M204 S500
M205 X10 Y10
G1 F2400 X84.582 Y58.65 E1114.95815
G1 X84.37 Y58.438
M204 S2000
M205 X30 Y30
G0 F3600 X86.55 Y61.55
M204 S500
M205 X10 Y10
;TYPE:WALL-INNER
G1 F2400 X78.755 Y61.55 E1115.29572
G1 X78.755 Y58.45 E1115.42997
G1 X86.55 Y58.45 E1115.76754
G1 X86.55 Y61.038 E1115.87961
G0 F1920 X86.55 Y61.55
M204 S2000
M205 X30 Y30
G0 F3600 X87.05 Y62.05
M204 S500
M205 X10 Y10
G1 F2400 X78.255 Y62.05 E1116.26049
G1 X78.255 Y57.95 E1116.43804
G1 X87.05 Y57.95 E1116.81891
G1 X87.05 Y61.538 E1116.97429
G0 F1920 X87.05 Y62.05
M204 S2000
M205 X30 Y30
G0 F3600 X87.55 Y62.55
M204 S500
M205 X10 Y10
;TYPE:WALL-OUTER
G1 F1200 X77.755 Y62.55 E1117.39847
G1 X77.755 Y57.45 E1117.61933
G1 X87.55 Y57.45 E1118.04351
G1 X87.55 Y62.038 E1118.2422
G0 F960 X87.55 Y62.55
M204 S2000
M205 X30 Y30
G0 F3600 X87.3 Y62.55
G0 X86.55 Y61.697
G1 F2700 E1114.2422
;MESH:NONMESH
G0 F600 X86.55 Y61.697 Z28.55
G0 F3600 X78.275 Y58.648
G0 X76.84 Y58.648
G0 X41.16 Y58.648
G0 X39.725 Y58.648
G0 X37.775 Y58.648
;TIME_ELAPSED:1533.332094
;LAYER:113
M204 S500
M205 X10 Y10
;TYPE:FILL
;MESH:temperaturetowerv2.stl
G1 F2700 E1118.2422
G1 F2400 X36.65 Y59.773 E1118.3111
G1 X36.438 Y59.985
M204 S2000
M205 X30 Y30
G0 F3600 X37.432 Y61.349
M204 S500
M205 X10 Y10
G1 F2400 X39.164 Y59.616 E1118.4172
G1 X39.376 Y59.404
M204 S2000
M205 X30 Y30
G0 F3600 X39.365 Y61.55
M204 S500
M205 X10 Y10
;TYPE:WALL-INNER
G1 F720 X36.45 Y61.55 E1118.54344
G1 X36.45 Y58.45 E1118.67769
G1 X39.365 Y58.45 E1118.80392
G1 X39.365 Y61.038 E1118.916
G0 F1920 X39.365 Y61.55
M204 S2000
M205 X30 Y30
G0 F3600 X39.865 Y62.05
M204 S500
M205 X10 Y10
G1 F2400 X35.95 Y62.05 E1119.08554
G1 X35.95 Y57.95 E1119.26309
G1 X39.865 Y57.95 E1119.43264
G1 X39.865 Y61.538 E1119.58802
G0 F1920 X39.865 Y62.05
M204 S2000
M205 X30 Y30
G0 F3600 X40.365 Y62.55
M204 S500
M205 X10 Y10
;TYPE:WALL-OUTER
G1 F1200 X35.45 Y62.55 E1119.80087
G1 X35.45 Y57.45 E1120.02172
G1 X40.365 Y57.45 E1120.23457
G1 X40.365 Y62.038 E1120.43326
G0 F960 X40.365 Y62.55
M204 S2000
M205 X30 Y30
G0 F3600 X40.115 Y62.55
G0 X39.365 Y61.697
G1 F2700 E1116.43326
G0 F3600 X39.845 Y60.024
G0 X41.28 Y60.024
G0 X76.72 Y60.024
G0 X78.155 Y60.024
G0 X78.833 Y60.024
M204 S500
M205 X10 Y10
;TYPE:FILL
G1 F2700 E1120.43326
G1 F2400 X80.208 Y58.65 E1120.51744
G1 X80.42 Y58.438
M204 S2000
M205 X30 Y30
G0 F3600 X82.566 Y58.65
M204 S500
M205 X10 Y10
G1 F2400 X79.866 Y61.349 E1120.68277
G1 X79.654 Y61.561
M204 S2000
M205 X30 Y30
G0 F3600 X82.223 Y61.349
M204 S500
M205 X10 Y10
G1 F2400 X84.923 Y58.65 E1120.84809
G1 X85.135 Y58.438
M204 S2000
M205 X30 Y30
G0 F3600 X86.349 Y59.582
M204 S500
M205 X10 Y10
G1 F2400 X84.581 Y61.349 E1120.95634
G1 X84.369 Y61.561
M204 S2000
M205 X30 Y30
G0 F3600 X86.55 Y61.55
M204 S500
M205 X10 Y10
;TYPE:WALL-INNER
G1 F2400 X78.635 Y61.55 E1121.29911
G1 X78.635 Y58.45 E1121.43335
G1 X86.55 Y58.45 E1121.77612
G1 X86.55 Y61.038 E1121.88819
G0 F1920 X86.55 Y61.55
M204 S2000
M205 X30 Y30
G0 F3600 X87.05 Y62.05
M204 S500
M205 X10 Y10
G1 F2400 X78.135 Y62.05 E1122.27426
G1 X78.135 Y57.95 E1122.45182
G1 X87.05 Y57.95 E1122.83789
G1 X87.05 Y61.538 E1122.99327
G0 F1920 X87.05 Y62.05
M204 S2000
M205 X30 Y30
G0 F3600 X87.55 Y62.55
M204 S500
M205 X10 Y10
;TYPE:WALL-OUTER
G1 F1200 X77.635 Y62.55 E1123.42265
G1 X77.635 Y57.45 E1123.6435
G1 X87.55 Y57.45 E1124.07288
G1 X87.55 Y62.038 E1124.27157
G0 F960 X87.55 Y62.55
M204 S2000
M205 X30 Y30
G0 F3600 X87.3 Y62.55
G0 X86.55 Y61.697
G1 F2700 E1120.27157
;MESH:NONMESH
G0 F600 X86.55 Y61.697 Z28.8
G0 F3600 X78.155 Y58.649
G0 X76.72 Y58.649
G0 X41.28 Y58.649
G0 X39.845 Y58.649
G0 X37.432 Y58.649
;TIME_ELAPSED:1542.549318
;LAYER:114
M204 S500
M205 X10 Y10
;TYPE:FILL
;MESH:temperaturetowerv2.stl
G1 F2700 E1124.27157
G1 F2400 X39.297 Y60.514 E1124.38579
G1 X39.509 Y60.726
M204 S2000
M205 X30 Y30
G0 F3600 X37.774 Y61.349
M204 S500
M205 X10 Y10
G1 F2400 X36.65 Y60.224 E1124.45466
G1 X36.438 Y60.012
M204 S2000
M205 X30 Y30
G0 F3600 X39.497 Y61.55
M204 S500
M205 X10 Y10
;TYPE:WALL-INNER
G1 F720 X36.45 Y61.55 E1124.58661
G1 X36.45 Y58.45 E1124.72086
G1 X39.497 Y58.45 E1124.85281
G1 X39.497 Y61.038 E1124.96488
G0 F1920 X39.497 Y61.55
M204 S2000
M205 X30 Y30
G0 F3600 X39.997 Y62.05
M204 S500
M205 X10 Y10
G1 F2400 X35.95 Y62.05 E1125.14014
G1 X35.95 Y57.95 E1125.3177
G1 X39.997 Y57.95 E1125.49295
G1 X39.997 Y61.538 E1125.64833
G0 F1920 X39.997 Y62.05
M204 S2000
M205 X30 Y30
G0 F3600 X40.497 Y62.55
M204 S500
M205 X10 Y10
;TYPE:WALL-OUTER
G1 F1200 X35.45 Y62.55 E1125.8669
G1 X35.45 Y57.45 E1126.08776
G1 X40.497 Y57.45 E1126.30632
G1 X40.497 Y62.038 E1126.50501
G0 F960 X40.497 Y62.55
M204 S2000
M205 X30 Y30
G0 F3600 X40.247 Y62.55
G0 X39.497 Y61.697
G1 F2700 E1122.50501
G0 F3600 X39.977 Y59.842
G0 X41.412 Y59.842
G0 X76.588 Y59.842
G0 X78.023 Y59.842
G0 X78.702 Y59.842
M204 S500
M205 X10 Y10
;TYPE:FILL
G1 F2700 E1126.50501
G1 F2400 X80.209 Y61.349 E1126.5973
G1 X80.421 Y61.561
M204 S2000
M205 X30 Y30
G0 F3600 X82.567 Y61.349
M204 S500
M205 X10 Y10
G1 F2400 X79.867 Y58.65 E1126.76263
G1 X79.655 Y58.438
M204 S2000
M205 X30 Y30
G0 F3600 X82.225 Y58.65
M204 S500
M205 X10 Y10
G1 F2400 X84.924 Y61.349 E1126.92793
G1 X85.136 Y61.561
M204 S2000
M205 X30 Y30
G0 F3600 X86.349 Y60.416
M204 S500
M205 X10 Y10
G1 F2400 X84.582 Y58.65 E1127.03611
G1 X84.37 Y58.438
M204 S2000
M205 X30 Y30
G0 F3600 X86.55 Y61.55
M204 S500
M205 X10 Y10
;TYPE:WALL-INNER
G1 F2400 X78.503 Y61.55 E1127.38459
G1 X78.503 Y58.45 E1127.51884
G1 X86.55 Y58.45 E1127.86732
G1 X86.55 Y61.038 E1127.9794
G0 F1920 X86.55 Y61.55
M204 S2000
M205 X30 Y30
G0 F3600 X87.05 Y62.05
M204 S500
M205 X10 Y10
G1 F2400 X78.003 Y62.05 E1128.37119
G1 X78.003 Y57.95 E1128.54874
G1 X87.05 Y57.95 E1128.94053
G1 X87.05 Y61.538 E1129.09591
G0 F1920 X87.05 Y62.05
M204 S2000
M205 X30 Y30
G0 F3600 X87.55 Y62.55
M204 S500
M205 X10 Y10
;TYPE:WALL-OUTER
G1 F1200 X77.503 Y62.55 E1129.531
G1 X77.503 Y57.45 E1129.75186
G1 X87.55 Y57.45 E1130.18695
G1 X87.55 Y62.038 E1130.38564
G0 F960 X87.55 Y62.55
M204 S2000
M205 X30 Y30
G0 F3600 X87.3 Y62.55
G0 X86.55 Y61.697
G1 F2700 E1126.38564
;MESH:NONMESH
G0 F600 X86.55 Y61.697 Z29.05
G0 F3600 X78.023 Y58.649
G0 X76.588 Y58.649
G0 X41.412 Y58.649
G0 X39.977 Y58.649
G0 X37.774 Y58.649
;TIME_ELAPSED:1551.891858
;LAYER:115
M204 S500
M205 X10 Y10
;TYPE:FILL
;MESH:temperaturetowerv2.stl
G1 F2700 E1130.38564
G1 F2400 X36.65 Y59.773 E1130.45448
G1 X36.438 Y59.985
M204 S2000
M205 X30 Y30
G0 F3600 X37.432 Y61.349
M204 S500
M205 X10 Y10
G1 F2400 X39.44 Y59.341 E1130.57745
G1 X39.652 Y59.129
M204 S2000
M205 X30 Y30
G0 F3600 X39.64 Y61.55
M204 S500
M205 X10 Y10
;TYPE:WALL-INNER
G1 F720 X36.45 Y61.55 E1130.7156
G1 X36.45 Y58.45 E1130.84985
G1 X39.64 Y58.45 E1130.98799
G1 X39.64 Y61.038 E1131.10007
G0 F1920 X39.64 Y61.55
M204 S2000
M205 X30 Y30
G0 F3600 X40.14 Y62.05
M204 S500
M205 X10 Y10
G1 F2400 X35.95 Y62.05 E1131.28152
G1 X35.95 Y57.95 E1131.45907
G1 X40.14 Y57.95 E1131.64052
G1 X40.14 Y61.538 E1131.7959
G0 F1920 X40.14 Y62.05
M204 S2000
M205 X30 Y30
G0 F3600 X40.64 Y62.55
M204 S500
M205 X10 Y10
;TYPE:WALL-OUTER
G1 F1200 X35.45 Y62.55 E1132.02066
G1 X35.45 Y57.45 E1132.24152
G1 X40.64 Y57.45 E1132.46628
G1 X40.64 Y62.038 E1132.66496
G0 F960 X40.64 Y62.55
M204 S2000
M205 X30 Y30
G0 F3600 X40.39 Y62.55
G0 X39.64 Y61.697
G1 F2700 E1128.66496
G0 F3600 X40.12 Y60.299
G0 X41.555 Y60.299
G0 X76.445 Y60.299
G0 X77.88 Y60.299
G0 X78.559 Y60.299
M204 S500
M205 X10 Y10
;TYPE:FILL
G1 F2700 E1132.66496
G1 F2400 X80.208 Y58.65 E1132.76595
G1 X80.42 Y58.438
M204 S2000
M205 X30 Y30
G0 F3600 X82.566 Y58.65
M204 S500
M205 X10 Y10
G1 F2400 X79.866 Y61.349 E1132.93128
G1 X79.654 Y61.561
M204 S2000
M205 X30 Y30
G0 F3600 X82.223 Y61.349
M204 S500
M205 X10 Y10
G1 F2400 X84.923 Y58.65 E1133.09661
G1 X85.135 Y58.438
M204 S2000
M205 X30 Y30
G0 F3600 X86.349 Y59.582
M204 S500
M205 X10 Y10
G1 F2400 X84.581 Y61.349 E1133.20486
G1 X84.369 Y61.561
M204 S2000
M205 X30 Y30
G0 F3600 X86.55 Y61.55
M204 S500
M205 X10 Y10
;TYPE:WALL-INNER
G1 F2400 X78.36 Y61.55 E1133.55953
G1 X78.36 Y58.45 E1133.69378
G1 X86.55 Y58.45 E1134.04845
G1 X86.55 Y61.038 E1134.16053
G0 F1920 X86.55 Y61.55
M204 S2000
M205 X30 Y30
G0 F3600 X87.05 Y62.05
M204 S500
M205 X10 Y10
G1 F2400 X77.86 Y62.05 E1134.55851
G1 X77.86 Y57.95 E1134.73606
G1 X87.05 Y57.95 E1135.13404
G1 X87.05 Y61.538 E1135.28942
G0 F1920 X87.05 Y62.05
M204 S2000
M205 X30 Y30
G0 F3600 X87.55 Y62.55
M204 S500
M205 X10 Y10
;TYPE:WALL-OUTER
G1 F1200 X77.36 Y62.55 E1135.73071
G1 X77.36 Y57.45 E1135.95156
G1 X87.55 Y57.45 E1136.39285
G1 X87.55 Y62.038 E1136.59154
G0 F960 X87.55 Y62.55
M204 S2000
M205 X30 Y30
G0 F3600 X87.3 Y62.55
G0 X86.55 Y61.697
G1 F2700 E1132.59154
;MESH:NONMESH
G0 F600 X86.55 Y61.697 Z29.3
G0 F3600 X77.88 Y58.649
G0 X76.445 Y58.649
G0 X41.555 Y58.649
G0 X40.12 Y58.649
G0 X37.432 Y58.649
;TIME_ELAPSED:1561.260805
;LAYER:116
M204 S500
M205 X10 Y10
;TYPE:FILL
;MESH:temperaturetowerv2.stl
G1 F2700 E1136.59154
G1 F2400 X39.595 Y60.813 E1136.72404
G1 X39.807 Y61.025
M204 S2000
M205 X30 Y30
G0 F3600 X37.774 Y61.349
M204 S500
M205 X10 Y10
G1 F2400 X36.65 Y60.224 E1136.79291
G1 X36.438 Y60.012
M204 S2000
M205 X30 Y30
G0 F3600 X39.796 Y61.55
M204 S500
M205 X10 Y10
;TYPE:WALL-INNER
G1 F720 X36.45 Y61.55 E1136.93781
G1 X36.45 Y58.45 E1137.07205
G1 X39.796 Y58.45 E1137.21696
G1 X39.796 Y61.038 E1137.32903
G0 F1920 X39.796 Y61.55
M204 S2000
M205 X30 Y30
G0 F3600 X40.296 Y62.05
M204 S500
M205 X10 Y10
G1 F2400 X35.95 Y62.05 E1137.51724
G1 X35.95 Y57.95 E1137.69479
G1 X40.296 Y57.95 E1137.883
G1 X40.296 Y61.538 E1138.03838
G0 F1920 X40.296 Y62.05
M204 S2000
M205 X30 Y30
G0 F3600 X40.796 Y62.55
M204 S500
M205 X10 Y10
;TYPE:WALL-OUTER
G1 F1200 X35.45 Y62.55 E1138.26989
G1 X35.45 Y57.45 E1138.49075
G1 X40.796 Y57.45 E1138.72226
G1 X40.796 Y62.038 E1138.92095
G0 F960 X40.796 Y62.55
M204 S2000
M205 X30 Y30
G0 F3600 X40.546 Y62.55
G0 X39.796 Y61.697
G1 F2700 E1134.92095
G0 F3600 X40.276 Y59.543
G0 X41.711 Y59.543
G0 X76.289 Y59.543
G0 X77.724 Y59.543
G0 X78.403 Y59.543
M204 S500
M205 X10 Y10
;TYPE:FILL
G1 F2700 E1138.92095
G1 F2400 X80.209 Y61.349 E1139.03156
G1 X80.421 Y61.561
M204 S2000
M205 X30 Y30
G0 F3600 X82.567 Y61.349
M204 S500
M205 X10 Y10
G1 F2400 X79.867 Y58.65 E1139.19688
G1 X79.655 Y58.438
M204 S2000
M205 X30 Y30
G0 F3600 X82.225 Y58.65
M204 S500
M205 X10 Y10
G1 F2400 X84.924 Y61.349 E1139.36218
G1 X85.136 Y61.561
M204 S2000
M205 X30 Y30
G0 F3600 X86.349 Y60.416
M204 S500
M205 X10 Y10
G1 F2400 X84.582 Y58.65 E1139.47037
G1 X84.37 Y58.438
M204 S2000
M205 X30 Y30
G0 F3600 X86.55 Y61.55
M204 S500
M205 X10 Y10
;TYPE:WALL-INNER
G1 F2400 X78.204 Y61.55 E1139.8318
G1 X78.204 Y58.45 E1139.96604
G1 X86.55 Y58.45 E1140.32747
G1 X86.55 Y61.038 E1140.43955
G0 F1920 X86.55 Y61.55
M204 S2000
M205 X30 Y30
G0 F3600 X87.05 Y62.05
M204 S500
M205 X10 Y10
G1 F2400 X77.704 Y62.05 E1140.84428
G1 X77.704 Y57.95 E1141.02184
G1 X87.05 Y57.95 E1141.42657
G1 X87.05 Y61.538 E1141.58195
G0 F1920 X87.05 Y62.05
M204 S2000
M205 X30 Y30
G0 F3600 X87.55 Y62.55
M204 S500
M205 X10 Y10
;TYPE:WALL-OUTER
G1 F1200 X77.204 Y62.55 E1142.02999
G1 X77.204 Y57.45 E1142.25085
G1 X87.55 Y57.45 E1142.69889
G1 X87.55 Y62.038 E1142.89758
G0 F960 X87.55 Y62.55
M204 S2000
M205 X30 Y30
G0 F3600 X87.3 Y62.55
G0 X86.55 Y61.697
G1 F2700 E1138.89758
;MESH:NONMESH
G0 F600 X86.55 Y61.697 Z29.55
G0 F3600 X77.724 Y58.649
G0 X76.289 Y58.649
G0 X41.711 Y58.649
G0 X40.276 Y58.649
G0 X37.774 Y58.649
;TIME_ELAPSED:1570.781109
;LAYER:117
M204 S500
M205 X10 Y10
;TYPE:FILL
;MESH:temperaturetowerv2.stl
G1 F2700 E1142.89758
G1 F2400 X36.65 Y59.773 E1142.96642
G1 X36.438 Y59.985
M204 S2000
M205 X30 Y30
G0 F3600 X37.432 Y61.349
M204 S500
M205 X10 Y10
G1 F2400 X39.766 Y59.014 E1143.10939
G1 X39.978 Y58.802
M204 S2000
M205 X30 Y30
G0 F3600 X39.967 Y61.55
M204 S500
M205 X10 Y10
;TYPE:WALL-INNER
G1 F720 X36.45 Y61.55 E1143.2617
G1 X36.45 Y58.45 E1143.39595
G1 X39.967 Y58.45 E1143.54825
G1 X39.967 Y61.038 E1143.66033
G0 F1920 X39.967 Y61.55
M204 S2000
M205 X30 Y30
G0 F3600 X40.467 Y62.05
M204 S500
M205 X10 Y10
G1 F2400 X35.95 Y62.05 E1143.85594
G1 X35.95 Y57.95 E1144.03349
G1 X40.467 Y57.95 E1144.22911
G1 X40.467 Y61.538 E1144.38449
G0 F1920 X40.467 Y62.05
M204 S2000
M205 X30 Y30
G0 F3600 X40.967 Y62.55
M204 S500
M205 X10 Y10
;TYPE:WALL-OUTER
G1 F1200 X35.45 Y62.55 E1144.6234
G1 X35.45 Y57.45 E1144.84426
G1 X40.967 Y57.45 E1145.08318
G1 X40.967 Y62.038 E1145.28187
G0 F960 X40.967 Y62.55
M204 S2000
M205 X30 Y30
G0 F3600 X40.717 Y62.55
G0 X39.967 Y61.697
G1 F2700 E1141.28187
G0 F3600 X40.447 Y60.625
G0 X41.882 Y60.625
G0 X76.118 Y60.625
G0 X77.553 Y60.625
G0 X78.232 Y60.625
M204 S500
M205 X10 Y10
;TYPE:FILL
G1 F2700 E1145.28187
G1 F2400 X80.209 Y58.649 E1145.40292
G1 X80.421 Y58.437
M204 S2000
M205 X30 Y30
G0 F3600 X82.566 Y58.649
M204 S500
M205 X10 Y10
G1 F2400 X79.866 Y61.349 E1145.56827
G1 X79.654 Y61.561
M204 S2000
M205 X30 Y30
G0 F3600 X82.223 Y61.349
M204 S500
M205 X10 Y10
G1 F2400 X84.924 Y58.649 E1145.73366
G1 X85.136 Y58.437
M204 S2000
M205 X30 Y30
G0 F3600 X86.349 Y59.582
M204 S500
M205 X10 Y10
G1 F2400 X84.581 Y61.349 E1145.84191
G1 X84.369 Y61.561
M204 S2000
M205 X30 Y30
G0 F3600 X86.55 Y61.55
M204 S500
M205 X10 Y10
;TYPE:WALL-INNER
G1 F2400 X78.033 Y61.55 E1146.21074
G1 X78.033 Y58.45 E1146.34499
G1 X86.55 Y58.45 E1146.71383
G1 X86.55 Y61.038 E1146.8259
G0 F1920 X86.55 Y61.55
M204 S2000
M205 X30 Y30
G0 F3600 X87.05 Y62.05
M204 S500
M205 X10 Y10
G1 F2400 X77.533 Y62.05 E1147.23804
G1 X77.533 Y57.95 E1147.4156
G1 X87.05 Y57.95 E1147.82774
G1 X87.05 Y61.538 E1147.98312
G0 F1920 X87.05 Y62.05
M204 S2000
M205 X30 Y30
G0 F3600 X87.55 Y62.55
M204 S500
M205 X10 Y10
;TYPE:WALL-OUTER
G1 F1200 X77.033 Y62.55 E1148.43856
G1 X77.033 Y57.45 E1148.65942
G1 X87.55 Y57.45 E1149.11487
G1 X87.55 Y62.038 E1149.31356
G0 F960 X87.55 Y62.55
M204 S2000
M205 X30 Y30
G0 F3600 X87.3 Y62.55
G0 X86.55 Y61.697
G1 F2700 E1145.31356
;MESH:NONMESH
G0 F600 X86.55 Y61.697 Z29.8
G0 F3600 X77.553 Y58.649
G0 X76.118 Y58.649
G0 X41.882 Y58.649
G0 X40.447 Y58.649
G0 X37.432 Y58.649
;TIME_ELAPSED:1580.329952
;LAYER:118
M204 S500
M205 X10 Y10
;TYPE:FILL
;MESH:temperaturetowerv2.stl
G1 F2700 E1149.31356
G1 F2400 X39.953 Y61.171 E1149.46798
G1 X40.165 Y61.383
M204 S2000
M205 X30 Y30
G0 F3600 X37.774 Y61.349
M204 S500
M205 X10 Y10
G1 F2400 X36.65 Y60.224 E1149.53685
M204 S2000
M205 X30 Y30
G0 F3600 X36.572 Y60.147
M204 S500
M205 X10 Y10
G1 F2400 X36.398 Y59.973 E1149.54751
M204 S2000
M205 X30 Y30
G0 F3600 X39.789 Y58.649
M204 S500
M205 X10 Y10
G1 F2400 X39.953 Y58.813 E1149.55755
M204 S2000
M205 X30 Y30
G0 F3600 X36.45 Y59.697
M204 S500
M205 X10 Y10
;TYPE:WALL-INNER
G1 F720 X36.45 Y58.45 E1149.61155
G1 X40.154 Y58.45 E1149.77196
G1 X40.154 Y61.55 E1149.90621
G1 X36.45 Y61.55 E1150.06661
G1 X36.45 Y60.308 E1150.1204
G1 X36.199 Y60.163 E1150.13295
G1 X36.199 Y60.064 E1150.13724
G0 F1920 X36.199 Y59.841
G0 X36.45 Y59.697
M204 S2000
M205 X30 Y30
G0 F3600 X35.95 Y59.407
M204 S500
M205 X10 Y10
G1 F2400 X35.95 Y57.95 E1150.20033
G1 X40.654 Y57.95 E1150.40404
G1 X40.654 Y62.05 E1150.5816
G1 X35.95 Y62.05 E1150.78531
G1 X35.95 Y60.597 E1150.84823
G1 X35.699 Y60.452 E1150.86078
G1 X35.699 Y59.774 E1150.89014
G0 F1920 X35.699 Y59.551
G0 X35.95 Y59.407
M204 S2000
M205 X30 Y30
G0 F3600 X35.45 Y59.117
M204 S500
M205 X10 Y10
;TYPE:WALL-OUTER
G1 F1200 X35.45 Y57.45 E1150.96233
G1 X41.154 Y57.45 E1151.20935
G1 X41.154 Y62.55 E1151.43021
G1 X35.45 Y62.55 E1151.67723
G1 X35.45 Y60.886 E1151.74929
G1 X35.199 Y60.741 E1151.76184
G1 X35.199 Y59.484 E1151.81628
G0 F960 X35.199 Y59.261
G0 X35.45 Y59.117
M204 S2000
M205 X30 Y30
G0 F3600 X35.45 Y58.867
G0 X36.45 Y58.867
G1 F2700 E1147.81628
G0 F3600 X40.634 Y59.184
G0 X42.069 Y59.184
G0 X75.931 Y59.184
G0 X77.366 Y59.184
G0 X78.044 Y59.184
M204 S500
M205 X10 Y10
;TYPE:FILL
G1 F2700 E1151.81628
G1 F2400 X80.209 Y61.349 E1151.94887
G1 X80.421 Y61.561
M204 S2000
M205 X30 Y30
G0 F3600 X82.567 Y61.349
M204 S500
M205 X10 Y10
G1 F2400 X79.867 Y58.65 E1152.11419
G1 X79.655 Y58.438
M204 S2000
M205 X30 Y30
G0 F3600 X82.225 Y58.65
M204 S500
M205 X10 Y10
G1 F2400 X84.924 Y61.349 E1152.27949
G1 X85.136 Y61.561
M204 S2000
M205 X30 Y30
G0 F3600 X86.349 Y60.416
M204 S500
M205 X10 Y10
G1 F2400 X84.582 Y58.65 E1152.38768
G1 X84.37 Y58.438
M204 S2000
M205 X30 Y30
G0 F3600 X86.55 Y61.55
M204 S500
M205 X10 Y10
;TYPE:WALL-INNER
G1 F2400 X77.846 Y61.55 E1152.76461
G1 X77.846 Y58.45 E1152.89886
G1 X86.55 Y58.45 E1153.27579
G1 X86.55 Y61.038 E1153.38787
G0 F1920 X86.55 Y61.55
M204 S2000
M205 X30 Y30
G0 F3600 X87.05 Y62.05
M204 S500
M205 X10 Y10
G1 F2400 X77.346 Y62.05 E1153.80811
G1 X77.346 Y57.95 E1153.98566
G1 X87.05 Y57.95 E1154.4059
G1 X87.05 Y61.538 E1154.56128
G0 F1920 X87.05 Y62.05
M204 S2000
M205 X30 Y30
G0 F3600 X87.55 Y62.55
M204 S500
M205 X10 Y10
;TYPE:WALL-OUTER
G1 F1200 X76.846 Y62.55 E1155.02482
G1 X76.846 Y57.45 E1155.24568
G1 X87.55 Y57.45 E1155.70923
G1 X87.55 Y62.038 E1155.90791
G0 F960 X87.55 Y62.55
M204 S2000
M205 X30 Y30
G0 F3600 X87.3 Y62.55
G0 X86.55 Y61.697
G1 F2700 E1151.90791
;MESH:NONMESH
G0 F600 X86.55 Y61.697 Z30.05
G0 F3600 X77.366 Y58.648
G0 X75.931 Y58.648
G0 X42.069 Y58.648
G0 X40.634 Y58.648
G0 X37.775 Y58.648
;TIME_ELAPSED:1590.377592
;LAYER:119
M204 S500
M205 X10 Y10
;TYPE:FILL
;MESH:temperaturetowerv2.stl
G1 F2700 E1155.90791
G1 F2400 X36.256 Y60.167 E1156.00094
G1 X36.044 Y60.379
M204 S2000
M205 X30 Y30
G0 F3600 X37.432 Y61.349
M204 S500
M205 X10 Y10
G1 F2400 X40.132 Y58.648 E1156.16633
G1 X40.344 Y58.436
M204 S2000
M205 X30 Y30
G0 F3600 X40.157 Y60.981
M204 S500
M205 X10 Y10
G1 F2400 X39.789 Y61.349 E1156.18887
M204 S2000
M205 X30 Y30
G0 F3600 X36.45 Y59.492
M204 S500
M205 X10 Y10
;TYPE:WALL-INNER
G1 F720 X36.45 Y58.45 E1156.23399
G1 X40.358 Y58.45 E1156.40323
G1 X40.358 Y61.55 E1156.53748
G1 X36.45 Y61.55 E1156.70672
G1 X36.45 Y60.511 E1156.75171
G1 X35.842 Y60.161 E1156.78209
G1 X35.842 Y59.841 E1156.79595
G1 X36.006 Y59.746 E1156.80416
G0 F1920 X36.45 Y59.492
M204 S2000
M205 X30 Y30
G0 F3600 X35.95 Y59.202
M204 S500
M205 X10 Y10
G1 F2400 X35.95 Y57.95 E1156.85838
G1 X40.858 Y57.95 E1157.07092
G1 X40.858 Y62.05 E1157.24848
G1 X35.95 Y62.05 E1157.46102
G1 X35.95 Y60.8 E1157.51515
G1 X35.342 Y60.45 E1157.54553
G1 X35.342 Y59.551 E1157.58447
G1 X35.506 Y59.456 E1157.59267
G0 F1920 X35.95 Y59.202
M204 S2000
M205 X30 Y30
G0 F3600 X35.45 Y58.912
M204 S500
M205 X10 Y10
;TYPE:WALL-OUTER
G1 F1200 X35.45 Y57.45 E1157.65599
G1 X41.358 Y57.45 E1157.91184
G1 X41.358 Y62.55 E1158.1327
G1 X35.45 Y62.55 E1158.38855
G1 X35.45 Y61.089 E1158.45182
G1 X34.842 Y60.739 E1158.4822
G1 X34.842 Y59.261 E1158.5462
G1 X35.006 Y59.166 E1158.55441
G0 F960 X35.45 Y58.912
M204 S2000
M205 X30 Y30
G0 F3600 X35.45 Y58.662
G0 X36.45 Y58.662
G1 F2700 E1154.55441
G0 F3600 X40.838 Y61.016
G0 X42.273 Y61.016
G0 X75.728 Y61.016
G0 X77.163 Y61.016
G0 X77.842 Y61.016
M204 S500
M205 X10 Y10
;TYPE:FILL
G1 F2700 E1158.55441
G1 F2400 X80.208 Y58.65 E1158.69931
G1 X80.42 Y58.438
M204 S2000
M205 X30 Y30
G0 F3600 X82.566 Y58.65
M204 S500
M205 X10 Y10
G1 F2400 X79.866 Y61.349 E1158.86464
G1 X79.654 Y61.561
M204 S2000
M205 X30 Y30
G0 F3600 X82.223 Y61.349
M204 S500
M205 X10 Y10
G1 F2400 X84.923 Y58.65 E1159.02997
G1 X85.135 Y58.438
M204 S2000
M205 X30 Y30
G0 F3600 X86.349 Y59.582
M204 S500
M205 X10 Y10
G1 F2400 X84.581 Y61.349 E1159.13822
G1 X84.369 Y61.561
M204 S2000
M205 X30 Y30
G0 F3600 X86.55 Y61.55
M204 S500
M205 X10 Y10
;TYPE:WALL-INNER
G1 F2400 X77.643 Y61.55 E1159.52394
G1 X77.643 Y58.45 E1159.65819
G1 X86.55 Y58.45 E1160.04391
G1 X86.55 Y61.038 E1160.15599
G0 F1920 X86.55 Y61.55
M204 S2000
M205 X30 Y30
G0 F3600 X87.05 Y62.05
M204 S500
M205 X10 Y10
G1 F2400 X77.143 Y62.05 E1160.58502
G1 X77.143 Y57.95 E1160.76257
G1 X87.05 Y57.95 E1161.1916
G1 X87.05 Y61.538 E1161.34698
G0 F1920 X87.05 Y62.05
M204 S2000
M205 X30 Y30
G0 F3600 X87.55 Y62.55
M204 S500
M205 X10 Y10
;TYPE:WALL-OUTER
G1 F1200 X76.643 Y62.55 E1161.81932
G1 X76.643 Y57.45 E1162.04018
G1 X87.55 Y57.45 E1162.51251
G1 X87.55 Y62.038 E1162.7112
G0 F960 X87.55 Y62.55
M204 S2000
M205 X30 Y30
G0 F3600 X87.3 Y62.55
G0 X86.55 Y61.697
G1 F2700 E1158.7112
;MESH:NONMESH
G0 F600 X86.55 Y61.697 Z30.3
G0 F3600 X77.163 Y58.649
G0 X75.728 Y58.649
G0 X42.273 Y58.649
G0 X40.838 Y58.649
G0 X37.432 Y58.649
;TIME_ELAPSED:1600.601560
;LAYER:120
M204 S500
M205 X10 Y10
;TYPE:FILL
;MESH:temperaturetowerv2.stl
G1 F2700 E1162.7112
G1 F2400 X40.131 Y61.349 E1162.87653
G1 X40.343 Y61.561
M204 S2000
M205 X30 Y30
G0 F3600 X40.379 Y59.239
M204 S500
M205 X10 Y10
G1 F2400 X39.789 Y58.649 E1162.91266
M204 S2000
M205 X30 Y30
G0 F3600 X37.774 Y61.349
M204 S500
M205 X10 Y10
G1 F2400 X36.128 Y59.703 E1163.01347
G1 X35.916 Y59.491
M204 S2000
M205 X30 Y30
G0 F3600 X36.45 Y59.288
M204 S500
M205 X10 Y10
;TYPE:WALL-INNER
G1 F720 X36.45 Y58.45 E1163.04976
G1 X40.579 Y58.45 E1163.22857
G1 X40.579 Y61.55 E1163.36281
G1 X36.45 Y61.55 E1163.54162
G1 X36.45 Y60.715 E1163.57778
G1 X35.485 Y60.16 E1163.62599
G1 X35.485 Y59.841 E1163.63981
G1 X36.006 Y59.542 E1163.66582
G0 F1920 X36.45 Y59.288
M204 S2000
M205 X30 Y30
G0 F3600 X35.95 Y58.998
M204 S500
M205 X10 Y10
G1 F2400 X35.95 Y57.95 E1163.7112
G1 X41.079 Y57.95 E1163.93332
G1 X41.079 Y62.05 E1164.11087
G1 X35.95 Y62.05 E1164.33299
G1 X35.95 Y61.004 E1164.37829
G1 X34.985 Y60.449 E1164.42649
G1 X34.985 Y59.551 E1164.46538
G1 X35.506 Y59.252 E1164.4914
G0 F1920 X35.95 Y58.998
M204 S2000
M205 X30 Y30
G0 F3600 X35.45 Y58.708
M204 S500
M205 X10 Y10
;TYPE:WALL-OUTER
G1 F1200 X35.45 Y57.45 E1164.54588
G1 X41.579 Y57.45 E1164.8113
G1 X41.579 Y62.55 E1165.03216
G1 X35.45 Y62.55 E1165.29758
G1 X35.45 Y61.293 E1165.35201
G1 X34.485 Y60.739 E1165.4002
G1 X34.485 Y59.261 E1165.4642
G1 X35.006 Y58.962 E1165.49022
G0 F960 X35.45 Y58.708
M204 S2000
M205 X30 Y30
G0 F3600 X35.45 Y58.458
G0 X36.45 Y58.458
G1 F2700 E1161.49022
G0 F3600 X41.059 Y58.76
G0 X42.494 Y58.76
G0 X75.506 Y58.76
G0 X76.941 Y58.76
G0 X77.62 Y58.76
M204 S500
M205 X10 Y10
;TYPE:FILL
G1 F2700 E1165.49022
G1 F2400 X80.209 Y61.349 E1165.64878
G1 X80.421 Y61.561
M204 S2000
M205 X30 Y30
G0 F3600 X77.852 Y61.349
M204 S500
M205 X10 Y10
G1 F2400 X77.62 Y61.118 E1165.66296
M204 S2000
M205 X30 Y30
G0 F3600 X79.867 Y58.65
M204 S500
M205 X10 Y10
G1 F2400 X82.567 Y61.349 E1165.82828
G1 X82.779 Y61.561
M204 S2000
M205 X30 Y30
G0 F3600 X84.924 Y61.349
M204 S500
M205 X10 Y10
G1 F2400 X82.225 Y58.65 E1165.99358
G1 X82.013 Y58.438
M204 S2000
M205 X30 Y30
G0 F3600 X84.582 Y58.65
M204 S500
M205 X10 Y10
G1 F2400 X86.349 Y60.416 E1166.10177
G1 X86.561 Y60.628
M204 S2000
M205 X30 Y30
G0 F3600 X86.55 Y61.55
M204 S500
M205 X10 Y10
;TYPE:WALL-INNER
G1 F2400 X77.421 Y61.55 E1166.4971
G1 X77.421 Y58.45 E1166.63135
G1 X86.55 Y58.45 E1167.02669
G1 X86.55 Y61.038 E1167.13877
G0 F1920 X86.55 Y61.55
M204 S2000
M205 X30 Y30
G0 F3600 X87.05 Y62.05
M204 S500
M205 X10 Y10
G1 F2400 X76.921 Y62.05 E1167.57741
G1 X76.921 Y57.95 E1167.75496
G1 X87.05 Y57.95 E1168.19361
G1 X87.05 Y61.538 E1168.34899
G0 F1920 X87.05 Y62.05
M204 S2000
M205 X30 Y30
G0 F3600 X87.55 Y62.55
M204 S500
M205 X10 Y10
;TYPE:WALL-OUTER
G1 F1200 X76.421 Y62.55 E1168.83094
G1 X76.421 Y57.45 E1169.0518
G1 X87.55 Y57.45 E1169.53375
G1 X87.55 Y62.038 E1169.73243
G0 F960 X87.55 Y62.55
M204 S2000
M205 X30 Y30
G0 F3600 X87.3 Y62.55
G0 X86.55 Y61.697
G1 F2700 E1165.73243
;MESH:NONMESH
G0 F600 X86.55 Y61.697 Z30.55
G0 F3600 X76.941 Y58.649
G0 X75.506 Y58.649
G0 X42.494 Y58.649
G0 X41.059 Y58.649
G0 X37.774 Y58.649
;TIME_ELAPSED:1611.064796
;LAYER:121
M204 S500
M205 X10 Y10
;TYPE:FILL
;MESH:temperaturetowerv2.stl
G1 F2700 E1169.73243
G1 F2400 X35.995 Y60.427 E1169.84135
G1 X35.783 Y60.639
M204 S2000
M205 X30 Y30
G0 F3600 X37.432 Y61.349
M204 S500
M205 X10 Y10
G1 F2400 X40.131 Y58.649 E1170.00668
G1 X40.343 Y58.437
M204 S2000
M205 X30 Y30
G0 F3600 X40.621 Y60.517
M204 S500
M205 X10 Y10
G1 F2400 X39.789 Y61.349 E1170.05764
G1 X39.577 Y61.561
M204 S2000
M205 X30 Y30
G0 F3600 X36.45 Y59.083
M204 S500
M205 X10 Y10
;TYPE:WALL-INNER
G1 F2400 X36.45 Y58.45 E1170.08505
G1 X40.821 Y58.45 E1170.27434
G1 X40.821 Y61.55 E1170.40859
G1 X36.45 Y61.55 E1170.59787
G1 X36.45 Y60.92 E1170.62516
G1 X35.128 Y60.16 E1170.69119
G1 X35.128 Y59.841 E1170.70501
G1 X36.006 Y59.337 E1170.74885
G0 F1920 X36.45 Y59.083
M204 S2000
M205 X30 Y30
G0 F3600 X35.95 Y58.793
M204 S500
M205 X10 Y10
G1 F2400 X35.95 Y57.95 E1170.78536
G1 X41.321 Y57.95 E1171.01795
G1 X41.321 Y62.05 E1171.1955
G1 X35.95 Y62.05 E1171.4281
G1 X35.95 Y61.209 E1171.46452
G1 X34.628 Y60.449 E1171.53056
G1 X34.628 Y59.551 E1171.56945
G1 X35.506 Y59.047 E1171.61329
G0 F1920 X35.95 Y58.793
M204 S2000
M205 X30 Y30
G0 F3600 X35.45 Y58.503
M204 S500
M205 X10 Y10
;TYPE:WALL-OUTER
G1 F1200 X35.45 Y57.45 E1171.65889
G1 X41.821 Y57.45 E1171.93479
G1 X41.821 Y62.55 E1172.15565
G1 X35.45 Y62.55 E1172.43155
G1 X35.45 Y61.498 E1172.47711
G1 X34.128 Y60.739 E1172.54312
G1 X34.128 Y59.261 E1172.60713
G1 X35.006 Y58.757 E1172.65097
G0 F960 X35.45 Y58.503
M204 S2000
M205 X30 Y30
G0 F3600 X35.45 Y58.253
G0 X36.45 Y58.45
G1 F2700 E1168.65097
G0 F3600 X41.301 Y59.122
G0 X42.736 Y59.122
G0 X75.264 Y59.122
G0 X76.699 Y59.122
G0 X77.378 Y59.122
M204 S500
M205 X10 Y10
;TYPE:FILL
G1 F2700 E1172.65097
G1 F2400 X77.851 Y58.65 E1172.67991
M204 S2000
M205 X30 Y30
G0 F3600 X80.208 Y58.65
M204 S500
M205 X10 Y10
G1 F2400 X77.508 Y61.349 E1172.84523
G1 X77.296 Y61.561
M204 S2000
M205 X30 Y30
G0 F3600 X79.866 Y61.349
M204 S500
M205 X10 Y10
G1 F2400 X82.566 Y58.65 E1173.01056
G1 X82.778 Y58.438
M204 S2000
M205 X30 Y30
G0 F3600 X84.923 Y58.65
M204 S500
M205 X10 Y10
G1 F2400 X82.223 Y61.349 E1173.17589
G1 X82.011 Y61.561
M204 S2000
M205 X30 Y30
G0 F3600 X84.581 Y61.349
M204 S500
M205 X10 Y10
G1 F2400 X86.349 Y59.582 E1173.28414
G1 X86.561 Y59.37
M204 S2000
M205 X30 Y30
G0 F3600 X86.55 Y61.55
M204 S500
M205 X10 Y10
;TYPE:WALL-INNER
G1 F2400 X77.179 Y61.55 E1173.68995
G1 X77.179 Y58.45 E1173.8242
G1 X86.55 Y58.45 E1174.23002
G1 X86.55 Y61.038 E1174.34209
G0 F1920 X86.55 Y61.55
M204 S2000
M205 X30 Y30
G0 F3600 X87.05 Y62.05
M204 S500
M205 X10 Y10
G1 F2400 X76.679 Y62.05 E1174.79122
G1 X76.679 Y57.95 E1174.96877
G1 X87.05 Y57.95 E1175.4179
G1 X87.05 Y61.538 E1175.57328
G0 F1920 X87.05 Y62.05
M204 S2000
M205 X30 Y30
G0 F3600 X87.55 Y62.55
M204 S500
M205 X10 Y10
;TYPE:WALL-OUTER
G1 F1200 X76.179 Y62.55 E1176.06571
G1 X76.179 Y57.45 E1176.28656
G1 X87.55 Y57.45 E1176.77899
G1 X87.55 Y62.038 E1176.97768
G0 F960 X87.55 Y62.55
M204 S2000
M205 X30 Y30
G0 F3600 X87.3 Y62.55
G0 X86.55 Y61.697
G1 F2700 E1172.97768
;MESH:NONMESH
G0 F600 X86.55 Y61.697 Z30.8
G0 F3600 X76.699 Y59.442
G0 X75.264 Y59.442
G0 X42.736 Y59.442
G0 X41.301 Y59.442
G0 X35.867 Y59.442
;TIME_ELAPSED:1621.167216
;LAYER:122
M204 S500
M205 X10 Y10
;TYPE:FILL
;MESH:temperaturetowerv2.stl
G1 F2700 E1176.97768
G1 F2400 X37.774 Y61.349 E1177.09447
G1 X37.986 Y61.561
M204 S2000
M205 X30 Y30
G0 F3600 X40.131 Y61.349
M204 S500
M205 X10 Y10
G1 F2400 X37.432 Y58.649 E1177.2598
G1 X37.22 Y58.437
M204 S2000
M205 X30 Y30
G0 F3600 X39.789 Y58.649
M204 S500
M205 X10 Y10
G1 F2400 X40.887 Y59.746 E1177.32701
G1 X41.099 Y59.958
M204 S2000
M205 X30 Y30
G0 F3600 X36.45 Y58.878
M204 S500
M205 X10 Y10
;TYPE:WALL-INNER
G1 F2400 X36.45 Y58.45 E1177.34555
G1 X41.087 Y58.45 E1177.54636
G1 X41.087 Y61.55 E1177.68061
G1 X36.45 Y61.55 E1177.88141
G1 X36.45 Y61.125 E1177.89982
G1 X34.771 Y60.159 E1177.98371
G1 X34.771 Y59.841 E1177.99748
G1 X36.006 Y59.132 E1178.05915
G0 F1920 X36.45 Y58.878
M204 S2000
M205 X30 Y30
G0 F3600 X35.95 Y58.588
M204 S500
M205 X10 Y10
G1 F2400 X35.95 Y57.95 E1178.08677
G1 X41.587 Y57.95 E1178.33089
G1 X41.587 Y62.05 E1178.50844
G1 X35.95 Y62.05 E1178.75256
G1 X35.95 Y61.414 E1178.7801
G1 X34.271 Y60.449 E1178.86396
G1 X34.271 Y59.551 E1178.90285
G1 X35.506 Y58.842 E1178.96452
G0 F1920 X35.95 Y58.588
M204 S2000
M205 X30 Y30
G0 F3600 X35.45 Y58.298
M204 S500
M205 X10 Y10
;TYPE:WALL-OUTER
G1 F1200 X35.45 Y57.45 E1179.00124
G1 X42.087 Y57.45 E1179.28867
G1 X42.087 Y62.55 E1179.50952
G1 X35.45 Y62.55 E1179.79694
G1 X35.45 Y61.703 E1179.83362
G1 X33.771 Y60.739 E1179.91747
G1 X33.771 Y59.261 E1179.98147
G1 X35.006 Y58.552 E1180.04314
G0 F960 X35.45 Y58.298
M204 S2000
M205 X30 Y30
G0 F3600 X35.45 Y58.048
G0 X36.45 Y58.45
G1 F2700 E1176.04314
G0 F3600 X41.567 Y60.609
G0 X43.002 Y60.609
G0 X74.998 Y60.609
G0 X76.433 Y60.609
G0 X77.112 Y60.609
M204 S500
M205 X10 Y10
;TYPE:FILL
G1 F2700 E1180.04314
G1 F2400 X77.852 Y61.349 E1180.08846
G1 X78.064 Y61.561
M204 S2000
M205 X30 Y30
G0 F3600 X80.209 Y61.349
M204 S500
M205 X10 Y10
G1 F2400 X77.51 Y58.65 E1180.25376
G1 X77.298 Y58.438
M204 S2000
M205 X30 Y30
G0 F3600 X79.867 Y58.65
M204 S500
M205 X10 Y10
G1 F2400 X82.567 Y61.349 E1180.41909
G1 X82.779 Y61.561
M204 S2000
M205 X30 Y30
G0 F3600 X84.924 Y61.349
M204 S500
M205 X10 Y10
G1 F2400 X82.225 Y58.65 E1180.58438
G1 X82.013 Y58.438
M204 S2000
M205 X30 Y30
G0 F3600 X84.582 Y58.65
M204 S500
M205 X10 Y10
G1 F2400 X86.349 Y60.416 E1180.69257
G1 X86.561 Y60.628
M204 S2000
M205 X30 Y30
G0 F3600 X86.55 Y61.55
M204 S500
M205 X10 Y10
;TYPE:WALL-INNER
G1 F2400 X76.913 Y61.55 E1181.10991
G1 X76.913 Y58.45 E1181.24415
G1 X86.55 Y58.45 E1181.66149
G1 X86.55 Y61.038 E1181.77357
G0 F1920 X86.55 Y61.55
M204 S2000
M205 X30 Y30
G0 F3600 X87.05 Y62.05
M204 S500
M205 X10 Y10
G1 F2400 X76.413 Y62.05 E1182.23421
G1 X76.413 Y57.95 E1182.41176
G1 X87.05 Y57.95 E1182.87241
G1 X87.05 Y61.538 E1183.02779
G0 F1920 X87.05 Y62.05
M204 S2000
M205 X30 Y30
G0 F3600 X87.55 Y62.55
M204 S500
M205 X10 Y10
;TYPE:WALL-OUTER
G1 F1200 X75.913 Y62.55 E1183.53174
G1 X75.913 Y57.45 E1183.7526
G1 X87.55 Y57.45 E1184.25654
G1 X87.55 Y62.038 E1184.45523
G0 F960 X87.55 Y62.55
M204 S2000
M205 X30 Y30
G0 F3600 X87.3 Y62.55
G0 X86.55 Y61.697
G1 F2700 E1180.45523
;MESH:NONMESH
G0 F600 X86.55 Y61.697 Z31.05
G0 F3600 X76.433 Y58.649
G0 X74.998 Y58.649
G0 X43.002 Y58.649
G0 X41.567 Y58.649
G0 X37.774 Y58.649
;TIME_ELAPSED:1631.402253
;LAYER:123
M204 S500
M205 X10 Y10
;TYPE:FILL
;MESH:temperaturetowerv2.stl
G1 F2700 E1184.45523
G1 F2400 X35.735 Y60.688 E1184.58011
G1 X35.523 Y60.9
M204 S2000
M205 X30 Y30
G0 F3600 X37.432 Y61.349
M204 S500
M205 X10 Y10
G1 F2400 X40.131 Y58.649 E1184.74543
G1 X40.343 Y58.437
M204 S2000
M205 X30 Y30
G0 F3600 X41.182 Y59.956
M204 S500
M205 X10 Y10
G1 F2400 X39.789 Y61.349 E1184.83075
G1 X39.577 Y61.561
M204 S2000
M205 X30 Y30
G0 F3600 X36.45 Y58.673
M204 S500
M205 X10 Y10
;TYPE:WALL-INNER
G1 F2400 X36.45 Y58.45 E1184.8404
G1 X41.383 Y58.45 E1185.05403
G1 X41.383 Y61.55 E1185.18828
G1 X36.45 Y61.55 E1185.40191
G1 X36.45 Y61.33 E1185.41143
G1 X34.414 Y60.159 E1185.51315
G1 X34.414 Y59.841 E1185.52692
G1 X36.006 Y58.927 E1185.60641
G0 F1920 X36.45 Y58.673
M204 S2000
M205 X30 Y30
G0 F3600 X35.95 Y58.383
M204 S500
M205 X10 Y10
G1 F2400 X35.95 Y57.95 E1185.62517
G1 X41.883 Y57.95 E1185.8821
G1 X41.883 Y62.05 E1186.05965
G1 X35.95 Y62.05 E1186.31659
G1 X35.95 Y61.619 E1186.33525
G1 X33.914 Y60.449 E1186.43694
G1 X33.914 Y59.551 E1186.47583
G1 X35.506 Y58.637 E1186.55533
G0 F1920 X35.95 Y58.383
M204 S2000
M205 X30 Y30
G0 F3600 X35.45 Y58.093
M204 S500
M205 X10 Y10
;TYPE:WALL-OUTER
G1 F1200 X35.45 Y57.45 E1186.58317
G1 X42.383 Y57.45 E1186.88341
G1 X42.383 Y62.55 E1187.10427
G1 X35.45 Y62.55 E1187.40451
G1 X35.45 Y61.908 E1187.43231
G1 X33.414 Y60.739 E1187.53398
G1 X33.414 Y59.261 E1187.59799
G1 X35.006 Y58.347 E1187.67749
G0 F960 X35.45 Y58.093
M204 S2000
M205 X30 Y30
G0 F3600 X35.45 Y57.843
G0 X36.45 Y58.303
G1 F2700 E1183.67749
G0 F3600 X41.863 Y59.684
G0 X43.298 Y59.684
G0 X74.702 Y59.684
G0 X76.137 Y59.684
G0 X76.816 Y59.684
M204 S500
M205 X10 Y10
;TYPE:FILL
G1 F2700 E1187.67749
G1 F2400 X77.851 Y58.649 E1187.74087
G1 X78.063 Y58.437
M204 S2000
M205 X30 Y30
G0 F3600 X80.209 Y58.649
M204 S500
M205 X10 Y10
G1 F2400 X77.508 Y61.349 E1187.90626
G1 X77.296 Y61.561
M204 S2000
M205 X30 Y30
G0 F3600 X79.866 Y61.349
M204 S500
M205 X10 Y10
G1 F2400 X82.566 Y58.649 E1188.07162
G1 X82.778 Y58.437
M204 S2000
M205 X30 Y30
G0 F3600 X84.924 Y58.649
M204 S500
M205 X10 Y10
G1 F2400 X82.223 Y61.349 E1188.23701
G1 X82.011 Y61.561
M204 S2000
M205 X30 Y30
G0 F3600 X84.581 Y61.349
M204 S500
M205 X10 Y10
G1 F2400 X86.349 Y59.582 E1188.34525
G1 X86.561 Y59.37
M204 S2000
M205 X30 Y30
G0 F3600 X86.55 Y61.55
M204 S500
M205 X10 Y10
;TYPE:WALL-INNER
G1 F2400 X76.617 Y61.55 E1188.77541
G1 X76.617 Y58.45 E1188.90966
G1 X86.55 Y58.45 E1189.33981
G1 X86.55 Y61.038 E1189.45189
G0 F1920 X86.55 Y61.55
M204 S2000
M205 X30 Y30
G0 F3600 X87.05 Y62.05
M204 S500
M205 X10 Y10
G1 F2400 X76.117 Y62.05 E1189.92535
G1 X76.117 Y57.95 E1190.1029
G1 X87.05 Y57.95 E1190.57637
G1 X87.05 Y61.538 E1190.73175
G0 F1920 X87.05 Y62.05
M204 S2000
M205 X30 Y30
G0 F3600 X87.55 Y62.55
M204 S500
M205 X10 Y10
;TYPE:WALL-OUTER
G1 F1200 X75.617 Y62.55 E1191.24851
G1 X75.617 Y57.45 E1191.46937
G1 X87.55 Y57.45 E1191.98614
G1 X87.55 Y62.038 E1192.18483
G0 F960 X87.55 Y62.55
M204 S2000
M205 X30 Y30
G0 F3600 X87.3 Y62.55
G0 X86.55 Y61.697
G1 F2700 E1188.18483
;MESH:NONMESH
G0 F600 X86.55 Y61.697 Z31.3
G0 F3600 X76.137 Y59.182
G0 X74.702 Y59.182
G0 X43.298 Y59.182
G0 X41.863 Y59.182
G0 X35.607 Y59.182
;TIME_ELAPSED:1641.834852
;LAYER:124
M204 S500
M205 X10 Y10
;TYPE:FILL
;MESH:temperaturetowerv2.stl
G1 F2700 E1192.18483
G1 F2400 X37.774 Y61.349 E1192.31754
G1 X37.986 Y61.561
M204 S2000
M205 X30 Y30
G0 F3600 X40.131 Y61.349
M204 S500
M205 X10 Y10
G1 F2400 X37.432 Y58.649 E1192.48287
G1 X37.22 Y58.437
M204 S2000
M205 X30 Y30
G0 F3600 X39.789 Y58.649
M204 S500
M205 X10 Y10
G1 F2400 X41.51 Y60.37 E1192.58827
G1 X41.722 Y60.582
M204 S2000
M205 X30 Y30
G0 F3600 X36.45 Y58.469
M204 S500
M205 X10 Y10
;TYPE:WALL-INNER
G1 F2400 X36.45 Y58.45 E1192.58909
G1 X41.711 Y58.45 E1192.81692
G1 X41.711 Y61.55 E1192.95117
G1 X36.45 Y61.55 E1193.179
G1 X36.45 Y61.532 E1193.17978
G1 X34.057 Y60.159 E1193.29926
G1 X34.057 Y59.841 E1193.31303
G1 X36.006 Y58.723 E1193.41033
G0 F1920 X36.45 Y58.469
M204 S2000
M205 X30 Y30
G0 F3600 X35.95 Y58.179
M204 S500
M205 X10 Y10
G1 F2400 X35.95 Y57.95 E1193.42025
G1 X42.211 Y57.95 E1193.69139
G1 X42.211 Y62.05 E1193.86894
G1 X35.95 Y62.05 E1194.14008
G1 X35.95 Y61.822 E1194.14995
G1 X33.557 Y60.449 E1194.26943
G1 X33.557 Y59.551 E1194.30832
G1 X35.506 Y58.433 E1194.40562
G0 F1920 X35.95 Y58.179
M204 S2000
M205 X30 Y30
G0 F3600 X35.45 Y57.889
M204 S500
M205 X10 Y10
;TYPE:WALL-OUTER
G1 F1200 X35.45 Y57.45 E1194.42463
G1 X42.711 Y57.45 E1194.73907
G1 X42.711 Y62.55 E1194.95993
G1 X35.45 Y62.55 E1195.27438
G1 X35.45 Y62.112 E1195.29335
G1 X33.057 Y60.739 E1195.41282
G1 X33.057 Y59.261 E1195.47683
G1 X35.006 Y58.143 E1195.57413
G0 F960 X35.45 Y57.889
M204 S2000
M205 X30 Y30
G0 F3600 X35.45 Y57.639
G0 X36.303 Y58.45
G1 F2700 E1191.57413
G0 F3600 X42.191 Y59.985
G0 X43.626 Y59.985
G0 X74.374 Y59.985
G0 X75.809 Y59.985
G0 X76.487 Y59.985
M204 S500
M205 X10 Y10
;TYPE:FILL
G1 F2700 E1195.57413
G1 F2400 X77.852 Y61.349 E1195.6577
G1 X78.064 Y61.561
M204 S2000
M205 X30 Y30
G0 F3600 X80.209 Y61.349
M204 S500
M205 X10 Y10
G1 F2400 X77.51 Y58.65 E1195.82299
G1 X77.298 Y58.438
M204 S2000
M205 X30 Y30
G0 F3600 X79.867 Y58.65
M204 S500
M205 X10 Y10
G1 F2400 X82.567 Y61.349 E1195.98832
G1 X82.779 Y61.561
M204 S2000
M205 X30 Y30
G0 F3600 X84.924 Y61.349
M204 S500
M205 X10 Y10
G1 F2400 X82.225 Y58.65 E1196.15362
G1 X82.013 Y58.438
M204 S2000
M205 X30 Y30
G0 F3600 X84.582 Y58.65
M204 S500
M205 X10 Y10
G1 F2400 X86.349 Y60.416 E1196.2618
G1 X86.561 Y60.628
M204 S2000
M205 X30 Y30
G0 F3600 X86.55 Y61.55
M204 S500
M205 X10 Y10
;TYPE:WALL-INNER
G1 F2400 X76.289 Y61.55 E1196.70616
G1 X76.289 Y58.45 E1196.84041
G1 X86.55 Y58.45 E1197.28477
G1 X86.55 Y61.038 E1197.39685
G0 F1920 X86.55 Y61.55
M204 S2000
M205 X30 Y30
G0 F3600 X87.05 Y62.05
M204 S500
M205 X10 Y10
G1 F2400 X75.789 Y62.05 E1197.88451
G1 X75.789 Y57.95 E1198.06207
G1 X87.05 Y57.95 E1198.54973
G1 X87.05 Y61.538 E1198.70511
G0 F1920 X87.05 Y62.05
M204 S2000
M205 X30 Y30
G0 F3600 X87.55 Y62.55
M204 S500
M205 X10 Y10
;TYPE:WALL-OUTER
G1 F1200 X75.289 Y62.55 E1199.23609
G1 X75.289 Y57.45 E1199.45694
G1 X87.55 Y57.45 E1199.98792
G1 X87.55 Y62.038 E1200.1866
G0 F960 X87.55 Y62.55
M204 S2000
M205 X30 Y30
G0 F3600 X87.3 Y62.55
G0 X86.55 Y61.697
G1 F2700 E1196.1866
;MESH:NONMESH
G0 F600 X86.55 Y61.697 Z31.55
G0 F3600 X75.809 Y59.672
G0 X74.374 Y59.672
G0 X43.626 Y59.672
G0 X42.191 Y59.672
G0 X34.394 Y59.672
;TIME_ELAPSED:1652.447712
;LAYER:125
M204 S500
M205 X10 Y10
;TYPE:FILL
;MESH:temperaturetowerv2.stl
G1 F2700 E1200.1866
G1 F2400 X33.978 Y60.087 E1200.21205
M204 S2000
M205 X30 Y30
G0 F3600 X35.476 Y60.947
M204 S500
M205 X10 Y10
G1 F2400 X37.774 Y58.649 E1200.35279
G1 X37.986 Y58.437
M204 S2000
M205 X30 Y30
G0 F3600 X40.131 Y58.649
M204 S500
M205 X10 Y10
G1 F2400 X37.432 Y61.349 E1200.51811
G1 X37.22 Y61.561
M204 S2000
M205 X30 Y30
G0 F3600 X39.789 Y61.349
M204 S500
M205 X10 Y10
G1 F2400 X41.878 Y59.26 E1200.64605
G1 X42.09 Y59.048
M204 S2000
M205 X30 Y30
G0 F3600 X42.078 Y61.55
M204 S500
M205 X10 Y10
;TYPE:WALL-INNER
G1 F2400 X36.124 Y61.55 E1200.90389
G1 X33.7 Y60.159 E1201.02492
G1 X33.7 Y59.84 E1201.03874
G1 X36.125 Y58.45 E1201.15978
G1 X42.078 Y58.45 E1201.41758
G1 X42.078 Y61.038 E1201.52966
G0 F1920 X42.078 Y61.55
M204 S2000
M205 X30 Y30
G0 F3600 X36.036 Y58.024
G0 X35.95 Y57.974
M204 S500
M205 X10 Y10
G1 F2400 X35.95 Y57.95 E1201.5307
G1 X42.578 Y57.95 E1201.81773
G1 X42.578 Y62.05 E1201.99528
G1 X35.95 Y62.05 E1202.28231
G1 X35.95 Y62.027 E1202.28331
G1 X33.2 Y60.449 E1202.42061
G1 X33.2 Y59.55 E1202.45954
G1 X35.506 Y58.228 E1202.57465
G0 F1920 X35.95 Y57.974
M204 S2000
M205 X30 Y30
G0 F3600 X35.45 Y57.684
M204 S500
M205 X10 Y10
;TYPE:WALL-OUTER
G1 F1200 X35.45 Y57.45 E1202.58479
G1 X43.078 Y57.45 E1202.91512
G1 X43.078 Y62.55 E1203.13598
G1 X35.45 Y62.55 E1203.46632
G1 X35.45 Y62.317 E1203.47641
G1 X32.7 Y60.739 E1203.61371
G1 X32.7 Y59.26 E1203.67776
G1 X35.006 Y57.938 E1203.79287
G0 F960 X35.45 Y57.684
M204 S2000
M205 X30 Y30
G0 F3600 X35.45 Y57.45
G0 X35.466 Y57.45
G0 X36.058 Y58.487
G1 F2700 E1199.79287
G0 F3600 X42.558 Y60.379
G0 X43.993 Y60.379
G0 X74.007 Y60.379
G0 X75.442 Y60.379
G0 X76.121 Y60.379
M204 S500
M205 X10 Y10
;TYPE:FILL
G1 F2700 E1203.79287
G1 F2400 X77.851 Y58.65 E1203.89879
G1 X78.063 Y58.438
M204 S2000
M205 X30 Y30
G0 F3600 X80.208 Y58.65
M204 S500
M205 X10 Y10
G1 F2400 X77.508 Y61.349 E1204.06412
G1 X77.296 Y61.561
M204 S2000
M205 X30 Y30
G0 F3600 X79.866 Y61.349
M204 S500
M205 X10 Y10
G1 F2400 X82.566 Y58.65 E1204.22945
G1 X82.778 Y58.438
M204 S2000
M205 X30 Y30
G0 F3600 X84.923 Y58.65
M204 S500
M205 X10 Y10
G1 F2400 X82.223 Y61.349 E1204.39477
G1 X82.011 Y61.561
M204 S2000
M205 X30 Y30
G0 F3600 X84.581 Y61.349
M204 S500
M205 X10 Y10
G1 F2400 X86.349 Y59.582 E1204.50302
G1 X86.561 Y59.37
M204 S2000
M205 X30 Y30
G0 F3600 X86.55 Y61.55
M204 S500
M205 X10 Y10
;TYPE:WALL-INNER
G1 F2400 X75.922 Y61.55 E1204.96327
G1 X75.922 Y58.45 E1205.09752
G1 X86.55 Y58.45 E1205.55778
G1 X86.55 Y61.038 E1205.66985
G0 F1920 X86.55 Y61.55
M204 S2000
M205 X30 Y30
G0 F3600 X87.05 Y62.05
M204 S500
M205 X10 Y10
G1 F2400 X75.422 Y62.05 E1206.17341
G1 X75.422 Y57.95 E1206.35096
G1 X87.05 Y57.95 E1206.85452
G1 X87.05 Y61.538 E1207.0099
G0 F1920 X87.05 Y62.05
M204 S2000
M205 X30 Y30
G0 F3600 X87.55 Y62.55
M204 S500
M205 X10 Y10
;TYPE:WALL-OUTER
G1 F1200 X74.922 Y62.55 E1207.55677
G1 X74.922 Y57.45 E1207.77763
G1 X87.55 Y57.45 E1208.32449
G1 X87.55 Y62.038 E1208.52318
G0 F960 X87.55 Y62.55
M204 S2000
M205 X30 Y30
G0 F3600 X87.3 Y62.55
G0 X86.55 Y61.697
G1 F2700 E1204.52318
;MESH:NONMESH
G0 F600 X86.55 Y61.697 Z31.8
G0 F3600 X75.442 Y59.781
G0 X74.007 Y59.781
G0 X43.993 Y59.781
G0 X42.558 Y59.781
G0 X33.849 Y59.781
;TIME_ELAPSED:1663.374412
;LAYER:126
M204 S500
M205 X10 Y10
;TYPE:FILL
;MESH:temperaturetowerv2.stl
G1 F2700 E1208.52318
G1 F2400 X34.873 Y60.806 E1208.58592
G1 X35.085 Y61.018
M204 S2000
M205 X30 Y30
G0 F3600 X35.346 Y58.921
M204 S500
M205 X10 Y10
G1 F2400 X37.774 Y61.349 E1208.73462
G1 X37.986 Y61.561
M204 S2000
M205 X30 Y30
G0 F3600 X40.131 Y61.349
M204 S500
M205 X10 Y10
G1 F2400 X37.432 Y58.649 E1208.89995
G1 X37.22 Y58.437
M204 S2000
M205 X30 Y30
G0 F3600 X39.789 Y58.649
M204 S500
M205 X10 Y10
G1 F2400 X42.302 Y61.162 E1209.05385
G1 X42.514 Y61.374
M204 S2000
M205 X30 Y30
G0 F3600 X42.302 Y58.805
M204 S500
M205 X10 Y10
G1 F2400 X42.147 Y58.649 E1209.06338
M204 S2000
M205 X30 Y30
G0 F3600 X42.503 Y61.55
M204 S500
M205 X10 Y10
;TYPE:WALL-INNER
G1 F2400 X35.767 Y61.55 E1209.35509
G1 X33.343 Y60.159 E1209.47611
G1 X33.343 Y59.841 E1209.48989
G1 X35.768 Y58.45 E1209.61095
G1 X42.503 Y58.45 E1209.90262
G1 X42.503 Y61.038 E1210.01469
G0 F1920 X42.503 Y61.55
M204 S2000
M205 X30 Y30
G0 F3600 X43.003 Y62.05
M204 S500
M205 X10 Y10
G1 F2400 X35.633 Y62.05 E1210.33385
G1 X32.843 Y60.449 E1210.47316
G1 X32.843 Y59.551 E1210.51205
G1 X35.634 Y57.95 E1210.65139
G1 X43.003 Y57.95 E1210.97051
G1 X43.003 Y61.538 E1211.12589
G0 F1920 X43.003 Y62.05
M204 S2000
M205 X30 Y30
G1 F2700 E1207.12589
G0 F3600 X35.49 Y57.57
G0 X35.45 Y57.479
M204 S500
M205 X10 Y10
;TYPE:WALL-OUTER
G1 F2700 E1211.12589
G1 F1200 X35.45 Y57.45 E1211.12714
G1 X43.503 Y57.45 E1211.47588
G1 X43.503 Y62.55 E1211.69674
G1 X35.45 Y62.55 E1212.04548
G1 X35.45 Y62.522 E1212.0467
G1 X32.343 Y60.739 E1212.20183
G1 X32.343 Y59.261 E1212.26583
G1 X35.006 Y57.733 E1212.39879
G0 F960 X35.45 Y57.479
M204 S2000
M205 X30 Y30
G0 F3600 X35.45 Y57.45
G0 X35.671 Y57.45
G0 X35.43 Y58.354
G1 F2700 E1208.39879
G0 F3600 X43.233 Y59.193
G0 X44.418 Y59.193
G0 X73.582 Y59.193
G0 X75.017 Y59.193
G0 X75.695 Y59.193
M204 S500
M205 X10 Y10
;TYPE:FILL
G1 F2700 E1212.39879
G1 F2400 X77.852 Y61.349 E1212.53086
G1 X78.064 Y61.561
M204 S2000
M205 X30 Y30
G0 F3600 X80.209 Y61.349
M204 S500
M205 X10 Y10
G1 F2400 X77.51 Y58.65 E1212.69616
G1 X77.298 Y58.438
M204 S2000
M205 X30 Y30
G0 F3600 X79.867 Y58.65
M204 S500
M205 X10 Y10
G1 F2400 X82.567 Y61.349 E1212.86149
G1 X82.779 Y61.561
M204 S2000
M205 X30 Y30
G0 F3600 X84.924 Y61.349
M204 S500
M205 X10 Y10
G1 F2400 X82.225 Y58.65 E1213.02678
G1 X82.013 Y58.438
M204 S2000
M205 X30 Y30
G0 F3600 X84.582 Y58.65
M204 S500
M205 X10 Y10
G1 F2400 X86.349 Y60.416 E1213.13497
G1 X86.561 Y60.628
M204 S2000
M205 X30 Y30
G0 F3600 X86.55 Y61.55
M204 S500
M205 X10 Y10
;TYPE:WALL-INNER
G1 F2400 X75.497 Y61.55 E1213.61363
G1 X75.497 Y58.45 E1213.74788
G1 X86.55 Y58.45 E1214.22654
G1 X86.55 Y61.038 E1214.33861
G0 F1920 X86.55 Y61.55
M204 S2000
M205 X30 Y30
G0 F3600 X87.05 Y62.05
M204 S500
M205 X10 Y10
G1 F2400 X74.997 Y62.05 E1214.86057
G1 X74.997 Y57.95 E1215.03813
G1 X87.05 Y57.95 E1215.56009
G1 X87.05 Y61.538 E1215.71547
G0 F1920 X87.05 Y62.05
M204 S2000
M205 X30 Y30
G0 F3600 X87.55 Y62.55
M204 S500
M205 X10 Y10
;TYPE:WALL-OUTER
G1 F1200 X74.497 Y62.55 E1216.28074
G1 X74.497 Y57.45 E1216.5016
G1 X87.55 Y57.45 E1217.06687
G1 X87.55 Y62.038 E1217.26556
G0 F960 X87.55 Y62.55
M204 S2000
M205 X30 Y30
G0 F3600 X87.3 Y62.55
G0 X86.55 Y61.697
G1 F2700 E1213.26556
;MESH:NONMESH
G0 F600 X86.55 Y61.697 Z32.05
G0 F3600 X75.017 Y58.706
G0 X73.582 Y58.706
G0 X44.418 Y58.706
G0 X43.233 Y58.706
G0 X35.359 Y58.706
;TIME_ELAPSED:1674.885693
;LAYER:127
M204 S500
M205 X10 Y10
;TYPE:FILL
;MESH:temperaturetowerv2.stl
G1 F2700 E1217.26556
G1 F2400 X33.718 Y60.348 E1217.36609
G1 X33.506 Y60.56
M204 S2000
M205 X30 Y30
G0 F3600 X35.216 Y61.207
M204 S500
M205 X10 Y10
G1 F2400 X37.775 Y58.648 E1217.52281
G1 X37.987 Y58.436
M204 S2000
M205 X30 Y30
G0 F3600 X40.133 Y58.648
M204 S500
M205 X10 Y10
G1 F2400 X37.432 Y61.349 E1217.68823
G1 X37.22 Y61.561
M204 S2000
M205 X30 Y30
G0 F3600 X39.789 Y61.349
M204 S500
M205 X10 Y10
G1 F2400 X42.49 Y58.648 E1217.85365
G1 X42.702 Y58.436
M204 S2000
M205 X30 Y30
G0 F3600 X42.797 Y60.698
M204 S500
M205 X10 Y10
G1 F2400 X42.147 Y61.349 E1217.89349
M204 S2000
M205 X30 Y30
G0 F3600 X42.998 Y61.55
M204 S500
M205 X10 Y10
;TYPE:WALL-INNER
G1 F2400 X35.408 Y61.55 E1218.22218
G1 X32.986 Y60.159 E1218.34313
G1 X32.986 Y59.841 E1218.3569
G1 X35.396 Y58.457 E1218.47726
G1 X35.87 Y58.45 E1218.49779
G1 X42.998 Y58.45 E1218.80647
G1 X42.998 Y61.038 E1218.91854
G0 F1920 X42.998 Y61.55
M204 S2000
M205 X30 Y30
G0 F3600 X43.498 Y62.05
M204 S500
M205 X10 Y10
G1 F2400 X35.274 Y62.05 E1219.27469
G1 X32.486 Y60.449 E1219.41392
G1 X32.486 Y59.551 E1219.45281
G1 X35.259 Y57.959 E1219.59128
G1 X35.863 Y57.95 E1219.61744
G1 X43.498 Y57.95 E1219.94808
G1 X43.498 Y61.538 E1220.10346
G0 F1920 X43.498 Y62.05
M204 S2000
M205 X30 Y30
G0 F3600 X43.998 Y62.55
M204 S500
M205 X10 Y10
;TYPE:WALL-OUTER
G1 F1200 X35.14 Y62.55 E1220.48706
G1 X31.986 Y60.739 E1220.64456
G1 X31.986 Y59.261 E1220.70857
G1 X35.122 Y57.461 E1220.86515
G1 X35.855 Y57.45 E1220.8969
G1 X43.998 Y57.45 E1221.24954
G1 X43.998 Y62.038 E1221.44823
G0 F960 X43.998 Y62.55
M204 S2000
M205 X30 Y30
G0 F3600 X43.748 Y62.55
G0 X42.998 Y61.697
G1 F2700 E1217.44823
G0 F3600 X44.913 Y61.299
G0 X73.087 Y61.299
G0 X74.522 Y61.299
G0 X75.201 Y61.299
M204 S500
M205 X10 Y10
;TYPE:FILL
G1 F2700 E1221.44823
G1 F2400 X77.851 Y58.649 E1221.61052
G1 X78.063 Y58.437
M204 S2000
M205 X30 Y30
G0 F3600 X75.494 Y58.649
M204 S500
M205 X10 Y10
G1 F2400 X75.201 Y58.942 E1221.62847
M204 S2000
M205 X30 Y30
G0 F3600 X77.508 Y61.349
M204 S500
M205 X10 Y10
G1 F2400 X80.209 Y58.649 E1221.79385
G1 X80.421 Y58.437
M204 S2000
M205 X30 Y30
G0 F3600 X82.566 Y58.649
M204 S500
M205 X10 Y10
G1 F2400 X79.866 Y61.349 E1221.95921
G1 X79.654 Y61.561
M204 S2000
M205 X30 Y30
G0 F3600 X82.223 Y61.349
M204 S500
M205 X10 Y10
G1 F2400 X84.924 Y58.649 E1222.1246
G1 X85.136 Y58.437
M204 S2000
M205 X30 Y30
G0 F3600 X86.349 Y59.582
M204 S500
M205 X10 Y10
G1 F2400 X84.581 Y61.349 E1222.23285
G1 X84.369 Y61.561
M204 S2000
M205 X30 Y30
G0 F3600 X86.55 Y61.55
M204 S500
M205 X10 Y10
;TYPE:WALL-INNER
G1 F2400 X75.002 Y61.55 E1222.73294
G1 X75.002 Y58.45 E1222.86719
G1 X86.55 Y58.45 E1223.36728
G1 X86.55 Y61.038 E1223.47936
G0 F1920 X86.55 Y61.55
M204 S2000
M205 X30 Y30
G0 F3600 X87.05 Y62.05
M204 S500
M205 X10 Y10
G1 F2400 X74.502 Y62.05 E1224.02276
G1 X74.502 Y57.95 E1224.20031
G1 X87.05 Y57.95 E1224.74371
G1 X87.05 Y61.538 E1224.89909
G0 F1920 X87.05 Y62.05
M204 S2000
M205 X30 Y30
G0 F3600 X87.55 Y62.55
M204 S500
M205 X10 Y10
;TYPE:WALL-OUTER
G1 F1200 X74.002 Y62.55 E1225.4858
G1 X74.002 Y57.45 E1225.70666
G1 X87.55 Y57.45 E1226.29337
G1 X87.55 Y62.038 E1226.49205
G0 F960 X87.55 Y62.55
M204 S2000
M205 X30 Y30
G0 F3600 X87.3 Y62.55
G0 X86.55 Y61.697
G1 F2700 E1222.49205
;MESH:NONMESH
G0 F600 X86.55 Y61.697 Z32.3
G0 F3600 X74.522 Y59.52
G0 X73.087 Y59.52
G0 X44.913 Y59.52
G0 X43.478 Y59.52
G0 X33.588 Y59.52
;TIME_ELAPSED:1686.255625
;LAYER:128
M204 S500
M205 X10 Y10
;TYPE:FILL
;MESH:temperaturetowerv2.stl
G1 F2700 E1226.49205
G1 F2400 X35.416 Y61.349 E1226.60404
G1 X35.628 Y61.561
M204 S2000
M205 X30 Y30
G0 F3600 X37.774 Y61.349
M204 S500
M205 X10 Y10
G1 F2400 X35.086 Y58.661 E1226.76866
G1 X34.874 Y58.449
M204 S2000
M205 X30 Y30
G0 F3600 X37.432 Y58.649
M204 S500
M205 X10 Y10
G1 F2400 X40.131 Y61.349 E1226.93399
G1 X40.343 Y61.561
M204 S2000
M205 X30 Y30
G0 F3600 X42.489 Y61.349
M204 S500
M205 X10 Y10
G1 F2400 X39.789 Y58.649 E1227.09934
G1 X39.577 Y58.437
M204 S2000
M205 X30 Y30
G0 F3600 X42.147 Y58.649
M204 S500
M205 X10 Y10
G1 F2400 X43.417 Y59.919 E1227.17712
G1 X43.629 Y60.131
M204 S2000
M205 X30 Y30
G0 F3600 X43.616 Y61.55
M204 S500
M205 X10 Y10
;TYPE:WALL-INNER
G1 F2400 X35.054 Y61.55 E1227.54791
G1 X32.628 Y60.159 E1227.66901
G1 X32.628 Y59.841 E1227.68278
G1 X35.054 Y58.45 E1227.80389
G1 X43.617 Y58.45 E1228.17471
G1 X43.616 Y61.038 E1228.28679
G0 F1920 X43.616 Y61.55
M204 S2000
M205 X30 Y30
G0 F3600 X44.116 Y62.05
M204 S500
M205 X10 Y10
G1 F2400 X34.92 Y62.05 E1228.68503
G1 X32.128 Y60.449 E1228.82441
G1 X32.128 Y59.551 E1228.86329
G1 X34.92 Y57.95 E1229.00267
G1 X44.117 Y57.95 E1229.40096
G1 X44.116 Y61.538 E1229.55634
G0 F1920 X44.116 Y62.05
M204 S2000
M205 X30 Y30
G0 F3600 X44.616 Y62.55
M204 S500
M205 X10 Y10
;TYPE:WALL-OUTER
G1 F1200 X34.786 Y62.55 E1229.98203
G1 X31.628 Y60.739 E1230.13968
G1 X31.628 Y59.261 E1230.20369
G1 X34.786 Y57.45 E1230.36134
G1 X44.617 Y57.45 E1230.78708
G1 X44.616 Y62.038 E1230.98577
G0 F960 X44.616 Y62.55
M204 S2000
M205 X30 Y30
G0 F3600 X44.366 Y62.55
G0 X43.763 Y61.55
G1 F2700 E1226.98577
G0 F3600 X44.097 Y60.428
G0 X45.532 Y60.428
G0 X72.469 Y60.428
G0 X73.904 Y60.428
G0 X74.582 Y60.437
M204 S500
M205 X10 Y10
;TYPE:FILL
G1 F2700 E1230.98577
G1 F2400 X75.494 Y61.349 E1231.04162
G1 X75.706 Y61.561
M204 S2000
M205 X30 Y30
G0 F3600 X77.852 Y61.349
M204 S500
M205 X10 Y10
G1 F2400 X75.152 Y58.65 E1231.20695
G1 X74.94 Y58.438
M204 S2000
M205 X30 Y30
G0 F3600 X77.51 Y58.65
M204 S500
M205 X10 Y10
G1 F2400 X80.209 Y61.349 E1231.37224
G1 X80.421 Y61.561
M204 S2000
M205 X30 Y30
G0 F3600 X82.567 Y61.349
M204 S500
M205 X10 Y10
G1 F2400 X79.867 Y58.65 E1231.53757
G1 X79.655 Y58.438
M204 S2000
M205 X30 Y30
G0 F3600 X82.225 Y58.65
M204 S500
M205 X10 Y10
G1 F2400 X84.924 Y61.349 E1231.70287
G1 X85.136 Y61.561
M204 S2000
M205 X30 Y30
G0 F3600 X86.349 Y60.416
M204 S500
M205 X10 Y10
G1 F2400 X84.582 Y58.65 E1231.81105
G1 X84.37 Y58.438
M204 S2000
M205 X30 Y30
G0 F3600 X86.55 Y61.55
M204 S500
M205 X10 Y10
;TYPE:WALL-INNER
G1 F2400 X74.384 Y61.55 E1232.33791
G1 X74.384 Y58.45 E1232.47216
G1 X86.55 Y58.45 E1232.99902
G1 X86.55 Y61.038 E1233.11109
G0 F1920 X86.55 Y61.55
M204 S2000
M205 X30 Y30
G0 F3600 X87.05 Y62.05
M204 S500
M205 X10 Y10
G1 F2400 X73.884 Y62.05 E1233.68125
G1 X73.884 Y57.95 E1233.85881
G1 X87.05 Y57.95 E1234.42897
G1 X87.05 Y61.538 E1234.58435
G0 F1920 X87.05 Y62.05
M204 S2000
M205 X30 Y30
G0 F3600 X87.55 Y62.55
M204 S500
M205 X10 Y10
;TYPE:WALL-OUTER
G1 F1200 X73.384 Y62.55 E1235.19782
G1 X73.384 Y57.45 E1235.41868
G1 X87.55 Y57.45 E1236.03215
G1 X87.55 Y62.038 E1236.23084
G0 F960 X87.55 Y62.55
M204 S2000
M205 X30 Y30
G0 F3600 X87.3 Y62.55
G0 X86.55 Y61.697
G1 F2700 E1232.23084
;MESH:NONMESH
G0 F600 X86.55 Y61.697 Z32.55
G0 F3600 X73.904 Y61.549
G0 X72.469 Y61.549
G0 X45.532 Y61.54
G0 X44.097 Y61.54
G0 X44.477 Y61.55
;TIME_ELAPSED:1697.874731
;LAYER:129
M204 S500
M205 X10 Y10
;TYPE:WALL-INNER
;MESH:temperaturetowerv2.stl
G1 F2700 E1236.23084
G1 F2400 X34.697 Y61.55 E1236.65437
G1 X32.271 Y60.159 E1236.77547
G1 X32.271 Y59.841 E1236.78924
G1 X34.697 Y58.45 E1236.91035
G1 X44.478 Y58.45 E1237.33392
G1 X44.477 Y61.038 E1237.44599
G0 F1920 X44.477 Y61.55
M204 S2000
M205 X30 Y30
G0 F3600 X44.977 Y62.05
M204 S500
M205 X10 Y10
G1 F2400 X34.563 Y62.05 E1237.89698
G1 X31.771 Y60.449 E1238.03636
G1 X31.771 Y59.551 E1238.07525
G1 X34.563 Y57.95 E1238.21462
G1 X44.978 Y57.95 E1238.66565
G1 X44.977 Y61.538 E1238.82103
G0 F1920 X44.977 Y62.05
M204 S2000
M205 X30 Y30
G0 F3600 X45.477 Y62.55
M204 S500
M205 X10 Y10
;TYPE:WALL-OUTER
G1 F1200 X34.429 Y62.55 E1239.29948
G1 X31.271 Y60.739 E1239.45713
G1 X31.271 Y59.261 E1239.52113
G1 X34.429 Y57.45 E1239.67878
G1 X45.478 Y57.45 E1240.15727
G1 X45.477 Y62.038 E1240.35596
G0 F960 X45.477 Y62.55
M204 S2000
M205 X30 Y30
G0 F3600 X45.227 Y62.55
G0 X44.907 Y61.98
G0 X43.987 Y61.06
M204 S500
M205 X10 Y10
;TYPE:SKIN
G1 F1200 X34.826 Y61.06 E1240.83204
G1 X32.978 Y60 E1240.94276
G1 X34.826 Y58.94 E1241.05348
G1 X43.988 Y58.94 E1241.52962
G1 X43.987 Y60.548 E1241.61318
G0 F960 X43.987 Y61.06
M204 S2000
M205 X30 Y30
G0 F3600 X43.11 Y60.834
M204 S500
M205 X10 Y10
G1 F1200 X43.762 Y60.182 E1241.6611
M204 S2000
M205 X30 Y30
G0 F3600 X43.762 Y59.474
M204 S500
M205 X10 Y10
G1 F1200 X42.403 Y60.834 E1241.76102
M204 S2000
M205 X30 Y30
G0 F3600 X41.695 Y60.834
M204 S500
M205 X10 Y10
G1 F1200 X43.366 Y59.164 E1241.88379
M204 S2000
M205 X30 Y30
G0 F3600 X42.659 Y59.164
M204 S500
M205 X10 Y10
G1 F1200 X40.988 Y60.834 E1242.00656
M204 S2000
M205 X30 Y30
G0 F3600 X40.281 Y60.834
M204 S500
M205 X10 Y10
G1 F1200 X41.951 Y59.164 E1242.1293
M204 S2000
M205 X30 Y30
G0 F3600 X41.244 Y59.164
M204 S500
M205 X10 Y10
G1 F1200 X39.574 Y60.834 E1242.25204
M204 S2000
M205 X30 Y30
G0 F3600 X38.867 Y60.834
M204 S500
M205 X10 Y10
G1 F1200 X40.537 Y59.164 E1242.37478
M204 S2000
M205 X30 Y30
G0 F3600 X39.83 Y59.164
M204 S500
M205 X10 Y10
G1 F1200 X38.16 Y60.834 E1242.49751
M204 S2000
M205 X30 Y30
G0 F3600 X37.453 Y60.834
M204 S500
M205 X10 Y10
G1 F1200 X39.123 Y59.164 E1242.62025
M204 S2000
M205 X30 Y30
G0 F3600 X38.416 Y59.164
M204 S500
M205 X10 Y10
G1 F1200 X36.746 Y60.834 E1242.74299
M204 S2000
M205 X30 Y30
G0 F3600 X36.039 Y60.834
M204 S500
M205 X10 Y10
G1 F1200 X37.709 Y59.164 E1242.86572
M204 S2000
M205 X30 Y30
G0 F3600 X37.002 Y59.164
M204 S500
M205 X10 Y10
G1 F1200 X35.332 Y60.834 E1242.98846
M204 S2000
M205 X30 Y30
G0 F3600 X34.719 Y60.739
M204 S500
M205 X10 Y10
G1 F1200 X36.295 Y59.164 E1243.10425
M204 S2000
M205 X30 Y30
G0 F3600 X35.587 Y59.164
M204 S500
M205 X10 Y10
G1 F1200 X34.269 Y60.482 E1243.20112
M204 S2000
M205 X30 Y30
G0 F3600 X33.82 Y60.224
M204 S500
M205 X10 Y10
G1 F1200 X34.875 Y59.169 E1243.27866
G1 X35.087 Y58.957
M204 S2000
M205 X30 Y30
G1 F2700 E1239.27866
G0 F3600 X44.958 Y58.901
G0 X46.393 Y58.901
G0 X71.608 Y58.901
G0 X73.043 Y58.901
G0 X79.947 Y58.911
M204 S500
M205 X10 Y10
;TYPE:FILL
G1 F2700 E1243.27866
G1 F2400 X80.208 Y58.65 E1243.29464
M204 S2000
M205 X30 Y30
G0 F3600 X82.566 Y58.65
M204 S500
M205 X10 Y10
G1 F2400 X79.948 Y61.267 E1243.45495
G1 X79.736 Y61.479
M204 S2000
M205 X30 Y30
G0 F3600 X82.223 Y61.349
M204 S500
M205 X10 Y10
G1 F2400 X84.923 Y58.65 E1243.62027
G1 X85.135 Y58.438
M204 S2000
M205 X30 Y30
G0 F3600 X86.349 Y59.582
M204 S500
M205 X10 Y10
G1 F2400 X84.581 Y61.349 E1243.72852
G1 X84.369 Y61.561
M204 S2000
M205 X30 Y30
G0 F3600 X86.55 Y61.55
M204 S500
M205 X10 Y10
;TYPE:WALL-INNER
G1 F2400 X73.523 Y61.55 E1244.29266
G1 X73.523 Y58.45 E1244.42691
G1 X86.55 Y58.45 E1244.99106
G1 X86.55 Y61.038 E1245.10313
G0 F1920 X86.55 Y61.55
M204 S2000
M205 X30 Y30
G0 F3600 X87.05 Y62.05
M204 S500
M205 X10 Y10
G1 F2400 X73.023 Y62.05 E1245.71058
G1 X73.023 Y57.95 E1245.88813
G1 X87.05 Y57.95 E1246.49558
G1 X87.05 Y61.538 E1246.65096
G0 F1920 X87.05 Y62.05
M204 S2000
M205 X30 Y30
G0 F3600 X87.55 Y62.55
M204 S500
M205 X10 Y10
;TYPE:WALL-OUTER
G1 F1200 X72.523 Y62.55 E1247.30172
G1 X72.523 Y57.45 E1247.52258
G1 X87.55 Y57.45 E1248.17333
G1 X87.55 Y62.038 E1248.37202
G0 F960 X87.55 Y62.55
M204 S2000
M205 X30 Y30
G0 F3600 X87.3 Y62.55
G0 X86.98 Y61.98
G0 X79.759 Y61.06
M204 S500
M205 X10 Y10
;TYPE:SKIN
G1 F1200 X74.013 Y61.06 E1248.67064
G1 X74.013 Y58.94 E1248.78081
G1 X79.758 Y58.94 E1249.07937
G1 X79.759 Y60.548 E1249.16294
G0 F960 X79.759 Y61.06
M204 S2000
M205 X30 Y30
G0 F3600 X79.532 Y60.474
M204 S500
M205 X10 Y10
G1 F1200 X79.171 Y60.835 E1249.18947
M204 S2000
M205 X30 Y30
G0 F3600 X78.464 Y60.835
M204 S500
M205 X10 Y10
G1 F1200 X79.532 Y59.767 E1249.26796
M204 S2000
M205 X30 Y30
G0 F3600 X79.427 Y59.165
M204 S500
M205 X10 Y10
G1 F1200 X77.757 Y60.835 E1249.3907
M204 S2000
M205 X30 Y30
G0 F3600 X77.05 Y60.835
M204 S500
M205 X10 Y10
G1 F1200 X78.72 Y59.165 E1249.51344
M204 S2000
M205 X30 Y30
G0 F3600 X78.013 Y59.165
M204 S500
M205 X10 Y10
G1 F1200 X76.343 Y60.835 E1249.63617
M204 S2000
M205 X30 Y30
G0 F3600 X75.636 Y60.835
M204 S500
M205 X10 Y10
G1 F1200 X77.306 Y59.165 E1249.75891
M204 S2000
M205 X30 Y30
G0 F3600 X76.599 Y59.165
M204 S500
M205 X10 Y10
G1 F1200 X74.929 Y60.835 E1249.88165
M204 S2000
M205 X30 Y30
G0 F3600 X74.237 Y60.819
M204 S500
M205 X10 Y10
G1 F1200 X75.892 Y59.165 E1250.00324
M204 S2000
M205 X30 Y30
G0 F3600 X75.185 Y59.165
M204 S500
M205 X10 Y10
G1 F1200 X74.237 Y60.112 E1250.07288
M204 S2000
M205 X30 Y30
G0 F3600 X74.237 Y59.405
M204 S500
M205 X10 Y10
G1 F1200 X74.478 Y59.165 E1250.09056
M204 S2000
M205 X30 Y30
;MESH:NONMESH
G0 F600 X74.478 Y59.165 Z32.8
G0 F3600 X79.946 Y58.729
;TIME_ELAPSED:1713.959095
;LAYER:130
M204 S500
M205 X10 Y10
;TYPE:FILL
;MESH:temperaturetowerv2.stl
G1 F2400 X82.567 Y61.349 E1250.25105
G1 X82.779 Y61.561
M204 S2000
M205 X30 Y30
G0 F3600 X84.924 Y61.349
M204 S500
M205 X10 Y10
G1 F2400 X82.225 Y58.65 E1250.41634
G1 X82.013 Y58.438
M204 S2000
M205 X30 Y30
G0 F3600 X84.582 Y58.65
M204 S500
M205 X10 Y10
G1 F2400 X86.349 Y60.416 E1250.52453
G1 X86.561 Y60.628
M204 S2000
M205 X30 Y30
G0 F3600 X80.209 Y61.349
M204 S500
M205 X10 Y10
G1 F2400 X79.947 Y61.087 E1250.54057
M204 S2000
M205 X30 Y30
G0 F3600 X86.55 Y61.55
M204 S500
M205 X10 Y10
;TYPE:WALL-INNER
G1 F2400 X34.338 Y61.55 E1252.80165
G1 X31.914 Y60.159 E1252.92268
G1 X31.914 Y59.841 E1252.93645
G1 X34.34 Y58.45 E1253.05756
G1 X86.55 Y58.45 E1255.31855
G1 X86.55 Y61.038 E1255.43063
G0 F1920 X86.55 Y61.55
M204 S2000
M205 X30 Y30
G0 F3600 X87.05 Y62.05
M204 S500
M205 X10 Y10
G1 F2400 X34.204 Y62.05 E1257.71916
G1 X31.414 Y60.449 E1257.85846
G1 X31.414 Y59.551 E1257.89735
G1 X34.206 Y57.95 E1258.03673
G1 X87.05 Y57.95 E1260.32518
G1 X87.05 Y61.538 E1260.48056
G0 F1920 X87.05 Y62.05
M204 S2000
M205 X30 Y30
G0 F3600 X87.55 Y62.55
M204 S500
M205 X10 Y10
;TYPE:WALL-OUTER
G1 F1200 X34.07 Y62.55 E1262.79655
G1 X30.914 Y60.739 E1262.95413
G1 X30.914 Y59.261 E1263.01813
G1 X34.072 Y57.45 E1263.17578
G1 X87.55 Y57.45 E1265.49169
G1 X87.55 Y62.038 E1265.69037
G0 F960 X87.55 Y62.55
M204 S2000
M205 X30 Y30
G0 F3600 X87.3 Y62.55
G0 X86.98 Y61.98
G0 X79.759 Y61.06
M204 S500
M205 X10 Y10
;TYPE:SKIN
G1 F1200 X34.467 Y61.06 E1268.04415
G1 X32.621 Y60 E1268.15478
G1 X34.469 Y58.94 E1268.26549
G1 X79.758 Y58.94 E1270.61912
G1 X79.759 Y60.548 E1270.70268
G0 F960 X79.759 Y61.06
M204 S2000
M205 X30 Y30
G0 F3600 X33.942 Y60.5
M204 S500
M205 X10 Y10
G1 F1200 X79.534 Y60.5 E1273.07205
M204 S2000
M205 X30 Y30
G0 F3600 X79.534 Y60
M204 S500
M205 X10 Y10
G1 F1200 X33.097 Y60 E1275.48533
M204 S2000
M205 X30 Y30
G0 F3600 X33.944 Y59.5
M204 S500
M205 X10 Y10
G1 F1200 X79.534 Y59.5 E1277.8546
G1 X79.834 Y59.5
M204 S2000
M205 X30 Y30
;MESH:NONMESH
G0 F600 X79.834 Y59.5 Z33.05
G0 F3600 X79.947 Y58.911
;TIME_ELAPSED:1740.027070
;LAYER:131
M104 S210 T0 ; littlefish custom hot end temp
M204 S500
M205 X10 Y10
;TYPE:FILL
;MESH:temperaturetowerv2.stl
G1 F2400 X80.208 Y58.65 E1277.87058
M204 S2000
M205 X30 Y30
G0 F3600 X82.566 Y58.65
M204 S500
M205 X10 Y10
G1 F2400 X79.948 Y61.267 E1278.03089
G1 X79.736 Y61.479
M204 S2000
M205 X30 Y30
G0 F3600 X82.223 Y61.349
M204 S500
M205 X10 Y10
G1 F2400 X84.923 Y58.65 E1278.19621
G1 X85.135 Y58.438
M204 S2000
M205 X30 Y30
G0 F3600 X86.349 Y59.582
M204 S500
M205 X10 Y10
G1 F2400 X84.581 Y61.349 E1278.30446
G1 X84.369 Y61.561
M204 S2000
M205 X30 Y30
G0 F3600 X86.55 Y61.55
M204 S500
M205 X10 Y10
;TYPE:WALL-INNER
G1 F2400 X33.98 Y61.55 E1280.58104
G1 X31.557 Y60.159 E1280.70204
G1 X31.557 Y59.841 E1280.71581
G1 X33.981 Y58.45 E1280.83684
G1 X86.55 Y58.45 E1283.11338
G1 X86.55 Y61.038 E1283.22545
G0 F1920 X86.55 Y61.55
M204 S2000
M205 X30 Y30
G0 F3600 X87.05 Y62.05
M204 S500
M205 X10 Y10
G1 F2400 X33.846 Y62.05 E1285.52949
G1 X31.057 Y60.449 E1285.66875
G1 X31.057 Y59.551 E1285.70764
G1 X33.847 Y57.95 E1285.84695
G1 X87.05 Y57.95 E1288.15094
G1 X87.05 Y61.538 E1288.30632
G0 F1920 X87.05 Y62.05
M204 S2000
M205 X30 Y30
G0 F3600 X87.55 Y62.55
M204 S500
M205 X10 Y10
;TYPE:WALL-OUTER
G1 F1200 X33.712 Y62.55 E1290.63782
G1 X30.557 Y60.739 E1290.79535
G1 X30.557 Y59.261 E1290.85936
G1 X33.713 Y57.45 E1291.01694
G1 X87.55 Y57.45 E1293.34839
G1 X87.55 Y62.038 E1293.54707
G0 F960 X87.55 Y62.55
M204 S2000
M205 X30 Y30
G0 F3600 X87.3 Y62.55
G0 X86.98 Y61.98
G0 X79.759 Y61.06
M204 S500
M205 X10 Y10
;TYPE:SKIN
G1 F1200 X34.11 Y61.06 E1295.9194
G1 X32.264 Y60 E1296.03003
G1 X34.11 Y58.94 E1296.14066
G1 X79.758 Y58.94 E1298.51294
G1 X79.759 Y60.548 E1298.5965
G0 F960 X79.759 Y61.06
M204 S2000
M205 X30 Y30
G0 F3600 X79.532 Y60.474
M204 S500
M205 X10 Y10
G1 F1200 X79.172 Y60.834 E1298.62296
M204 S2000
M205 X30 Y30
G0 F3600 X78.465 Y60.834
M204 S500
M205 X10 Y10
G1 F1200 X79.532 Y59.767 E1298.70138
M204 S2000
M205 X30 Y30
G0 F3600 X79.428 Y59.164
M204 S500
M205 X10 Y10
G1 F1200 X77.758 Y60.834 E1298.82412
M204 S2000
M205 X30 Y30
G0 F3600 X77.051 Y60.834
M204 S500
M205 X10 Y10
G1 F1200 X78.721 Y59.164 E1298.94685
M204 S2000
M205 X30 Y30
G0 F3600 X78.014 Y59.164
M204 S500
M205 X10 Y10
G1 F1200 X76.344 Y60.834 E1299.06959
M204 S2000
M205 X30 Y30
G0 F3600 X75.637 Y60.834
M204 S500
M205 X10 Y10
G1 F1200 X77.307 Y59.164 E1299.19233
M204 S2000
M205 X30 Y30
G0 F3600 X76.6 Y59.164
M204 S500
M205 X10 Y10
G1 F1200 X74.929 Y60.834 E1299.3151
M204 S2000
M205 X30 Y30
G0 F3600 X74.222 Y60.834
M204 S500
M205 X10 Y10
G1 F1200 X75.893 Y59.164 E1299.43787
M204 S2000
M205 X30 Y30
G0 F3600 X75.185 Y59.164
M204 S500
M205 X10 Y10
G1 F1200 X73.515 Y60.834 E1299.56061
M204 S2000
M205 X30 Y30
G0 F3600 X72.808 Y60.834
M204 S500
M205 X10 Y10
G1 F1200 X74.478 Y59.164 E1299.68335
M204 S2000
M205 X30 Y30
G0 F3600 X73.771 Y59.164
M204 S500
M205 X10 Y10
G1 F1200 X72.101 Y60.834 E1299.80609
M204 S2000
M205 X30 Y30
G0 F3600 X71.394 Y60.834
M204 S500
M205 X10 Y10
G1 F1200 X73.064 Y59.164 E1299.92882
M204 S2000
M205 X30 Y30
G0 F3600 X72.357 Y59.164
M204 S500
M205 X10 Y10
G1 F1200 X70.687 Y60.834 E1300.05156
M204 S2000
M205 X30 Y30
G0 F3600 X69.98 Y60.834
M204 S500
M205 X10 Y10
G1 F1200 X71.65 Y59.164 E1300.1743
M204 S2000
M205 X30 Y30
G0 F3600 X70.943 Y59.164
M204 S500
M205 X10 Y10
G1 F1200 X69.273 Y60.834 E1300.29703
M204 S2000
M205 X30 Y30
G0 F3600 X68.566 Y60.834
M204 S500
M205 X10 Y10
G1 F1200 X70.236 Y59.164 E1300.41977
M204 S2000
M205 X30 Y30
G0 F3600 X69.529 Y59.164
M204 S500
M205 X10 Y10
G1 F1200 X67.858 Y60.834 E1300.54254
M204 S2000
M205 X30 Y30
G0 F3600 X67.151 Y60.834
M204 S500
M205 X10 Y10
G1 F1200 X68.821 Y59.164 E1300.66528
M204 S2000
M205 X30 Y30
G0 F3600 X68.114 Y59.164
M204 S500
M205 X10 Y10
G1 F1200 X66.444 Y60.834 E1300.78802
M204 S2000
M205 X30 Y30
G0 F3600 X65.737 Y60.834
M204 S500
M205 X10 Y10
G1 F1200 X67.407 Y59.164 E1300.91076
M204 S2000
M205 X30 Y30
G0 F3600 X66.7 Y59.164
M204 S500
M205 X10 Y10
G1 F1200 X65.03 Y60.834 E1301.03349
M204 S2000
M205 X30 Y30
G0 F3600 X64.323 Y60.834
M204 S500
M205 X10 Y10
G1 F1200 X65.993 Y59.164 E1301.15623
M204 S2000
M205 X30 Y30
G0 F3600 X65.286 Y59.164
M204 S500
M205 X10 Y10
G1 F1200 X63.616 Y60.834 E1301.27897
M204 S2000
M205 X30 Y30
G0 F3600 X62.909 Y60.834
M204 S500
M205 X10 Y10
G1 F1200 X64.579 Y59.164 E1301.4017
M204 S2000
M205 X30 Y30
G0 F3600 X63.872 Y59.164
M204 S500
M205 X10 Y10
G1 F1200 X62.202 Y60.834 E1301.52444
M204 S2000
M205 X30 Y30
G0 F3600 X61.494 Y60.834
M204 S500
M205 X10 Y10
G1 F1200 X63.165 Y59.164 E1301.64721
M204 S2000
M205 X30 Y30
G0 F3600 X62.458 Y59.164
M204 S500
M205 X10 Y10
G1 F1200 X60.787 Y60.834 E1301.76999
M204 S2000
M205 X30 Y30
G0 F3600 X60.08 Y60.834
M204 S500
M205 X10 Y10
G1 F1200 X61.75 Y59.164 E1301.89272
M204 S2000
M205 X30 Y30
G0 F3600 X61.043 Y59.164
M204 S500
M205 X10 Y10
G1 F1200 X59.373 Y60.834 E1302.01546
M204 S2000
M205 X30 Y30
G0 F3600 X58.666 Y60.834
M204 S500
M205 X10 Y10
G1 F1200 X60.336 Y59.164 E1302.1382
M204 S2000
M205 X30 Y30
G0 F3600 X59.629 Y59.164
M204 S500
M205 X10 Y10
G1 F1200 X57.959 Y60.834 E1302.26094
M204 S2000
M205 X30 Y30
G0 F3600 X57.252 Y60.834
M204 S500
M205 X10 Y10
G1 F1200 X58.922 Y59.164 E1302.38367
M204 S2000
M205 X30 Y30
G0 F3600 X58.215 Y59.164
M204 S500
M205 X10 Y10
G1 F1200 X56.545 Y60.834 E1302.50641
M204 S2000
M205 X30 Y30
G0 F3600 X55.838 Y60.834
M204 S500
M205 X10 Y10
G1 F1200 X57.508 Y59.164 E1302.62915
M204 S2000
M205 X30 Y30
G0 F3600 X56.801 Y59.164
M204 S500
M205 X10 Y10
G1 F1200 X55.13 Y60.834 E1302.75192
M204 S2000
M205 X30 Y30
G0 F3600 X54.423 Y60.834
M204 S500
M205 X10 Y10
G1 F1200 X56.094 Y59.164 E1302.87469
M204 S2000
M205 X30 Y30
G0 F3600 X55.386 Y59.164
M204 S500
M205 X10 Y10
G1 F1200 X53.716 Y60.834 E1302.99743
M204 S2000
M205 X30 Y30
G0 F3600 X53.009 Y60.834
M204 S500
M205 X10 Y10
G1 F1200 X54.679 Y59.164 E1303.12017
M204 S2000
M205 X30 Y30
G0 F3600 X53.972 Y59.164
M204 S500
M205 X10 Y10
G1 F1200 X52.302 Y60.834 E1303.24291
M204 S2000
M205 X30 Y30
G0 F3600 X51.595 Y60.834
M204 S500
M205 X10 Y10
G1 F1200 X53.265 Y59.164 E1303.36564
M204 S2000
M205 X30 Y30
G0 F3600 X52.558 Y59.164
M204 S500
M205 X10 Y10
G1 F1200 X50.888 Y60.834 E1303.48838
M204 S2000
M205 X30 Y30
G0 F3600 X50.181 Y60.834
M204 S500
M205 X10 Y10
G1 F1200 X51.851 Y59.164 E1303.61112
M204 S2000
M205 X30 Y30
G0 F3600 X51.144 Y59.164
M204 S500
M205 X10 Y10
G1 F1200 X49.474 Y60.834 E1303.73385
M204 S2000
M205 X30 Y30
G0 F3600 X48.767 Y60.834
M204 S500
M205 X10 Y10
G1 F1200 X50.437 Y59.164 E1303.85659
M204 S2000
M205 X30 Y30
G0 F3600 X49.73 Y59.164
M204 S500
M205 X10 Y10
G1 F1200 X48.059 Y60.834 E1303.97936
M204 S2000
M205 X30 Y30
G0 F3600 X47.352 Y60.834
M204 S500
M205 X10 Y10
G1 F1200 X49.023 Y59.164 E1304.10214
M204 S2000
M205 X30 Y30
G0 F3600 X48.315 Y59.164
M204 S500
M205 X10 Y10
G1 F1200 X46.645 Y60.834 E1304.22487
M204 S2000
M205 X30 Y30
G0 F3600 X45.938 Y60.834
M204 S500
M205 X10 Y10
G1 F1200 X47.608 Y59.164 E1304.34761
M204 S2000
M205 X30 Y30
G0 F3600 X46.901 Y59.164
M204 S500
M205 X10 Y10
G1 F1200 X45.231 Y60.834 E1304.47035
M204 S2000
M205 X30 Y30
G0 F3600 X44.524 Y60.834
M204 S500
M205 X10 Y10
G1 F1200 X46.194 Y59.164 E1304.59309
M204 S2000
M205 X30 Y30
G0 F3600 X45.487 Y59.164
M204 S500
M205 X10 Y10
G1 F1200 X43.817 Y60.834 E1304.71582
M204 S2000
M205 X30 Y30
G0 F3600 X43.11 Y60.834
M204 S500
M205 X10 Y10
G1 F1200 X44.78 Y59.164 E1304.83856
M204 S2000
M205 X30 Y30
G0 F3600 X44.073 Y59.164
M204 S500
M205 X10 Y10
G1 F1200 X42.403 Y60.834 E1304.9613
M204 S2000
M205 X30 Y30
G0 F3600 X41.695 Y60.834
M204 S500
M205 X10 Y10
G1 F1200 X43.366 Y59.164 E1305.08407
M204 S2000
M205 X30 Y30
G0 F3600 X42.659 Y59.164
M204 S500
M205 X10 Y10
G1 F1200 X40.988 Y60.834 E1305.20684
M204 S2000
M205 X30 Y30
G0 F3600 X40.281 Y60.834
M204 S500
M205 X10 Y10
G1 F1200 X41.951 Y59.164 E1305.32958
M204 S2000
M205 X30 Y30
G0 F3600 X41.244 Y59.164
M204 S500
M205 X10 Y10
G1 F1200 X39.574 Y60.834 E1305.45232
M204 S2000
M205 X30 Y30
G0 F3600 X38.867 Y60.834
M204 S500
M205 X10 Y10
G1 F1200 X40.537 Y59.164 E1305.57506
M204 S2000
M205 X30 Y30
G0 F3600 X39.83 Y59.164
M204 S500
M205 X10 Y10
G1 F1200 X38.16 Y60.834 E1305.69779
M204 S2000
M205 X30 Y30
G0 F3600 X37.453 Y60.834
M204 S500
M205 X10 Y10
G1 F1200 X39.123 Y59.164 E1305.82053
M204 S2000
M205 X30 Y30
G0 F3600 X38.416 Y59.164
M204 S500
M205 X10 Y10
G1 F1200 X36.746 Y60.834 E1305.94327
M204 S2000
M205 X30 Y30
G0 F3600 X36.039 Y60.834
M204 S500
M205 X10 Y10
G1 F1200 X37.709 Y59.164 E1306.066
M204 S2000
M205 X30 Y30
G0 F3600 X37.002 Y59.164
M204 S500
M205 X10 Y10
G1 F1200 X35.332 Y60.834 E1306.18874
M204 S2000
M205 X30 Y30
G0 F3600 X34.624 Y60.834
M204 S500
M205 X10 Y10
G1 F1200 X36.295 Y59.164 E1306.31151
M204 S2000
M205 X30 Y30
G0 F3600 X35.587 Y59.164
M204 S500
M205 X10 Y10
G1 F1200 X34.009 Y60.742 E1306.42749
M204 S2000
M205 X30 Y30
G0 F3600 X33.56 Y60.484
M204 S500
M205 X10 Y10
G1 F1200 X34.88 Y59.164 E1306.5245
M204 S2000
M205 X30 Y30
G0 F3600 X34.173 Y59.164
M204 S500
M205 X10 Y10
G1 F1200 X33.111 Y60.226 E1306.60256
G1 X32.899 Y60.438
M204 S2000
M205 X30 Y30
;MESH:NONMESH
G0 F600 X32.899 Y60.438 Z33.3
G0 F3600 X31.522 Y60.022
;TIME_ELAPSED:1768.854369
;LAYER:132
M204 S500
M205 X10 Y10
;TYPE:WALL-INNER
;MESH:temperaturetowerv2.stl
G1 F720 X31.478 Y60.022 E1306.60446
G1 X31.478 Y59.978 E1306.60637
G1 X31.522 Y59.978 E1306.60827
G1 X31.522 Y60.013 E1306.60979
G0 F1920 X31.522 Y60.022
M204 S2000
M205 X30 Y30
G0 F3600 X32.022 Y60.522
M204 S500
M205 X10 Y10
;TYPE:WALL-OUTER
G1 F600 X30.978 Y60.522 E1306.655
G1 X30.978 Y59.478 E1306.70021
G1 X32.022 Y59.478 E1306.74542
G1 X32.022 Y60.29 E1306.78058
G0 F960 X32.022 Y60.522
M204 S2000
M205 X30 Y30
G0 F3600 X31.772 Y60.522
G1 F2700 E1302.78058
G0 F3600 X31.513 Y60.013
G0 X32.937 Y59.992
G0 X34.86 Y59.992
G0 X36.275 Y59.991
G0 X38.251 Y58.775
M204 S500
M205 X10 Y10
;TYPE:WALL-INNER
G1 F2700 E1306.78058
G1 F720 X38.252 Y61.226 E1306.88673
G1 X36.775 Y61.225 E1306.95069
G1 X36.774 Y58.774 E1307.05683
G1 X37.851 Y58.775 E1307.10347
G0 F1920 X38.251 Y58.775
M204 S2000
M205 X30 Y30
G0 F3600 X38.751 Y58.275
M204 S500
M205 X10 Y10
G1 F720 X38.752 Y61.726 E1307.25292
G1 X36.275 Y61.725 E1307.36019
G1 X36.274 Y58.274 E1307.50964
G1 X38.239 Y58.275 E1307.59473
G0 F1920 X38.751 Y58.275
M204 S2000
M205 X30 Y30
G0 F3600 X39.251 Y57.775
M204 S500
M205 X10 Y10
;TYPE:WALL-OUTER
G1 F1200 X39.252 Y62.226 E1307.78749
G1 X35.775 Y62.225 E1307.93806
G1 X35.774 Y57.774 E1308.13081
G1 X38.739 Y57.775 E1308.25922
G0 F960 X39.251 Y57.775
M204 S2000
M205 X30 Y30
G0 F3600 X39.251 Y58.025
G0 X38.681 Y58.345
G0 X37.761 Y59.265
M204 S500
M205 X10 Y10
;TYPE:SKIN
G1 F600 X37.762 Y60.736 E1308.33566
G1 X37.265 Y60.735 E1308.36149
G1 X37.264 Y59.264 E1308.43794
G1 X37.579 Y59.265 E1308.45431
G0 F960 X37.761 Y59.265
M204 S2000
M205 X30 Y30
G1 F2700 E1304.45431
G0 F3600 X38.751 Y58.986
G0 X40.166 Y58.985
G0 X77.834 Y58.976
G0 X79.249 Y58.975
G0 X80.192 Y58.974
M204 S500
M205 X10 Y10
;TYPE:FILL
G1 F2700 E1308.45431
G1 F2400 X82.242 Y61.024 E1308.57986
G1 X82.454 Y61.236
M204 S2000
M205 X30 Y30
G0 F3600 X82.549 Y58.974
M204 S500
M205 X10 Y10
G1 F2400 X84.6 Y61.025 E1308.70547
G1 X84.812 Y61.237
M204 S2000
M205 X30 Y30
G0 F3600 X86.025 Y60.092
M204 S500
M205 X10 Y10
G1 F2400 X84.907 Y58.974 E1308.77394
G1 X84.695 Y58.762
M204 S2000
M205 X30 Y30
G0 F3600 X86.225 Y58.775
M204 S500
M205 X10 Y10
;TYPE:WALL-INNER
G1 F2400 X86.226 Y61.226 E1308.88008
G1 X79.749 Y61.225 E1309.16057
G1 X79.748 Y58.774 E1309.26671
G1 X85.713 Y58.775 E1309.52503
G0 F1920 X86.225 Y58.775
M204 S2000
M205 X30 Y30
G0 F3600 X86.725 Y58.275
M204 S500
M205 X10 Y10
G1 F2400 X86.726 Y61.726 E1309.67448
G1 X79.249 Y61.725 E1309.99828
G1 X79.248 Y58.274 E1310.14773
G1 X86.213 Y58.275 E1310.44935
G0 F1920 X86.725 Y58.275
M204 S2000
M205 X30 Y30
G0 F3600 X87.225 Y57.775
M204 S500
M205 X10 Y10
;TYPE:WALL-OUTER
G1 F1200 X87.226 Y62.226 E1310.6421
G1 X78.749 Y62.225 E1311.00921
G1 X78.748 Y57.774 E1311.20196
G1 X86.713 Y57.775 E1311.54689
G0 F960 X87.225 Y57.775
M204 S2000
M205 X30 Y30
G0 F3600 X87.225 Y58.025
G0 X86.225 Y58.627
G1 F2700 E1307.54689
;MESH:NONMESH
G0 F600 X86.225 Y58.627 Z33.55
G0 F3600 X79.249 Y60
G0 X77.834 Y60.001
G0 X40.154 Y56.872
G0 X34.871 Y56.871
G0 X32.937 Y60
G0 X31.502 Y60
G0 X31.982 Y60.482
;TIME_ELAPSED:1778.350596
;LAYER:133
M204 S500
M205 X10 Y10
;TYPE:WALL-OUTER
;MESH:temperaturetowerv2.stl
G1 F2700 E1311.54689
G1 F600 X31.018 Y60.482 E1311.58864
G1 X31.018 Y59.518 E1311.63038
G1 X31.982 Y59.518 E1311.67213
G1 X31.982 Y60.268 E1311.70461
G0 F960 X31.982 Y60.482
M204 S2000
M205 X30 Y30
G0 F3600 X31.732 Y60.482
G0 X31.482 Y59.982
G1 F2700 E1307.70461
G0 F3600 X32.897 Y59.532
G0 X34.61 Y59.532
G0 X36.025 Y59.531
G0 X38.517 Y58.525
M204 S500
M205 X10 Y10
;TYPE:WALL-INNER
G1 F2700 E1311.70461
G1 F720 X38.518 Y61.476 E1311.83241
G1 X36.525 Y61.475 E1311.91871
G1 X36.524 Y58.524 E1312.04651
G1 X38.005 Y58.525 E1312.11064
G0 F1920 X38.517 Y58.525
M204 S2000
M205 X30 Y30
G0 F3600 X39.017 Y58.025
M204 S500
M205 X10 Y10
G1 F720 X39.018 Y61.976 E1312.28175
G1 X36.025 Y61.975 E1312.41136
G1 X36.024 Y58.024 E1312.58246
G1 X38.505 Y58.025 E1312.6899
G0 F1920 X39.017 Y58.025
M204 S2000
M205 X30 Y30
G0 F3600 X39.517 Y57.525
M204 S500
M205 X10 Y10
;TYPE:WALL-OUTER
G1 F1200 X39.518 Y62.476 E1312.90431
G1 X35.525 Y62.475 E1313.07723
G1 X35.524 Y57.524 E1313.29164
G1 X39.005 Y57.525 E1313.44238
G0 F960 X39.517 Y57.525
M204 S2000
M205 X30 Y30
G0 F3600 X39.517 Y57.775
G0 X38.947 Y58.095
G0 X38.027 Y59.015
M204 S500
M205 X10 Y10
;TYPE:SKIN
G1 F600 X38.028 Y60.986 E1313.54481
G1 X37.015 Y60.985 E1313.59746
G1 X37.014 Y59.014 E1313.69989
G1 X37.731 Y59.015 E1313.73715
G0 F960 X38.027 Y59.015
M204 S2000
M205 X30 Y30
G0 F3600 X37.239 Y59.633
M204 S500
M205 X10 Y10
G1 F1200 X37.635 Y59.238 E1313.76622
M204 S2000
M205 X30 Y30
G0 F3600 X37.802 Y59.778
M204 S500
M205 X10 Y10
G1 F1200 X37.239 Y60.34 E1313.80756
M204 S2000
M205 X30 Y30
G0 F3600 X37.527 Y60.76
M204 S500
M205 X10 Y10
G1 F1200 X37.802 Y60.485 E1313.82777
M204 S2000
M205 X30 Y30
G1 F2700 E1309.82777
G0 F3600 X39.017 Y59.187
G0 X40.432 Y59.186
G0 X77.568 Y59.178
G0 X78.983 Y59.177
G0 X79.681 Y59.177
M204 S500
M205 X10 Y10
;TYPE:FILL
G1 F2700 E1313.82777
G1 F2400 X80.134 Y58.723 E1313.85554
M204 S2000
M205 X30 Y30
G0 F3600 X82.492 Y58.723
M204 S500
M205 X10 Y10
G1 F2400 X79.94 Y61.275 E1314.01184
G1 X79.728 Y61.487
M204 S2000
M205 X30 Y30
G0 F3600 X82.298 Y61.275
M204 S500
M205 X10 Y10
G1 F2400 X84.849 Y58.724 E1314.16807
G1 X85.061 Y58.512
M204 S2000
M205 X30 Y30
G0 F3600 X86.274 Y59.657
M204 S500
M205 X10 Y10
G1 F2400 X84.654 Y61.276 E1314.26725
G1 X84.442 Y61.488
M204 S2000
M205 X30 Y30
G0 F3600 X86.475 Y58.525
M204 S500
M205 X10 Y10
;TYPE:WALL-INNER
G1 F2400 X86.476 Y61.476 E1314.39505
G1 X79.483 Y61.475 E1314.69789
G1 X79.482 Y58.524 E1314.82568
G1 X85.963 Y58.525 E1315.10635
G0 F1920 X86.475 Y58.525
M204 S2000
M205 X30 Y30
G0 F3600 X86.975 Y58.025
M204 S500
M205 X10 Y10
G1 F2400 X86.976 Y61.976 E1315.27745
G1 X78.983 Y61.975 E1315.62359
G1 X78.982 Y58.024 E1315.79469
G1 X86.463 Y58.025 E1316.11866
G0 F1920 X86.975 Y58.025
M204 S2000
M205 X30 Y30
G0 F3600 X87.475 Y57.525
M204 S500
M205 X10 Y10
;TYPE:WALL-OUTER
G1 F1200 X87.476 Y62.476 E1316.33307
G1 X78.483 Y62.475 E1316.72252
G1 X78.482 Y57.524 E1316.93692
G1 X86.963 Y57.525 E1317.3042
G0 F960 X87.475 Y57.525
M204 S2000
M205 X30 Y30
G0 F3600 X87.475 Y57.775
G0 X86.475 Y58.377
G1 F2700 E1313.3042
;MESH:NONMESH
G0 F600 X86.475 Y58.377 Z33.8
G0 F3600 X78.983 Y60.371
G0 X77.568 Y60.372
G0 X40.421 Y63.379
G0 X34.622 Y63.378
G0 X32.897 Y60.371
G0 X31.962 Y60.371
G0 X31.942 Y60.442
;TIME_ELAPSED:1789.157776
;LAYER:134
M204 S500
M205 X10 Y10
;TYPE:WALL-OUTER
;MESH:temperaturetowerv2.stl
G1 F2700 E1317.3042
G1 F600 X31.058 Y60.442 E1317.34248
G1 X31.058 Y59.558 E1317.38076
G1 X31.942 Y59.558 E1317.41905
G1 X31.942 Y60.246 E1317.44884
G0 F960 X31.942 Y60.442
M204 S2000
M205 X30 Y30
G0 F3600 X31.692 Y60.442
G0 X31.442 Y59.942
G1 F2700 E1313.44884
G0 F3600 X32.857 Y60.428
G0 X34.535 Y60.428
G0 X35.97 Y60.428
G0 X38.581 Y61.55
M204 S500
M205 X10 Y10
;TYPE:WALL-INNER
G1 F2700 E1317.44884
G1 F720 X36.45 Y61.55 E1317.54112
G1 X36.45 Y58.45 E1317.67537
G1 X38.582 Y58.45 E1317.7677
G1 X38.581 Y61.038 E1317.87978
G0 F1920 X38.581 Y61.55
M204 S2000
M205 X30 Y30
G0 F3600 X39.081 Y62.05
M204 S500
M205 X10 Y10
G1 F720 X35.95 Y62.05 E1318.01537
G1 X35.95 Y57.95 E1318.19292
G1 X39.082 Y57.95 E1318.32855
G1 X39.081 Y61.538 E1318.48393
G0 F1920 X39.081 Y62.05
M204 S2000
M205 X30 Y30
G0 F3600 X39.581 Y62.55
M204 S500
M205 X10 Y10
;TYPE:WALL-OUTER
G1 F1200 X35.45 Y62.55 E1318.66283
G1 X35.45 Y57.45 E1318.88369
G1 X39.582 Y57.45 E1319.06263
G1 X39.581 Y62.038 E1319.26132
G0 F960 X39.581 Y62.55
M204 S2000
M205 X30 Y30
G0 F3600 X39.331 Y62.55
G0 X39.011 Y61.98
G0 X38.091 Y61.06
M204 S500
M205 X10 Y10
;TYPE:SKIN
G1 F600 X36.94 Y61.06 E1319.32113
G1 X36.94 Y58.94 E1319.43131
G1 X38.092 Y58.94 E1319.49117
G1 X38.091 Y60.661 E1319.58061
G0 F960 X38.091 Y61.06
M204 S2000
M205 X30 Y30
G0 F3600 X37.499 Y60.834
M204 S500
M205 X10 Y10
G1 F1200 X37.164 Y60.499 E1319.60523
M204 S2000
M205 X30 Y30
G0 F3600 X37.866 Y60.494
M204 S500
M205 X10 Y10
G1 F1200 X37.164 Y59.792 E1319.65683
M204 S2000
M205 X30 Y30
G0 F3600 X37.244 Y59.164
M204 S500
M205 X10 Y10
G1 F1200 X37.866 Y59.787 E1319.70258
M204 S2000
M205 X30 Y30
G1 F2700 E1315.70258
G0 F3600 X39.062 Y60.746
G0 X40.497 Y60.746
G0 X77.503 Y60.757
G0 X78.938 Y60.757
G0 X79.617 Y60.757
M204 S500
M205 X10 Y10
;TYPE:FILL
G1 F2700 E1319.70258
G1 F2400 X80.209 Y61.349 E1319.73883
M204 S2000
M205 X30 Y30
G0 F3600 X82.567 Y61.349
M204 S500
M205 X10 Y10
G1 F2400 X79.867 Y58.65 E1319.90416
G1 X79.655 Y58.438
M204 S2000
M205 X30 Y30
G0 F3600 X82.225 Y58.65
M204 S500
M205 X10 Y10
G1 F2400 X84.924 Y61.349 E1320.06946
G1 X85.136 Y61.561
M204 S2000
M205 X30 Y30
G0 F3600 X86.349 Y60.416
M204 S500
M205 X10 Y10
G1 F2400 X84.582 Y58.65 E1320.17764
G1 X84.37 Y58.438
M204 S2000
M205 X30 Y30
G0 F3600 X86.55 Y61.55
M204 S500
M205 X10 Y10
;TYPE:WALL-INNER
G1 F2400 X79.418 Y61.55 E1320.4865
G1 X79.419 Y58.45 E1320.62075
G1 X86.55 Y58.45 E1320.92956
G1 X86.55 Y61.038 E1321.04164
G0 F1920 X86.55 Y61.55
M204 S2000
M205 X30 Y30
G0 F3600 X87.05 Y62.05
M204 S500
M205 X10 Y10
G1 F2400 X78.918 Y62.05 E1321.3938
G1 X78.919 Y57.95 E1321.57135
G1 X87.05 Y57.95 E1321.92347
G1 X87.05 Y61.538 E1322.07885
G0 F1920 X87.05 Y62.05
M204 S2000
M205 X30 Y30
G0 F3600 X87.55 Y62.55
M204 S500
M205 X10 Y10
;TYPE:WALL-OUTER
G1 F1200 X78.418 Y62.55 E1322.47432
G1 X78.419 Y57.45 E1322.69518
G1 X87.55 Y57.45 E1323.0906
G1 X87.55 Y62.038 E1323.28929
G0 F960 X87.55 Y62.55
M204 S2000
M205 X30 Y30
G0 F3600 X87.3 Y62.55
G0 X86.55 Y61.697
G1 F2700 E1319.28929
;MESH:NONMESH
G0 F600 X86.55 Y61.697 Z34.05
G0 F3600 X78.938 Y60.355
G0 X77.503 Y60.355
G0 X40.484 Y63.453
G0 X34.547 Y63.453
G0 X32.857 Y60.355
G0 X31.922 Y60.355
G0 X31.903 Y60.403
;TIME_ELAPSED:1800.217792
;LAYER:135
M204 S500
M205 X10 Y10
;TYPE:WALL-OUTER
;MESH:temperaturetowerv2.stl
G1 F2700 E1323.28929
G1 F600 X31.097 Y60.403 E1323.3242
G1 X31.097 Y59.597 E1323.3591
G1 X31.903 Y59.597 E1323.394
G1 X31.903 Y60.224 E1323.42116
G0 F960 X31.903 Y60.403
M204 S2000
M205 X30 Y30
G0 F3600 X31.653 Y60.403
G0 X31.403 Y59.903
G1 F2700 E1319.42116
G0 F3600 X32.818 Y60.389
G0 X34.535 Y60.389
G0 X35.97 Y60.389
G0 X38.608 Y61.55
M204 S500
M205 X10 Y10
;TYPE:WALL-INNER
G1 F2700 E1323.42116
G1 F720 X36.45 Y61.55 E1323.51461
G1 X36.45 Y58.45 E1323.64886
G1 X38.609 Y58.45 E1323.74236
G1 X38.608 Y61.038 E1323.85443
G0 F1920 X38.608 Y61.55
M204 S2000
M205 X30 Y30
G0 F3600 X39.108 Y62.05
M204 S500
M205 X10 Y10
G1 F720 X35.95 Y62.05 E1323.99119
G1 X35.95 Y57.95 E1324.16874
G1 X39.109 Y57.95 E1324.30555
G1 X39.108 Y61.538 E1324.46093
G0 F1920 X39.108 Y62.05
M204 S2000
M205 X30 Y30
G0 F3600 X39.608 Y62.55
M204 S500
M205 X10 Y10
;TYPE:WALL-OUTER
G1 F1200 X35.45 Y62.55 E1324.64099
G1 X35.45 Y57.45 E1324.86185
G1 X39.609 Y57.45 E1325.04196
G1 X39.608 Y62.038 E1325.24065
G0 F960 X39.608 Y62.55
M204 S2000
M205 X30 Y30
G0 F3600 X39.358 Y62.55
G0 X39.038 Y61.98
G0 X38.118 Y61.06
M204 S500
M205 X10 Y10
;TYPE:SKIN
G1 F600 X36.94 Y61.06 E1325.30187
G1 X36.94 Y58.94 E1325.41204
G1 X38.119 Y58.94 E1325.47331
G1 X38.118 Y60.659 E1325.56265
G0 F960 X38.118 Y61.06
M204 S2000
M205 X30 Y30
G0 F3600 X37.453 Y60.834
M204 S500
M205 X10 Y10
G1 F1200 X37.893 Y60.394 E1325.59499
M204 S2000
M205 X30 Y30
G0 F3600 X37.893 Y59.686
M204 S500
M205 X10 Y10
G1 F1200 X37.164 Y60.415 E1325.64856
M204 S2000
M205 X30 Y30
G0 F3600 X37.164 Y59.708
M204 S500
M205 X10 Y10
G1 F1200 X37.709 Y59.164 E1325.68858
M204 S2000
M205 X30 Y30
G1 F2700 E1321.68858
G0 F3600 X39.089 Y59.256
G0 X40.524 Y59.256
G0 X77.476 Y59.267
G0 X78.911 Y59.267
G0 X79.591 Y59.267
M204 S500
M205 X10 Y10
;TYPE:FILL
G1 F2700 E1325.68858
G1 F2400 X80.209 Y58.649 E1325.72643
M204 S2000
M205 X30 Y30
G0 F3600 X82.566 Y58.649
M204 S500
M205 X10 Y10
G1 F2400 X79.866 Y61.349 E1325.89179
G1 X79.654 Y61.561
M204 S2000
M205 X30 Y30
G0 F3600 X82.223 Y61.349
M204 S500
M205 X10 Y10
G1 F2400 X84.924 Y58.649 E1326.05718
G1 X85.136 Y58.437
M204 S2000
M205 X30 Y30
G0 F3600 X86.349 Y59.582
M204 S500
M205 X10 Y10
G1 F2400 X84.581 Y61.349 E1326.16542
G1 X84.369 Y61.561
M204 S2000
M205 X30 Y30
G0 F3600 X86.55 Y61.55
M204 S500
M205 X10 Y10
;TYPE:WALL-INNER
G1 F2400 X79.391 Y61.55 E1326.47545
G1 X79.392 Y58.45 E1326.6097
G1 X86.55 Y58.45 E1326.91968
G1 X86.55 Y61.038 E1327.03175
G0 F1920 X86.55 Y61.55
M204 S2000
M205 X30 Y30
G0 F3600 X87.05 Y62.05
M204 S500
M205 X10 Y10
G1 F2400 X78.891 Y62.05 E1327.38509
G1 X78.892 Y57.95 E1327.56264
G1 X87.05 Y57.95 E1327.91593
G1 X87.05 Y61.538 E1328.07131
G0 F1920 X87.05 Y62.05
M204 S2000
M205 X30 Y30
G0 F3600 X87.55 Y62.55
M204 S500
M205 X10 Y10
;TYPE:WALL-OUTER
G1 F1200 X78.391 Y62.55 E1328.46795
G1 X78.392 Y57.45 E1328.68881
G1 X87.55 Y57.45 E1329.0854
G1 X87.55 Y62.038 E1329.28409
G0 F960 X87.55 Y62.55
M204 S2000
M205 X30 Y30
G0 F3600 X87.3 Y62.55
G0 X86.55 Y61.697
G1 F2700 E1325.28409
;MESH:NONMESH
G0 F600 X86.55 Y61.697 Z34.3
G0 F3600 X78.911 Y60.316
G0 X77.476 Y60.316
G0 X40.511 Y63.453
G0 X34.547 Y63.453
G0 X32.818 Y60.316
G0 X31.883 Y60.316
G0 X31.863 Y60.363
;TIME_ELAPSED:1811.248605
;LAYER:136
M204 S500
M205 X10 Y10
;TYPE:WALL-OUTER
;MESH:temperaturetowerv2.stl
G1 F2700 E1329.28409
G1 F600 X31.137 Y60.363 E1329.31553
G1 X31.137 Y59.637 E1329.34697
G1 X31.863 Y59.637 E1329.37841
G1 X31.863 Y60.202 E1329.40287
G0 F960 X31.863 Y60.363
M204 S2000
M205 X30 Y30
G0 F3600 X31.613 Y60.363
G0 X31.613 Y60.137
G1 F2700 E1325.40287
G0 F3600 X32.778 Y60.349
G0 X34.535 Y60.349
G0 X35.97 Y60.349
G0 X38.642 Y61.55
M204 S500
M205 X10 Y10
;TYPE:WALL-INNER
G1 F2700 E1329.40287
G1 F720 X36.45 Y61.55 E1329.4978
G1 X36.45 Y58.45 E1329.63205
G1 X38.643 Y58.45 E1329.72702
G1 X38.642 Y61.038 E1329.83909
G0 F1920 X38.642 Y61.55
M204 S2000
M205 X30 Y30
G0 F3600 X39.142 Y62.05
M204 S500
M205 X10 Y10
G1 F720 X35.95 Y62.05 E1329.97732
G1 X35.95 Y57.95 E1330.15488
G1 X39.143 Y57.95 E1330.29315
G1 X39.142 Y61.538 E1330.44853
G0 F1920 X39.142 Y62.05
M204 S2000
M205 X30 Y30
G0 F3600 X39.642 Y62.55
M204 S500
M205 X10 Y10
;TYPE:WALL-OUTER
G1 F1200 X35.45 Y62.55 E1330.63007
G1 X35.45 Y57.45 E1330.85093
G1 X39.643 Y57.45 E1331.03251
G1 X39.642 Y62.038 E1331.2312
G0 F960 X39.642 Y62.55
M204 S2000
M205 X30 Y30
G0 F3600 X39.392 Y62.55
G0 X39.072 Y61.98
G0 X38.152 Y61.06
M204 S500
M205 X10 Y10
;TYPE:SKIN
G1 F600 X36.94 Y61.06 E1331.29418
G1 X36.94 Y58.94 E1331.40436
G1 X38.153 Y58.94 E1331.4674
G1 X38.152 Y60.657 E1331.55663
G0 F960 X38.152 Y61.06
M204 S2000
M205 X30 Y30
G0 F3600 X37.499 Y60.834
M204 S500
M205 X10 Y10
G1 F1200 X37.164 Y60.499 E1331.58125
M204 S2000
M205 X30 Y30
G0 F3600 X37.164 Y59.792
M204 S500
M205 X10 Y10
G1 F1200 X37.927 Y60.555 E1331.63733
M204 S2000
M205 X30 Y30
G0 F3600 X37.928 Y59.848
M204 S500
M205 X10 Y10
G1 F1200 X37.244 Y59.164 E1331.6876
M204 S2000
M205 X30 Y30
G1 F2700 E1327.6876
G0 F3600 X39.123 Y60.685
G0 X40.558 Y60.685
G0 X77.442 Y60.696
G0 X78.877 Y60.696
G0 X79.556 Y60.696
M204 S500
M205 X10 Y10
;TYPE:FILL
G1 F2700 E1331.6876
G1 F2400 X80.209 Y61.349 E1331.72759
M204 S2000
M205 X30 Y30
G0 F3600 X82.567 Y61.349
M204 S500
M205 X10 Y10
G1 F2400 X79.867 Y58.65 E1331.89292
G1 X79.655 Y58.438
M204 S2000
M205 X30 Y30
G0 F3600 X82.225 Y58.65
M204 S500
M205 X10 Y10
G1 F2400 X84.924 Y61.349 E1332.05821
G1 X85.136 Y61.561
M204 S2000
M205 X30 Y30
G0 F3600 X86.349 Y60.416
M204 S500
M205 X10 Y10
G1 F2400 X84.582 Y58.65 E1332.1664
G1 X84.37 Y58.438
M204 S2000
M205 X30 Y30
G0 F3600 X86.55 Y61.55
M204 S500
M205 X10 Y10
;TYPE:WALL-INNER
G1 F2400 X79.357 Y61.55 E1332.4779
G1 X79.358 Y58.45 E1332.61214
G1 X86.55 Y58.45 E1332.9236
G1 X86.55 Y61.038 E1333.03567
G0 F1920 X86.55 Y61.55
M204 S2000
M205 X30 Y30
G0 F3600 X87.05 Y62.05
M204 S500
M205 X10 Y10
G1 F2400 X78.857 Y62.05 E1333.39048
G1 X78.858 Y57.95 E1333.56803
G1 X87.05 Y57.95 E1333.92279
G1 X87.05 Y61.538 E1334.07817
G0 F1920 X87.05 Y62.05
M204 S2000
M205 X30 Y30
G0 F3600 X87.55 Y62.55
M204 S500
M205 X10 Y10
;TYPE:WALL-OUTER
G1 F1200 X78.357 Y62.55 E1334.47628
G1 X78.358 Y57.45 E1334.69714
G1 X87.55 Y57.45 E1335.09521
G1 X87.55 Y62.038 E1335.2939
G0 F960 X87.55 Y62.55
M204 S2000
M205 X30 Y30
G0 F3600 X87.3 Y62.55
G0 X86.55 Y61.697
G1 F2700 E1331.2939
;MESH:NONMESH
G0 F600 X86.55 Y61.697 Z34.55
G0 F3600 X78.877 Y60.276
G0 X77.442 Y60.276
G0 X40.545 Y63.453
G0 X34.547 Y63.453
G0 X32.778 Y60.276
G0 X31.843 Y60.276
G0 X31.824 Y60.324
;TIME_ELAPSED:1822.312771
;LAYER:137
M204 S500
M205 X10 Y10
;TYPE:WALL-OUTER
;MESH:temperaturetowerv2.stl
G1 F2700 E1335.2939
G1 F600 X31.176 Y60.324 E1335.32196
G1 X31.176 Y59.676 E1335.35002
G1 X31.824 Y59.676 E1335.37808
G1 X31.824 Y60.18 E1335.39991
G0 F960 X31.824 Y60.324
M204 S2000
M205 X30 Y30
G0 F3600 X31.574 Y60.324
G0 X31.574 Y60.176
G1 F2700 E1331.39991
G0 F3600 X32.739 Y59.773
G0 X34.535 Y59.773
G0 X35.97 Y59.773
G0 X36.65 Y59.773
M204 S500
M205 X10 Y10
;TYPE:FILL
G1 F2700 E1335.39991
G1 F2400 X37.774 Y58.649 E1335.46875
G1 X37.986 Y58.437
M204 S2000
M205 X30 Y30
G0 F3600 X38.485 Y60.295
M204 S500
M205 X10 Y10
G1 F2400 X37.432 Y61.349 E1335.53327
G1 X37.22 Y61.561
M204 S2000
M205 X30 Y30
G0 F3600 X38.685 Y61.55
M204 S500
M205 X10 Y10
;TYPE:WALL-INNER
G1 F720 X36.45 Y61.55 E1335.63005
G1 X36.45 Y58.45 E1335.7643
G1 X38.686 Y58.45 E1335.86113
G1 X38.685 Y61.038 E1335.97321
G0 F1920 X38.685 Y61.55
M204 S2000
M205 X30 Y30
G0 F3600 X39.185 Y62.05
M204 S500
M205 X10 Y10
G1 F720 X35.95 Y62.05 E1336.1133
G1 X35.95 Y57.95 E1336.29086
G1 X39.186 Y57.95 E1336.43099
G1 X39.185 Y61.538 E1336.58637
G0 F1920 X39.185 Y62.05
M204 S2000
M205 X30 Y30
G0 F3600 X39.685 Y62.55
M204 S500
M205 X10 Y10
;TYPE:WALL-OUTER
G1 F1200 X35.45 Y62.55 E1336.76977
G1 X35.45 Y57.45 E1336.99063
G1 X39.686 Y57.45 E1337.17408
G1 X39.685 Y62.038 E1337.37276
G0 F960 X39.685 Y62.55
M204 S2000
M205 X30 Y30
G0 F3600 X39.435 Y62.55
G0 X38.832 Y61.55
G1 F2700 E1333.37276
G0 F3600 X39.166 Y59.333
G0 X40.601 Y59.333
G0 X77.399 Y59.344
G0 X78.834 Y59.344
G0 X79.514 Y59.344
M204 S500
M205 X10 Y10
;TYPE:FILL
G1 F2700 E1337.37276
G1 F2400 X80.208 Y58.65 E1337.41527
M204 S2000
M205 X30 Y30
G0 F3600 X82.566 Y58.65
M204 S500
M205 X10 Y10
G1 F2400 X79.866 Y61.349 E1337.58059
G1 X79.654 Y61.561
M204 S2000
M205 X30 Y30
G0 F3600 X82.223 Y61.349
M204 S500
M205 X10 Y10
G1 F2400 X84.923 Y58.65 E1337.74592
G1 X85.135 Y58.438
M204 S2000
M205 X30 Y30
G0 F3600 X86.349 Y59.582
M204 S500
M205 X10 Y10
G1 F2400 X84.581 Y61.349 E1337.85417
G1 X84.369 Y61.561
M204 S2000
M205 X30 Y30
G0 F3600 X86.55 Y61.55
M204 S500
M205 X10 Y10
;TYPE:WALL-INNER
G1 F2400 X79.314 Y61.55 E1338.16753
G1 X79.315 Y58.45 E1338.30178
G1 X86.55 Y58.45 E1338.61509
G1 X86.55 Y61.038 E1338.72717
G0 F1920 X86.55 Y61.55
M204 S2000
M205 X30 Y30
G0 F3600 X87.05 Y62.05
M204 S500
M205 X10 Y10
G1 F2400 X78.814 Y62.05 E1339.08384
G1 X78.815 Y57.95 E1339.26139
G1 X87.05 Y57.95 E1339.61801
G1 X87.05 Y61.538 E1339.77339
G0 F1920 X87.05 Y62.05
M204 S2000
M205 X30 Y30
G0 F3600 X87.55 Y62.55
M204 S500
M205 X10 Y10
;TYPE:WALL-OUTER
G1 F1200 X78.314 Y62.55 E1340.17336
G1 X78.315 Y57.45 E1340.39422
G1 X87.55 Y57.45 E1340.79415
G1 X87.55 Y62.038 E1340.99284
G0 F960 X87.55 Y62.55
M204 S2000
M205 X30 Y30
G0 F3600 X87.3 Y62.55
G0 X86.55 Y61.697
G1 F2700 E1336.99284
;MESH:NONMESH
G0 F600 X86.55 Y61.697 Z34.8
G0 F3600 X78.834 Y60.237
G0 X77.399 Y60.237
G0 X40.588 Y63.453
G0 X34.547 Y63.453
G0 X32.739 Y60.237
G0 X31.804 Y60.237
G0 X31.784 Y60.284
;TIME_ELAPSED:1832.625592
;LAYER:138
M204 S500
M205 X10 Y10
;TYPE:WALL-OUTER
;MESH:temperaturetowerv2.stl
G1 F2700 E1340.99284
G1 F600 X31.216 Y60.284 E1341.01744
G1 X31.216 Y59.716 E1341.04203
G1 X31.784 Y59.716 E1341.06663
G1 X31.784 Y60.158 E1341.08577
G0 F960 X31.784 Y60.284
M204 S2000
M205 X30 Y30
G0 F3600 X31.534 Y60.284
G0 X31.534 Y60.216
G1 F2700 E1337.08577
G0 F3600 X31.534 Y60.184
G0 X32.699 Y60.224
G0 X34.535 Y60.224
G0 X35.97 Y60.224
G0 X36.65 Y60.224
M204 S500
M205 X10 Y10
;TYPE:FILL
G1 F2700 E1341.08577
G1 F2400 X37.774 Y61.349 E1341.15464
G1 X37.986 Y61.561
M204 S2000
M205 X30 Y30
G0 F3600 X38.538 Y59.755
M204 S500
M205 X10 Y10
G1 F2400 X37.432 Y58.649 E1341.22238
G1 X37.22 Y58.437
M204 S2000
M205 X30 Y30
G0 F3600 X38.737 Y61.55
M204 S500
M205 X10 Y10
;TYPE:WALL-INNER
G1 F720 X36.45 Y61.55 E1341.32142
G1 X36.45 Y58.45 E1341.45566
G1 X38.738 Y58.45 E1341.55475
G1 X38.737 Y61.038 E1341.66682
G0 F1920 X38.737 Y61.55
M204 S2000
M205 X30 Y30
G0 F3600 X39.237 Y62.05
M204 S500
M205 X10 Y10
G1 F720 X35.95 Y62.05 E1341.80917
G1 X35.95 Y57.95 E1341.98672
G1 X39.238 Y57.95 E1342.12911
G1 X39.237 Y61.538 E1342.28449
G0 F1920 X39.237 Y62.05
M204 S2000
M205 X30 Y30
G0 F3600 X39.737 Y62.55
M204 S500
M205 X10 Y10
;TYPE:WALL-OUTER
G1 F1200 X35.45 Y62.55 E1342.47014
G1 X35.45 Y57.45 E1342.691
G1 X39.738 Y57.45 E1342.8767
G1 X39.737 Y62.038 E1343.07539
G0 F960 X39.737 Y62.55
M204 S2000
M205 X30 Y30
G0 F3600 X39.487 Y62.55
G0 X38.884 Y61.55
G1 F2700 E1339.07539
G0 F3600 X39.218 Y60.59
G0 X40.653 Y60.59
G0 X77.348 Y60.59
G0 X78.783 Y60.59
G0 X79.461 Y60.601
M204 S500
M205 X10 Y10
;TYPE:FILL
G1 F2700 E1343.07539
G1 F2400 X80.209 Y61.349 E1343.1212
G1 X80.421 Y61.561
M204 S2000
M205 X30 Y30
G0 F3600 X82.567 Y61.349
M204 S500
M205 X10 Y10
G1 F2400 X79.867 Y58.65 E1343.28652
G1 X79.655 Y58.438
M204 S2000
M205 X30 Y30
G0 F3600 X82.225 Y58.65
M204 S500
M205 X10 Y10
G1 F2400 X84.924 Y61.349 E1343.45182
G1 X85.136 Y61.561
M204 S2000
M205 X30 Y30
G0 F3600 X86.349 Y60.416
M204 S500
M205 X10 Y10
G1 F2400 X84.582 Y58.65 E1343.56001
G1 X84.37 Y58.438
M204 S2000
M205 X30 Y30
G0 F3600 X86.55 Y61.55
M204 S500
M205 X10 Y10
;TYPE:WALL-INNER
G1 F2400 X79.263 Y61.55 E1343.87557
G1 X79.263 Y58.45 E1344.00982
G1 X86.55 Y58.45 E1344.32539
G1 X86.55 Y61.038 E1344.43747
G0 F1920 X86.55 Y61.55
M204 S2000
M205 X30 Y30
G0 F3600 X87.05 Y62.05
M204 S500
M205 X10 Y10
G1 F2400 X78.763 Y62.05 E1344.79634
G1 X78.763 Y57.95 E1344.97389
G1 X87.05 Y57.95 E1345.33277
G1 X87.05 Y61.538 E1345.48815
G0 F1920 X87.05 Y62.05
M204 S2000
M205 X30 Y30
G0 F3600 X87.55 Y62.55
M204 S500
M205 X10 Y10
;TYPE:WALL-OUTER
G1 F1200 X78.263 Y62.55 E1345.89033
G1 X78.263 Y57.45 E1346.11119
G1 X87.55 Y57.45 E1346.51337
G1 X87.55 Y62.038 E1346.71206
G0 F960 X87.55 Y62.55
M204 S2000
M205 X30 Y30
G0 F3600 X87.3 Y62.55
G0 X86.55 Y61.697
G1 F2700 E1342.71206
;MESH:NONMESH
G0 F600 X86.55 Y61.697 Z35.05
G0 F3600 X78.783 Y60.184
G0 X77.348 Y60.184
G0 X40.64 Y63.453
G0 X34.547 Y63.453
G0 X32.699 Y60.184
G0 X31.764 Y60.184
G0 X31.744 Y60.244
;TIME_ELAPSED:1842.983715
;LAYER:139
M204 S500
M205 X10 Y10
;TYPE:WALL-OUTER
;MESH:temperaturetowerv2.stl
G1 F2700 E1346.71206
G1 F600 X31.256 Y60.244 E1346.73319
G1 X31.256 Y59.756 E1346.75432
G1 X31.744 Y59.756 E1346.77546
G1 X31.744 Y60.136 E1346.79191
G0 F960 X31.744 Y60.244
M204 S2000
M205 X30 Y30
G0 F3600 X31.494 Y60.244
G1 F2700 E1342.79191
G0 F3600 X31.494 Y60.144
G0 X32.659 Y59.773
G0 X34.535 Y59.773
G0 X35.97 Y59.773
G0 X36.65 Y59.773
M204 S500
M205 X10 Y10
;TYPE:FILL
G1 F2700 E1346.79191
G1 F2400 X37.774 Y58.649 E1346.86075
G1 X37.986 Y58.437
M204 S2000
M205 X30 Y30
G0 F3600 X38.598 Y60.182
M204 S500
M205 X10 Y10
G1 F2400 X37.432 Y61.349 E1346.93219
G1 X37.22 Y61.561
M204 S2000
M205 X30 Y30
G0 F3600 X38.799 Y61.55
M204 S500
M205 X10 Y10
;TYPE:WALL-INNER
G1 F720 X36.45 Y61.55 E1347.03392
G1 X36.45 Y58.45 E1347.16816
G1 X38.799 Y58.45 E1347.26989
G1 X38.799 Y61.038 E1347.38196
G0 F1920 X38.799 Y61.55
M204 S2000
M205 X30 Y30
G0 F3600 X39.299 Y62.05
M204 S500
M205 X10 Y10
G1 F720 X35.95 Y62.05 E1347.527
G1 X35.95 Y57.95 E1347.70455
G1 X39.299 Y57.95 E1347.84958
G1 X39.299 Y61.538 E1348.00496
G0 F1920 X39.299 Y62.05
M204 S2000
M205 X30 Y30
G0 F3600 X39.799 Y62.55
M204 S500
M205 X10 Y10
;TYPE:WALL-OUTER
G1 F1200 X35.45 Y62.55 E1348.1933
G1 X35.45 Y57.45 E1348.41416
G1 X39.799 Y57.45 E1348.60249
G1 X39.799 Y62.038 E1348.80118
G0 F960 X39.799 Y62.55
M204 S2000
M205 X30 Y30
G0 F3600 X39.549 Y62.55
G0 X38.799 Y61.697
G1 F2700 E1344.80118
G0 F3600 X39.279 Y59.458
G0 X40.714 Y59.458
G0 X77.286 Y59.458
G0 X78.721 Y59.458
G0 X79.4 Y59.458
M204 S500
M205 X10 Y10
;TYPE:FILL
G1 F2700 E1348.80118
G1 F2400 X80.209 Y58.649 E1348.85073
G1 X80.421 Y58.437
M204 S2000
M205 X30 Y30
G0 F3600 X82.566 Y58.649
M204 S500
M205 X10 Y10
G1 F2400 X79.866 Y61.349 E1349.01608
G1 X79.654 Y61.561
M204 S2000
M205 X30 Y30
G0 F3600 X82.223 Y61.349
M204 S500
M205 X10 Y10
G1 F2400 X84.924 Y58.649 E1349.18147
G1 X85.136 Y58.437
M204 S2000
M205 X30 Y30
G0 F3600 X86.349 Y59.582
M204 S500
M205 X10 Y10
G1 F2400 X84.581 Y61.349 E1349.28972
G1 X84.369 Y61.561
M204 S2000
M205 X30 Y30
G0 F3600 X86.55 Y61.55
M204 S500
M205 X10 Y10
;TYPE:WALL-INNER
G1 F2400 X79.201 Y61.55 E1349.60797
G1 X79.201 Y58.45 E1349.74222
G1 X86.55 Y58.45 E1350.06048
G1 X86.55 Y61.038 E1350.17255
G0 F1920 X86.55 Y61.55
M204 S2000
M205 X30 Y30
G0 F3600 X87.05 Y62.05
M204 S500
M205 X10 Y10
G1 F2400 X78.701 Y62.05 E1350.53411
G1 X78.701 Y57.95 E1350.71166
G1 X87.05 Y57.95 E1351.07322
G1 X87.05 Y61.538 E1351.2286
G0 F1920 X87.05 Y62.05
M204 S2000
M205 X30 Y30
G0 F3600 X87.55 Y62.55
M204 S500
M205 X10 Y10
;TYPE:WALL-OUTER
G1 F1200 X78.201 Y62.55 E1351.63347
G1 X78.201 Y57.45 E1351.85433
G1 X87.55 Y57.45 E1352.25919
G1 X87.55 Y62.038 E1352.45788
G0 F960 X87.55 Y62.55
M204 S2000
M205 X30 Y30
G0 F3600 X87.3 Y62.55
G0 X86.55 Y61.697
G1 F2700 E1348.45788
;MESH:NONMESH
G0 F600 X86.55 Y61.697 Z35.3
G0 F3600 X78.721 Y60.144
G0 X77.286 Y60.144
G0 X40.702 Y63.453
G0 X34.547 Y63.453
G0 X32.659 Y60.144
G0 X31.724 Y60.144
G0 X31.705 Y60.205
;TIME_ELAPSED:1853.314359
;LAYER:140
M204 S500
M205 X10 Y10
;TYPE:WALL-OUTER
;MESH:temperaturetowerv2.stl
G1 F2700 E1352.45788
G1 F600 X31.295 Y60.205 E1352.47564
G1 X31.295 Y59.795 E1352.49339
G1 X31.705 Y59.795 E1352.51115
G1 X31.705 Y60.114 E1352.52496
G0 F960 X31.705 Y60.205
M204 S2000
M205 X30 Y30
G0 F3600 X31.455 Y60.205
G1 F2700 E1348.52496
G0 F3600 X31.455 Y60.105
G0 X32.62 Y60.191
G0 X34.535 Y60.191
G0 X35.97 Y60.191
G0 X36.65 Y60.224
M204 S500
M205 X10 Y10
;TYPE:FILL
G1 F2700 E1352.52496
G1 F2400 X37.774 Y61.349 E1352.59383
G1 X37.986 Y61.561
M204 S2000
M205 X30 Y30
G0 F3600 X38.669 Y59.886
M204 S500
M205 X10 Y10
G1 F2400 X37.432 Y58.649 E1352.66959
G1 X37.22 Y58.437
M204 S2000
M205 X30 Y30
G0 F3600 X38.869 Y61.55
M204 S500
M205 X10 Y10
;TYPE:WALL-INNER
G1 F720 X36.45 Y61.55 E1352.77434
G1 X36.45 Y58.45 E1352.90859
G1 X38.869 Y58.45 E1353.01335
G1 X38.869 Y61.038 E1353.12542
G0 F1920 X38.869 Y61.55
M204 S2000
M205 X30 Y30
G0 F3600 X39.369 Y62.05
M204 S500
M205 X10 Y10
G1 F720 X35.95 Y62.05 E1353.27349
G1 X35.95 Y57.95 E1353.45104
G1 X39.369 Y57.95 E1353.5991
G1 X39.369 Y61.538 E1353.75448
G0 F1920 X39.369 Y62.05
M204 S2000
M205 X30 Y30
G0 F3600 X39.869 Y62.55
M204 S500
M205 X10 Y10
;TYPE:WALL-OUTER
G1 F1200 X35.45 Y62.55 E1353.94585
G1 X35.45 Y57.45 E1354.16671
G1 X39.869 Y57.45 E1354.35808
G1 X39.869 Y62.038 E1354.55677
G0 F960 X39.869 Y62.55
M204 S2000
M205 X30 Y30
G0 F3600 X39.619 Y62.55
G0 X38.869 Y61.697
G1 F2700 E1350.55677
G0 F3600 X39.349 Y60.47
G0 X40.784 Y60.47
G0 X77.216 Y60.47
G0 X78.651 Y60.47
G0 X79.33 Y60.47
M204 S500
M205 X10 Y10
;TYPE:FILL
G1 F2700 E1354.55677
G1 F2400 X80.209 Y61.349 E1354.6106
G1 X80.421 Y61.561
M204 S2000
M205 X30 Y30
G0 F3600 X82.567 Y61.349
M204 S500
M205 X10 Y10
G1 F2400 X79.867 Y58.65 E1354.77593
G1 X79.655 Y58.438
M204 S2000
M205 X30 Y30
G0 F3600 X82.225 Y58.65
M204 S500
M205 X10 Y10
G1 F2400 X84.924 Y61.349 E1354.94122
G1 X85.136 Y61.561
M204 S2000
M205 X30 Y30
G0 F3600 X86.349 Y60.416
M204 S500
M205 X10 Y10
G1 F2400 X84.582 Y58.65 E1355.04941
G1 X84.37 Y58.438
M204 S2000
M205 X30 Y30
G0 F3600 X86.55 Y61.55
M204 S500
M205 X10 Y10
;TYPE:WALL-INNER
G1 F2400 X79.131 Y61.55 E1355.37069
G1 X79.131 Y58.45 E1355.50494
G1 X86.55 Y58.45 E1355.82623
G1 X86.55 Y61.038 E1355.9383
G0 F1920 X86.55 Y61.55
M204 S2000
M205 X30 Y30
G0 F3600 X87.05 Y62.05
M204 S500
M205 X10 Y10
G1 F2400 X78.631 Y62.05 E1356.30289
G1 X78.631 Y57.95 E1356.48045
G1 X87.05 Y57.95 E1356.84504
G1 X87.05 Y61.538 E1357.00042
G0 F1920 X87.05 Y62.05
M204 S2000
M205 X30 Y30
G0 F3600 X87.55 Y62.55
M204 S500
M205 X10 Y10
;TYPE:WALL-OUTER
G1 F1200 X78.131 Y62.55 E1357.40832
G1 X78.131 Y57.45 E1357.62917
G1 X87.55 Y57.45 E1358.03707
G1 X87.55 Y62.038 E1358.23576
G0 F960 X87.55 Y62.55
M204 S2000
M205 X30 Y30
G0 F3600 X87.3 Y62.55
G0 X86.55 Y61.697
G1 F2700 E1354.23576
;MESH:NONMESH
G0 F600 X86.55 Y61.697 Z35.55
G0 F3600 X78.651 Y60.105
G0 X77.216 Y60.105
G0 X40.772 Y63.453
G0 X34.547 Y63.453
G0 X32.62 Y60.105
G0 X31.685 Y60.105
G0 X31.665 Y60.165
;TIME_ELAPSED:1863.705473
;LAYER:141
M204 S500
M205 X10 Y10
;TYPE:WALL-OUTER
;MESH:temperaturetowerv2.stl
G1 F2700 E1358.23576
G1 F600 X31.335 Y60.165 E1358.25005
G1 X31.335 Y59.835 E1358.26434
G1 X31.665 Y59.835 E1358.27863
G1 X31.665 Y60.092 E1358.28976
G0 F960 X31.665 Y60.165
M204 S2000
M205 X30 Y30
G0 F3600 X31.415 Y60.165
G1 F2700 E1354.28976
G0 F3600 X31.435 Y60.065
G0 X32.58 Y59.849
G0 X34.535 Y59.849
G0 X35.97 Y59.849
G0 X36.65 Y59.773
M204 S500
M205 X10 Y10
;TYPE:FILL
G1 F2700 E1358.28976
G1 F2400 X37.774 Y58.649 E1358.3586
G1 X37.986 Y58.437
M204 S2000
M205 X30 Y30
G0 F3600 X38.747 Y60.034
M204 S500
M205 X10 Y10
G1 F2400 X37.432 Y61.349 E1358.43913
G1 X37.22 Y61.561
M204 S2000
M205 X30 Y30
G0 F3600 X38.947 Y61.55
M204 S500
M205 X10 Y10
;TYPE:WALL-INNER
G1 F720 X36.45 Y61.55 E1358.54727
G1 X36.45 Y58.45 E1358.68152
G1 X38.947 Y58.45 E1358.78965
G1 X38.947 Y61.038 E1358.90173
G0 F1920 X38.947 Y61.55
M204 S2000
M205 X30 Y30
G0 F3600 X39.447 Y62.05
M204 S500
M205 X10 Y10
G1 F720 X35.95 Y62.05 E1359.05317
G1 X35.95 Y57.95 E1359.23072
G1 X39.447 Y57.95 E1359.38216
G1 X39.447 Y61.538 E1359.53754
G0 F1920 X39.447 Y62.05
M204 S2000
M205 X30 Y30
G0 F3600 X39.947 Y62.55
M204 S500
M205 X10 Y10
;TYPE:WALL-OUTER
G1 F1200 X35.45 Y62.55 E1359.73229
G1 X35.45 Y57.45 E1359.95315
G1 X39.947 Y57.45 E1360.14789
G1 X39.947 Y62.038 E1360.34658
G0 F960 X39.947 Y62.55
M204 S2000
M205 X30 Y30
G0 F3600 X39.697 Y62.55
G0 X38.947 Y61.697
G1 F2700 E1356.34658
G0 F3600 X39.427 Y59.606
G0 X40.862 Y59.606
G0 X77.138 Y59.606
G0 X78.573 Y59.606
G0 X79.252 Y59.606
M204 S500
M205 X10 Y10
;TYPE:FILL
G1 F2700 E1360.34658
G1 F2400 X80.208 Y58.65 E1360.40513
G1 X80.42 Y58.438
M204 S2000
M205 X30 Y30
G0 F3600 X82.566 Y58.65
M204 S500
M205 X10 Y10
G1 F2400 X79.866 Y61.349 E1360.57045
G1 X79.654 Y61.561
M204 S2000
M205 X30 Y30
G0 F3600 X82.223 Y61.349
M204 S500
M205 X10 Y10
G1 F2400 X84.923 Y58.65 E1360.73578
G1 X85.135 Y58.438
M204 S2000
M205 X30 Y30
G0 F3600 X86.349 Y59.582
M204 S500
M205 X10 Y10
G1 F2400 X84.581 Y61.349 E1360.84403
G1 X84.369 Y61.561
M204 S2000
M205 X30 Y30
G0 F3600 X86.55 Y61.55
M204 S500
M205 X10 Y10
;TYPE:WALL-INNER
G1 F2400 X79.053 Y61.55 E1361.16869
G1 X79.053 Y58.45 E1361.30294
G1 X86.55 Y58.45 E1361.6276
G1 X86.55 Y61.038 E1361.73968
G0 F1920 X86.55 Y61.55
M204 S2000
M205 X30 Y30
G0 F3600 X87.05 Y62.05
M204 S500
M205 X10 Y10
G1 F2400 X78.553 Y62.05 E1362.10765
G1 X78.553 Y57.95 E1362.2852
G1 X87.05 Y57.95 E1362.65317
G1 X87.05 Y61.538 E1362.80855
G0 F1920 X87.05 Y62.05
M204 S2000
M205 X30 Y30
G0 F3600 X87.55 Y62.55
M204 S500
M205 X10 Y10
;TYPE:WALL-OUTER
G1 F1200 X78.053 Y62.55 E1363.21982
G1 X78.053 Y57.45 E1363.44068
G1 X87.55 Y57.45 E1363.85196
G1 X87.55 Y62.038 E1364.05065
G0 F960 X87.55 Y62.55
M204 S2000
M205 X30 Y30
G0 F3600 X87.3 Y62.55
G0 X86.55 Y61.697
G1 F2700 E1360.05065
;MESH:NONMESH
G0 F600 X86.55 Y61.697 Z35.8
G0 F3600 X78.573 Y60.065
G0 X77.138 Y60.065
G0 X40.85 Y63.453
G0 X34.547 Y63.453
G0 X32.58 Y60.065
G0 X31.645 Y60.065
G0 X31.626 Y60.126
;TIME_ELAPSED:1874.075392
;LAYER:142
M204 S500
M205 X10 Y10
;TYPE:WALL-OUTER
;MESH:temperaturetowerv2.stl
G1 F2700 E1364.05065
G1 F600 X31.374 Y60.126 E1364.06156
G1 X31.374 Y59.874 E1364.07247
G1 X31.626 Y59.874 E1364.08338
G1 X31.626 Y60.07 E1364.09187
G0 F960 X31.626 Y60.126
M204 S2000
M205 X30 Y30
G0 F3600 X31.376 Y60.126
G1 F2700 E1360.09187
G0 F3600 X31.474 Y60.026
G0 X32.541 Y60.112
G0 X34.535 Y60.112
G0 X35.97 Y60.112
G0 X36.65 Y60.224
M204 S500
M205 X10 Y10
;TYPE:FILL
G1 F2700 E1364.09187
G1 F2400 X37.774 Y61.349 E1364.16074
G1 X37.986 Y61.561
M204 S2000
M205 X30 Y30
G0 F3600 X38.836 Y60.053
M204 S500
M205 X10 Y10
G1 F2400 X37.432 Y58.649 E1364.24673
G1 X37.22 Y58.437
M204 S2000
M205 X30 Y30
G0 F3600 X39.036 Y61.55
M204 S500
M205 X10 Y10
;TYPE:WALL-INNER
G1 F720 X36.45 Y61.55 E1364.35872
G1 X36.45 Y58.45 E1364.49296
G1 X39.036 Y58.45 E1364.60495
G1 X39.036 Y61.038 E1364.71703
G0 F1920 X39.036 Y61.55
M204 S2000
M205 X30 Y30
G0 F3600 X39.536 Y62.05
M204 S500
M205 X10 Y10
G1 F720 X35.95 Y62.05 E1364.87232
G1 X35.95 Y57.95 E1365.04987
G1 X39.536 Y57.95 E1365.20517
G1 X39.536 Y61.538 E1365.36055
G0 F1920 X39.536 Y62.05
M204 S2000
M205 X30 Y30
G0 F3600 X40.036 Y62.55
M204 S500
M205 X10 Y10
;TYPE:WALL-OUTER
G1 F1200 X35.45 Y62.55 E1365.55915
G1 X35.45 Y57.45 E1365.78001
G1 X40.036 Y57.45 E1365.97861
G1 X40.036 Y62.038 E1366.1773
G0 F960 X40.036 Y62.55
M204 S2000
M205 X30 Y30
G0 F3600 X39.786 Y62.55
G0 X39.036 Y61.697
G1 F2700 E1362.1773
G0 F3600 X39.516 Y60.303
G0 X40.951 Y60.303
G0 X77.049 Y60.303
G0 X78.484 Y60.303
G0 X79.163 Y60.303
M204 S500
M205 X10 Y10
;TYPE:FILL
G1 F2700 E1366.1773
G1 F2400 X80.209 Y61.349 E1366.24136
G1 X80.421 Y61.561
M204 S2000
M205 X30 Y30
G0 F3600 X82.567 Y61.349
M204 S500
M205 X10 Y10
G1 F2400 X79.867 Y58.65 E1366.40668
G1 X79.655 Y58.438
M204 S2000
M205 X30 Y30
G0 F3600 X82.225 Y58.65
M204 S500
M205 X10 Y10
G1 F2400 X84.924 Y61.349 E1366.57198
G1 X85.136 Y61.561
M204 S2000
M205 X30 Y30
G0 F3600 X86.349 Y60.416
M204 S500
M205 X10 Y10
G1 F2400 X84.582 Y58.65 E1366.68017
G1 X84.37 Y58.438
M204 S2000
M205 X30 Y30
G0 F3600 X86.55 Y61.55
M204 S500
M205 X10 Y10
;TYPE:WALL-INNER
G1 F2400 X78.964 Y61.55 E1367.00868
G1 X78.964 Y58.45 E1367.14293
G1 X86.55 Y58.45 E1367.47145
G1 X86.55 Y61.038 E1367.58352
G0 F1920 X86.55 Y61.55
M204 S2000
M205 X30 Y30
G0 F3600 X87.05 Y62.05
M204 S500
M205 X10 Y10
G1 F2400 X78.464 Y62.05 E1367.95535
G1 X78.464 Y57.95 E1368.1329
G1 X87.05 Y57.95 E1368.50472
G1 X87.05 Y61.538 E1368.66011
G0 F1920 X87.05 Y62.05
M204 S2000
M205 X30 Y30
G0 F3600 X87.55 Y62.55
M204 S500
M205 X10 Y10
;TYPE:WALL-OUTER
G1 F1200 X77.964 Y62.55 E1369.07523
G1 X77.964 Y57.45 E1369.29609
G1 X87.55 Y57.45 E1369.71122
G1 X87.55 Y62.038 E1369.90991
G0 F960 X87.55 Y62.55
M204 S2000
M205 X30 Y30
G0 F3600 X87.3 Y62.55
G0 X86.55 Y61.697
G1 F2700 E1365.90991
;MESH:NONMESH
G0 F600 X86.55 Y61.697 Z36.05
G0 F3600 X78.484 Y60.026
G0 X77.049 Y60.026
G0 X40.939 Y63.453
G0 X34.547 Y63.453
G0 X32.541 Y60.026
G0 X31.606 Y60.026
G0 X31.586 Y60.086
;TIME_ELAPSED:1884.522965
;LAYER:143
M204 S500
M205 X10 Y10
;TYPE:WALL-OUTER
;MESH:temperaturetowerv2.stl
G1 F2700 E1369.90991
G1 F600 X31.414 Y60.086 E1369.91736
G1 X31.414 Y59.914 E1369.92481
G1 X31.586 Y59.914 E1369.93225
G1 X31.586 Y60.048 E1369.93806
G0 F960 X31.586 Y60.086
M204 S2000
M205 X30 Y30
G0 F3600 X31.414 Y60.086
G0 X31.414 Y60.008
G1 F2700 E1365.93806
G0 F3600 X31.486 Y60.008
G0 X32.501 Y59.928
G0 X34.535 Y59.928
G0 X35.97 Y59.928
G0 X36.65 Y59.773
M204 S500
M205 X10 Y10
;TYPE:FILL
G1 F2700 E1369.93806
G1 F2400 X37.774 Y58.649 E1370.0069
G1 X37.986 Y58.437
M204 S2000
M205 X30 Y30
G0 F3600 X38.935 Y59.845
M204 S500
M205 X10 Y10
G1 F2400 X37.432 Y61.349 E1370.09897
G1 X37.22 Y61.561
M204 S2000
M205 X30 Y30
G0 F3600 X39.135 Y61.55
M204 S500
M205 X10 Y10
;TYPE:WALL-INNER
G1 F720 X36.45 Y61.55 E1370.21525
G1 X36.45 Y58.45 E1370.3495
G1 X39.135 Y58.45 E1370.46577
G1 X39.135 Y61.038 E1370.57785
G0 F1920 X39.135 Y61.55
M204 S2000
M205 X30 Y30
G0 F3600 X39.635 Y62.05
M204 S500
M205 X10 Y10
G1 F720 X35.95 Y62.05 E1370.73743
G1 X35.95 Y57.95 E1370.91498
G1 X39.635 Y57.95 E1371.07457
G1 X39.635 Y61.538 E1371.22995
G0 F1920 X39.635 Y62.05
M204 S2000
M205 X30 Y30
G0 F3600 X40.135 Y62.55
M204 S500
M205 X10 Y10
;TYPE:WALL-OUTER
G1 F1200 X35.45 Y62.55 E1371.43283
G1 X35.45 Y57.45 E1371.65369
G1 X40.135 Y57.45 E1371.85658
G1 X40.135 Y62.038 E1372.05527
G0 F960 X40.135 Y62.55
M204 S2000
M205 X30 Y30
G0 F3600 X39.885 Y62.55
G0 X39.135 Y61.697
G1 F2700 E1368.05527
G0 F3600 X39.615 Y59.794
G0 X41.05 Y59.794
G0 X76.95 Y59.794
G0 X78.385 Y59.794
G0 X79.064 Y59.794
M204 S500
M205 X10 Y10
;TYPE:FILL
G1 F2700 E1372.05527
G1 F2400 X80.208 Y58.65 E1372.12533
G1 X80.42 Y58.438
M204 S2000
M205 X30 Y30
G0 F3600 X82.566 Y58.65
M204 S500
M205 X10 Y10
G1 F2400 X79.866 Y61.349 E1372.29066
G1 X79.654 Y61.561
M204 S2000
M205 X30 Y30
G0 F3600 X82.223 Y61.349
M204 S500
M205 X10 Y10
G1 F2400 X84.923 Y58.65 E1372.45598
G1 X85.135 Y58.438
M204 S2000
M205 X30 Y30
G0 F3600 X86.349 Y59.582
M204 S500
M205 X10 Y10
G1 F2400 X84.581 Y61.349 E1372.56423
G1 X84.369 Y61.561
M204 S2000
M205 X30 Y30
G0 F3600 X86.55 Y61.55
M204 S500
M205 X10 Y10
;TYPE:WALL-INNER
G1 F2400 X78.865 Y61.55 E1372.89704
G1 X78.865 Y58.45 E1373.03129
G1 X86.55 Y58.45 E1373.36409
G1 X86.55 Y61.038 E1373.47617
G0 F1920 X86.55 Y61.55
M204 S2000
M205 X30 Y30
G0 F3600 X87.05 Y62.05
M204 S500
M205 X10 Y10
G1 F2400 X78.365 Y62.05 E1373.85228
G1 X78.365 Y57.95 E1374.02983
G1 X87.05 Y57.95 E1374.40594
G1 X87.05 Y61.538 E1374.56132
G0 F1920 X87.05 Y62.05
M204 S2000
M205 X30 Y30
G0 F3600 X87.55 Y62.55
M204 S500
M205 X10 Y10
;TYPE:WALL-OUTER
G1 F1200 X77.865 Y62.55 E1374.98074
G1 X77.865 Y57.45 E1375.2016
G1 X87.55 Y57.45 E1375.62101
G1 X87.55 Y62.038 E1375.8197
G0 F960 X87.55 Y62.55
M204 S2000
M205 X30 Y30
G0 F3600 X87.3 Y62.55
G0 X86.55 Y61.697
G1 F2700 E1371.8197
;MESH:NONMESH
G0 F600 X86.55 Y61.697 Z36.3
G0 F3600 X78.385 Y59.986
G0 X76.95 Y59.986
G0 X41.038 Y56.547
G0 X34.547 Y56.547
G0 X32.501 Y59.986
G0 X31.566 Y59.986
G0 X31.546 Y60.046
;TIME_ELAPSED:1894.956078
;LAYER:144
M204 S500
M205 X10 Y10
;TYPE:WALL-OUTER
;MESH:temperaturetowerv2.stl
G1 F2700 E1375.8197
G1 F600 X31.454 Y60.046 E1375.82368
G1 X31.454 Y59.954 E1375.82767
G1 X31.546 Y59.954 E1375.83165
G1 X31.546 Y60.026 E1375.83477
G0 F960 X31.546 Y60.046
M204 S2000
M205 X30 Y30
G0 F3600 X31.454 Y60.046
G0 X31.454 Y59.954
G0 X31.52 Y59.954
G1 F2700 E1371.83477
G0 F3600 X31.504 Y59.996
G0 X32.461 Y60.032
G0 X34.535 Y60.032
G0 X35.97 Y60.032
G0 X36.65 Y60.224
M204 S500
M205 X10 Y10
;TYPE:FILL
G1 F2700 E1375.83477
G1 F2400 X37.774 Y61.349 E1375.90364
G1 X37.986 Y61.561
M204 S2000
M205 X30 Y30
G0 F3600 X39.045 Y60.262
M204 S500
M205 X10 Y10
G1 F2400 X37.432 Y58.649 E1376.00242
G1 X37.22 Y58.437
M204 S2000
M205 X30 Y30
G0 F3600 X39.245 Y61.55
M204 S500
M205 X10 Y10
;TYPE:WALL-INNER
G1 F720 X36.45 Y61.55 E1376.12346
G1 X36.45 Y58.45 E1376.25771
G1 X39.245 Y58.45 E1376.37875
G1 X39.245 Y61.038 E1376.49082
G0 F1920 X39.245 Y61.55
M204 S2000
M205 X30 Y30
G0 F3600 X39.745 Y62.05
M204 S500
M205 X10 Y10
G1 F2400 X35.95 Y62.05 E1376.65517
G1 X35.95 Y57.95 E1376.83272
G1 X39.745 Y57.95 E1376.99707
G1 X39.745 Y61.538 E1377.15245
G0 F1920 X39.745 Y62.05
M204 S2000
M205 X30 Y30
G0 F3600 X40.245 Y62.55
M204 S500
M205 X10 Y10
;TYPE:WALL-OUTER
G1 F1200 X35.45 Y62.55 E1377.3601
G1 X35.45 Y57.45 E1377.58096
G1 X40.245 Y57.45 E1377.78861
G1 X40.245 Y62.038 E1377.9873
G0 F960 X40.245 Y62.55
M204 S2000
M205 X30 Y30
G0 F3600 X39.995 Y62.55
G0 X39.245 Y61.697
G1 F2700 E1373.9873
G0 F3600 X39.725 Y60.094
G0 X41.16 Y60.094
G0 X76.84 Y60.094
G0 X78.275 Y60.094
G0 X78.954 Y60.094
M204 S500
M205 X10 Y10
;TYPE:FILL
G1 F2700 E1377.9873
G1 F2400 X80.209 Y61.349 E1378.06416
G1 X80.421 Y61.561
M204 S2000
M205 X30 Y30
G0 F3600 X82.567 Y61.349
M204 S500
M205 X10 Y10
G1 F2400 X79.867 Y58.65 E1378.22949
G1 X79.655 Y58.438
M204 S2000
M205 X30 Y30
G0 F3600 X82.225 Y58.65
M204 S500
M205 X10 Y10
G1 F2400 X84.924 Y61.349 E1378.39478
G1 X85.136 Y61.561
M204 S2000
M205 X30 Y30
G0 F3600 X86.349 Y60.416
M204 S500
M205 X10 Y10
G1 F2400 X84.582 Y58.65 E1378.50297
G1 X84.37 Y58.438
M204 S2000
M205 X30 Y30
G0 F3600 X86.55 Y61.55
M204 S500
M205 X10 Y10
;TYPE:WALL-INNER
G1 F2400 X78.755 Y61.55 E1378.84054
G1 X78.755 Y58.45 E1378.97478
G1 X86.55 Y58.45 E1379.31235
G1 X86.55 Y61.038 E1379.42443
G0 F1920 X86.55 Y61.55
M204 S2000
M205 X30 Y30
G0 F3600 X87.05 Y62.05
M204 S500
M205 X10 Y10
G1 F2400 X78.255 Y62.05 E1379.8053
G1 X78.255 Y57.95 E1379.98286
G1 X87.05 Y57.95 E1380.36373
G1 X87.05 Y61.538 E1380.51911
G0 F1920 X87.05 Y62.05
M204 S2000
M205 X30 Y30
G0 F3600 X87.55 Y62.55
M204 S500
M205 X10 Y10
;TYPE:WALL-OUTER
G1 F1200 X77.755 Y62.55 E1380.94329
G1 X77.755 Y57.45 E1381.16415
G1 X87.55 Y57.45 E1381.58833
G1 X87.55 Y62.038 E1381.78702
G0 F960 X87.55 Y62.55
M204 S2000
M205 X30 Y30
G0 F3600 X87.3 Y62.55
G0 X86.55 Y61.697
G1 F2700 E1377.78702
;MESH:NONMESH
G0 F600 X86.55 Y61.697 Z36.55
G0 F3600 X78.275 Y58.648
G0 X76.84 Y58.648
G0 X41.16 Y58.648
G0 X39.725 Y58.648
G0 X37.775 Y58.648
;TIME_ELAPSED:1904.606906
;LAYER:145
M204 S500
M205 X10 Y10
;TYPE:FILL
;MESH:temperaturetowerv2.stl
G1 F2700 E1381.78702
G1 F2400 X36.65 Y59.773 E1381.85591
G1 X36.438 Y59.985
M204 S2000
M205 X30 Y30
G0 F3600 X37.432 Y61.349
M204 S500
M205 X10 Y10
G1 F2400 X39.164 Y59.616 E1381.96202
G1 X39.376 Y59.404
M204 S2000
M205 X30 Y30
G0 F3600 X39.365 Y61.55
M204 S500
M205 X10 Y10
;TYPE:WALL-INNER
G1 F720 X36.45 Y61.55 E1382.08826
G1 X36.45 Y58.45 E1382.2225
G1 X39.365 Y58.45 E1382.34874
G1 X39.365 Y61.038 E1382.46081
G0 F1920 X39.365 Y61.55
M204 S2000
M205 X30 Y30
G0 F3600 X39.865 Y62.05
M204 S500
M205 X10 Y10
G1 F2400 X35.95 Y62.05 E1382.63036
G1 X35.95 Y57.95 E1382.80791
G1 X39.865 Y57.95 E1382.97745
G1 X39.865 Y61.538 E1383.13283
G0 F1920 X39.865 Y62.05
M204 S2000
M205 X30 Y30
G0 F3600 X40.365 Y62.55
M204 S500
M205 X10 Y10
;TYPE:WALL-OUTER
G1 F1200 X35.45 Y62.55 E1383.34568
G1 X35.45 Y57.45 E1383.56654
G1 X40.365 Y57.45 E1383.77939
G1 X40.365 Y62.038 E1383.97807
G0 F960 X40.365 Y62.55
M204 S2000
M205 X30 Y30
G0 F3600 X40.115 Y62.55
G0 X39.365 Y61.697
G1 F2700 E1379.97807
G0 F3600 X39.845 Y60.024
G0 X41.28 Y60.024
G0 X76.72 Y60.024
G0 X78.155 Y60.024
G0 X78.833 Y60.024
M204 S500
M205 X10 Y10
;TYPE:FILL
G1 F2700 E1383.97807
G1 F2400 X80.208 Y58.65 E1384.06225
G1 X80.42 Y58.438
M204 S2000
M205 X30 Y30
G0 F3600 X82.566 Y58.65
M204 S500
M205 X10 Y10
G1 F2400 X79.866 Y61.349 E1384.22758
G1 X79.654 Y61.561
M204 S2000
M205 X30 Y30
G0 F3600 X82.223 Y61.349
M204 S500
M205 X10 Y10
G1 F2400 X84.923 Y58.65 E1384.39291
G1 X85.135 Y58.438
M204 S2000
M205 X30 Y30
G0 F3600 X86.349 Y59.582
M204 S500
M205 X10 Y10
G1 F2400 X84.581 Y61.349 E1384.50116
G1 X84.369 Y61.561
M204 S2000
M205 X30 Y30
G0 F3600 X86.55 Y61.55
M204 S500
M205 X10 Y10
;TYPE:WALL-INNER
G1 F2400 X78.635 Y61.55 E1384.84392
G1 X78.635 Y58.45 E1384.97817
G1 X86.55 Y58.45 E1385.32093
G1 X86.55 Y61.038 E1385.43301
G0 F1920 X86.55 Y61.55
M204 S2000
M205 X30 Y30
G0 F3600 X87.05 Y62.05
M204 S500
M205 X10 Y10
G1 F2400 X78.135 Y62.05 E1385.81908
G1 X78.135 Y57.95 E1385.99663
G1 X87.05 Y57.95 E1386.3827
G1 X87.05 Y61.538 E1386.53808
G0 F1920 X87.05 Y62.05
M204 S2000
M205 X30 Y30
G0 F3600 X87.55 Y62.55
M204 S500
M205 X10 Y10
;TYPE:WALL-OUTER
G1 F1200 X77.635 Y62.55 E1386.96746
G1 X77.635 Y57.45 E1387.18832
G1 X87.55 Y57.45 E1387.6177
G1 X87.55 Y62.038 E1387.81638
G0 F960 X87.55 Y62.55
M204 S2000
M205 X30 Y30
G0 F3600 X87.3 Y62.55
G0 X86.55 Y61.697
G1 F2700 E1383.81638
;MESH:NONMESH
G0 F600 X86.55 Y61.697 Z36.8
G0 F3600 X78.155 Y58.649
G0 X76.72 Y58.649
G0 X41.28 Y58.649
G0 X39.845 Y58.649
G0 X37.432 Y58.649
;TIME_ELAPSED:1913.824130
;LAYER:146
M204 S500
M205 X10 Y10
;TYPE:FILL
;MESH:temperaturetowerv2.stl
G1 F2700 E1387.81638
G1 F2400 X39.297 Y60.514 E1387.9306
G1 X39.509 Y60.726
M204 S2000
M205 X30 Y30
G0 F3600 X37.774 Y61.349
M204 S500
M205 X10 Y10
G1 F2400 X36.65 Y60.224 E1387.99947
G1 X36.438 Y60.012
M204 S2000
M205 X30 Y30
G0 F3600 X39.497 Y61.55
M204 S500
M205 X10 Y10
;TYPE:WALL-INNER
G1 F720 X36.45 Y61.55 E1388.13142
G1 X36.45 Y58.45 E1388.26567
G1 X39.497 Y58.45 E1388.39762
G1 X39.497 Y61.038 E1388.5097
G0 F1920 X39.497 Y61.55
M204 S2000
M205 X30 Y30
G0 F3600 X39.997 Y62.05
M204 S500
M205 X10 Y10
G1 F2400 X35.95 Y62.05 E1388.68496
G1 X35.95 Y57.95 E1388.86251
G1 X39.997 Y57.95 E1389.03777
G1 X39.997 Y61.538 E1389.19315
G0 F1920 X39.997 Y62.05
M204 S2000
M205 X30 Y30
G0 F3600 X40.497 Y62.55
M204 S500
M205 X10 Y10
;TYPE:WALL-OUTER
G1 F1200 X35.45 Y62.55 E1389.41171
G1 X35.45 Y57.45 E1389.63257
G1 X40.497 Y57.45 E1389.85114
G1 X40.497 Y62.038 E1390.04982
G0 F960 X40.497 Y62.55
M204 S2000
M205 X30 Y30
G0 F3600 X40.247 Y62.55
G0 X39.497 Y61.697
G1 F2700 E1386.04982
G0 F3600 X39.977 Y59.842
G0 X41.412 Y59.842
G0 X76.588 Y59.842
G0 X78.023 Y59.842
G0 X78.702 Y59.842
M204 S500
M205 X10 Y10
;TYPE:FILL
G1 F2700 E1390.04982
G1 F2400 X80.209 Y61.349 E1390.14212
G1 X80.421 Y61.561
M204 S2000
M205 X30 Y30
G0 F3600 X82.567 Y61.349
M204 S500
M205 X10 Y10
G1 F2400 X79.867 Y58.65 E1390.30744
G1 X79.655 Y58.438
M204 S2000
M205 X30 Y30
G0 F3600 X82.225 Y58.65
M204 S500
M205 X10 Y10
G1 F2400 X84.924 Y61.349 E1390.47274
G1 X85.136 Y61.561
M204 S2000
M205 X30 Y30
G0 F3600 X86.349 Y60.416
M204 S500
M205 X10 Y10
G1 F2400 X84.582 Y58.65 E1390.58093
G1 X84.37 Y58.438
M204 S2000
M205 X30 Y30
G0 F3600 X86.55 Y61.55
M204 S500
M205 X10 Y10
;TYPE:WALL-INNER
G1 F2400 X78.503 Y61.55 E1390.92941
G1 X78.503 Y58.45 E1391.06366
G1 X86.55 Y58.45 E1391.41214
G1 X86.55 Y61.038 E1391.52421
G0 F1920 X86.55 Y61.55
M204 S2000
M205 X30 Y30
G0 F3600 X87.05 Y62.05
M204 S500
M205 X10 Y10
G1 F2400 X78.003 Y62.05 E1391.916
G1 X78.003 Y57.95 E1392.09355
G1 X87.05 Y57.95 E1392.48534
G1 X87.05 Y61.538 E1392.64072
G0 F1920 X87.05 Y62.05
M204 S2000
M205 X30 Y30
G0 F3600 X87.55 Y62.55
M204 S500
M205 X10 Y10
;TYPE:WALL-OUTER
G1 F1200 X77.503 Y62.55 E1393.07581
G1 X77.503 Y57.45 E1393.29667
G1 X87.55 Y57.45 E1393.73177
G1 X87.55 Y62.038 E1393.93045
G0 F960 X87.55 Y62.55
M204 S2000
M205 X30 Y30
G0 F3600 X87.3 Y62.55
G0 X86.55 Y61.697
G1 F2700 E1389.93045
;MESH:NONMESH
G0 F600 X86.55 Y61.697 Z37.05
G0 F3600 X78.023 Y58.649
G0 X76.588 Y58.649
G0 X41.412 Y58.649
G0 X39.977 Y58.649
G0 X37.774 Y58.649
;TIME_ELAPSED:1923.166670
;LAYER:147
M204 S500
M205 X10 Y10
;TYPE:FILL
;MESH:temperaturetowerv2.stl
G1 F2700 E1393.93045
G1 F2400 X36.65 Y59.773 E1393.99929
G1 X36.438 Y59.985
M204 S2000
M205 X30 Y30
G0 F3600 X37.432 Y61.349
M204 S500
M205 X10 Y10
G1 F2400 X39.44 Y59.341 E1394.12227
G1 X39.652 Y59.129
M204 S2000
M205 X30 Y30
G0 F3600 X39.64 Y61.55
M204 S500
M205 X10 Y10
;TYPE:WALL-INNER
G1 F720 X36.45 Y61.55 E1394.26041
G1 X36.45 Y58.45 E1394.39466
G1 X39.64 Y58.45 E1394.53281
G1 X39.64 Y61.038 E1394.64488
G0 F1920 X39.64 Y61.55
M204 S2000
M205 X30 Y30
G0 F3600 X40.14 Y62.05
M204 S500
M205 X10 Y10
G1 F2400 X35.95 Y62.05 E1394.82633
G1 X35.95 Y57.95 E1395.00389
G1 X40.14 Y57.95 E1395.18534
G1 X40.14 Y61.538 E1395.34072
G0 F1920 X40.14 Y62.05
M204 S2000
M205 X30 Y30
G0 F3600 X40.64 Y62.55
M204 S500
M205 X10 Y10
;TYPE:WALL-OUTER
G1 F1200 X35.45 Y62.55 E1395.56548
G1 X35.45 Y57.45 E1395.78633
G1 X40.64 Y57.45 E1396.01109
G1 X40.64 Y62.038 E1396.20978
G0 F960 X40.64 Y62.55
M204 S2000
M205 X30 Y30
G0 F3600 X40.39 Y62.55
G0 X39.64 Y61.697
G1 F2700 E1392.20978
G0 F3600 X40.12 Y60.299
G0 X41.555 Y60.299
G0 X76.445 Y60.299
G0 X77.88 Y60.299
G0 X78.559 Y60.299
M204 S500
M205 X10 Y10
;TYPE:FILL
G1 F2700 E1396.20978
G1 F2400 X80.208 Y58.65 E1396.31077
G1 X80.42 Y58.438
M204 S2000
M205 X30 Y30
G0 F3600 X82.566 Y58.65
M204 S500
M205 X10 Y10
G1 F2400 X79.866 Y61.349 E1396.4761
G1 X79.654 Y61.561
M204 S2000
M205 X30 Y30
G0 F3600 X82.223 Y61.349
M204 S500
M205 X10 Y10
G1 F2400 X84.923 Y58.65 E1396.64142
G1 X85.135 Y58.438
M204 S2000
M205 X30 Y30
G0 F3600 X86.349 Y59.582
M204 S500
M205 X10 Y10
G1 F2400 X84.581 Y61.349 E1396.74967
G1 X84.369 Y61.561
M204 S2000
M205 X30 Y30
G0 F3600 X86.55 Y61.55
M204 S500
M205 X10 Y10
;TYPE:WALL-INNER
G1 F2400 X78.36 Y61.55 E1397.10434
G1 X78.36 Y58.45 E1397.23859
G1 X86.55 Y58.45 E1397.59327
G1 X86.55 Y61.038 E1397.70534
G0 F1920 X86.55 Y61.55
M204 S2000
M205 X30 Y30
G0 F3600 X87.05 Y62.05
M204 S500
M205 X10 Y10
G1 F2400 X77.86 Y62.05 E1398.10332
G1 X77.86 Y57.95 E1398.28087
G1 X87.05 Y57.95 E1398.67885
G1 X87.05 Y61.538 E1398.83424
G0 F1920 X87.05 Y62.05
M204 S2000
M205 X30 Y30
G0 F3600 X87.55 Y62.55
M204 S500
M205 X10 Y10
;TYPE:WALL-OUTER
G1 F1200 X77.36 Y62.55 E1399.27552
G1 X77.36 Y57.45 E1399.49638
G1 X87.55 Y57.45 E1399.93767
G1 X87.55 Y62.038 E1400.13635
G0 F960 X87.55 Y62.55
M204 S2000
M205 X30 Y30
G0 F3600 X87.3 Y62.55
G0 X86.55 Y61.697
G1 F2700 E1396.13635
;MESH:NONMESH
G0 F600 X86.55 Y61.697 Z37.3
G0 F3600 X77.88 Y58.649
G0 X76.445 Y58.649
G0 X41.555 Y58.649
G0 X40.12 Y58.649
G0 X37.432 Y58.649
;TIME_ELAPSED:1932.535617
;LAYER:148
M204 S500
M205 X10 Y10
;TYPE:FILL
;MESH:temperaturetowerv2.stl
G1 F2700 E1400.13635
G1 F2400 X39.595 Y60.813 E1400.26885
G1 X39.807 Y61.025
M204 S2000
M205 X30 Y30
G0 F3600 X37.774 Y61.349
M204 S500
M205 X10 Y10
G1 F2400 X36.65 Y60.224 E1400.33772
G1 X36.438 Y60.012
M204 S2000
M205 X30 Y30
G0 F3600 X39.796 Y61.55
M204 S500
M205 X10 Y10
;TYPE:WALL-INNER
G1 F720 X36.45 Y61.55 E1400.48262
G1 X36.45 Y58.45 E1400.61687
G1 X39.796 Y58.45 E1400.76177
G1 X39.796 Y61.038 E1400.87385
G0 F1920 X39.796 Y61.55
M204 S2000
M205 X30 Y30
G0 F3600 X40.296 Y62.05
M204 S500
M205 X10 Y10
G1 F2400 X35.95 Y62.05 E1401.06205
G1 X35.95 Y57.95 E1401.23961
G1 X40.296 Y57.95 E1401.42781
G1 X40.296 Y61.538 E1401.58319
G0 F1920 X40.296 Y62.05
M204 S2000
M205 X30 Y30
G0 F3600 X40.796 Y62.55
M204 S500
M205 X10 Y10
;TYPE:WALL-OUTER
G1 F1200 X35.45 Y62.55 E1401.81471
G1 X35.45 Y57.45 E1402.03557
G1 X40.796 Y57.45 E1402.26708
G1 X40.796 Y62.038 E1402.46576
G0 F960 X40.796 Y62.55
M204 S2000
M205 X30 Y30
G0 F3600 X40.546 Y62.55
G0 X39.796 Y61.697
G1 F2700 E1398.46576
G0 F3600 X40.276 Y59.543
G0 X41.711 Y59.543
G0 X76.289 Y59.543
G0 X77.724 Y59.543
G0 X78.403 Y59.543
M204 S500
M205 X10 Y10
;TYPE:FILL
G1 F2700 E1402.46576
G1 F2400 X80.209 Y61.349 E1402.57637
G1 X80.421 Y61.561
M204 S2000
M205 X30 Y30
G0 F3600 X82.567 Y61.349
M204 S500
M205 X10 Y10
G1 F2400 X79.867 Y58.65 E1402.7417
G1 X79.655 Y58.438
M204 S2000
M205 X30 Y30
G0 F3600 X82.225 Y58.65
M204 S500
M205 X10 Y10
G1 F2400 X84.924 Y61.349 E1402.90699
G1 X85.136 Y61.561
M204 S2000
M205 X30 Y30
G0 F3600 X86.349 Y60.416
M204 S500
M205 X10 Y10
G1 F2400 X84.582 Y58.65 E1403.01518
G1 X84.37 Y58.438
M204 S2000
M205 X30 Y30
G0 F3600 X86.55 Y61.55
M204 S500
M205 X10 Y10
;TYPE:WALL-INNER
G1 F2400 X78.204 Y61.55 E1403.37661
G1 X78.204 Y58.45 E1403.51086
G1 X86.55 Y58.45 E1403.87229
G1 X86.55 Y61.038 E1403.98436
G0 F1920 X86.55 Y61.55
M204 S2000
M205 X30 Y30
G0 F3600 X87.05 Y62.05
M204 S500
M205 X10 Y10
G1 F2400 X77.704 Y62.05 E1404.3891
G1 X77.704 Y57.95 E1404.56665
G1 X87.05 Y57.95 E1404.97139
G1 X87.05 Y61.538 E1405.12677
G0 F1920 X87.05 Y62.05
M204 S2000
M205 X30 Y30
G0 F3600 X87.55 Y62.55
M204 S500
M205 X10 Y10
;TYPE:WALL-OUTER
G1 F1200 X77.204 Y62.55 E1405.57481
G1 X77.204 Y57.45 E1405.79567
G1 X87.55 Y57.45 E1406.24371
G1 X87.55 Y62.038 E1406.4424
G0 F960 X87.55 Y62.55
M204 S2000
M205 X30 Y30
G0 F3600 X87.3 Y62.55
G0 X86.55 Y61.697
G1 F2700 E1402.4424
;MESH:NONMESH
G0 F600 X86.55 Y61.697 Z37.55
G0 F3600 X77.724 Y58.649
G0 X76.289 Y58.649
G0 X41.711 Y58.649
G0 X40.276 Y58.649
G0 X37.774 Y58.649
;TIME_ELAPSED:1942.055921
;LAYER:149
M204 S500
M205 X10 Y10
;TYPE:FILL
;MESH:temperaturetowerv2.stl
G1 F2700 E1406.4424
G1 F2400 X36.65 Y59.773 E1406.51123
G1 X36.438 Y59.985
M204 S2000
M205 X30 Y30
G0 F3600 X37.432 Y61.349
M204 S500
M205 X10 Y10
G1 F2400 X39.766 Y59.014 E1406.65421
G1 X39.978 Y58.802
M204 S2000
M205 X30 Y30
G0 F3600 X39.967 Y61.55
M204 S500
M205 X10 Y10
;TYPE:WALL-INNER
G1 F720 X36.45 Y61.55 E1406.80651
G1 X36.45 Y58.45 E1406.94076
G1 X39.967 Y58.45 E1407.09307
G1 X39.967 Y61.038 E1407.20514
G0 F1920 X39.967 Y61.55
M204 S2000
M205 X30 Y30
G0 F3600 X40.467 Y62.05
M204 S500
M205 X10 Y10
G1 F2400 X35.95 Y62.05 E1407.40076
G1 X35.95 Y57.95 E1407.57831
G1 X40.467 Y57.95 E1407.77392
G1 X40.467 Y61.538 E1407.9293
G0 F1920 X40.467 Y62.05
M204 S2000
M205 X30 Y30
G0 F3600 X40.967 Y62.55
M204 S500
M205 X10 Y10
;TYPE:WALL-OUTER
G1 F1200 X35.45 Y62.55 E1408.16822
G1 X35.45 Y57.45 E1408.38908
G1 X40.967 Y57.45 E1408.628
G1 X40.967 Y62.038 E1408.82668
G0 F960 X40.967 Y62.55
M204 S2000
M205 X30 Y30
G0 F3600 X40.717 Y62.55
G0 X39.967 Y61.697
G1 F2700 E1404.82668
G0 F3600 X40.447 Y60.625
G0 X41.882 Y60.625
G0 X76.118 Y60.625
G0 X77.553 Y60.625
G0 X78.232 Y60.625
M204 S500
M205 X10 Y10
;TYPE:FILL
G1 F2700 E1408.82668
G1 F2400 X80.209 Y58.649 E1408.94773
G1 X80.421 Y58.437
M204 S2000
M205 X30 Y30
G0 F3600 X82.566 Y58.649
M204 S500
M205 X10 Y10
G1 F2400 X79.866 Y61.349 E1409.11309
G1 X79.654 Y61.561
M204 S2000
M205 X30 Y30
G0 F3600 X82.223 Y61.349
M204 S500
M205 X10 Y10
G1 F2400 X84.924 Y58.649 E1409.27848
G1 X85.136 Y58.437
M204 S2000
M205 X30 Y30
G0 F3600 X86.349 Y59.582
M204 S500
M205 X10 Y10
G1 F2400 X84.581 Y61.349 E1409.38672
G1 X84.369 Y61.561
M204 S2000
M205 X30 Y30
G0 F3600 X86.55 Y61.55
M204 S500
M205 X10 Y10
;TYPE:WALL-INNER
G1 F2400 X78.033 Y61.55 E1409.75556
G1 X78.033 Y58.45 E1409.88981
G1 X86.55 Y58.45 E1410.25864
G1 X86.55 Y61.038 E1410.37072
G0 F1920 X86.55 Y61.55
M204 S2000
M205 X30 Y30
G0 F3600 X87.05 Y62.05
M204 S500
M205 X10 Y10
G1 F2400 X77.533 Y62.05 E1410.78286
G1 X77.533 Y57.95 E1410.96041
G1 X87.05 Y57.95 E1411.37255
G1 X87.05 Y61.538 E1411.52793
G0 F1920 X87.05 Y62.05
M204 S2000
M205 X30 Y30
G0 F3600 X87.55 Y62.55
M204 S500
M205 X10 Y10
;TYPE:WALL-OUTER
G1 F1200 X77.033 Y62.55 E1411.98338
G1 X77.033 Y57.45 E1412.20424
G1 X87.55 Y57.45 E1412.65969
G1 X87.55 Y62.038 E1412.85837
G0 F960 X87.55 Y62.55
M204 S2000
M205 X30 Y30
G0 F3600 X87.3 Y62.55
G0 X86.55 Y61.697
G1 F2700 E1408.85837
;MESH:NONMESH
G0 F600 X86.55 Y61.697 Z37.8
G0 F3600 X77.553 Y58.649
G0 X76.118 Y58.649
G0 X41.882 Y58.649
G0 X40.447 Y58.649
G0 X37.432 Y58.649
;TIME_ELAPSED:1951.604764
;LAYER:150
M204 S500
M205 X10 Y10
;TYPE:FILL
;MESH:temperaturetowerv2.stl
G1 F2700 E1412.85837
G1 F2400 X39.953 Y61.171 E1413.0128
G1 X40.165 Y61.383
M204 S2000
M205 X30 Y30
G0 F3600 X37.774 Y61.349
M204 S500
M205 X10 Y10
G1 F2400 X36.65 Y60.224 E1413.08167
M204 S2000
M205 X30 Y30
G0 F3600 X36.572 Y60.147
M204 S500
M205 X10 Y10
G1 F2400 X36.398 Y59.973 E1413.09232
M204 S2000
M205 X30 Y30
G0 F3600 X39.789 Y58.649
M204 S500
M205 X10 Y10
G1 F2400 X39.953 Y58.813 E1413.10237
M204 S2000
M205 X30 Y30
G0 F3600 X36.45 Y59.697
M204 S500
M205 X10 Y10
;TYPE:WALL-INNER
G1 F720 X36.45 Y58.45 E1413.15637
G1 X40.154 Y58.45 E1413.31677
G1 X40.154 Y61.55 E1413.45102
G1 X36.45 Y61.55 E1413.61143
G1 X36.45 Y60.308 E1413.66521
G1 X36.199 Y60.163 E1413.67776
G1 X36.199 Y60.064 E1413.68205
G0 F1920 X36.199 Y59.841
G0 X36.45 Y59.697
M204 S2000
M205 X30 Y30
G0 F3600 X35.95 Y59.407
M204 S500
M205 X10 Y10
G1 F2400 X35.95 Y57.95 E1413.74515
G1 X40.654 Y57.95 E1413.94886
G1 X40.654 Y62.05 E1414.12641
G1 X35.95 Y62.05 E1414.33012
G1 X35.95 Y60.597 E1414.39305
G1 X35.699 Y60.452 E1414.4056
G1 X35.699 Y59.774 E1414.43496
G0 F1920 X35.699 Y59.551
G0 X35.95 Y59.407
M204 S2000
M205 X30 Y30
G0 F3600 X35.45 Y59.117
M204 S500
M205 X10 Y10
;TYPE:WALL-OUTER
G1 F1200 X35.45 Y57.45 E1414.50715
G1 X41.154 Y57.45 E1414.75417
G1 X41.154 Y62.55 E1414.97503
G1 X35.45 Y62.55 E1415.22204
G1 X35.45 Y60.886 E1415.2941
G1 X35.199 Y60.741 E1415.30666
G1 X35.199 Y59.484 E1415.36109
G0 F960 X35.199 Y59.261
G0 X35.45 Y59.117
M204 S2000
M205 X30 Y30
G0 F3600 X35.45 Y58.867
G0 X36.45 Y58.867
G1 F2700 E1411.36109
G0 F3600 X40.634 Y59.184
G0 X42.069 Y59.184
G0 X75.931 Y59.184
G0 X77.366 Y59.184
G0 X78.044 Y59.184
M204 S500
M205 X10 Y10
;TYPE:FILL
G1 F2700 E1415.36109
G1 F2400 X80.209 Y61.349 E1415.49368
G1 X80.421 Y61.561
M204 S2000
M205 X30 Y30
G0 F3600 X82.567 Y61.349
M204 S500
M205 X10 Y10
G1 F2400 X79.867 Y58.65 E1415.65901
G1 X79.655 Y58.438
M204 S2000
M205 X30 Y30
G0 F3600 X82.225 Y58.65
M204 S500
M205 X10 Y10
G1 F2400 X84.924 Y61.349 E1415.82431
G1 X85.136 Y61.561
M204 S2000
M205 X30 Y30
G0 F3600 X86.349 Y60.416
M204 S500
M205 X10 Y10
G1 F2400 X84.582 Y58.65 E1415.93249
G1 X84.37 Y58.438
M204 S2000
M205 X30 Y30
G0 F3600 X86.55 Y61.55
M204 S500
M205 X10 Y10
;TYPE:WALL-INNER
G1 F2400 X77.846 Y61.55 E1416.30943
G1 X77.846 Y58.45 E1416.44367
G1 X86.55 Y58.45 E1416.82061
G1 X86.55 Y61.038 E1416.93268
G0 F1920 X86.55 Y61.55
M204 S2000
M205 X30 Y30
G0 F3600 X87.05 Y62.05
M204 S500
M205 X10 Y10
G1 F2400 X77.346 Y62.05 E1417.35292
G1 X77.346 Y57.95 E1417.53047
G1 X87.05 Y57.95 E1417.95071
G1 X87.05 Y61.538 E1418.10609
G0 F1920 X87.05 Y62.05
M204 S2000
M205 X30 Y30
G0 F3600 X87.55 Y62.55
M204 S500
M205 X10 Y10
;TYPE:WALL-OUTER
G1 F1200 X76.846 Y62.55 E1418.56964
G1 X76.846 Y57.45 E1418.7905
G1 X87.55 Y57.45 E1419.25404
G1 X87.55 Y62.038 E1419.45273
G0 F960 X87.55 Y62.55
M204 S2000
M205 X30 Y30
G0 F3600 X87.3 Y62.55
G0 X86.55 Y61.697
G1 F2700 E1415.45273
;MESH:NONMESH
G0 F600 X86.55 Y61.697 Z38.05
G0 F3600 X77.366 Y58.648
G0 X75.931 Y58.648
G0 X42.069 Y58.648
G0 X40.634 Y58.648
G0 X37.775 Y58.648
;TIME_ELAPSED:1961.652404
;LAYER:151
M204 S500
M205 X10 Y10
;TYPE:FILL
;MESH:temperaturetowerv2.stl
G1 F2700 E1419.45273
G1 F2400 X36.256 Y60.167 E1419.54576
G1 X36.044 Y60.379
M204 S2000
M205 X30 Y30
G0 F3600 X37.432 Y61.349
M204 S500
M205 X10 Y10
G1 F2400 X40.132 Y58.648 E1419.71115
G1 X40.344 Y58.436
M204 S2000
M205 X30 Y30
G0 F3600 X40.157 Y60.981
M204 S500
M205 X10 Y10
G1 F2400 X39.789 Y61.349 E1419.73368
M204 S2000
M205 X30 Y30
G0 F3600 X36.45 Y59.492
M204 S500
M205 X10 Y10
;TYPE:WALL-INNER
G1 F720 X36.45 Y58.45 E1419.77881
G1 X40.358 Y58.45 E1419.94805
G1 X40.358 Y61.55 E1420.0823
G1 X36.45 Y61.55 E1420.25153
G1 X36.45 Y60.511 E1420.29653
G1 X35.842 Y60.161 E1420.32691
G1 X35.842 Y59.841 E1420.34077
G1 X36.006 Y59.746 E1420.34898
G0 F1920 X36.45 Y59.492
M204 S2000
M205 X30 Y30
G0 F3600 X35.95 Y59.202
M204 S500
M205 X10 Y10
G1 F2400 X35.95 Y57.95 E1420.40319
G1 X40.858 Y57.95 E1420.61574
G1 X40.858 Y62.05 E1420.79329
G1 X35.95 Y62.05 E1421.00584
G1 X35.95 Y60.8 E1421.05997
G1 X35.342 Y60.45 E1421.09035
G1 X35.342 Y59.551 E1421.12928
G1 X35.506 Y59.456 E1421.13749
G0 F1920 X35.95 Y59.202
M204 S2000
M205 X30 Y30
G0 F3600 X35.45 Y58.912
M204 S500
M205 X10 Y10
;TYPE:WALL-OUTER
G1 F1200 X35.45 Y57.45 E1421.2008
G1 X41.358 Y57.45 E1421.45665
G1 X41.358 Y62.55 E1421.67751
G1 X35.45 Y62.55 E1421.93336
G1 X35.45 Y61.089 E1421.99663
G1 X34.842 Y60.739 E1422.02701
G1 X34.842 Y59.261 E1422.09102
G1 X35.006 Y59.166 E1422.09923
G0 F960 X35.45 Y58.912
M204 S2000
M205 X30 Y30
G0 F3600 X35.45 Y58.662
G0 X36.45 Y58.662
G1 F2700 E1418.09923
G0 F3600 X40.838 Y61.016
G0 X42.273 Y61.016
G0 X75.728 Y61.016
G0 X77.163 Y61.016
G0 X77.842 Y61.016
M204 S500
M205 X10 Y10
;TYPE:FILL
G1 F2700 E1422.09923
G1 F2400 X80.208 Y58.65 E1422.24413
G1 X80.42 Y58.438
M204 S2000
M205 X30 Y30
G0 F3600 X82.566 Y58.65
M204 S500
M205 X10 Y10
G1 F2400 X79.866 Y61.349 E1422.40946
G1 X79.654 Y61.561
M204 S2000
M205 X30 Y30
G0 F3600 X82.223 Y61.349
M204 S500
M205 X10 Y10
G1 F2400 X84.923 Y58.65 E1422.57478
G1 X85.135 Y58.438
M204 S2000
M205 X30 Y30
G0 F3600 X86.349 Y59.582
M204 S500
M205 X10 Y10
G1 F2400 X84.581 Y61.349 E1422.68303
G1 X84.369 Y61.561
M204 S2000
M205 X30 Y30
G0 F3600 X86.55 Y61.55
M204 S500
M205 X10 Y10
;TYPE:WALL-INNER
G1 F2400 X77.643 Y61.55 E1423.06875
G1 X77.643 Y58.45 E1423.203
G1 X86.55 Y58.45 E1423.58873
G1 X86.55 Y61.038 E1423.7008
G0 F1920 X86.55 Y61.55
M204 S2000
M205 X30 Y30
G0 F3600 X87.05 Y62.05
M204 S500
M205 X10 Y10
G1 F2400 X77.143 Y62.05 E1424.12983
G1 X77.143 Y57.95 E1424.30739
G1 X87.05 Y57.95 E1424.73642
G1 X87.05 Y61.538 E1424.8918
G0 F1920 X87.05 Y62.05
M204 S2000
M205 X30 Y30
G0 F3600 X87.55 Y62.55
M204 S500
M205 X10 Y10
;TYPE:WALL-OUTER
G1 F1200 X76.643 Y62.55 E1425.36413
G1 X76.643 Y57.45 E1425.58499
G1 X87.55 Y57.45 E1426.05733
G1 X87.55 Y62.038 E1426.25601
G0 F960 X87.55 Y62.55
M204 S2000
M205 X30 Y30
G0 F3600 X87.3 Y62.55
G0 X86.55 Y61.697
G1 F2700 E1422.25601
;MESH:NONMESH
G0 F600 X86.55 Y61.697 Z38.3
G0 F3600 X77.163 Y58.649
G0 X75.728 Y58.649
G0 X42.273 Y58.649
G0 X40.838 Y58.649
G0 X37.432 Y58.649
;TIME_ELAPSED:1971.876372
;LAYER:152
M204 S500
M205 X10 Y10
;TYPE:FILL
;MESH:temperaturetowerv2.stl
G1 F2700 E1426.25601
G1 F2400 X40.131 Y61.349 E1426.42134
G1 X40.343 Y61.561
M204 S2000
M205 X30 Y30
G0 F3600 X40.379 Y59.239
M204 S500
M205 X10 Y10
G1 F2400 X39.789 Y58.649 E1426.45747
M204 S2000
M205 X30 Y30
G0 F3600 X37.774 Y61.349
M204 S500
M205 X10 Y10
G1 F2400 X36.128 Y59.703 E1426.55828
G1 X35.916 Y59.491
M204 S2000
M205 X30 Y30
G0 F3600 X36.45 Y59.288
M204 S500
M205 X10 Y10
;TYPE:WALL-INNER
G1 F720 X36.45 Y58.45 E1426.59457
G1 X40.579 Y58.45 E1426.77338
G1 X40.579 Y61.55 E1426.90763
G1 X36.45 Y61.55 E1427.08644
G1 X36.45 Y60.715 E1427.1226
G1 X35.485 Y60.16 E1427.17081
G1 X35.485 Y59.841 E1427.18462
G1 X36.006 Y59.542 E1427.21064
G0 F1920 X36.45 Y59.288
M204 S2000
M205 X30 Y30
G0 F3600 X35.95 Y58.998
M204 S500
M205 X10 Y10
G1 F2400 X35.95 Y57.95 E1427.25602
G1 X41.079 Y57.95 E1427.47813
G1 X41.079 Y62.05 E1427.65569
G1 X35.95 Y62.05 E1427.8778
G1 X35.95 Y61.004 E1427.9231
G1 X34.985 Y60.449 E1427.97131
G1 X34.985 Y59.551 E1428.0102
G1 X35.506 Y59.252 E1428.03621
G0 F1920 X35.95 Y58.998
M204 S2000
M205 X30 Y30
G0 F3600 X35.45 Y58.708
M204 S500
M205 X10 Y10
;TYPE:WALL-OUTER
G1 F1200 X35.45 Y57.45 E1428.09069
G1 X41.579 Y57.45 E1428.35611
G1 X41.579 Y62.55 E1428.57697
G1 X35.45 Y62.55 E1428.84239
G1 X35.45 Y61.293 E1428.89683
G1 X34.485 Y60.739 E1428.94501
G1 X34.485 Y59.261 E1429.00902
G1 X35.006 Y58.962 E1429.03503
G0 F960 X35.45 Y58.708
M204 S2000
M205 X30 Y30
G0 F3600 X35.45 Y58.458
G0 X36.45 Y58.458
G1 F2700 E1425.03503
G0 F3600 X41.059 Y58.76
G0 X42.494 Y58.76
G0 X75.506 Y58.76
G0 X76.941 Y58.76
G0 X77.62 Y58.76
M204 S500
M205 X10 Y10
;TYPE:FILL
G1 F2700 E1429.03503
G1 F2400 X80.209 Y61.349 E1429.19359
G1 X80.421 Y61.561
M204 S2000
M205 X30 Y30
G0 F3600 X77.852 Y61.349
M204 S500
M205 X10 Y10
G1 F2400 X77.62 Y61.118 E1429.20777
M204 S2000
M205 X30 Y30
G0 F3600 X79.867 Y58.65
M204 S500
M205 X10 Y10
G1 F2400 X82.567 Y61.349 E1429.3731
G1 X82.779 Y61.561
M204 S2000
M205 X30 Y30
G0 F3600 X84.924 Y61.349
M204 S500
M205 X10 Y10
G1 F2400 X82.225 Y58.65 E1429.53839
G1 X82.013 Y58.438
M204 S2000
M205 X30 Y30
G0 F3600 X84.582 Y58.65
M204 S500
M205 X10 Y10
G1 F2400 X86.349 Y60.416 E1429.64658
G1 X86.561 Y60.628
M204 S2000
M205 X30 Y30
G0 F3600 X86.55 Y61.55
M204 S500
M205 X10 Y10
;TYPE:WALL-INNER
G1 F2400 X77.421 Y61.55 E1430.04192
G1 X77.421 Y58.45 E1430.17617
G1 X86.55 Y58.45 E1430.57151
G1 X86.55 Y61.038 E1430.68358
G0 F1920 X86.55 Y61.55
M204 S2000
M205 X30 Y30
G0 F3600 X87.05 Y62.05
M204 S500
M205 X10 Y10
G1 F2400 X76.921 Y62.05 E1431.12222
G1 X76.921 Y57.95 E1431.29978
G1 X87.05 Y57.95 E1431.73842
G1 X87.05 Y61.538 E1431.8938
G0 F1920 X87.05 Y62.05
M204 S2000
M205 X30 Y30
G0 F3600 X87.55 Y62.55
M204 S500
M205 X10 Y10
;TYPE:WALL-OUTER
G1 F1200 X76.421 Y62.55 E1432.37575
G1 X76.421 Y57.45 E1432.59661
G1 X87.55 Y57.45 E1433.07856
G1 X87.55 Y62.038 E1433.27725
G0 F960 X87.55 Y62.55
M204 S2000
M205 X30 Y30
G0 F3600 X87.3 Y62.55
G0 X86.55 Y61.697
G1 F2700 E1429.27725
;MESH:NONMESH
G0 F600 X86.55 Y61.697 Z38.55
G0 F3600 X76.941 Y58.649
G0 X75.506 Y58.649
G0 X42.494 Y58.649
G0 X41.059 Y58.649
G0 X37.774 Y58.649
;TIME_ELAPSED:1982.339608
;LAYER:153
M204 S500
M205 X10 Y10
;TYPE:FILL
;MESH:temperaturetowerv2.stl
G1 F2700 E1433.27725
G1 F2400 X35.995 Y60.427 E1433.38617
G1 X35.783 Y60.639
M204 S2000
M205 X30 Y30
G0 F3600 X37.432 Y61.349
M204 S500
M205 X10 Y10
G1 F2400 X40.131 Y58.649 E1433.5515
G1 X40.343 Y58.437
M204 S2000
M205 X30 Y30
G0 F3600 X40.621 Y60.517
M204 S500
M205 X10 Y10
G1 F2400 X39.789 Y61.349 E1433.60245
G1 X39.577 Y61.561
M204 S2000
M205 X30 Y30
G0 F3600 X36.45 Y59.083
M204 S500
M205 X10 Y10
;TYPE:WALL-INNER
G1 F2400 X36.45 Y58.45 E1433.62986
G1 X40.821 Y58.45 E1433.81915
G1 X40.821 Y61.55 E1433.9534
G1 X36.45 Y61.55 E1434.14269
G1 X36.45 Y60.92 E1434.16997
G1 X35.128 Y60.16 E1434.23601
G1 X35.128 Y59.841 E1434.24982
G1 X36.006 Y59.337 E1434.29367
G0 F1920 X36.45 Y59.083
M204 S2000
M205 X30 Y30
G0 F3600 X35.95 Y58.793
M204 S500
M205 X10 Y10
G1 F2400 X35.95 Y57.95 E1434.33017
G1 X41.321 Y57.95 E1434.56277
G1 X41.321 Y62.05 E1434.74032
G1 X35.95 Y62.05 E1434.97292
G1 X35.95 Y61.209 E1435.00934
G1 X34.628 Y60.449 E1435.07537
G1 X34.628 Y59.551 E1435.11426
G1 X35.506 Y59.047 E1435.1581
G0 F1920 X35.95 Y58.793
M204 S2000
M205 X30 Y30
G0 F3600 X35.45 Y58.503
M204 S500
M205 X10 Y10
;TYPE:WALL-OUTER
G1 F1200 X35.45 Y57.45 E1435.2037
G1 X41.821 Y57.45 E1435.4796
G1 X41.821 Y62.55 E1435.70046
G1 X35.45 Y62.55 E1435.97636
G1 X35.45 Y61.498 E1436.02192
G1 X34.128 Y60.739 E1436.08794
G1 X34.128 Y59.261 E1436.15194
G1 X35.006 Y58.757 E1436.19578
G0 F960 X35.45 Y58.503
M204 S2000
M205 X30 Y30
G0 F3600 X35.45 Y58.253
G0 X36.45 Y58.45
G1 F2700 E1432.19578
G0 F3600 X41.301 Y59.122
G0 X42.736 Y59.122
G0 X75.264 Y59.122
G0 X76.699 Y59.122
G0 X77.378 Y59.122
M204 S500
M205 X10 Y10
;TYPE:FILL
G1 F2700 E1436.19578
G1 F2400 X77.851 Y58.65 E1436.22472
M204 S2000
M205 X30 Y30
G0 F3600 X80.208 Y58.65
M204 S500
M205 X10 Y10
G1 F2400 X77.508 Y61.349 E1436.39005
G1 X77.296 Y61.561
M204 S2000
M205 X30 Y30
G0 F3600 X79.866 Y61.349
M204 S500
M205 X10 Y10
G1 F2400 X82.566 Y58.65 E1436.55538
G1 X82.778 Y58.438
M204 S2000
M205 X30 Y30
G0 F3600 X84.923 Y58.65
M204 S500
M205 X10 Y10
G1 F2400 X82.223 Y61.349 E1436.7207
G1 X82.011 Y61.561
M204 S2000
M205 X30 Y30
G0 F3600 X84.581 Y61.349
M204 S500
M205 X10 Y10
G1 F2400 X86.349 Y59.582 E1436.82895
G1 X86.561 Y59.37
M204 S2000
M205 X30 Y30
G0 F3600 X86.55 Y61.55
M204 S500
M205 X10 Y10
;TYPE:WALL-INNER
G1 F2400 X77.179 Y61.55 E1437.23477
G1 X77.179 Y58.45 E1437.36902
G1 X86.55 Y58.45 E1437.77483
G1 X86.55 Y61.038 E1437.88691
G0 F1920 X86.55 Y61.55
M204 S2000
M205 X30 Y30
G0 F3600 X87.05 Y62.05
M204 S500
M205 X10 Y10
G1 F2400 X76.679 Y62.05 E1438.33603
G1 X76.679 Y57.95 E1438.51359
G1 X87.05 Y57.95 E1438.96271
G1 X87.05 Y61.538 E1439.11809
G0 F1920 X87.05 Y62.05
M204 S2000
M205 X30 Y30
G0 F3600 X87.55 Y62.55
M204 S500
M205 X10 Y10
;TYPE:WALL-OUTER
G1 F1200 X76.179 Y62.55 E1439.61052
G1 X76.179 Y57.45 E1439.83138
G1 X87.55 Y57.45 E1440.32381
G1 X87.55 Y62.038 E1440.5225
G0 F960 X87.55 Y62.55
M204 S2000
M205 X30 Y30
G0 F3600 X87.3 Y62.55
G0 X86.55 Y61.697
G1 F2700 E1436.5225
;MESH:NONMESH
G0 F600 X86.55 Y61.697 Z38.8
G0 F3600 X76.699 Y59.442
G0 X75.264 Y59.442
G0 X42.736 Y59.442
G0 X41.301 Y59.442
G0 X35.867 Y59.442
;TIME_ELAPSED:1992.442028
;LAYER:154
M204 S500
M205 X10 Y10
;TYPE:FILL
;MESH:temperaturetowerv2.stl
G1 F2700 E1440.5225
G1 F2400 X37.774 Y61.349 E1440.63929
G1 X37.986 Y61.561
M204 S2000
M205 X30 Y30
G0 F3600 X40.131 Y61.349
M204 S500
M205 X10 Y10
G1 F2400 X37.432 Y58.649 E1440.80462
G1 X37.22 Y58.437
M204 S2000
M205 X30 Y30
G0 F3600 X39.789 Y58.649
M204 S500
M205 X10 Y10
G1 F2400 X40.887 Y59.746 E1440.87183
G1 X41.099 Y59.958
M204 S2000
M205 X30 Y30
G0 F3600 X36.45 Y58.878
M204 S500
M205 X10 Y10
;TYPE:WALL-INNER
G1 F2400 X36.45 Y58.45 E1440.89036
G1 X41.087 Y58.45 E1441.09117
G1 X41.087 Y61.55 E1441.22542
G1 X36.45 Y61.55 E1441.42623
G1 X36.45 Y61.125 E1441.44463
G1 X34.771 Y60.159 E1441.52852
G1 X34.771 Y59.841 E1441.54229
G1 X36.006 Y59.132 E1441.60396
G0 F1920 X36.45 Y58.878
M204 S2000
M205 X30 Y30
G0 F3600 X35.95 Y58.588
M204 S500
M205 X10 Y10
G1 F2400 X35.95 Y57.95 E1441.63159
G1 X41.587 Y57.95 E1441.8757
G1 X41.587 Y62.05 E1442.05326
G1 X35.95 Y62.05 E1442.29737
G1 X35.95 Y61.414 E1442.32492
G1 X34.271 Y60.449 E1442.40878
G1 X34.271 Y59.551 E1442.44767
G1 X35.506 Y58.842 E1442.50934
G0 F1920 X35.95 Y58.588
M204 S2000
M205 X30 Y30
G0 F3600 X35.45 Y58.298
M204 S500
M205 X10 Y10
;TYPE:WALL-OUTER
G1 F1200 X35.45 Y57.45 E1442.54606
G1 X42.087 Y57.45 E1442.83348
G1 X42.087 Y62.55 E1443.05434
G1 X35.45 Y62.55 E1443.34176
G1 X35.45 Y61.703 E1443.37844
G1 X33.771 Y60.739 E1443.46228
G1 X33.771 Y59.261 E1443.52629
G1 X35.006 Y58.552 E1443.58796
G0 F960 X35.45 Y58.298
M204 S2000
M205 X30 Y30
G0 F3600 X35.45 Y58.048
G0 X36.45 Y58.45
G1 F2700 E1439.58796
G0 F3600 X41.567 Y60.609
G0 X43.002 Y60.609
G0 X74.998 Y60.609
G0 X76.433 Y60.609
G0 X77.112 Y60.609
M204 S500
M205 X10 Y10
;TYPE:FILL
G1 F2700 E1443.58796
G1 F2400 X77.852 Y61.349 E1443.63328
G1 X78.064 Y61.561
M204 S2000
M205 X30 Y30
G0 F3600 X80.209 Y61.349
M204 S500
M205 X10 Y10
G1 F2400 X77.51 Y58.65 E1443.79857
G1 X77.298 Y58.438
M204 S2000
M205 X30 Y30
G0 F3600 X79.867 Y58.65
M204 S500
M205 X10 Y10
G1 F2400 X82.567 Y61.349 E1443.9639
G1 X82.779 Y61.561
M204 S2000
M205 X30 Y30
G0 F3600 X84.924 Y61.349
M204 S500
M205 X10 Y10
G1 F2400 X82.225 Y58.65 E1444.1292
G1 X82.013 Y58.438
M204 S2000
M205 X30 Y30
G0 F3600 X84.582 Y58.65
M204 S500
M205 X10 Y10
G1 F2400 X86.349 Y60.416 E1444.23738
G1 X86.561 Y60.628
M204 S2000
M205 X30 Y30
G0 F3600 X86.55 Y61.55
M204 S500
M205 X10 Y10
;TYPE:WALL-INNER
G1 F2400 X76.913 Y61.55 E1444.65472
G1 X76.913 Y58.45 E1444.78897
G1 X86.55 Y58.45 E1445.20631
G1 X86.55 Y61.038 E1445.31838
G0 F1920 X86.55 Y61.55
M204 S2000
M205 X30 Y30
G0 F3600 X87.05 Y62.05
M204 S500
M205 X10 Y10
G1 F2400 X76.413 Y62.05 E1445.77903
G1 X76.413 Y57.95 E1445.95658
G1 X87.05 Y57.95 E1446.41722
G1 X87.05 Y61.538 E1446.5726
G0 F1920 X87.05 Y62.05
M204 S2000
M205 X30 Y30
G0 F3600 X87.55 Y62.55
M204 S500
M205 X10 Y10
;TYPE:WALL-OUTER
G1 F1200 X75.913 Y62.55 E1447.07655
G1 X75.913 Y57.45 E1447.29741
G1 X87.55 Y57.45 E1447.80136
G1 X87.55 Y62.038 E1448.00005
G0 F960 X87.55 Y62.55
M204 S2000
M205 X30 Y30
G0 F3600 X87.3 Y62.55
G0 X86.55 Y61.697
G1 F2700 E1444.00005
;MESH:NONMESH
G0 F600 X86.55 Y61.697 Z39.05
G0 F3600 X76.433 Y58.649
G0 X74.998 Y58.649
G0 X43.002 Y58.649
G0 X41.567 Y58.649
G0 X37.774 Y58.649
;TIME_ELAPSED:2002.677065
;LAYER:155
M204 S500
M205 X10 Y10
;TYPE:FILL
;MESH:temperaturetowerv2.stl
G1 F2700 E1448.00005
G1 F2400 X35.735 Y60.688 E1448.12492
G1 X35.523 Y60.9
M204 S2000
M205 X30 Y30
G0 F3600 X37.432 Y61.349
M204 S500
M205 X10 Y10
G1 F2400 X40.131 Y58.649 E1448.29025
G1 X40.343 Y58.437
M204 S2000
M205 X30 Y30
G0 F3600 X41.182 Y59.956
M204 S500
M205 X10 Y10
G1 F2400 X39.789 Y61.349 E1448.37556
G1 X39.577 Y61.561
M204 S2000
M205 X30 Y30
G0 F3600 X36.45 Y58.673
M204 S500
M205 X10 Y10
;TYPE:WALL-INNER
G1 F2400 X36.45 Y58.45 E1448.38522
G1 X41.383 Y58.45 E1448.59885
G1 X41.383 Y61.55 E1448.73309
G1 X36.45 Y61.55 E1448.94672
G1 X36.45 Y61.33 E1448.95625
G1 X34.414 Y60.159 E1449.05796
G1 X34.414 Y59.841 E1449.07173
G1 X36.006 Y58.927 E1449.15123
G0 F1920 X36.45 Y58.673
M204 S2000
M205 X30 Y30
G0 F3600 X35.95 Y58.383
M204 S500
M205 X10 Y10
G1 F2400 X35.95 Y57.95 E1449.16998
G1 X41.883 Y57.95 E1449.42691
G1 X41.883 Y62.05 E1449.60447
G1 X35.95 Y62.05 E1449.8614
G1 X35.95 Y61.619 E1449.88007
G1 X33.914 Y60.449 E1449.98176
G1 X33.914 Y59.551 E1450.02065
G1 X35.506 Y58.637 E1450.10014
G0 F1920 X35.95 Y58.383
M204 S2000
M205 X30 Y30
G0 F3600 X35.45 Y58.093
M204 S500
M205 X10 Y10
;TYPE:WALL-OUTER
G1 F1200 X35.45 Y57.45 E1450.12799
G1 X42.383 Y57.45 E1450.42823
G1 X42.383 Y62.55 E1450.64909
G1 X35.45 Y62.55 E1450.94933
G1 X35.45 Y61.908 E1450.97713
G1 X33.414 Y60.739 E1451.0788
G1 X33.414 Y59.261 E1451.1428
G1 X35.006 Y58.347 E1451.2223
G0 F960 X35.45 Y58.093
M204 S2000
M205 X30 Y30
G0 F3600 X35.45 Y57.843
G0 X36.45 Y58.303
G1 F2700 E1447.2223
G0 F3600 X41.863 Y59.684
G0 X43.298 Y59.684
G0 X74.702 Y59.684
G0 X76.137 Y59.684
G0 X76.816 Y59.684
M204 S500
M205 X10 Y10
;TYPE:FILL
G1 F2700 E1451.2223
G1 F2400 X77.851 Y58.649 E1451.28569
G1 X78.063 Y58.437
M204 S2000
M205 X30 Y30
G0 F3600 X80.209 Y58.649
M204 S500
M205 X10 Y10
G1 F2400 X77.508 Y61.349 E1451.45108
G1 X77.296 Y61.561
M204 S2000
M205 X30 Y30
G0 F3600 X79.866 Y61.349
M204 S500
M205 X10 Y10
G1 F2400 X82.566 Y58.649 E1451.61643
G1 X82.778 Y58.437
M204 S2000
M205 X30 Y30
G0 F3600 X84.924 Y58.649
M204 S500
M205 X10 Y10
G1 F2400 X82.223 Y61.349 E1451.78182
G1 X82.011 Y61.561
M204 S2000
M205 X30 Y30
G0 F3600 X84.581 Y61.349
M204 S500
M205 X10 Y10
G1 F2400 X86.349 Y59.582 E1451.89007
G1 X86.561 Y59.37
M204 S2000
M205 X30 Y30
G0 F3600 X86.55 Y61.55
M204 S500
M205 X10 Y10
;TYPE:WALL-INNER
G1 F2400 X76.617 Y61.55 E1452.32023
G1 X76.617 Y58.45 E1452.45447
G1 X86.55 Y58.45 E1452.88463
G1 X86.55 Y61.038 E1452.9967
G0 F1920 X86.55 Y61.55
M204 S2000
M205 X30 Y30
G0 F3600 X87.05 Y62.05
M204 S500
M205 X10 Y10
G1 F2400 X76.117 Y62.05 E1453.47017
G1 X76.117 Y57.95 E1453.64772
G1 X87.05 Y57.95 E1454.12118
G1 X87.05 Y61.538 E1454.27656
G0 F1920 X87.05 Y62.05
M204 S2000
M205 X30 Y30
G0 F3600 X87.55 Y62.55
M204 S500
M205 X10 Y10
;TYPE:WALL-OUTER
G1 F1200 X75.617 Y62.55 E1454.79333
G1 X75.617 Y57.45 E1455.01419
G1 X87.55 Y57.45 E1455.53096
G1 X87.55 Y62.038 E1455.72964
G0 F960 X87.55 Y62.55
M204 S2000
M205 X30 Y30
G0 F3600 X87.3 Y62.55
G0 X86.55 Y61.697
G1 F2700 E1451.72964
;MESH:NONMESH
G0 F600 X86.55 Y61.697 Z39.3
G0 F3600 X76.137 Y59.182
G0 X74.702 Y59.182
G0 X43.298 Y59.182
G0 X41.863 Y59.182
G0 X35.607 Y59.182
;TIME_ELAPSED:2013.109664
;LAYER:156
M204 S500
M205 X10 Y10
;TYPE:FILL
;MESH:temperaturetowerv2.stl
G1 F2700 E1455.72964
G1 F2400 X37.774 Y61.349 E1455.86236
G1 X37.986 Y61.561
M204 S2000
M205 X30 Y30
G0 F3600 X40.131 Y61.349
M204 S500
M205 X10 Y10
G1 F2400 X37.432 Y58.649 E1456.02768
G1 X37.22 Y58.437
M204 S2000
M205 X30 Y30
G0 F3600 X39.789 Y58.649
M204 S500
M205 X10 Y10
G1 F2400 X41.51 Y60.37 E1456.13309
G1 X41.722 Y60.582
M204 S2000
M205 X30 Y30
G0 F3600 X36.45 Y58.469
M204 S500
M205 X10 Y10
;TYPE:WALL-INNER
G1 F2400 X36.45 Y58.45 E1456.13391
G1 X41.711 Y58.45 E1456.36174
G1 X41.711 Y61.55 E1456.49599
G1 X36.45 Y61.55 E1456.72382
G1 X36.45 Y61.532 E1456.7246
G1 X34.057 Y60.159 E1456.84407
G1 X34.057 Y59.841 E1456.85785
G1 X36.006 Y58.723 E1456.95515
G0 F1920 X36.45 Y58.469
M204 S2000
M205 X30 Y30
G0 F3600 X35.95 Y58.179
M204 S500
M205 X10 Y10
G1 F2400 X35.95 Y57.95 E1456.96507
G1 X42.211 Y57.95 E1457.2362
G1 X42.211 Y62.05 E1457.41376
G1 X35.95 Y62.05 E1457.68489
G1 X35.95 Y61.822 E1457.69477
G1 X33.557 Y60.449 E1457.81424
G1 X33.557 Y59.551 E1457.85313
G1 X35.506 Y58.433 E1457.95044
G0 F1920 X35.95 Y58.179
M204 S2000
M205 X30 Y30
G0 F3600 X35.45 Y57.889
M204 S500
M205 X10 Y10
;TYPE:WALL-OUTER
G1 F1200 X35.45 Y57.45 E1457.96945
G1 X42.711 Y57.45 E1458.28389
G1 X42.711 Y62.55 E1458.50475
G1 X35.45 Y62.55 E1458.81919
G1 X35.45 Y62.112 E1458.83816
G1 X33.057 Y60.739 E1458.95764
G1 X33.057 Y59.261 E1459.02164
G1 X35.006 Y58.143 E1459.11895
G0 F960 X35.45 Y57.889
M204 S2000
M205 X30 Y30
G0 F3600 X35.45 Y57.639
G0 X36.303 Y58.45
G1 F2700 E1455.11895
G0 F3600 X42.191 Y59.985
G0 X43.626 Y59.985
G0 X74.374 Y59.985
G0 X75.809 Y59.985
G0 X76.487 Y59.985
M204 S500
M205 X10 Y10
;TYPE:FILL
G1 F2700 E1459.11895
G1 F2400 X77.852 Y61.349 E1459.20251
G1 X78.064 Y61.561
M204 S2000
M205 X30 Y30
G0 F3600 X80.209 Y61.349
M204 S500
M205 X10 Y10
G1 F2400 X77.51 Y58.65 E1459.36781
G1 X77.298 Y58.438
M204 S2000
M205 X30 Y30
G0 F3600 X79.867 Y58.65
M204 S500
M205 X10 Y10
G1 F2400 X82.567 Y61.349 E1459.53314
G1 X82.779 Y61.561
M204 S2000
M205 X30 Y30
G0 F3600 X84.924 Y61.349
M204 S500
M205 X10 Y10
G1 F2400 X82.225 Y58.65 E1459.69843
G1 X82.013 Y58.438
M204 S2000
M205 X30 Y30
G0 F3600 X84.582 Y58.65
M204 S500
M205 X10 Y10
G1 F2400 X86.349 Y60.416 E1459.80662
G1 X86.561 Y60.628
M204 S2000
M205 X30 Y30
G0 F3600 X86.55 Y61.55
M204 S500
M205 X10 Y10
;TYPE:WALL-INNER
G1 F2400 X76.289 Y61.55 E1460.25098
G1 X76.289 Y58.45 E1460.38523
G1 X86.55 Y58.45 E1460.82959
G1 X86.55 Y61.038 E1460.94166
G0 F1920 X86.55 Y61.55
M204 S2000
M205 X30 Y30
G0 F3600 X87.05 Y62.05
M204 S500
M205 X10 Y10
G1 F2400 X75.789 Y62.05 E1461.42933
G1 X75.789 Y57.95 E1461.60688
G1 X87.05 Y57.95 E1462.09455
G1 X87.05 Y61.538 E1462.24993
G0 F1920 X87.05 Y62.05
M204 S2000
M205 X30 Y30
G0 F3600 X87.55 Y62.55
M204 S500
M205 X10 Y10
;TYPE:WALL-OUTER
G1 F1200 X75.289 Y62.55 E1462.7809
G1 X75.289 Y57.45 E1463.00176
G1 X87.55 Y57.45 E1463.53273
G1 X87.55 Y62.038 E1463.73142
G0 F960 X87.55 Y62.55
M204 S2000
M205 X30 Y30
G0 F3600 X87.3 Y62.55
G0 X86.55 Y61.697
G1 F2700 E1459.73142
;MESH:NONMESH
G0 F600 X86.55 Y61.697 Z39.55
G0 F3600 X75.809 Y59.672
G0 X74.374 Y59.672
G0 X43.626 Y59.672
G0 X42.191 Y59.672
G0 X34.394 Y59.672
;TIME_ELAPSED:2023.722524
;LAYER:157
M204 S500
M205 X10 Y10
;TYPE:FILL
;MESH:temperaturetowerv2.stl
G1 F2700 E1463.73142
G1 F2400 X33.978 Y60.087 E1463.75687
M204 S2000
M205 X30 Y30
G0 F3600 X35.476 Y60.947
M204 S500
M205 X10 Y10
G1 F2400 X37.774 Y58.649 E1463.8976
G1 X37.986 Y58.437
M204 S2000
M205 X30 Y30
G0 F3600 X40.131 Y58.649
M204 S500
M205 X10 Y10
G1 F2400 X37.432 Y61.349 E1464.06293
G1 X37.22 Y61.561
M204 S2000
M205 X30 Y30
G0 F3600 X39.789 Y61.349
M204 S500
M205 X10 Y10
G1 F2400 X41.878 Y59.26 E1464.19087
G1 X42.09 Y59.048
M204 S2000
M205 X30 Y30
G0 F3600 X42.078 Y61.55
M204 S500
M205 X10 Y10
;TYPE:WALL-INNER
G1 F2400 X36.124 Y61.55 E1464.44871
G1 X33.7 Y60.159 E1464.56974
G1 X33.7 Y59.84 E1464.58355
G1 X36.125 Y58.45 E1464.7046
G1 X42.078 Y58.45 E1464.9624
G1 X42.078 Y61.038 E1465.07447
G0 F1920 X42.078 Y61.55
M204 S2000
M205 X30 Y30
G0 F3600 X36.036 Y58.024
G0 X35.95 Y57.974
M204 S500
M205 X10 Y10
G1 F2400 X35.95 Y57.95 E1465.07551
G1 X42.578 Y57.95 E1465.36254
G1 X42.578 Y62.05 E1465.5401
G1 X35.95 Y62.05 E1465.82713
G1 X35.95 Y62.027 E1465.82812
G1 X33.2 Y60.449 E1465.96543
G1 X33.2 Y59.55 E1466.00436
G1 X35.506 Y58.228 E1466.11947
G0 F1920 X35.95 Y57.974
M204 S2000
M205 X30 Y30
G0 F3600 X35.45 Y57.684
M204 S500
M205 X10 Y10
;TYPE:WALL-OUTER
G1 F1200 X35.45 Y57.45 E1466.1296
G1 X43.078 Y57.45 E1466.45994
G1 X43.078 Y62.55 E1466.6808
G1 X35.45 Y62.55 E1467.01113
G1 X35.45 Y62.317 E1467.02122
G1 X32.7 Y60.739 E1467.15853
G1 X32.7 Y59.26 E1467.22258
G1 X35.006 Y57.938 E1467.33769
G0 F960 X35.45 Y57.684
M204 S2000
M205 X30 Y30
G0 F3600 X35.45 Y57.45
G0 X35.466 Y57.45
G0 X36.058 Y58.487
G1 F2700 E1463.33769
G0 F3600 X42.558 Y60.379
G0 X43.993 Y60.379
G0 X74.007 Y60.379
G0 X75.442 Y60.379
G0 X76.121 Y60.379
M204 S500
M205 X10 Y10
;TYPE:FILL
G1 F2700 E1467.33769
G1 F2400 X77.851 Y58.65 E1467.44361
G1 X78.063 Y58.438
M204 S2000
M205 X30 Y30
G0 F3600 X80.208 Y58.65
M204 S500
M205 X10 Y10
G1 F2400 X77.508 Y61.349 E1467.60893
G1 X77.296 Y61.561
M204 S2000
M205 X30 Y30
G0 F3600 X79.866 Y61.349
M204 S500
M205 X10 Y10
G1 F2400 X82.566 Y58.65 E1467.77426
G1 X82.778 Y58.438
M204 S2000
M205 X30 Y30
G0 F3600 X84.923 Y58.65
M204 S500
M205 X10 Y10
G1 F2400 X82.223 Y61.349 E1467.93959
G1 X82.011 Y61.561
M204 S2000
M205 X30 Y30
G0 F3600 X84.581 Y61.349
M204 S500
M205 X10 Y10
G1 F2400 X86.349 Y59.582 E1468.04784
G1 X86.561 Y59.37
M204 S2000
M205 X30 Y30
G0 F3600 X86.55 Y61.55
M204 S500
M205 X10 Y10
;TYPE:WALL-INNER
G1 F2400 X75.922 Y61.55 E1468.50809
G1 X75.922 Y58.45 E1468.64234
G1 X86.55 Y58.45 E1469.10259
G1 X86.55 Y61.038 E1469.21467
G0 F1920 X86.55 Y61.55
M204 S2000
M205 X30 Y30
G0 F3600 X87.05 Y62.05
M204 S500
M205 X10 Y10
G1 F2400 X75.422 Y62.05 E1469.71823
G1 X75.422 Y57.95 E1469.89578
G1 X87.05 Y57.95 E1470.39934
G1 X87.05 Y61.538 E1470.55472
G0 F1920 X87.05 Y62.05
M204 S2000
M205 X30 Y30
G0 F3600 X87.55 Y62.55
M204 S500
M205 X10 Y10
;TYPE:WALL-OUTER
G1 F1200 X74.922 Y62.55 E1471.10158
G1 X74.922 Y57.45 E1471.32244
G1 X87.55 Y57.45 E1471.86931
G1 X87.55 Y62.038 E1472.06799
G0 F960 X87.55 Y62.55
M204 S2000
M205 X30 Y30
G0 F3600 X87.3 Y62.55
G0 X86.55 Y61.697
G1 F2700 E1468.06799
;MESH:NONMESH
G0 F600 X86.55 Y61.697 Z39.8
G0 F3600 X75.442 Y59.781
G0 X74.007 Y59.781
G0 X43.993 Y59.781
G0 X42.558 Y59.781
G0 X33.849 Y59.781
;TIME_ELAPSED:2034.649224
;LAYER:158
M204 S500
M205 X10 Y10
;TYPE:FILL
;MESH:temperaturetowerv2.stl
G1 F2700 E1472.06799
G1 F2400 X34.873 Y60.806 E1472.13074
G1 X35.085 Y61.018
M204 S2000
M205 X30 Y30
G0 F3600 X35.346 Y58.921
M204 S500
M205 X10 Y10
G1 F2400 X37.774 Y61.349 E1472.27944
G1 X37.986 Y61.561
M204 S2000
M205 X30 Y30
G0 F3600 X40.131 Y61.349
M204 S500
M205 X10 Y10
G1 F2400 X37.432 Y58.649 E1472.44476
G1 X37.22 Y58.437
M204 S2000
M205 X30 Y30
G0 F3600 X39.789 Y58.649
M204 S500
M205 X10 Y10
G1 F2400 X42.302 Y61.162 E1472.59867
G1 X42.514 Y61.374
M204 S2000
M205 X30 Y30
G0 F3600 X42.302 Y58.805
M204 S500
M205 X10 Y10
G1 F2400 X42.147 Y58.649 E1472.60819
M204 S2000
M205 X30 Y30
G0 F3600 X42.503 Y61.55
M204 S500
M205 X10 Y10
;TYPE:WALL-INNER
G1 F2400 X35.767 Y61.55 E1472.8999
G1 X33.343 Y60.159 E1473.02093
G1 X33.343 Y59.841 E1473.0347
G1 X35.768 Y58.45 E1473.15577
G1 X42.503 Y58.45 E1473.44743
G1 X42.503 Y61.038 E1473.55951
G0 F1920 X42.503 Y61.55
M204 S2000
M205 X30 Y30
G0 F3600 X43.003 Y62.05
M204 S500
M205 X10 Y10
G1 F2400 X35.633 Y62.05 E1473.87867
G1 X32.843 Y60.449 E1474.01797
G1 X32.843 Y59.551 E1474.05686
G1 X35.634 Y57.95 E1474.1962
G1 X43.003 Y57.95 E1474.51532
G1 X43.003 Y61.538 E1474.6707
G0 F1920 X43.003 Y62.05
M204 S2000
M205 X30 Y30
G1 F2700 E1470.6707
G0 F3600 X35.49 Y57.57
G0 X35.45 Y57.479
M204 S500
M205 X10 Y10
;TYPE:WALL-OUTER
G1 F2700 E1474.6707
G1 F1200 X35.45 Y57.45 E1474.67196
G1 X43.503 Y57.45 E1475.0207
G1 X43.503 Y62.55 E1475.24156
G1 X35.45 Y62.55 E1475.5903
G1 X35.45 Y62.522 E1475.59151
G1 X32.343 Y60.739 E1475.74664
G1 X32.343 Y59.261 E1475.81065
G1 X35.006 Y57.733 E1475.94361
G0 F960 X35.45 Y57.479
M204 S2000
M205 X30 Y30
G0 F3600 X35.45 Y57.45
G0 X35.671 Y57.45
G0 X35.43 Y58.354
G1 F2700 E1471.94361
G0 F3600 X43.233 Y59.193
G0 X44.418 Y59.193
G0 X73.582 Y59.193
G0 X75.017 Y59.193
G0 X75.695 Y59.193
M204 S500
M205 X10 Y10
;TYPE:FILL
G1 F2700 E1475.94361
G1 F2400 X77.852 Y61.349 E1476.07568
G1 X78.064 Y61.561
M204 S2000
M205 X30 Y30
G0 F3600 X80.209 Y61.349
M204 S500
M205 X10 Y10
G1 F2400 X77.51 Y58.65 E1476.24098
G1 X77.298 Y58.438
M204 S2000
M205 X30 Y30
G0 F3600 X79.867 Y58.65
M204 S500
M205 X10 Y10
G1 F2400 X82.567 Y61.349 E1476.4063
G1 X82.779 Y61.561
M204 S2000
M205 X30 Y30
G0 F3600 X84.924 Y61.349
M204 S500
M205 X10 Y10
G1 F2400 X82.225 Y58.65 E1476.5716
G1 X82.013 Y58.438
M204 S2000
M205 X30 Y30
G0 F3600 X84.582 Y58.65
M204 S500
M205 X10 Y10
G1 F2400 X86.349 Y60.416 E1476.67979
G1 X86.561 Y60.628
M204 S2000
M205 X30 Y30
G0 F3600 X86.55 Y61.55
M204 S500
M205 X10 Y10
;TYPE:WALL-INNER
G1 F2400 X75.497 Y61.55 E1477.15845
G1 X75.497 Y58.45 E1477.29269
G1 X86.55 Y58.45 E1477.77135
G1 X86.55 Y61.038 E1477.88343
G0 F1920 X86.55 Y61.55
M204 S2000
M205 X30 Y30
G0 F3600 X87.05 Y62.05
M204 S500
M205 X10 Y10
G1 F2400 X74.997 Y62.05 E1478.40539
G1 X74.997 Y57.95 E1478.58294
G1 X87.05 Y57.95 E1479.10491
G1 X87.05 Y61.538 E1479.26029
G0 F1920 X87.05 Y62.05
M204 S2000
M205 X30 Y30
G0 F3600 X87.55 Y62.55
M204 S500
M205 X10 Y10
;TYPE:WALL-OUTER
G1 F1200 X74.497 Y62.55 E1479.82556
G1 X74.497 Y57.45 E1480.04642
G1 X87.55 Y57.45 E1480.61169
G1 X87.55 Y62.038 E1480.81037
G0 F960 X87.55 Y62.55
M204 S2000
M205 X30 Y30
G0 F3600 X87.3 Y62.55
G0 X86.55 Y61.697
G1 F2700 E1476.81037
;MESH:NONMESH
G0 F600 X86.55 Y61.697 Z40.05
G0 F3600 X75.017 Y58.706
G0 X73.582 Y58.706
G0 X44.418 Y58.706
G0 X43.233 Y58.706
G0 X35.359 Y58.706
;TIME_ELAPSED:2046.160505
;LAYER:159
M204 S500
M205 X10 Y10
;TYPE:FILL
;MESH:temperaturetowerv2.stl
G1 F2700 E1480.81037
G1 F2400 X33.718 Y60.348 E1480.91091
G1 X33.506 Y60.56
M204 S2000
M205 X30 Y30
G0 F3600 X35.216 Y61.207
M204 S500
M205 X10 Y10
G1 F2400 X37.775 Y58.648 E1481.06763
G1 X37.987 Y58.436
M204 S2000
M205 X30 Y30
G0 F3600 X40.133 Y58.648
M204 S500
M205 X10 Y10
G1 F2400 X37.432 Y61.349 E1481.23305
G1 X37.22 Y61.561
M204 S2000
M205 X30 Y30
G0 F3600 X39.789 Y61.349
M204 S500
M205 X10 Y10
G1 F2400 X42.49 Y58.648 E1481.39847
G1 X42.702 Y58.436
M204 S2000
M205 X30 Y30
G0 F3600 X42.797 Y60.698
M204 S500
M205 X10 Y10
G1 F2400 X42.147 Y61.349 E1481.4383
M204 S2000
M205 X30 Y30
G0 F3600 X42.998 Y61.55
M204 S500
M205 X10 Y10
;TYPE:WALL-INNER
G1 F2400 X35.409 Y61.55 E1481.76695
G1 X32.986 Y60.159 E1481.88794
G1 X32.986 Y59.841 E1481.90171
G1 X35.396 Y58.457 E1482.02207
G1 X35.87 Y58.45 E1482.0426
G1 X42.998 Y58.45 E1482.35128
G1 X42.998 Y61.038 E1482.46335
G0 F1920 X42.998 Y61.55
M204 S2000
M205 X30 Y30
G0 F3600 X43.498 Y62.05
M204 S500
M205 X10 Y10
G1 F2400 X35.275 Y62.05 E1482.81946
G1 X32.486 Y60.449 E1482.95872
G1 X32.486 Y59.551 E1482.99761
G1 X35.259 Y57.959 E1483.13608
G1 X35.863 Y57.95 E1483.16224
G1 X43.498 Y57.95 E1483.49288
G1 X43.498 Y61.538 E1483.64826
G0 F1920 X43.498 Y62.05
M204 S2000
M205 X30 Y30
G0 F3600 X43.998 Y62.55
M204 S500
M205 X10 Y10
;TYPE:WALL-OUTER
G1 F1200 X35.141 Y62.55 E1484.03182
G1 X31.986 Y60.739 E1484.18936
G1 X31.986 Y59.261 E1484.25336
G1 X35.122 Y57.461 E1484.40995
G1 X35.855 Y57.45 E1484.4417
G1 X43.998 Y57.45 E1484.79434
G1 X43.998 Y62.038 E1484.99302
G0 F960 X43.998 Y62.55
M204 S2000
M205 X30 Y30
G0 F3600 X43.748 Y62.55
G0 X42.998 Y61.697
G1 F2700 E1480.99302
G0 F3600 X44.913 Y61.299
G0 X73.087 Y61.299
G0 X74.522 Y61.299
G0 X75.201 Y61.299
M204 S500
M205 X10 Y10
;TYPE:FILL
G1 F2700 E1484.99302
G1 F2400 X77.851 Y58.649 E1485.15532
G1 X78.063 Y58.437
M204 S2000
M205 X30 Y30
G0 F3600 X75.494 Y58.649
M204 S500
M205 X10 Y10
G1 F2400 X75.201 Y58.942 E1485.17326
M204 S2000
M205 X30 Y30
G0 F3600 X77.508 Y61.349
M204 S500
M205 X10 Y10
G1 F2400 X80.209 Y58.649 E1485.33865
G1 X80.421 Y58.437
M204 S2000
M205 X30 Y30
G0 F3600 X82.566 Y58.649
M204 S500
M205 X10 Y10
G1 F2400 X79.866 Y61.349 E1485.50401
G1 X79.654 Y61.561
M204 S2000
M205 X30 Y30
G0 F3600 X82.223 Y61.349
M204 S500
M205 X10 Y10
G1 F2400 X84.924 Y58.649 E1485.6694
G1 X85.136 Y58.437
M204 S2000
M205 X30 Y30
G0 F3600 X86.349 Y59.582
M204 S500
M205 X10 Y10
G1 F2400 X84.581 Y61.349 E1485.77765
G1 X84.369 Y61.561
M204 S2000
M205 X30 Y30
G0 F3600 X86.55 Y61.55
M204 S500
M205 X10 Y10
;TYPE:WALL-INNER
G1 F2400 X75.002 Y61.55 E1486.27774
G1 X75.002 Y58.45 E1486.41199
G1 X86.55 Y58.45 E1486.91208
G1 X86.55 Y61.038 E1487.02416
G0 F1920 X86.55 Y61.55
M204 S2000
M205 X30 Y30
G0 F3600 X87.05 Y62.05
M204 S500
M205 X10 Y10
G1 F2400 X74.502 Y62.05 E1487.56756
G1 X74.502 Y57.95 E1487.74511
G1 X87.05 Y57.95 E1488.28851
G1 X87.05 Y61.538 E1488.44389
G0 F1920 X87.05 Y62.05
M204 S2000
M205 X30 Y30
G0 F3600 X87.55 Y62.55
M204 S500
M205 X10 Y10
;TYPE:WALL-OUTER
G1 F1200 X74.002 Y62.55 E1489.0306
G1 X74.002 Y57.45 E1489.25146
G1 X87.55 Y57.45 E1489.83816
G1 X87.55 Y62.038 E1490.03685
G0 F960 X87.55 Y62.55
M204 S2000
M205 X30 Y30
G0 F3600 X87.3 Y62.55
G0 X86.55 Y61.697
G1 F2700 E1486.03685
;MESH:NONMESH
G0 F600 X86.55 Y61.697 Z40.3
G0 F3600 X74.522 Y61.55
G0 X73.087 Y61.55
G0 X44.913 Y61.55
G0 X43.478 Y61.55
G0 X43.616 Y61.55
;TIME_ELAPSED:2057.367980
;LAYER:160
M204 S500
M205 X10 Y10
;TYPE:WALL-INNER
;MESH:temperaturetowerv2.stl
G1 F2700 E1490.03685
G1 F2400 X35.054 Y61.55 E1490.40764
G1 X32.628 Y60.159 E1490.52874
G1 X32.628 Y59.841 E1490.54251
G1 X35.054 Y58.45 E1490.66361
G1 X43.617 Y58.45 E1491.03444
G1 X43.616 Y61.038 E1491.14652
G0 F1920 X43.616 Y61.55
M204 S2000
M205 X30 Y30
G0 F3600 X44.116 Y62.05
M204 S500
M205 X10 Y10
G1 F2400 X34.92 Y62.05 E1491.54476
G1 X32.128 Y60.449 E1491.68413
G1 X32.128 Y59.551 E1491.72302
G1 X34.92 Y57.95 E1491.8624
G1 X44.117 Y57.95 E1492.26068
G1 X44.116 Y61.538 E1492.41606
G0 F1920 X44.116 Y62.05
M204 S2000
M205 X30 Y30
G0 F3600 X44.616 Y62.55
M204 S500
M205 X10 Y10
;TYPE:WALL-OUTER
G1 F1200 X34.786 Y62.55 E1492.84176
G1 X31.628 Y60.739 E1492.99941
G1 X31.628 Y59.261 E1493.06342
G1 X34.786 Y57.45 E1493.22107
G1 X44.617 Y57.45 E1493.64681
G1 X44.616 Y62.038 E1493.84549
G0 F960 X44.616 Y62.55
M204 S2000
M205 X30 Y30
G0 F3600 X44.366 Y62.55
G0 X44.046 Y61.98
G0 X43.126 Y61.06
M204 S500
M205 X10 Y10
;TYPE:SKIN
G1 F1200 X35.183 Y61.06 E1494.25828
G1 X33.335 Y60 E1494.369
G1 X35.183 Y58.94 E1494.47971
G1 X43.127 Y58.94 E1494.89256
G1 X43.126 Y60.548 E1494.97612
G0 F960 X43.126 Y61.06
M204 S2000
M205 X30 Y30
G0 F3600 X42.902 Y59.872
M204 S500
M205 X10 Y10
G1 F1200 X42.193 Y59.164 E1495.02819
M204 S2000
M205 X30 Y30
G0 F3600 X41.486 Y59.164
M204 S500
M205 X10 Y10
G1 F1200 X42.901 Y60.579 E1495.13219
M204 S2000
M205 X30 Y30
G0 F3600 X42.449 Y60.833
M204 S500
M205 X10 Y10
G1 F1200 X40.779 Y59.164 E1495.25489
M204 S2000
M205 X30 Y30
G0 F3600 X40.072 Y59.164
M204 S500
M205 X10 Y10
G1 F1200 X41.741 Y60.833 E1495.37755
M204 S2000
M205 X30 Y30
G0 F3600 X41.034 Y60.833
M204 S500
M205 X10 Y10
G1 F1200 X39.365 Y59.164 E1495.50022
M204 S2000
M205 X30 Y30
G0 F3600 X38.658 Y59.164
M204 S500
M205 X10 Y10
G1 F1200 X40.327 Y60.833 E1495.62288
M204 S2000
M205 X30 Y30
G0 F3600 X39.62 Y60.833
M204 S500
M205 X10 Y10
G1 F1200 X37.951 Y59.164 E1495.74554
M204 S2000
M205 X30 Y30
G0 F3600 X37.244 Y59.164
M204 S500
M205 X10 Y10
G1 F1200 X38.913 Y60.833 E1495.86821
M204 S2000
M205 X30 Y30
G0 F3600 X38.206 Y60.833
M204 S500
M205 X10 Y10
G1 F1200 X36.536 Y59.164 E1495.99091
M204 S2000
M205 X30 Y30
G0 F3600 X35.829 Y59.164
M204 S500
M205 X10 Y10
G1 F1200 X37.499 Y60.833 E1496.11361
M204 S2000
M205 X30 Y30
G0 F3600 X36.792 Y60.833
M204 S500
M205 X10 Y10
G1 F1200 X35.166 Y59.208 E1496.23307
M204 S2000
M205 X30 Y30
G0 F3600 X34.717 Y59.466
M204 S500
M205 X10 Y10
G1 F1200 X36.085 Y60.833 E1496.33358
M204 S2000
M205 X30 Y30
G0 F3600 X35.377 Y60.833
M204 S500
M205 X10 Y10
G1 F1200 X34.268 Y59.724 E1496.41508
M204 S2000
M205 X30 Y30
G0 F3600 X33.901 Y60.064
M204 S500
M205 X10 Y10
G1 F1200 X33.818 Y59.981 E1496.42118
M204 S2000
M205 X30 Y30
G1 F2700 E1492.42118
G0 F3600 X44.097 Y61.538
G0 X45.532 Y61.538
G0 X72.469 Y61.538
G0 X73.904 Y61.538
G0 X86.55 Y61.55
M204 S500
M205 X10 Y10
;TYPE:WALL-INNER
G1 F2700 E1496.42118
G1 F2400 X74.384 Y61.55 E1496.94804
G1 X74.384 Y58.45 E1497.08229
G1 X86.55 Y58.45 E1497.60915
G1 X86.55 Y61.038 E1497.72122
G0 F1920 X86.55 Y61.55
M204 S2000
M205 X30 Y30
G0 F3600 X87.05 Y62.05
M204 S500
M205 X10 Y10
G1 F2400 X73.884 Y62.05 E1498.29139
G1 X73.884 Y57.95 E1498.46894
G1 X87.05 Y57.95 E1499.0391
G1 X87.05 Y61.538 E1499.19448
G0 F1920 X87.05 Y62.05
M204 S2000
M205 X30 Y30
G0 F3600 X87.55 Y62.55
M204 S500
M205 X10 Y10
;TYPE:WALL-OUTER
G1 F1200 X73.384 Y62.55 E1499.80795
G1 X73.384 Y57.45 E1500.02881
G1 X87.55 Y57.45 E1500.64228
G1 X87.55 Y62.038 E1500.84097
G0 F960 X87.55 Y62.55
M204 S2000
M205 X30 Y30
G0 F3600 X87.3 Y62.55
G0 X86.98 Y61.98
G0 X86.06 Y61.06
M204 S500
M205 X10 Y10
;TYPE:SKIN
G1 F1200 X74.874 Y61.06 E1501.42229
G1 X74.874 Y58.94 E1501.53247
G1 X86.06 Y58.94 E1502.11379
G1 X86.06 Y60.548 E1502.19736
G0 F960 X86.06 Y61.06
M204 S2000
M205 X30 Y30
G0 F3600 X85.834 Y59.671
M204 S500
M205 X10 Y10
G1 F1200 X85.327 Y59.165 E1502.23458
M204 S2000
M205 X30 Y30
G0 F3600 X84.62 Y59.165
M204 S500
M205 X10 Y10
G1 F1200 X85.834 Y60.378 E1502.32377
M204 S2000
M205 X30 Y30
G0 F3600 X85.583 Y60.834
M204 S500
M205 X10 Y10
G1 F1200 X83.913 Y59.165 E1502.44647
M204 S2000
M205 X30 Y30
G0 F3600 X83.206 Y59.165
M204 S500
M205 X10 Y10
G1 F1200 X84.876 Y60.834 E1502.56917
M204 S2000
M205 X30 Y30
G0 F3600 X84.169 Y60.834
M204 S500
M205 X10 Y10
G1 F1200 X82.499 Y59.165 E1502.69187
M204 S2000
M205 X30 Y30
G0 F3600 X81.792 Y59.165
M204 S500
M205 X10 Y10
G1 F1200 X83.461 Y60.834 E1502.81453
M204 S2000
M205 X30 Y30
G0 F3600 X82.754 Y60.834
M204 S500
M205 X10 Y10
G1 F1200 X81.085 Y59.165 E1502.9372
M204 S2000
M205 X30 Y30
G0 F3600 X80.378 Y59.165
M204 S500
M205 X10 Y10
G1 F1200 X82.047 Y60.834 E1503.05986
M204 S2000
M205 X30 Y30
G0 F3600 X81.34 Y60.834
M204 S500
M205 X10 Y10
G1 F1200 X79.671 Y59.165 E1503.18252
M204 S2000
M205 X30 Y30
G0 F3600 X78.964 Y59.165
M204 S500
M205 X10 Y10
G1 F1200 X80.633 Y60.834 E1503.30519
M204 S2000
M205 X30 Y30
G0 F3600 X79.926 Y60.834
M204 S500
M205 X10 Y10
G1 F1200 X78.256 Y59.165 E1503.42789
M204 S2000
M205 X30 Y30
G0 F3600 X77.549 Y59.165
M204 S500
M205 X10 Y10
G1 F1200 X79.219 Y60.834 E1503.55059
M204 S2000
M205 X30 Y30
G0 F3600 X78.512 Y60.834
M204 S500
M205 X10 Y10
G1 F1200 X76.842 Y59.165 E1503.67329
M204 S2000
M205 X30 Y30
G0 F3600 X76.135 Y59.165
M204 S500
M205 X10 Y10
G1 F1200 X77.805 Y60.834 E1503.79599
M204 S2000
M205 X30 Y30
G0 F3600 X77.097 Y60.834
M204 S500
M205 X10 Y10
G1 F1200 X75.428 Y59.165 E1503.91865
M204 S2000
M205 X30 Y30
G0 F3600 X75.098 Y59.541
M204 S500
M205 X10 Y10
G1 F1200 X76.39 Y60.834 E1504.01365
M204 S2000
M205 X30 Y30
G0 F3600 X75.683 Y60.834
M204 S500
M205 X10 Y10
G1 F1200 X75.098 Y60.249 E1504.05664
M204 S2000
M205 X30 Y30
G1 F2700 E1500.05664
;MESH:NONMESH
G0 F600 X75.098 Y60.249 Z40.55
G0 F3600 X73.904 Y61.549
G0 X72.469 Y61.549
G0 X45.532 Y61.54
G0 X44.097 Y61.54
G0 X44.477 Y61.55
;TIME_ELAPSED:2074.324650
;LAYER:161
M204 S500
M205 X10 Y10
;TYPE:WALL-INNER
;MESH:temperaturetowerv2.stl
G1 F2700 E1504.05664
G1 F2400 X34.697 Y61.55 E1504.48017
G1 X32.271 Y60.159 E1504.60127
G1 X32.271 Y59.841 E1504.61505
G1 X34.697 Y58.45 E1504.73615
G1 X44.478 Y58.45 E1505.15972
G1 X44.477 Y61.038 E1505.2718
G0 F1920 X44.477 Y61.55
M204 S2000
M205 X30 Y30
G0 F3600 X44.977 Y62.05
M204 S500
M205 X10 Y10
G1 F2400 X34.563 Y62.05 E1505.72278
G1 X31.771 Y60.449 E1505.86216
G1 X31.771 Y59.551 E1505.90105
G1 X34.563 Y57.95 E1506.04043
G1 X44.978 Y57.95 E1506.49146
G1 X44.977 Y61.538 E1506.64684
G0 F1920 X44.977 Y62.05
M204 S2000
M205 X30 Y30
G0 F3600 X45.477 Y62.55
M204 S500
M205 X10 Y10
;TYPE:WALL-OUTER
G1 F1200 X34.429 Y62.55 E1507.12528
G1 X31.271 Y60.739 E1507.28293
G1 X31.271 Y59.261 E1507.34694
G1 X34.429 Y57.45 E1507.50459
G1 X45.478 Y57.45 E1507.98307
G1 X45.477 Y62.038 E1508.18176
G0 F960 X45.477 Y62.55
M204 S2000
M205 X30 Y30
G0 F3600 X45.227 Y62.55
G0 X44.907 Y61.98
G0 X43.987 Y61.06
M204 S500
M205 X10 Y10
;TYPE:SKIN
G1 F1200 X34.826 Y61.06 E1508.65785
G1 X32.978 Y60 E1508.76856
G1 X34.826 Y58.94 E1508.87928
G1 X43.988 Y58.94 E1509.35542
G1 X43.987 Y60.548 E1509.43898
G0 F960 X43.987 Y61.06
M204 S2000
M205 X30 Y30
G0 F3600 X43.11 Y60.834
M204 S500
M205 X10 Y10
G1 F1200 X43.762 Y60.182 E1509.4869
M204 S2000
M205 X30 Y30
G0 F3600 X43.762 Y59.474
M204 S500
M205 X10 Y10
G1 F1200 X42.403 Y60.834 E1509.58682
M204 S2000
M205 X30 Y30
G0 F3600 X41.695 Y60.834
M204 S500
M205 X10 Y10
G1 F1200 X43.366 Y59.164 E1509.70959
M204 S2000
M205 X30 Y30
G0 F3600 X42.659 Y59.164
M204 S500
M205 X10 Y10
G1 F1200 X40.988 Y60.834 E1509.83237
M204 S2000
M205 X30 Y30
G0 F3600 X40.281 Y60.834
M204 S500
M205 X10 Y10
G1 F1200 X41.951 Y59.164 E1509.9551
M204 S2000
M205 X30 Y30
G0 F3600 X41.244 Y59.164
M204 S500
M205 X10 Y10
G1 F1200 X39.574 Y60.834 E1510.07784
M204 S2000
M205 X30 Y30
G0 F3600 X38.867 Y60.834
M204 S500
M205 X10 Y10
G1 F1200 X40.537 Y59.164 E1510.20058
M204 S2000
M205 X30 Y30
G0 F3600 X39.83 Y59.164
M204 S500
M205 X10 Y10
G1 F1200 X38.16 Y60.834 E1510.32332
M204 S2000
M205 X30 Y30
G0 F3600 X37.453 Y60.834
M204 S500
M205 X10 Y10
G1 F1200 X39.123 Y59.164 E1510.44605
M204 S2000
M205 X30 Y30
G0 F3600 X38.416 Y59.164
M204 S500
M205 X10 Y10
G1 F1200 X36.746 Y60.834 E1510.56879
M204 S2000
M205 X30 Y30
G0 F3600 X36.039 Y60.834
M204 S500
M205 X10 Y10
G1 F1200 X37.709 Y59.164 E1510.69153
M204 S2000
M205 X30 Y30
G0 F3600 X37.002 Y59.164
M204 S500
M205 X10 Y10
G1 F1200 X35.332 Y60.834 E1510.81426
M204 S2000
M205 X30 Y30
G0 F3600 X34.719 Y60.739
M204 S500
M205 X10 Y10
G1 F1200 X36.295 Y59.164 E1510.93006
M204 S2000
M205 X30 Y30
G0 F3600 X35.587 Y59.164
M204 S500
M205 X10 Y10
G1 F1200 X34.269 Y60.482 E1511.02692
M204 S2000
M205 X30 Y30
G0 F3600 X33.82 Y60.224
M204 S500
M205 X10 Y10
G1 F1200 X34.875 Y59.169 E1511.10446
G1 X35.087 Y58.957
M204 S2000
M205 X30 Y30
G1 F2700 E1507.10446
G0 F3600 X44.958 Y61.538
G0 X46.393 Y61.538
G0 X71.608 Y61.538
G0 X73.043 Y61.538
G0 X86.55 Y61.55
M204 S500
M205 X10 Y10
;TYPE:WALL-INNER
G1 F2700 E1511.10446
G1 F2400 X73.523 Y61.55 E1511.6686
G1 X73.523 Y58.45 E1511.80285
G1 X86.55 Y58.45 E1512.367
G1 X86.55 Y61.038 E1512.47907
G0 F1920 X86.55 Y61.55
M204 S2000
M205 X30 Y30
G0 F3600 X87.05 Y62.05
M204 S500
M205 X10 Y10
G1 F2400 X73.023 Y62.05 E1513.08652
G1 X73.023 Y57.95 E1513.26407
G1 X87.05 Y57.95 E1513.87152
G1 X87.05 Y61.538 E1514.0269
G0 F1920 X87.05 Y62.05
M204 S2000
M205 X30 Y30
G0 F3600 X87.55 Y62.55
M204 S500
M205 X10 Y10
;TYPE:WALL-OUTER
G1 F1200 X72.523 Y62.55 E1514.67766
G1 X72.523 Y57.45 E1514.89852
G1 X87.55 Y57.45 E1515.54927
G1 X87.55 Y62.038 E1515.74796
G0 F960 X87.55 Y62.55
M204 S2000
M205 X30 Y30
G0 F3600 X87.3 Y62.55
G0 X86.98 Y61.98
G0 X86.06 Y61.06
M204 S500
M205 X10 Y10
;TYPE:SKIN
G1 F1200 X74.013 Y61.06 E1516.37403
G1 X74.013 Y58.94 E1516.4842
G1 X86.06 Y58.94 E1517.11027
G1 X86.06 Y60.548 E1517.19384
G0 F960 X86.06 Y61.06
M204 S2000
M205 X30 Y30
G0 F3600 X85.834 Y60.536
M204 S500
M205 X10 Y10
G1 F1200 X85.535 Y60.835 E1517.21582
M204 S2000
M205 X30 Y30
G0 F3600 X84.828 Y60.835
M204 S500
M205 X10 Y10
G1 F1200 X85.834 Y59.829 E1517.28975
M204 S2000
M205 X30 Y30
G0 F3600 X85.791 Y59.165
M204 S500
M205 X10 Y10
G1 F1200 X84.121 Y60.835 E1517.41249
M204 S2000
M205 X30 Y30
G0 F3600 X83.414 Y60.835
M204 S500
M205 X10 Y10
G1 F1200 X85.084 Y59.165 E1517.53523
M204 S2000
M205 X30 Y30
G0 F3600 X84.377 Y59.165
M204 S500
M205 X10 Y10
G1 F1200 X82.707 Y60.835 E1517.65796
M204 S2000
M205 X30 Y30
G0 F3600 X82 Y60.835
M204 S500
M205 X10 Y10
G1 F1200 X83.67 Y59.165 E1517.7807
M204 S2000
M205 X30 Y30
G0 F3600 X82.963 Y59.165
M204 S500
M205 X10 Y10
G1 F1200 X81.293 Y60.835 E1517.90344
M204 S2000
M205 X30 Y30
G0 F3600 X80.586 Y60.835
M204 S500
M205 X10 Y10
G1 F1200 X82.256 Y59.165 E1518.02617
M204 S2000
M205 X30 Y30
G0 F3600 X81.549 Y59.165
M204 S500
M205 X10 Y10
G1 F1200 X79.879 Y60.835 E1518.14891
M204 S2000
M205 X30 Y30
G0 F3600 X79.171 Y60.835
M204 S500
M205 X10 Y10
G1 F1200 X80.842 Y59.165 E1518.27169
M204 S2000
M205 X30 Y30
G0 F3600 X80.134 Y59.165
M204 S500
M205 X10 Y10
G1 F1200 X78.464 Y60.835 E1518.39442
M204 S2000
M205 X30 Y30
G0 F3600 X77.757 Y60.835
M204 S500
M205 X10 Y10
G1 F1200 X79.427 Y59.165 E1518.51716
M204 S2000
M205 X30 Y30
G0 F3600 X78.72 Y59.165
M204 S500
M205 X10 Y10
G1 F1200 X77.05 Y60.835 E1518.6399
M204 S2000
M205 X30 Y30
G0 F3600 X76.343 Y60.835
M204 S500
M205 X10 Y10
G1 F1200 X78.013 Y59.165 E1518.76263
M204 S2000
M205 X30 Y30
G0 F3600 X77.306 Y59.165
M204 S500
M205 X10 Y10
G1 F1200 X75.636 Y60.835 E1518.88537
M204 S2000
M205 X30 Y30
G0 F3600 X74.929 Y60.835
M204 S500
M205 X10 Y10
G1 F1200 X76.599 Y59.165 E1519.00811
M204 S2000
M205 X30 Y30
G0 F3600 X75.892 Y59.165
M204 S500
M205 X10 Y10
G1 F1200 X74.237 Y60.819 E1519.1297
M204 S2000
M205 X30 Y30
G0 F3600 X74.237 Y60.112
M204 S500
M205 X10 Y10
G1 F1200 X75.185 Y59.165 E1519.19934
M204 S2000
M205 X30 Y30
G0 F3600 X74.478 Y59.165
M204 S500
M205 X10 Y10
G1 F1200 X74.237 Y59.405 E1519.21702
M204 S2000
M205 X30 Y30
;MESH:NONMESH
G0 F600 X74.237 Y59.405 Z40.8
G0 F3600 X86.55 Y61.55
;TIME_ELAPSED:2091.967908
;LAYER:162
M204 S500
M205 X10 Y10
;TYPE:WALL-INNER
;MESH:temperaturetowerv2.stl
G1 F2400 X34.338 Y61.55 E1521.4781
G1 X31.914 Y60.159 E1521.59913
G1 X31.914 Y59.841 E1521.6129
G1 X34.34 Y58.45 E1521.734
G1 X86.55 Y58.45 E1523.99499
G1 X86.55 Y61.038 E1524.10707
G0 F1920 X86.55 Y61.55
M204 S2000
M205 X30 Y30
G0 F3600 X87.05 Y62.05
M204 S500
M205 X10 Y10
G1 F2400 X34.204 Y62.05 E1526.3956
G1 X31.414 Y60.449 E1526.53491
G1 X31.414 Y59.551 E1526.57379
G1 X34.206 Y57.95 E1526.71317
G1 X87.05 Y57.95 E1529.00162
G1 X87.05 Y61.538 E1529.157
G0 F1920 X87.05 Y62.05
M204 S2000
M205 X30 Y30
G0 F3600 X87.55 Y62.55
M204 S500
M205 X10 Y10
;TYPE:WALL-OUTER
G1 F1200 X34.07 Y62.55 E1531.47299
G1 X30.914 Y60.739 E1531.63057
G1 X30.914 Y59.261 E1531.69457
G1 X34.072 Y57.45 E1531.85222
G1 X87.55 Y57.45 E1534.16813
G1 X87.55 Y62.038 E1534.36682
G0 F960 X87.55 Y62.55
M204 S2000
M205 X30 Y30
G0 F3600 X87.3 Y62.55
G0 X86.98 Y61.98
G0 X86.06 Y61.06
M204 S500
M205 X10 Y10
;TYPE:SKIN
G1 F1200 X34.467 Y61.06 E1537.04805
G1 X32.621 Y60 E1537.15868
G1 X34.469 Y58.94 E1537.26939
G1 X86.06 Y58.94 E1539.95052
G1 X86.06 Y60.548 E1540.03409
G0 F960 X86.06 Y61.06
M204 S2000
M205 X30 Y30
G0 F3600 X33.944 Y60.5
M204 S500
M205 X10 Y10
G1 F1200 X85.834 Y60.5 E1542.73076
M204 S2000
M205 X30 Y30
G0 F3600 X85.834 Y60
M204 S500
M205 X10 Y10
G1 F1200 X33.097 Y60 E1545.47145
M204 S2000
M205 X30 Y30
G0 F3600 X33.942 Y59.5
M204 S500
M205 X10 Y10
G1 F1200 X85.834 Y59.5 E1548.16822
G1 X86.134 Y59.5
;TIME_ELAPSED:2118.731664
G1 F2700 E1544.16822
M140 S0
M204 S4000
M205 X20 Y20
M107
M104 S0
M140 S0
;Retract the filament
G92 E1
G1 E-1 F300
G28 X0 Y0
M84
M82 ;absolute extrusion mode
M104 S0
;End of Gcode
;SETTING_3 {"extruder_quality": ["[general]\\nversion = 4\\nname = 0.5-pla-hot\\
;SETTING_3 ndefinition = custom\\n\\n[metadata]\\nposition = 0\\nsetting_version
;SETTING_3  = 16\\nquality_type = verydraft\\nintent_category = default\\ntype =
;SETTING_3  quality_changes\\n\\n[values]\\nacceleration_print = 500\\naccelerat
;SETTING_3 ion_travel = 2000\\nacceleration_travel_layer_0 = 1000.0\\nbottom_lay
;SETTING_3 ers = 3\\nbrim_outside_only = False\\nbrim_width = 3\\ncoasting_enabl
;SETTING_3 e = True\\ncoasting_speed = 80\\ncool_fan_full_layer = 3\\nfill_perim
;SETTING_3 eter_gaps = nowhere\\nhole_xy_offset = 0\\ninfill_pattern = lines\\ni
;SETTING_3 nfill_sparse_density = 30\\ninfill_wipe_dist = 0.3\\ninitial_layer_li
;SETTING_3 ne_width_factor = 103.0\\njerk_print = 10\\nline_width = 0.5\\nmateri
;SETTING_3 al_final_print_temperature = 190\\nmaterial_flow = 83.33\\nmaterial_f
;SETTING_3 low_layer_0 = 100\\nmaterial_initial_print_temperature = 205\\nmateri
;SETTING_3 al_print_temperature = 190\\nmin_infill_area = 30\\nretraction_amount
;SETTING_3  = 4\\nretraction_extra_prime_amount = 0.0\\nretraction_min_travel = 
;SETTING_3 1\\nretraction_speed = 45\\nskin_line_width = 0.5\\nskin_material_flo
;SETTING_3 w = 100\\nskirt_brim_material_flow = 100\\nskirt_line_count = 2\\nsma
;SETTING_3 ll_feature_speed_factor = 30\\nsmall_hole_max_size = 5\\nspeed_layer_
;SETTING_3 0 = 15.0\\nspeed_print = 40\\nspeed_travel = 60\\nsupport_infill_rate
;SETTING_3  = 20\\nsupport_top_distance = 0.15\\nsupport_use_towers = False\\nto
;SETTING_3 p_layers = 3\\ntravel_compensate_overlapping_walls_enabled = False\\n
;SETTING_3 wall_line_count = 3\\nwall_line_width_0 = 0.5\\nwall_line_width_x = 0
;SETTING_3 .5\\nxy_offset = -0.2\\nxy_offset_layer_0 = 0\\n\\n"], "global_qualit
;SETTING_3 y": "[general]\\nversion = 4\\nname = 0.5-pla-hot\\ndefinition = cust
;SETTING_3 om\\n\\n[metadata]\\nsetting_version = 16\\nquality_type = verydraft\
;SETTING_3 \ntype = quality_changes\\n\\n[values]\\nacceleration_enabled = True\
;SETTING_3 \nadhesion_type = skirt\\njerk_enabled = True\\nlayer_height = 0.25\\
;SETTING_3 nlayer_height_0 = 0.3\\nmaterial_bed_temperature = 60\\nmaterial_bed_
;SETTING_3 temperature_layer_0 = 60\\nsupport_enable = False\\ntravel_retract_be
;SETTING_3 fore_outer_wall = True\\n\\n"}
