;FLAVOR:Marlin
;TIME:2975
;Filament used: 2.46435m
;Layer height: 0.25
;MINX:34.258
;MINY:51.275
;MINZ:0.3
;MAXX:86.573
;MAXY:68.725
;MAXZ:58.8
;POSTPROCESSED
;Generated with Cura_SteamEngine 4.8.0
M140 S60
M105
M190 S60
M104 S190
M105
M109 S190
M82 ;absolute extrusion mode
G28 ;Home
G1 Z15.0 F6000 ;Move the platform down 15mm
;Prime the extruder
G92 E0
G1 F200 E3
G92 E0
G92 E0
G92 E0
G1 F2700 E-4
;LAYER_COUNT:235
;LAYER:0
M107
M204 S1000
M205 X30 Y30
G0 F1350 X36.113 Y51.881 Z0.3
M204 S500
M205 X10 Y10
;TYPE:SKIRT
G1 F2700 E0
G1 F900 X36.782 Y51.567 E0.04747
G1 X36.96 Y51.504 E0.0596
G1 X37.49 Y51.359 E0.09489
G1 X38.158 Y51.288 E0.13804
G1 X38.963 Y51.275 E0.18976
G1 X82.036 Y51.275 E2.95649
G1 X82.734 Y51.285 E3.00133
G1 X83.281 Y51.333 E3.0366
G1 X83.815 Y51.46 E3.07186
G1 X84.325 Y51.663 E3.10712
G1 X84.801 Y51.937 E3.1424
G1 X85.231 Y52.278 E3.17765
G1 X85.711 Y52.812 E3.22377
G1 X85.814 Y52.951 E3.23488
G1 X86.108 Y53.414 E3.27011
G1 X86.332 Y53.916 E3.30542
G1 X86.48 Y54.445 E3.34071
G1 X86.555 Y55.127 E3.38478
G1 X86.573 Y56.107 E3.44774
G1 X86.573 Y64.139 E3.96366
G1 X86.563 Y64.841 E4.00876
G1 X86.515 Y65.388 E4.04403
G1 X86.388 Y65.922 E4.07929
G1 X86.185 Y66.432 E4.11455
G1 X85.881 Y66.951 E4.15318
G1 X85.776 Y67.101 E4.16494
G1 X85.429 Y67.526 E4.20019
G1 X85.024 Y67.897 E4.23547
G1 X84.57 Y68.205 E4.27071
G1 X84.076 Y68.444 E4.30596
G1 X83.552 Y68.609 E4.34124
G1 X82.749 Y68.709 E4.39322
G1 X81.803 Y68.725 E4.454
G1 X38.856 Y68.724 E7.21264
G1 X38.167 Y68.714 E7.2569
G1 X37.62 Y68.666 E7.29217
G1 X37.117 Y68.549 E7.32534
G1 X36.944 Y68.496 E7.33696
G1 X36.432 Y68.297 E7.37225
G1 X35.954 Y68.026 E7.40754
G1 X35.521 Y67.689 E7.44279
G1 X35.141 Y67.292 E7.47809
G1 X34.823 Y66.845 E7.51332
G1 X34.573 Y66.356 E7.5486
G1 X34.397 Y65.836 E7.58386
G1 X34.298 Y65.296 E7.61913
G1 X34.277 Y64.959 E7.64082
G1 X34.258 Y63.928 E7.70705
G1 X34.258 Y55.743 E8.23281
G1 X34.268 Y55.068 E8.27617
G1 X34.316 Y54.521 E8.31144
G1 X34.443 Y53.987 E8.3467
G1 X34.646 Y53.477 E8.38196
G1 X34.921 Y53.002 E8.41721
G1 X35.263 Y52.571 E8.45255
G1 X35.662 Y52.195 E8.48777
G1 X35.774 Y52.117 E8.49654
G0 F720 X36.113 Y51.881
M204 S1000
M205 X30 Y30
G0 F1350 X36.598 Y52.203
M204 S500
M205 X10 Y10
G1 F900 X37.132 Y51.99 E8.53346
G1 X37.625 Y51.858 E8.56625
G1 X38.166 Y51.803 E8.60118
G1 X38.971 Y51.79 E8.65289
G1 X82.029 Y51.79 E11.41866
G1 X82.727 Y51.8 E11.4635
G1 X83.235 Y51.848 E11.49628
G1 X83.729 Y51.973 E11.52901
G1 X84.198 Y52.175 E11.56181
G1 X84.629 Y52.447 E11.59455
G1 X85.013 Y52.784 E11.62737
G1 X85.401 Y53.257 E11.66666
G1 X85.671 Y53.69 E11.69944
G1 X85.871 Y54.159 E11.73219
G1 X85.995 Y54.654 E11.76497
G1 X86.04 Y55.136 E11.79606
G1 X86.058 Y56.107 E11.85844
G1 X86.058 Y64.131 E12.37386
G1 X86.048 Y64.833 E12.41895
G1 X86 Y65.341 E12.45173
G1 X85.875 Y65.836 E12.48452
G1 X85.673 Y66.304 E12.51726
G1 X85.354 Y66.805 E12.55541
G1 X85.03 Y67.199 E12.58818
G1 X84.648 Y67.537 E12.62094
G1 X84.218 Y67.812 E12.65373
G1 X83.75 Y68.016 E12.68652
G1 X83.257 Y68.144 E12.71924
G1 X82.74 Y68.195 E12.75261
G1 X81.803 Y68.21 E12.8128
G1 X38.864 Y68.209 E15.57093
G1 X38.175 Y68.199 E15.61519
G1 X37.667 Y68.151 E15.64797
G1 X37.095 Y68.003 E15.68592
G1 X36.62 Y67.816 E15.71871
G1 X36.181 Y67.557 E15.75145
G1 X35.787 Y67.233 E15.78422
G1 X35.449 Y66.851 E15.81698
G1 X35.174 Y66.421 E15.84977
G1 X34.97 Y65.953 E15.88256
G1 X34.842 Y65.46 E15.91528
G1 X34.792 Y64.949 E15.94826
G1 X34.773 Y63.928 E16.01385
G1 X34.773 Y55.751 E16.53909
G1 X34.783 Y55.076 E16.58245
G1 X34.831 Y54.568 E16.61523
G1 X34.957 Y54.074 E16.64798
G1 X35.159 Y53.605 E16.68078
G1 X35.431 Y53.174 E16.71351
G1 X35.768 Y52.79 E16.74633
G1 X36.16 Y52.464 E16.77908
G1 X36.243 Y52.414 E16.78531
G0 F720 X36.598 Y52.203
M204 S1000
M205 X30 Y30
G1 F2700 E12.78531
;MESH:PLATempTower
G0 F1350 X38.816 Y54.383
G0 X38.816 Y55.833
G0 X81.514 Y63.666
M204 S500
M205 X10 Y10
;TYPE:WALL-INNER
G1 F2700 E16.78531
G1 F900 X39.317 Y63.665 E19.04394
G1 X39.317 Y56.334 E19.43634
G1 X81.514 Y56.334 E21.69497
G1 X81.514 Y63.253 E22.06531
G0 F720 X81.514 Y63.666
M204 S1000
M205 X30 Y30
G0 F1350 X82.029 Y64.181
M204 S500
M205 X10 Y10
G1 F900 X38.802 Y64.18 E24.37908
G1 X38.802 Y55.819 E24.82661
G1 X82.029 Y55.819 E27.14037
G1 X82.029 Y63.768 E27.56585
G0 F720 X82.029 Y64.181
M204 S1000
M205 X30 Y30
G0 F1350 X82.543 Y64.695
M204 S500
M205 X10 Y10
;TYPE:WALL-OUTER
G1 F900 X38.288 Y64.694 E29.93464
G1 X38.288 Y55.305 E30.43719
G1 X82.543 Y55.305 E32.80598
G1 X82.543 Y64.282 E33.28648
G0 F720 X82.543 Y64.695
M204 S1000
M205 X30 Y30
G0 F1350 X82.293 Y64.695
G0 X81.959 Y64.111
G0 X81.01 Y63.162
M204 S500
M205 X10 Y10
;TYPE:SKIN
G1 F900 X39.821 Y63.161 E35.9322
G1 X39.821 Y56.838 E36.33835
G1 X81.01 Y56.838 E38.98407
G1 X81.01 Y62.749 E39.36375
G0 F720 X81.01 Y63.162
M204 S1000
M205 X30 Y30
G0 F1350 X80.777 Y57.471
M204 S500
M205 X10 Y10
G1 F900 X80.376 Y57.069 E39.40023
M204 S1000
M205 X30 Y30
G0 F1350 X79.647 Y57.069
M204 S500
M205 X10 Y10
G1 F900 X80.777 Y58.199 E39.50287
M204 S1000
M205 X30 Y30
G0 F1350 X80.777 Y58.928
M204 S500
M205 X10 Y10
G1 F900 X78.919 Y57.069 E39.6717
M204 S1000
M205 X30 Y30
G0 F1350 X78.191 Y57.069
M204 S500
M205 X10 Y10
G1 F900 X80.777 Y59.656 E39.90666
M204 S1000
M205 X30 Y30
G0 F1350 X80.777 Y60.384
M204 S500
M205 X10 Y10
G1 F900 X77.462 Y57.069 E40.20779
M204 S1000
M205 X30 Y30
G0 F1350 X76.734 Y57.069
M204 S500
M205 X10 Y10
G1 F900 X80.777 Y61.113 E40.57511
M204 S1000
M205 X30 Y30
G0 F1350 X80.777 Y61.841
M204 S500
M205 X10 Y10
G1 F900 X76.006 Y57.069 E41.00855
M204 S1000
M205 X30 Y30
G0 F1350 X75.277 Y57.069
M204 S500
M205 X10 Y10
G1 F900 X80.777 Y62.569 E41.50817
M204 S1000
M205 X30 Y30
G0 F1350 X80.408 Y62.928
M204 S500
M205 X10 Y10
G1 F900 X74.549 Y57.069 E42.0404
M204 S1000
M205 X30 Y30
G0 F1350 X73.821 Y57.069
M204 S500
M205 X10 Y10
G1 F900 X79.68 Y62.928 E42.57263
M204 S1000
M205 X30 Y30
G0 F1350 X78.952 Y62.928
M204 S500
M205 X10 Y10
G1 F900 X73.092 Y57.069 E43.10491
M204 S1000
M205 X30 Y30
G0 F1350 X72.364 Y57.069
M204 S500
M205 X10 Y10
G1 F900 X78.223 Y62.928 E43.63714
M204 S1000
M205 X30 Y30
G0 F1350 X77.495 Y62.928
M204 S500
M205 X10 Y10
G1 F900 X71.636 Y57.069 E44.16938
M204 S1000
M205 X30 Y30
G0 F1350 X70.907 Y57.069
M204 S500
M205 X10 Y10
G1 F900 X76.767 Y62.928 E44.70165
M204 S1000
M205 X30 Y30
G0 F1350 X76.038 Y62.928
M204 S500
M205 X10 Y10
G1 F900 X70.179 Y57.069 E45.23388
M204 S1000
M205 X30 Y30
G0 F1350 X69.451 Y57.069
M204 S500
M205 X10 Y10
G1 F900 X75.31 Y62.928 E45.76612
M204 S1000
M205 X30 Y30
G0 F1350 X74.582 Y62.928
M204 S500
M205 X10 Y10
G1 F900 X68.723 Y57.069 E46.29835
M204 S1000
M205 X30 Y30
G0 F1350 X67.994 Y57.069
M204 S500
M205 X10 Y10
G1 F900 X73.853 Y62.928 E46.83058
M204 S1000
M205 X30 Y30
G0 F1350 X73.125 Y62.928
M204 S500
M205 X10 Y10
G1 F900 X67.266 Y57.069 E47.36281
M204 S1000
M205 X30 Y30
G0 F1350 X66.538 Y57.069
M204 S500
M205 X10 Y10
G1 F900 X72.397 Y62.928 E47.89504
M204 S1000
M205 X30 Y30
G0 F1350 X71.668 Y62.928
M204 S500
M205 X10 Y10
G1 F900 X65.809 Y57.069 E48.42728
M204 S1000
M205 X30 Y30
G0 F1350 X65.081 Y57.069
M204 S500
M205 X10 Y10
G1 F900 X70.94 Y62.928 E48.95951
M204 S1000
M205 X30 Y30
G0 F1350 X70.212 Y62.928
M204 S500
M205 X10 Y10
G1 F900 X64.353 Y57.069 E49.49174
M204 S1000
M205 X30 Y30
G0 F1350 X63.624 Y57.069
M204 S500
M205 X10 Y10
G1 F900 X69.483 Y62.928 E50.02397
M204 S1000
M205 X30 Y30
G0 F1350 X68.755 Y62.928
M204 S500
M205 X10 Y10
G1 F900 X62.896 Y57.069 E50.5562
M204 S1000
M205 X30 Y30
G0 F1350 X62.168 Y57.069
M204 S500
M205 X10 Y10
G1 F900 X68.027 Y62.928 E51.08844
M204 S1000
M205 X30 Y30
G0 F1350 X67.298 Y62.928
M204 S500
M205 X10 Y10
G1 F900 X61.439 Y57.069 E51.62067
M204 S1000
M205 X30 Y30
G0 F1350 X60.711 Y57.069
M204 S500
M205 X10 Y10
G1 F900 X66.57 Y62.928 E52.1529
M204 S1000
M205 X30 Y30
G0 F1350 X65.842 Y62.928
M204 S500
M205 X10 Y10
G1 F900 X59.983 Y57.069 E52.68513
M204 S1000
M205 X30 Y30
G0 F1350 X59.254 Y57.069
M204 S500
M205 X10 Y10
G1 F900 X65.113 Y62.928 E53.21736
M204 S1000
M205 X30 Y30
G0 F1350 X64.385 Y62.928
M204 S500
M205 X10 Y10
G1 F900 X58.526 Y57.069 E53.7496
M204 S1000
M205 X30 Y30
G0 F1350 X57.798 Y57.069
M204 S500
M205 X10 Y10
G1 F900 X63.657 Y62.928 E54.28183
M204 S1000
M205 X30 Y30
G0 F1350 X62.928 Y62.928
M204 S500
M205 X10 Y10
G1 F900 X57.069 Y57.069 E54.81406
M204 S1000
M205 X30 Y30
G0 F1350 X56.341 Y57.069
M204 S500
M205 X10 Y10
G1 F900 X62.2 Y62.928 E55.34629
M204 S1000
M205 X30 Y30
G0 F1350 X61.472 Y62.928
M204 S500
M205 X10 Y10
G1 F900 X55.613 Y57.069 E55.87852
M204 S1000
M205 X30 Y30
G0 F1350 X54.884 Y57.069
M204 S500
M205 X10 Y10
G1 F900 X60.744 Y62.928 E56.4108
M204 S1000
M205 X30 Y30
G0 F1350 X60.014 Y62.928
M204 S500
M205 X10 Y10
G1 F900 X54.156 Y57.069 E56.94299
M204 S1000
M205 X30 Y30
G0 F1350 X53.428 Y57.069
M204 S500
M205 X10 Y10
G1 F900 X59.286 Y62.928 E57.47518
M204 S1000
M205 X30 Y30
G0 F1350 X58.558 Y62.928
M204 S500
M205 X10 Y10
G1 F900 X52.699 Y57.069 E58.00741
M204 S1000
M205 X30 Y30
G0 F1350 X51.971 Y57.069
M204 S500
M205 X10 Y10
G1 F900 X57.83 Y62.928 E58.53964
M204 S1000
M205 X30 Y30
G0 F1350 X57.101 Y62.928
M204 S500
M205 X10 Y10
G1 F900 X51.243 Y57.069 E59.07183
M204 S1000
M205 X30 Y30
G0 F1350 X50.515 Y57.069
M204 S500
M205 X10 Y10
G1 F900 X56.373 Y62.928 E59.60401
M204 S1000
M205 X30 Y30
G0 F1350 X55.645 Y62.928
M204 S500
M205 X10 Y10
G1 F900 X49.786 Y57.069 E60.13624
M204 S1000
M205 X30 Y30
G0 F1350 X49.058 Y57.069
M204 S500
M205 X10 Y10
G1 F900 X54.916 Y62.928 E60.66843
M204 S1000
M205 X30 Y30
G0 F1350 X54.188 Y62.928
M204 S500
M205 X10 Y10
G1 F900 X48.33 Y57.069 E61.20062
M204 S1000
M205 X30 Y30
G0 F1350 X47.601 Y57.069
M204 S500
M205 X10 Y10
G1 F900 X53.46 Y62.928 E61.73285
M204 S1000
M205 X30 Y30
G0 F1350 X52.731 Y62.928
M204 S500
M205 X10 Y10
G1 F900 X46.873 Y57.069 E62.26504
M204 S1000
M205 X30 Y30
G0 F1350 X46.145 Y57.069
M204 S500
M205 X10 Y10
G1 F900 X52.003 Y62.928 E62.79722
M204 S1000
M205 X30 Y30
G0 F1350 X51.275 Y62.928
M204 S500
M205 X10 Y10
G1 F900 X45.416 Y57.069 E63.32946
M204 S1000
M205 X30 Y30
G0 F1350 X44.688 Y57.069
M204 S500
M205 X10 Y10
G1 F900 X50.546 Y62.928 E63.86164
M204 S1000
M205 X30 Y30
G0 F1350 X49.818 Y62.928
M204 S500
M205 X10 Y10
G1 F900 X43.96 Y57.069 E64.39383
M204 S1000
M205 X30 Y30
G0 F1350 X43.231 Y57.069
M204 S500
M205 X10 Y10
G1 F900 X49.09 Y62.928 E64.92606
M204 S1000
M205 X30 Y30
G0 F1350 X48.361 Y62.928
M204 S500
M205 X10 Y10
G1 F900 X42.503 Y57.069 E65.45825
M204 S1000
M205 X30 Y30
G0 F1350 X41.775 Y57.069
M204 S500
M205 X10 Y10
G1 F900 X47.633 Y62.928 E65.99043
M204 S1000
M205 X30 Y30
G0 F1350 X46.905 Y62.928
M204 S500
M205 X10 Y10
G1 F900 X41.046 Y57.069 E66.52267
M204 S1000
M205 X30 Y30
G0 F1350 X40.318 Y57.069
M204 S500
M205 X10 Y10
G1 F900 X46.176 Y62.928 E67.05485
M204 S1000
M205 X30 Y30
G0 F1350 X45.448 Y62.928
M204 S500
M205 X10 Y10
G1 F900 X40.053 Y57.533 E67.54493
M204 S1000
M205 X30 Y30
G0 F1350 X40.053 Y58.261
M204 S500
M205 X10 Y10
G1 F900 X44.72 Y62.928 E67.96889
M204 S1000
M205 X30 Y30
G0 F1350 X43.991 Y62.928
M204 S500
M205 X10 Y10
G1 F900 X40.053 Y58.989 E68.32666
M204 S1000
M205 X30 Y30
G0 F1350 X40.053 Y59.717
M204 S500
M205 X10 Y10
G1 F900 X43.263 Y62.928 E68.6183
M204 S1000
M205 X30 Y30
G0 F1350 X42.535 Y62.928
M204 S500
M205 X10 Y10
G1 F900 X40.053 Y60.446 E68.84377
M204 S1000
M205 X30 Y30
G0 F1350 X40.053 Y61.174
M204 S500
M205 X10 Y10
G1 F900 X41.806 Y62.928 E69.00305
M204 S1000
M205 X30 Y30
G0 F1350 X41.078 Y62.928
M204 S500
M205 X10 Y10
G1 F900 X40.053 Y61.902 E69.09621
M204 S1000
M205 X30 Y30
G0 F1350 X40.053 Y62.631
M204 S500
M205 X10 Y10
G1 F900 X40.35 Y62.928 E69.12319
M204 S1000
M205 X30 Y30
;MESH:NONMESH
G0 F600 X40.35 Y62.928 Z0.55
G0 F1350 X81.35 Y63.502
;TIME_ELAPSED:87.367141
;LAYER:1
M106 S127.5
M204 S500
M205 X10 Y10
;TYPE:WALL-INNER
;MESH:PLATempTower
G1 F1650 X39.481 Y63.502 E70.93636
G1 X39.481 Y56.498 E71.23967
G1 X81.35 Y56.498 E73.05284
G1 X81.35 Y62.99 E73.33398
G0 F1320 X81.35 Y63.502
M204 S1500
M205 X30 Y30
G0 F2475 X81.85 Y64.002
M204 S500
M205 X10 Y10
G1 F1650 X38.981 Y64.002 E75.19045
G1 X38.981 Y55.998 E75.53707
G1 X81.85 Y55.998 E77.39355
G1 X81.85 Y63.49 E77.71799
G0 F1320 X81.85 Y64.002
M204 S1500
M205 X30 Y30
G0 F2475 X82.35 Y64.502
M204 S500
M205 X10 Y10
;TYPE:WALL-OUTER
G1 F1050 X38.481 Y64.502 E79.61777
G1 X38.481 Y55.498 E80.0077
G1 X82.35 Y55.498 E81.90748
G1 X82.35 Y63.99 E82.27523
G0 F840 X82.35 Y64.502
M204 S1500
M205 X30 Y30
G0 F2475 X82.1 Y64.502
G0 X81.78 Y63.932
G0 X80.86 Y63.012
M204 S500
M205 X10 Y10
;TYPE:SKIN
G1 F1050 X39.971 Y63.012 E84.40019
G1 X39.971 Y56.988 E84.71325
G1 X80.86 Y56.988 E86.83821
G1 X80.86 Y62.5 E87.12466
G0 F840 X80.86 Y63.012
M204 S1500
M205 X30 Y30
G0 F2475 X80.634 Y62.201
M204 S500
M205 X10 Y10
G1 F1050 X80.048 Y62.786 E87.16769
M204 S1500
M205 X30 Y30
G0 F2475 X79.341 Y62.786
M204 S500
M205 X10 Y10
G1 F1050 X80.634 Y61.494 E87.26268
M204 S1500
M205 X30 Y30
G0 F2475 X80.634 Y60.787
M204 S500
M205 X10 Y10
G1 F1050 X78.634 Y62.786 E87.40964
M204 S1500
M205 X30 Y30
G0 F2475 X77.927 Y62.786
M204 S500
M205 X10 Y10
G1 F1050 X80.634 Y60.08 E87.60855
M204 S1500
M205 X30 Y30
G0 F2475 X80.634 Y59.372
M204 S500
M205 X10 Y10
G1 F1050 X77.22 Y62.786 E87.85947
M204 S1500
M205 X30 Y30
G0 F2475 X76.513 Y62.786
M204 S500
M205 X10 Y10
G1 F1050 X80.634 Y58.665 E88.16234
M204 S1500
M205 X30 Y30
G0 F2475 X80.634 Y57.958
M204 S500
M205 X10 Y10
G1 F1050 X75.806 Y62.786 E88.51717
M204 S1500
M205 X30 Y30
G0 F2475 X75.098 Y62.786
M204 S500
M205 X10 Y10
G1 F1050 X80.634 Y57.251 E88.92401
M204 S1500
M205 X30 Y30
G0 F2475 X79.965 Y57.212
M204 S500
M205 X10 Y10
G1 F1050 X74.391 Y62.786 E89.33367
M204 S1500
M205 X30 Y30
G0 F2475 X73.684 Y62.786
M204 S500
M205 X10 Y10
G1 F1050 X79.258 Y57.212 E89.74333
M204 S1500
M205 X30 Y30
G0 F2475 X78.551 Y57.212
M204 S500
M205 X10 Y10
G1 F1050 X72.977 Y62.786 E90.15299
M204 S1500
M205 X30 Y30
G0 F2475 X72.27 Y62.786
M204 S500
M205 X10 Y10
G1 F1050 X77.844 Y57.212 E90.56266
M204 S1500
M205 X30 Y30
G0 F2475 X77.137 Y57.212
M204 S500
M205 X10 Y10
G1 F1050 X71.563 Y62.786 E90.97232
M204 S1500
M205 X30 Y30
G0 F2475 X70.856 Y62.786
M204 S500
M205 X10 Y10
G1 F1050 X76.43 Y57.212 E91.38198
M204 S1500
M205 X30 Y30
G0 F2475 X75.723 Y57.212
M204 S500
M205 X10 Y10
G1 F1050 X70.149 Y62.786 E91.79164
M204 S1500
M205 X30 Y30
G0 F2475 X69.442 Y62.786
M204 S500
M205 X10 Y10
G1 F1050 X75.016 Y57.212 E92.20131
M204 S1500
M205 X30 Y30
G0 F2475 X74.309 Y57.212
M204 S500
M205 X10 Y10
G1 F1050 X68.735 Y62.786 E92.61097
M204 S1500
M205 X30 Y30
G0 F2475 X68.027 Y62.786
M204 S500
M205 X10 Y10
G1 F1050 X73.602 Y57.212 E93.02067
M204 S1500
M205 X30 Y30
G0 F2475 X72.894 Y57.212
M204 S500
M205 X10 Y10
G1 F1050 X67.32 Y62.786 E93.43033
M204 S1500
M205 X30 Y30
G0 F2475 X66.613 Y62.786
M204 S500
M205 X10 Y10
G1 F1050 X72.187 Y57.212 E93.83999
M204 S1500
M205 X30 Y30
G0 F2475 X71.48 Y57.212
M204 S500
M205 X10 Y10
G1 F1050 X65.906 Y62.786 E94.24965
M204 S1500
M205 X30 Y30
G0 F2475 X65.199 Y62.786
M204 S500
M205 X10 Y10
G1 F1050 X70.773 Y57.212 E94.65932
M204 S1500
M205 X30 Y30
G0 F2475 X70.066 Y57.212
M204 S500
M205 X10 Y10
G1 F1050 X64.492 Y62.786 E95.06898
M204 S1500
M205 X30 Y30
G0 F2475 X63.785 Y62.786
M204 S500
M205 X10 Y10
G1 F1050 X69.359 Y57.212 E95.47864
M204 S1500
M205 X30 Y30
G0 F2475 X68.652 Y57.212
M204 S500
M205 X10 Y10
G1 F1050 X63.078 Y62.786 E95.8883
M204 S1500
M205 X30 Y30
G0 F2475 X62.371 Y62.786
M204 S500
M205 X10 Y10
G1 F1050 X67.945 Y57.212 E96.29796
M204 S1500
M205 X30 Y30
G0 F2475 X67.238 Y57.212
M204 S500
M205 X10 Y10
G1 F1050 X61.663 Y62.786 E96.70766
M204 S1500
M205 X30 Y30
G0 F2475 X60.956 Y62.786
M204 S500
M205 X10 Y10
G1 F1050 X66.53 Y57.212 E97.11733
M204 S1500
M205 X30 Y30
G0 F2475 X65.823 Y57.212
M204 S500
M205 X10 Y10
G1 F1050 X60.249 Y62.786 E97.52699
M204 S1500
M205 X30 Y30
G0 F2475 X59.542 Y62.786
M204 S500
M205 X10 Y10
G1 F1050 X65.116 Y57.212 E97.93665
M204 S1500
M205 X30 Y30
G0 F2475 X64.409 Y57.212
M204 S500
M205 X10 Y10
G1 F1050 X58.835 Y62.786 E98.34631
M204 S1500
M205 X30 Y30
G0 F2475 X58.128 Y62.786
M204 S500
M205 X10 Y10
G1 F1050 X63.702 Y57.212 E98.75598
M204 S1500
M205 X30 Y30
G0 F2475 X62.995 Y57.212
M204 S500
M205 X10 Y10
G1 F1050 X57.421 Y62.786 E99.16564
M204 S1500
M205 X30 Y30
G0 F2475 X56.714 Y62.786
M204 S500
M205 X10 Y10
G1 F1050 X62.288 Y57.212 E99.5753
M204 S1500
M205 X30 Y30
G0 F2475 X61.581 Y57.212
M204 S500
M205 X10 Y10
G1 F1050 X56.007 Y62.786 E99.98496
M204 S1500
M205 X30 Y30
G0 F2475 X55.299 Y62.786
M204 S500
M205 X10 Y10
G1 F1050 X60.874 Y57.212 E100.39466
M204 S1500
M205 X30 Y30
G0 F2475 X60.167 Y57.212
M204 S500
M205 X10 Y10
G1 F1050 X54.592 Y62.786 E100.80436
M204 S1500
M205 X30 Y30
G0 F2475 X53.885 Y62.786
M204 S500
M205 X10 Y10
G1 F1050 X59.46 Y57.212 E101.21406
M204 S1500
M205 X30 Y30
G0 F2475 X58.753 Y57.212
M204 S500
M205 X10 Y10
G1 F1050 X53.178 Y62.786 E101.62376
M204 S1500
M205 X30 Y30
G0 F2475 X52.471 Y62.786
M204 S500
M205 X10 Y10
G1 F1050 X58.046 Y57.212 E102.03346
M204 S1500
M205 X30 Y30
G0 F2475 X57.339 Y57.212
M204 S500
M205 X10 Y10
G1 F1050 X51.764 Y62.786 E102.44316
M204 S1500
M205 X30 Y30
G0 F2475 X51.057 Y62.786
M204 S500
M205 X10 Y10
G1 F1050 X56.632 Y57.212 E102.85286
M204 S1500
M205 X30 Y30
G0 F2475 X55.925 Y57.212
M204 S500
M205 X10 Y10
G1 F1050 X50.35 Y62.786 E103.26255
M204 S1500
M205 X30 Y30
G0 F2475 X49.643 Y62.786
M204 S500
M205 X10 Y10
G1 F1050 X55.217 Y57.212 E103.67222
M204 S1500
M205 X30 Y30
G0 F2475 X54.51 Y57.212
M204 S500
M205 X10 Y10
G1 F1050 X48.936 Y62.786 E104.08188
M204 S1500
M205 X30 Y30
G0 F2475 X48.228 Y62.786
M204 S500
M205 X10 Y10
G1 F1050 X53.803 Y57.212 E104.49158
M204 S1500
M205 X30 Y30
G0 F2475 X53.096 Y57.212
M204 S500
M205 X10 Y10
G1 F1050 X47.521 Y62.786 E104.90128
M204 S1500
M205 X30 Y30
G0 F2475 X46.814 Y62.786
M204 S500
M205 X10 Y10
G1 F1050 X52.389 Y57.212 E105.31098
M204 S1500
M205 X30 Y30
G0 F2475 X51.682 Y57.212
M204 S500
M205 X10 Y10
G1 F1050 X46.107 Y62.786 E105.72068
M204 S1500
M205 X30 Y30
G0 F2475 X45.4 Y62.786
M204 S500
M205 X10 Y10
G1 F1050 X50.975 Y57.212 E106.13037
M204 S1500
M205 X30 Y30
G0 F2475 X50.268 Y57.212
M204 S500
M205 X10 Y10
G1 F1050 X44.693 Y62.786 E106.54007
M204 S1500
M205 X30 Y30
G0 F2475 X43.986 Y62.786
M204 S500
M205 X10 Y10
G1 F1050 X49.561 Y57.212 E106.94977
M204 S1500
M205 X30 Y30
G0 F2475 X48.854 Y57.212
M204 S500
M205 X10 Y10
G1 F1050 X43.279 Y62.786 E107.35947
M204 S1500
M205 X30 Y30
G0 F2475 X42.572 Y62.786
M204 S500
M205 X10 Y10
G1 F1050 X48.146 Y57.212 E107.76913
M204 S1500
M205 X30 Y30
G0 F2475 X47.439 Y57.212
M204 S500
M205 X10 Y10
G1 F1050 X41.864 Y62.786 E108.17883
M204 S1500
M205 X30 Y30
G0 F2475 X41.157 Y62.786
M204 S500
M205 X10 Y10
G1 F1050 X46.732 Y57.212 E108.58853
M204 S1500
M205 X30 Y30
G0 F2475 X46.025 Y57.212
M204 S500
M205 X10 Y10
G1 F1050 X40.45 Y62.786 E108.99823
M204 S1500
M205 X30 Y30
G0 F2475 X40.196 Y62.334
M204 S500
M205 X10 Y10
G1 F1050 X45.318 Y57.212 E109.37467
M204 S1500
M205 X30 Y30
G0 F2475 X44.611 Y57.212
M204 S500
M205 X10 Y10
G1 F1050 X40.196 Y61.627 E109.69915
M204 S1500
M205 X30 Y30
G0 F2475 X40.196 Y60.92
M204 S500
M205 X10 Y10
G1 F1050 X43.904 Y57.212 E109.97168
M204 S1500
M205 X30 Y30
G0 F2475 X43.197 Y57.212
M204 S500
M205 X10 Y10
G1 F1050 X40.196 Y60.212 E110.1922
M204 S1500
M205 X30 Y30
G0 F2475 X40.196 Y59.505
M204 S500
M205 X10 Y10
G1 F1050 X42.49 Y57.212 E110.36076
M204 S1500
M205 X30 Y30
G0 F2475 X41.782 Y57.212
M204 S500
M205 X10 Y10
G1 F1050 X40.196 Y58.798 E110.47732
M204 S1500
M205 X30 Y30
G0 F2475 X40.196 Y58.091
M204 S500
M205 X10 Y10
G1 F1050 X41.075 Y57.212 E110.54192
M204 S1500
M205 X30 Y30
G0 F2475 X40.368 Y57.212
M204 S500
M205 X10 Y10
G1 F1050 X40.196 Y57.384 E110.55457
M204 S1500
M205 X30 Y30
;MESH:NONMESH
G0 F600 X40.196 Y57.384 Z0.8
G0 F2475 X81.318 Y56.53
;TIME_ELAPSED:136.108427
;LAYER:2
M106 S255
M204 S500
M205 X10 Y10
;TYPE:WALL-INNER
;MESH:PLATempTower
G1 F2400 X81.318 Y63.47 E110.85511
G1 X39.508 Y63.471 E112.66572
G1 X39.508 Y56.529 E112.96635
G1 X80.806 Y56.53 E114.75479
G0 F1920 X81.318 Y56.53
M204 S2000
M205 X30 Y30
G0 F3600 X81.818 Y56.03
M204 S500
M205 X10 Y10
G1 F2400 X81.818 Y63.97 E115.09864
G1 X39.008 Y63.971 E116.95255
G1 X39.008 Y56.029 E117.29649
G1 X81.306 Y56.03 E119.12824
G0 F1920 X81.818 Y56.03
M204 S2000
M205 X30 Y30
G0 F3600 X82.318 Y55.53
M204 S500
M205 X10 Y10
;TYPE:WALL-OUTER
G1 F1200 X82.318 Y64.47 E119.51539
G1 X38.508 Y64.471 E121.41261
G1 X38.508 Y55.529 E121.79985
G1 X81.806 Y55.53 E123.6749
G0 F960 X82.318 Y55.53
M204 S2000
M205 X30 Y30
G0 F3600 X82.318 Y55.78
G0 X81.748 Y56.1
G0 X80.828 Y57.02
M204 S500
M205 X10 Y10
;TYPE:SKIN
G1 F1200 X80.828 Y62.98 E123.98464
G1 X39.998 Y62.981 E126.10653
G1 X39.998 Y57.019 E126.41637
G1 X80.316 Y57.02 E128.51166
G0 F960 X80.828 Y57.02
M204 S2000
M205 X30 Y30
G0 F3600 X80.602 Y57.974
M204 S500
M205 X10 Y10
G1 F1200 X79.872 Y57.245 E128.56527
M204 S2000
M205 X30 Y30
G0 F3600 X79.165 Y57.245
M204 S500
M205 X10 Y10
G1 F1200 X80.602 Y58.682 E128.67088
M204 S2000
M205 X30 Y30
G0 F3600 X80.602 Y59.389
M204 S500
M205 X10 Y10
G1 F1200 X78.458 Y57.245 E128.82846
M204 S2000
M205 X30 Y30
G0 F3600 X77.751 Y57.245
M204 S500
M205 X10 Y10
G1 F1200 X80.602 Y60.096 E129.03799
M204 S2000
M205 X30 Y30
G0 F3600 X80.602 Y60.803
M204 S500
M205 X10 Y10
G1 F1200 X77.044 Y57.245 E129.29949
M204 S2000
M205 X30 Y30
G0 F3600 X76.337 Y57.245
M204 S500
M205 X10 Y10
G1 F1200 X80.602 Y61.51 E129.61294
M204 S2000
M205 X30 Y30
G0 F3600 X80.602 Y62.217
M204 S500
M205 X10 Y10
G1 F1200 X75.63 Y57.245 E129.97836
M204 S2000
M205 X30 Y30
G0 F3600 X74.922 Y57.245
M204 S500
M205 X10 Y10
G1 F1200 X80.432 Y62.755 E130.38332
M204 S2000
M205 X30 Y30
G0 F3600 X79.725 Y62.755
M204 S500
M205 X10 Y10
G1 F1200 X74.215 Y57.245 E130.78828
M204 S2000
M205 X30 Y30
G0 F3600 X73.508 Y57.245
M204 S500
M205 X10 Y10
G1 F1200 X79.018 Y62.755 E131.19324
M204 S2000
M205 X30 Y30
G0 F3600 X78.311 Y62.755
M204 S500
M205 X10 Y10
G1 F1200 X72.801 Y57.245 E131.5982
M204 S2000
M205 X30 Y30
G0 F3600 X72.094 Y57.245
M204 S500
M205 X10 Y10
G1 F1200 X77.604 Y62.755 E132.00316
M204 S2000
M205 X30 Y30
G0 F3600 X76.897 Y62.755
M204 S500
M205 X10 Y10
G1 F1200 X71.387 Y57.245 E132.40811
M204 S2000
M205 X30 Y30
G0 F3600 X70.68 Y57.245
M204 S500
M205 X10 Y10
G1 F1200 X76.19 Y62.755 E132.81307
M204 S2000
M205 X30 Y30
G0 F3600 X75.482 Y62.755
M204 S500
M205 X10 Y10
G1 F1200 X69.973 Y57.245 E133.21799
M204 S2000
M205 X30 Y30
G0 F3600 X69.266 Y57.245
M204 S500
M205 X10 Y10
G1 F1200 X74.775 Y62.755 E133.62292
M204 S2000
M205 X30 Y30
G0 F3600 X74.068 Y62.755
M204 S500
M205 X10 Y10
G1 F1200 X68.558 Y57.245 E134.02788
M204 S2000
M205 X30 Y30
G0 F3600 X67.851 Y57.245
M204 S500
M205 X10 Y10
G1 F1200 X73.361 Y62.755 E134.43283
M204 S2000
M205 X30 Y30
G0 F3600 X72.654 Y62.755
M204 S500
M205 X10 Y10
G1 F1200 X67.144 Y57.245 E134.83779
M204 S2000
M205 X30 Y30
G0 F3600 X66.436 Y57.244
M204 S500
M205 X10 Y10
G1 F1200 X71.947 Y62.755 E135.24282
M204 S2000
M205 X30 Y30
G0 F3600 X71.24 Y62.755
M204 S500
M205 X10 Y10
G1 F1200 X65.729 Y57.244 E135.64786
M204 S2000
M205 X30 Y30
G0 F3600 X65.022 Y57.244
M204 S500
M205 X10 Y10
G1 F1200 X70.533 Y62.755 E136.05289
M204 S2000
M205 X30 Y30
G0 F3600 X69.826 Y62.755
M204 S500
M205 X10 Y10
G1 F1200 X64.315 Y57.244 E136.45792
M204 S2000
M205 X30 Y30
G0 F3600 X63.608 Y57.244
M204 S500
M205 X10 Y10
G1 F1200 X69.118 Y62.755 E136.86292
M204 S2000
M205 X30 Y30
G0 F3600 X68.411 Y62.755
M204 S500
M205 X10 Y10
G1 F1200 X62.901 Y57.244 E137.26791
M204 S2000
M205 X30 Y30
G0 F3600 X62.194 Y57.244
M204 S500
M205 X10 Y10
G1 F1200 X67.704 Y62.755 E137.67291
M204 S2000
M205 X30 Y30
G0 F3600 X66.997 Y62.755
M204 S500
M205 X10 Y10
G1 F1200 X61.487 Y57.244 E138.0779
M204 S2000
M205 X30 Y30
G0 F3600 X60.78 Y57.244
M204 S500
M205 X10 Y10
G1 F1200 X66.29 Y62.755 E138.4829
M204 S2000
M205 X30 Y30
G0 F3600 X65.583 Y62.755
M204 S500
M205 X10 Y10
G1 F1200 X60.072 Y57.244 E138.88793
M204 S2000
M205 X30 Y30
G0 F3600 X59.365 Y57.244
M204 S500
M205 X10 Y10
G1 F1200 X64.876 Y62.755 E139.29296
M204 S2000
M205 X30 Y30
G0 F3600 X64.169 Y62.755
M204 S500
M205 X10 Y10
G1 F1200 X58.658 Y57.244 E139.69799
M204 S2000
M205 X30 Y30
G0 F3600 X57.951 Y57.244
M204 S500
M205 X10 Y10
G1 F1200 X63.462 Y62.755 E140.10303
M204 S2000
M205 X30 Y30
G0 F3600 X62.755 Y62.755
M204 S500
M205 X10 Y10
G1 F1200 X57.244 Y57.244 E140.50806
M204 S2000
M205 X30 Y30
G0 F3600 X56.537 Y57.244
M204 S500
M205 X10 Y10
G1 F1200 X62.047 Y62.755 E140.91305
M204 S2000
M205 X30 Y30
G0 F3600 X61.34 Y62.755
M204 S500
M205 X10 Y10
G1 F1200 X55.83 Y57.244 E141.31805
M204 S2000
M205 X30 Y30
G0 F3600 X55.123 Y57.244
M204 S500
M205 X10 Y10
G1 F1200 X60.633 Y62.755 E141.72304
M204 S2000
M205 X30 Y30
G0 F3600 X59.926 Y62.755
M204 S500
M205 X10 Y10
G1 F1200 X54.416 Y57.244 E142.12804
M204 S2000
M205 X30 Y30
G0 F3600 X53.709 Y57.244
M204 S500
M205 X10 Y10
G1 F1200 X59.219 Y62.755 E142.53303
M204 S2000
M205 X30 Y30
G0 F3600 X58.512 Y62.755
M204 S500
M205 X10 Y10
G1 F1200 X53.001 Y57.243 E142.9381
M204 S2000
M205 X30 Y30
G0 F3600 X52.294 Y57.243
M204 S500
M205 X10 Y10
G1 F1200 X57.805 Y62.755 E143.34317
M204 S2000
M205 X30 Y30
G0 F3600 X57.098 Y62.755
M204 S500
M205 X10 Y10
G1 F1200 X51.586 Y57.243 E143.74828
M204 S2000
M205 X30 Y30
G0 F3600 X50.879 Y57.243
M204 S500
M205 X10 Y10
G1 F1200 X56.391 Y62.755 E144.15338
M204 S2000
M205 X30 Y30
G0 F3600 X55.683 Y62.755
M204 S500
M205 X10 Y10
G1 F1200 X50.172 Y57.243 E144.55845
M204 S2000
M205 X30 Y30
G0 F3600 X49.465 Y57.243
M204 S500
M205 X10 Y10
G1 F1200 X54.976 Y62.755 E144.96352
M204 S2000
M205 X30 Y30
G0 F3600 X54.269 Y62.755
M204 S500
M205 X10 Y10
G1 F1200 X48.758 Y57.243 E145.36859
M204 S2000
M205 X30 Y30
G0 F3600 X48.051 Y57.243
M204 S500
M205 X10 Y10
G1 F1200 X53.562 Y62.755 E145.77366
M204 S2000
M205 X30 Y30
G0 F3600 X52.855 Y62.755
M204 S500
M205 X10 Y10
G1 F1200 X47.344 Y57.243 E146.17873
M204 S2000
M205 X30 Y30
G0 F3600 X46.637 Y57.243
M204 S500
M205 X10 Y10
G1 F1200 X52.148 Y62.755 E146.5838
M204 S2000
M205 X30 Y30
G0 F3600 X51.441 Y62.755
M204 S500
M205 X10 Y10
G1 F1200 X45.93 Y57.243 E146.98887
M204 S2000
M205 X30 Y30
G0 F3600 X45.223 Y57.243
M204 S500
M205 X10 Y10
G1 F1200 X50.734 Y62.755 E147.39393
M204 S2000
M205 X30 Y30
G0 F3600 X50.027 Y62.755
M204 S500
M205 X10 Y10
G1 F1200 X44.515 Y57.243 E147.79904
M204 S2000
M205 X30 Y30
G0 F3600 X43.808 Y57.243
M204 S500
M205 X10 Y10
G1 F1200 X49.319 Y62.755 E148.20411
M204 S2000
M205 X30 Y30
G0 F3600 X48.612 Y62.755
M204 S500
M205 X10 Y10
G1 F1200 X43.101 Y57.243 E148.60918
M204 S2000
M205 X30 Y30
G0 F3600 X42.394 Y57.243
M204 S500
M205 X10 Y10
G1 F1200 X47.905 Y62.755 E149.01425
M204 S2000
M205 X30 Y30
G0 F3600 X47.198 Y62.755
M204 S500
M205 X10 Y10
G1 F1200 X41.687 Y57.243 E149.41932
M204 S2000
M205 X30 Y30
G0 F3600 X40.98 Y57.243
M204 S500
M205 X10 Y10
G1 F1200 X46.491 Y62.755 E149.82438
M204 S2000
M205 X30 Y30
G0 F3600 X45.784 Y62.755
M204 S500
M205 X10 Y10
G1 F1200 X40.273 Y57.243 E150.22945
M204 S2000
M205 X30 Y30
G0 F3600 X40.223 Y57.9
M204 S500
M205 X10 Y10
G1 F1200 X45.077 Y62.755 E150.58624
M204 S2000
M205 X30 Y30
G0 F3600 X44.37 Y62.755
M204 S500
M205 X10 Y10
G1 F1200 X40.223 Y58.607 E150.89106
M204 S2000
M205 X30 Y30
G0 F3600 X40.223 Y59.314
M204 S500
M205 X10 Y10
G1 F1200 X43.663 Y62.755 E151.14392
M204 S2000
M205 X30 Y30
G0 F3600 X42.956 Y62.755
M204 S500
M205 X10 Y10
G1 F1200 X40.223 Y60.022 E151.34478
M204 S2000
M205 X30 Y30
G0 F3600 X40.223 Y60.729
M204 S500
M205 X10 Y10
G1 F1200 X42.248 Y62.755 E151.49364
M204 S2000
M205 X30 Y30
G0 F3600 X41.541 Y62.755
M204 S500
M205 X10 Y10
G1 F1200 X40.223 Y61.436 E151.59055
M204 S2000
M205 X30 Y30
G0 F3600 X40.223 Y62.143
M204 S500
M205 X10 Y10
G1 F1200 X40.834 Y62.755 E151.63549
M204 S2000
M205 X30 Y30
;MESH:NONMESH
G0 F600 X40.834 Y62.755 Z1.05
G0 F3600 X41.847 Y57.349
;TIME_ELAPSED:176.870282
;LAYER:3
M204 S500
M205 X10 Y10
;TYPE:FILL
;MESH:PLATempTower
G1 F2400 X41.31 Y57.886 E151.66838
M204 S2000
M205 X30 Y30
G0 F3600 X41.31 Y60.244
M204 S500
M205 X10 Y10
G1 F2400 X44.205 Y57.349 E151.84568
G1 X44.417 Y57.137
M204 S2000
M205 X30 Y30
G0 F3600 X46.329 Y57.582
M204 S500
M205 X10 Y10
G1 F2400 X41.543 Y62.368 E152.13879
G1 X41.331 Y62.58
M204 S2000
M205 X30 Y30
G0 F3600 X43.9 Y62.368
M204 S500
M205 X10 Y10
G1 F2400 X46.329 Y59.94 E152.28752
G1 X46.541 Y59.728
M204 S2000
M205 X30 Y30
G0 F3600 X46.329 Y62.297
M204 S500
M205 X10 Y10
G1 F2400 X46.258 Y62.368 E152.29187
M204 S2000
M205 X30 Y30
G0 F3600 X46.53 Y62.57
M204 S500
M205 X10 Y10
;TYPE:WALL-INNER
G1 F2400 X41.11 Y62.57 E152.52658
G1 X41.11 Y57.15 E152.7613
G1 X46.53 Y57.15 E152.99602
G1 X46.53 Y62.058 E153.20856
G0 F1920 X46.53 Y62.57
M204 S2000
M205 X30 Y30
G0 F3600 X47.03 Y63.07
M204 S500
M205 X10 Y10
G1 F2400 X40.61 Y63.07 E153.48659
G1 X40.61 Y56.65 E153.76461
G1 X47.03 Y56.65 E154.04263
G1 X47.03 Y62.558 E154.29848
G0 F1920 X47.03 Y63.07
M204 S2000
M205 X30 Y30
G0 F3600 X47.53 Y63.57
M204 S500
M205 X10 Y10
;TYPE:WALL-OUTER
G1 F1200 X40.11 Y63.57 E154.61981
G1 X40.11 Y56.15 E154.94114
G1 X47.53 Y56.15 E155.26247
G1 X47.53 Y63.058 E155.56162
G0 F960 X47.53 Y63.57
M204 S2000
M205 X30 Y30
G0 F3600 X47.28 Y63.57
G0 X46.53 Y62.717
G1 F2700 E151.56162
G0 F3600 X48.445 Y62.327
G0 X72.475 Y62.327
G0 X73.91 Y62.327
G0 X74.589 Y62.327
M204 S500
M205 X10 Y10
;TYPE:FILL
G1 F2700 E155.56162
G1 F2400 X79.567 Y57.349 E155.86649
G1 X79.779 Y57.137
M204 S2000
M205 X30 Y30
G0 F3600 X79.609 Y59.664
M204 S500
M205 X10 Y10
G1 F2400 X76.904 Y62.37 E156.03219
G1 X76.692 Y62.582
M204 S2000
M205 X30 Y30
G0 F3600 X79.261 Y62.37
M204 S500
M205 X10 Y10
G1 F2400 X79.609 Y62.022 E156.0535
M204 S2000
M205 X30 Y30
G0 F3600 X77.209 Y57.349
M204 S500
M205 X10 Y10
G1 F2400 X74.589 Y59.97 E156.21399
G1 X74.377 Y60.182
M204 S2000
M205 X30 Y30
G0 F3600 X74.589 Y57.612
M204 S500
M205 X10 Y10
G1 F2400 X74.852 Y57.349 E156.2301
M204 S2000
M205 X30 Y30
G0 F3600 X79.81 Y62.57
M204 S500
M205 X10 Y10
;TYPE:WALL-INNER
G1 F2400 X74.39 Y62.57 E156.46481
G1 X74.39 Y57.15 E156.69953
G1 X79.81 Y57.15 E156.93425
G1 X79.81 Y62.058 E157.14679
G0 F1920 X79.81 Y62.57
M204 S2000
M205 X30 Y30
G0 F3600 X80.31 Y63.07
M204 S500
M205 X10 Y10
G1 F2400 X73.89 Y63.07 E157.42482
G1 X73.89 Y56.65 E157.70284
G1 X80.31 Y56.65 E157.98086
G1 X80.31 Y62.558 E158.23671
G0 F1920 X80.31 Y63.07
M204 S2000
M205 X30 Y30
G0 F3600 X80.81 Y63.57
M204 S500
M205 X10 Y10
;TYPE:WALL-OUTER
G1 F1200 X73.39 Y63.57 E158.55804
G1 X73.39 Y56.15 E158.87937
G1 X80.81 Y56.15 E159.2007
G1 X80.81 Y63.058 E159.49985
G0 F960 X80.81 Y63.57
M204 S2000
M205 X30 Y30
G0 F3600 X80.56 Y63.57
G0 X79.81 Y62.717
G1 F2700 E155.49985
;MESH:NONMESH
G0 F600 X79.81 Y62.717 Z1.3
G0 F3600 X73.91 Y57.397
G0 X72.475 Y57.397
G0 X48.445 Y57.397
G0 X47.01 Y57.397
G0 X41.309 Y57.397
;TIME_ELAPSED:186.759658
;LAYER:4
;[CAZD:
M104 S215.0 T0
M221 S100 T1
;:CAZD]
M204 S500
M205 X10 Y10
;TYPE:FILL
;MESH:PLATempTower
G1 F2700 E159.49985
G1 F2400 X46.28 Y62.368 E159.8043
G1 X46.492 Y62.58
M204 S2000
M205 X30 Y30
G0 F3600 X46.33 Y60.06
M204 S500
M205 X10 Y10
G1 F2400 X43.618 Y57.349 E159.97036
G1 X43.406 Y57.137
M204 S2000
M205 X30 Y30
G0 F3600 X45.976 Y57.349
M204 S500
M205 X10 Y10
G1 F2400 X46.33 Y57.703 E159.99204
M204 S2000
M205 X30 Y30
G0 F3600 X43.923 Y62.368
M204 S500
M205 X10 Y10
G1 F2400 X41.309 Y59.755 E160.1521
G1 X41.097 Y59.543
M204 S2000
M205 X30 Y30
G0 F3600 X41.309 Y62.112
M204 S500
M205 X10 Y10
G1 F2400 X41.565 Y62.368 E160.16778
M204 S2000
M205 X30 Y30
G0 F3600 X46.53 Y62.57
M204 S500
M205 X10 Y10
;TYPE:WALL-INNER
G1 F2400 X41.11 Y62.57 E160.40249
G1 X41.11 Y57.15 E160.63721
G1 X46.53 Y57.15 E160.87193
G1 X46.53 Y62.058 E161.08447
G0 F1920 X46.53 Y62.57
M204 S2000
M205 X30 Y30
G0 F3600 X47.03 Y63.07
M204 S500
M205 X10 Y10
G1 F2400 X40.61 Y63.07 E161.36249
G1 X40.61 Y56.65 E161.64052
G1 X47.03 Y56.65 E161.91854
G1 X47.03 Y62.558 E162.17439
G0 F1920 X47.03 Y63.07
M204 S2000
M205 X30 Y30
G0 F3600 X47.53 Y63.57
M204 S500
M205 X10 Y10
;TYPE:WALL-OUTER
G1 F1200 X40.11 Y63.57 E162.49572
G1 X40.11 Y56.15 E162.81705
G1 X47.53 Y56.15 E163.13838
G1 X47.53 Y63.058 E163.43753
G0 F960 X47.53 Y63.57
M204 S2000
M205 X30 Y30
G0 F3600 X47.28 Y63.57
G0 X46.53 Y62.717
G1 F2700 E159.43753
G0 F3600 X47.01 Y60.029
G0 X48.445 Y60.029
G0 X72.475 Y60.029
G0 X73.91 Y60.029
G0 X74.589 Y60.029
M204 S500
M205 X10 Y10
;TYPE:FILL
G1 F2700 E163.43753
G1 F2400 X76.929 Y62.37 E163.58087
G1 X77.141 Y62.582
M204 S2000
M205 X30 Y30
G0 F3600 X79.287 Y62.37
M204 S500
M205 X10 Y10
G1 F2400 X74.589 Y57.672 E163.8686
G1 X74.377 Y57.46
M204 S2000
M205 X30 Y30
G0 F3600 X76.624 Y57.349
M204 S500
M205 X10 Y10
G1 F2400 X79.609 Y60.335 E164.05144
G1 X79.821 Y60.547
M204 S2000
M205 X30 Y30
G0 F3600 X79.609 Y57.977
M204 S500
M205 X10 Y10
G1 F2400 X78.981 Y57.349 E164.0899
M204 S2000
M205 X30 Y30
G0 F3600 X79.81 Y62.57
M204 S500
M205 X10 Y10
;TYPE:WALL-INNER
G1 F2400 X74.39 Y62.57 E164.32462
G1 X74.39 Y57.15 E164.55933
G1 X79.81 Y57.15 E164.79405
G1 X79.81 Y62.058 E165.00659
G0 F1920 X79.81 Y62.57
M204 S2000
M205 X30 Y30
G0 F3600 X80.31 Y63.07
M204 S500
M205 X10 Y10
G1 F2400 X73.89 Y63.07 E165.28462
G1 X73.89 Y56.65 E165.56264
G1 X80.31 Y56.65 E165.84066
G1 X80.31 Y62.558 E166.09651
G0 F1920 X80.31 Y63.07
M204 S2000
M205 X30 Y30
G0 F3600 X80.81 Y63.57
M204 S500
M205 X10 Y10
;TYPE:WALL-OUTER
G1 F1200 X73.39 Y63.57 E166.41784
G1 X73.39 Y56.15 E166.73917
G1 X80.81 Y56.15 E167.0605
G1 X80.81 Y63.058 E167.35965
G0 F960 X80.81 Y63.57
M204 S2000
M205 X30 Y30
G0 F3600 X80.56 Y63.57
G0 X79.81 Y62.717
G1 F2700 E163.35965
;MESH:NONMESH
G0 F600 X79.81 Y62.717 Z1.55
G0 F3600 X73.91 Y57.349
G0 X72.475 Y57.349
G0 X48.445 Y57.349
G0 X47.01 Y57.349
G0 X41.847 Y57.349
;TIME_ELAPSED:196.833966
;LAYER:5
M204 S500
M205 X10 Y10
;TYPE:FILL
;MESH:PLATempTower
G1 F2700 E167.35965
G1 F2400 X41.31 Y57.886 E167.39254
M204 S2000
M205 X30 Y30
G0 F3600 X41.31 Y60.244
M204 S500
M205 X10 Y10
G1 F2400 X44.205 Y57.349 E167.56984
G1 X44.417 Y57.137
M204 S2000
M205 X30 Y30
G0 F3600 X46.329 Y57.582
M204 S500
M205 X10 Y10
G1 F2400 X41.543 Y62.368 E167.86295
G1 X41.331 Y62.58
M204 S2000
M205 X30 Y30
G0 F3600 X43.9 Y62.368
M204 S500
M205 X10 Y10
G1 F2400 X46.329 Y59.94 E168.01168
G1 X46.541 Y59.728
M204 S2000
M205 X30 Y30
G0 F3600 X46.329 Y62.297
M204 S500
M205 X10 Y10
G1 F2400 X46.258 Y62.368 E168.01603
M204 S2000
M205 X30 Y30
G0 F3600 X46.53 Y62.57
M204 S500
M205 X10 Y10
;TYPE:WALL-INNER
G1 F2400 X41.11 Y62.57 E168.25075
G1 X41.11 Y57.15 E168.48547
G1 X46.53 Y57.15 E168.72018
G1 X46.53 Y62.058 E168.93273
G0 F1920 X46.53 Y62.57
M204 S2000
M205 X30 Y30
G0 F3600 X47.03 Y63.07
M204 S500
M205 X10 Y10
G1 F2400 X40.61 Y63.07 E169.21075
G1 X40.61 Y56.65 E169.48877
G1 X47.03 Y56.65 E169.7668
G1 X47.03 Y62.558 E170.02265
G0 F1920 X47.03 Y63.07
M204 S2000
M205 X30 Y30
G0 F3600 X47.53 Y63.57
M204 S500
M205 X10 Y10
;TYPE:WALL-OUTER
G1 F1200 X40.11 Y63.57 E170.34398
G1 X40.11 Y56.15 E170.6653
G1 X47.53 Y56.15 E170.98663
G1 X47.53 Y63.058 E171.28579
G0 F960 X47.53 Y63.57
M204 S2000
M205 X30 Y30
G0 F3600 X47.28 Y63.57
G0 X46.53 Y62.717
G1 F2700 E167.28579
G0 F3600 X48.445 Y62.327
G0 X72.475 Y62.327
G0 X73.91 Y62.327
G0 X74.589 Y62.327
M204 S500
M205 X10 Y10
;TYPE:FILL
G1 F2700 E171.28579
G1 F2400 X79.567 Y57.349 E171.59066
G1 X79.779 Y57.137
M204 S2000
M205 X30 Y30
G0 F3600 X79.609 Y59.664
M204 S500
M205 X10 Y10
G1 F2400 X76.904 Y62.37 E171.75635
G1 X76.692 Y62.582
M204 S2000
M205 X30 Y30
G0 F3600 X79.261 Y62.37
M204 S500
M205 X10 Y10
G1 F2400 X79.609 Y62.022 E171.77767
M204 S2000
M205 X30 Y30
G0 F3600 X77.209 Y57.349
M204 S500
M205 X10 Y10
G1 F2400 X74.589 Y59.97 E171.93816
G1 X74.377 Y60.182
M204 S2000
M205 X30 Y30
G0 F3600 X74.589 Y57.612
M204 S500
M205 X10 Y10
G1 F2400 X74.852 Y57.349 E171.95426
M204 S2000
M205 X30 Y30
G0 F3600 X79.81 Y62.57
M204 S500
M205 X10 Y10
;TYPE:WALL-INNER
G1 F2400 X74.39 Y62.57 E172.18898
G1 X74.39 Y57.15 E172.4237
G1 X79.81 Y57.15 E172.65841
G1 X79.81 Y62.058 E172.87096
G0 F1920 X79.81 Y62.57
M204 S2000
M205 X30 Y30
G0 F3600 X80.31 Y63.07
M204 S500
M205 X10 Y10
G1 F2400 X73.89 Y63.07 E173.14898
G1 X73.89 Y56.65 E173.427
G1 X80.31 Y56.65 E173.70503
G1 X80.31 Y62.558 E173.96088
G0 F1920 X80.31 Y63.07
M204 S2000
M205 X30 Y30
G0 F3600 X80.81 Y63.57
M204 S500
M205 X10 Y10
;TYPE:WALL-OUTER
G1 F1200 X73.39 Y63.57 E174.28221
G1 X73.39 Y56.15 E174.60353
G1 X80.81 Y56.15 E174.92486
G1 X80.81 Y63.058 E175.22402
G0 F960 X80.81 Y63.57
M204 S2000
M205 X30 Y30
G0 F3600 X80.56 Y63.57
G0 X79.81 Y62.717
G1 F2700 E171.22402
;MESH:NONMESH
G0 F600 X79.81 Y62.717 Z1.8
G0 F3600 X73.91 Y57.397
G0 X72.475 Y57.397
G0 X48.445 Y57.397
G0 X47.01 Y57.397
G0 X41.309 Y57.397
;TIME_ELAPSED:206.889242
;LAYER:6
M204 S500
M205 X10 Y10
;TYPE:FILL
;MESH:PLATempTower
G1 F2700 E175.22402
G1 F2400 X46.28 Y62.368 E175.52846
G1 X46.492 Y62.58
M204 S2000
M205 X30 Y30
G0 F3600 X46.33 Y60.06
M204 S500
M205 X10 Y10
G1 F2400 X43.618 Y57.349 E175.69452
G1 X43.406 Y57.137
M204 S2000
M205 X30 Y30
G0 F3600 X45.976 Y57.349
M204 S500
M205 X10 Y10
G1 F2400 X46.33 Y57.703 E175.7162
M204 S2000
M205 X30 Y30
G0 F3600 X43.923 Y62.368
M204 S500
M205 X10 Y10
G1 F2400 X41.309 Y59.755 E175.87626
G1 X41.097 Y59.543
M204 S2000
M205 X30 Y30
G0 F3600 X41.309 Y62.112
M204 S500
M205 X10 Y10
G1 F2400 X41.565 Y62.368 E175.89194
M204 S2000
M205 X30 Y30
G0 F3600 X46.53 Y62.57
M204 S500
M205 X10 Y10
;TYPE:WALL-INNER
G1 F2400 X41.11 Y62.57 E176.12666
G1 X41.11 Y57.15 E176.36138
G1 X46.53 Y57.15 E176.59609
G1 X46.53 Y62.058 E176.80864
G0 F1920 X46.53 Y62.57
M204 S2000
M205 X30 Y30
G0 F3600 X47.03 Y63.07
M204 S500
M205 X10 Y10
G1 F2400 X40.61 Y63.07 E177.08666
G1 X40.61 Y56.65 E177.36468
G1 X47.03 Y56.65 E177.64271
G1 X47.03 Y62.558 E177.89856
G0 F1920 X47.03 Y63.07
M204 S2000
M205 X30 Y30
G0 F3600 X47.53 Y63.57
M204 S500
M205 X10 Y10
;TYPE:WALL-OUTER
G1 F1200 X40.11 Y63.57 E178.21988
G1 X40.11 Y56.15 E178.54121
G1 X47.53 Y56.15 E178.86254
G1 X47.53 Y63.058 E179.1617
G0 F960 X47.53 Y63.57
M204 S2000
M205 X30 Y30
G0 F3600 X47.28 Y63.57
G0 X46.53 Y62.717
G1 F2700 E175.1617
G0 F3600 X47.01 Y60.029
G0 X48.445 Y60.029
G0 X72.475 Y60.029
G0 X73.91 Y60.029
G0 X74.589 Y60.029
M204 S500
M205 X10 Y10
;TYPE:FILL
G1 F2700 E179.1617
G1 F2400 X76.929 Y62.37 E179.30504
G1 X77.141 Y62.582
M204 S2000
M205 X30 Y30
G0 F3600 X79.287 Y62.37
M204 S500
M205 X10 Y10
G1 F2400 X74.589 Y57.672 E179.59276
G1 X74.377 Y57.46
M204 S2000
M205 X30 Y30
G0 F3600 X76.624 Y57.349
M204 S500
M205 X10 Y10
G1 F2400 X79.609 Y60.335 E179.7756
G1 X79.821 Y60.547
M204 S2000
M205 X30 Y30
G0 F3600 X79.609 Y57.977
M204 S500
M205 X10 Y10
G1 F2400 X78.981 Y57.349 E179.81406
M204 S2000
M205 X30 Y30
G0 F3600 X79.81 Y62.57
M204 S500
M205 X10 Y10
;TYPE:WALL-INNER
G1 F2400 X74.39 Y62.57 E180.04878
G1 X74.39 Y57.15 E180.2835
G1 X79.81 Y57.15 E180.51821
G1 X79.81 Y62.058 E180.73076
G0 F1920 X79.81 Y62.57
M204 S2000
M205 X30 Y30
G0 F3600 X80.31 Y63.07
M204 S500
M205 X10 Y10
G1 F2400 X73.89 Y63.07 E181.00878
G1 X73.89 Y56.65 E181.2868
G1 X80.31 Y56.65 E181.56483
G1 X80.31 Y62.558 E181.82068
G0 F1920 X80.31 Y63.07
M204 S2000
M205 X30 Y30
G0 F3600 X80.81 Y63.57
M204 S500
M205 X10 Y10
;TYPE:WALL-OUTER
G1 F1200 X73.39 Y63.57 E182.14201
G1 X73.39 Y56.15 E182.46334
G1 X80.81 Y56.15 E182.78466
G1 X80.81 Y63.058 E183.08382
G0 F960 X80.81 Y63.57
M204 S2000
M205 X30 Y30
G0 F3600 X80.56 Y63.57
G0 X79.81 Y62.717
G1 F2700 E179.08382
;MESH:NONMESH
G0 F600 X79.81 Y62.717 Z2.05
G0 F3600 X73.91 Y57.349
G0 X72.475 Y57.349
G0 X48.445 Y57.349
G0 X47.01 Y57.349
G0 X41.847 Y57.349
;TIME_ELAPSED:216.963550
;LAYER:7
M204 S500
M205 X10 Y10
;TYPE:FILL
;MESH:PLATempTower
G1 F2700 E183.08382
G1 F2400 X41.31 Y57.886 E183.11671
M204 S2000
M205 X30 Y30
G0 F3600 X41.31 Y60.244
M204 S500
M205 X10 Y10
G1 F2400 X44.205 Y57.349 E183.29401
G1 X44.417 Y57.137
M204 S2000
M205 X30 Y30
G0 F3600 X46.329 Y57.582
M204 S500
M205 X10 Y10
G1 F2400 X41.543 Y62.368 E183.58712
G1 X41.331 Y62.58
M204 S2000
M205 X30 Y30
G0 F3600 X43.9 Y62.368
M204 S500
M205 X10 Y10
G1 F2400 X46.329 Y59.94 E183.73585
G1 X46.541 Y59.728
M204 S2000
M205 X30 Y30
G0 F3600 X46.329 Y62.297
M204 S500
M205 X10 Y10
G1 F2400 X46.258 Y62.368 E183.7402
M204 S2000
M205 X30 Y30
G0 F3600 X46.53 Y62.57
M204 S500
M205 X10 Y10
;TYPE:WALL-INNER
G1 F2400 X41.11 Y62.57 E183.97491
G1 X41.11 Y57.15 E184.20963
G1 X46.53 Y57.15 E184.44435
G1 X46.53 Y62.058 E184.65689
G0 F1920 X46.53 Y62.57
M204 S2000
M205 X30 Y30
G0 F3600 X47.03 Y63.07
M204 S500
M205 X10 Y10
G1 F2400 X40.61 Y63.07 E184.93492
G1 X40.61 Y56.65 E185.21294
G1 X47.03 Y56.65 E185.49096
G1 X47.03 Y62.558 E185.74681
G0 F1920 X47.03 Y63.07
M204 S2000
M205 X30 Y30
G0 F3600 X47.53 Y63.57
M204 S500
M205 X10 Y10
;TYPE:WALL-OUTER
G1 F1200 X40.11 Y63.57 E186.06814
G1 X40.11 Y56.15 E186.38947
G1 X47.53 Y56.15 E186.7108
G1 X47.53 Y63.058 E187.00995
G0 F960 X47.53 Y63.57
M204 S2000
M205 X30 Y30
G0 F3600 X47.28 Y63.57
G0 X46.53 Y62.717
G1 F2700 E183.00995
G0 F3600 X48.445 Y62.327
G0 X72.475 Y62.327
G0 X73.91 Y62.327
G0 X74.589 Y62.327
M204 S500
M205 X10 Y10
;TYPE:FILL
G1 F2700 E187.00995
G1 F2400 X79.567 Y57.349 E187.31482
G1 X79.779 Y57.137
M204 S2000
M205 X30 Y30
G0 F3600 X79.609 Y59.664
M204 S500
M205 X10 Y10
G1 F2400 X76.904 Y62.37 E187.48052
G1 X76.692 Y62.582
M204 S2000
M205 X30 Y30
G0 F3600 X79.261 Y62.37
M204 S500
M205 X10 Y10
G1 F2400 X79.609 Y62.022 E187.50183
M204 S2000
M205 X30 Y30
G0 F3600 X77.209 Y57.349
M204 S500
M205 X10 Y10
G1 F2400 X74.589 Y59.97 E187.66232
G1 X74.377 Y60.182
M204 S2000
M205 X30 Y30
G0 F3600 X74.589 Y57.612
M204 S500
M205 X10 Y10
G1 F2400 X74.852 Y57.349 E187.67843
M204 S2000
M205 X30 Y30
G0 F3600 X79.81 Y62.57
M204 S500
M205 X10 Y10
;TYPE:WALL-INNER
G1 F2400 X74.39 Y62.57 E187.91314
G1 X74.39 Y57.15 E188.14786
G1 X79.81 Y57.15 E188.38258
G1 X79.81 Y62.058 E188.59512
G0 F1920 X79.81 Y62.57
M204 S2000
M205 X30 Y30
G0 F3600 X80.31 Y63.07
M204 S500
M205 X10 Y10
G1 F2400 X73.89 Y63.07 E188.87315
G1 X73.89 Y56.65 E189.15117
G1 X80.31 Y56.65 E189.42919
G1 X80.31 Y62.558 E189.68504
G0 F1920 X80.31 Y63.07
M204 S2000
M205 X30 Y30
G0 F3600 X80.81 Y63.57
M204 S500
M205 X10 Y10
;TYPE:WALL-OUTER
G1 F1200 X73.39 Y63.57 E190.00637
G1 X73.39 Y56.15 E190.3277
G1 X80.81 Y56.15 E190.64903
G1 X80.81 Y63.058 E190.94818
G0 F960 X80.81 Y63.57
M204 S2000
M205 X30 Y30
G0 F3600 X80.56 Y63.57
G0 X79.81 Y62.717
G1 F2700 E186.94818
;MESH:NONMESH
G0 F600 X79.81 Y62.717 Z2.3
G0 F3600 X73.91 Y57.397
G0 X72.475 Y57.397
G0 X48.445 Y57.397
G0 X47.01 Y57.397
G0 X41.309 Y57.397
;TIME_ELAPSED:227.018825
;LAYER:8
M204 S500
M205 X10 Y10
;TYPE:FILL
;MESH:PLATempTower
G1 F2700 E190.94818
G1 F2400 X46.28 Y62.368 E191.25263
G1 X46.492 Y62.58
M204 S2000
M205 X30 Y30
G0 F3600 X46.33 Y60.06
M204 S500
M205 X10 Y10
G1 F2400 X43.618 Y57.349 E191.41869
G1 X43.406 Y57.137
M204 S2000
M205 X30 Y30
G0 F3600 X45.976 Y57.349
M204 S500
M205 X10 Y10
G1 F2400 X46.33 Y57.703 E191.44037
M204 S2000
M205 X30 Y30
G0 F3600 X43.923 Y62.368
M204 S500
M205 X10 Y10
G1 F2400 X41.309 Y59.755 E191.60043
G1 X41.097 Y59.543
M204 S2000
M205 X30 Y30
G0 F3600 X41.309 Y62.112
M204 S500
M205 X10 Y10
G1 F2400 X41.565 Y62.368 E191.61611
M204 S2000
M205 X30 Y30
G0 F3600 X46.53 Y62.57
M204 S500
M205 X10 Y10
;TYPE:WALL-INNER
G1 F2400 X41.11 Y62.57 E191.85082
G1 X41.11 Y57.15 E192.08554
G1 X46.53 Y57.15 E192.32026
G1 X46.53 Y62.058 E192.5328
G0 F1920 X46.53 Y62.57
M204 S2000
M205 X30 Y30
G0 F3600 X47.03 Y63.07
M204 S500
M205 X10 Y10
G1 F2400 X40.61 Y63.07 E192.81082
G1 X40.61 Y56.65 E193.08885
G1 X47.03 Y56.65 E193.36687
G1 X47.03 Y62.558 E193.62272
G0 F1920 X47.03 Y63.07
M204 S2000
M205 X30 Y30
G0 F3600 X47.53 Y63.57
M204 S500
M205 X10 Y10
;TYPE:WALL-OUTER
G1 F1200 X40.11 Y63.57 E193.94405
G1 X40.11 Y56.15 E194.26538
G1 X47.53 Y56.15 E194.58671
G1 X47.53 Y63.058 E194.88586
G0 F960 X47.53 Y63.57
M204 S2000
M205 X30 Y30
G0 F3600 X47.28 Y63.57
G0 X46.53 Y62.717
G1 F2700 E190.88586
G0 F3600 X47.01 Y60.029
G0 X48.445 Y60.029
G0 X72.475 Y60.029
G0 X73.91 Y60.029
G0 X74.589 Y60.029
M204 S500
M205 X10 Y10
;TYPE:FILL
G1 F2700 E194.88586
G1 F2400 X76.929 Y62.37 E195.0292
G1 X77.141 Y62.582
M204 S2000
M205 X30 Y30
G0 F3600 X79.287 Y62.37
M204 S500
M205 X10 Y10
G1 F2400 X74.589 Y57.672 E195.31692
G1 X74.377 Y57.46
M204 S2000
M205 X30 Y30
G0 F3600 X76.624 Y57.349
M204 S500
M205 X10 Y10
G1 F2400 X79.609 Y60.335 E195.49977
G1 X79.821 Y60.547
M204 S2000
M205 X30 Y30
G0 F3600 X79.609 Y57.977
M204 S500
M205 X10 Y10
G1 F2400 X78.981 Y57.349 E195.53823
M204 S2000
M205 X30 Y30
G0 F3600 X79.81 Y62.57
M204 S500
M205 X10 Y10
;TYPE:WALL-INNER
G1 F2400 X74.39 Y62.57 E195.77295
G1 X74.39 Y57.15 E196.00766
G1 X79.81 Y57.15 E196.24238
G1 X79.81 Y62.058 E196.45492
G0 F1920 X79.81 Y62.57
M204 S2000
M205 X30 Y30
G0 F3600 X80.31 Y63.07
M204 S500
M205 X10 Y10
G1 F2400 X73.89 Y63.07 E196.73295
G1 X73.89 Y56.65 E197.01097
G1 X80.31 Y56.65 E197.28899
G1 X80.31 Y62.558 E197.54484
G0 F1920 X80.31 Y63.07
M204 S2000
M205 X30 Y30
G0 F3600 X80.81 Y63.57
M204 S500
M205 X10 Y10
;TYPE:WALL-OUTER
G1 F1200 X73.39 Y63.57 E197.86617
G1 X73.39 Y56.15 E198.1875
G1 X80.81 Y56.15 E198.50883
G1 X80.81 Y63.058 E198.80798
G0 F960 X80.81 Y63.57
M204 S2000
M205 X30 Y30
G0 F3600 X80.56 Y63.57
G0 X79.81 Y62.717
G1 F2700 E194.80798
;MESH:NONMESH
G0 F600 X79.81 Y62.717 Z2.55
G0 F3600 X73.91 Y57.349
G0 X72.475 Y57.349
G0 X48.445 Y57.349
G0 X47.01 Y57.349
G0 X41.847 Y57.349
;TIME_ELAPSED:237.093134
;LAYER:9
M204 S500
M205 X10 Y10
;TYPE:FILL
;MESH:PLATempTower
G1 F2700 E198.80798
G1 F2400 X41.31 Y57.886 E198.84087
M204 S2000
M205 X30 Y30
G0 F3600 X41.31 Y60.244
M204 S500
M205 X10 Y10
G1 F2400 X44.205 Y57.349 E199.01817
G1 X44.417 Y57.137
M204 S2000
M205 X30 Y30
G0 F3600 X46.329 Y57.582
M204 S500
M205 X10 Y10
G1 F2400 X41.543 Y62.368 E199.31128
G1 X41.331 Y62.58
M204 S2000
M205 X30 Y30
G0 F3600 X43.9 Y62.368
M204 S500
M205 X10 Y10
G1 F2400 X46.329 Y59.94 E199.46001
G1 X46.541 Y59.728
M204 S2000
M205 X30 Y30
G0 F3600 X46.329 Y62.297
M204 S500
M205 X10 Y10
G1 F2400 X46.258 Y62.368 E199.46436
M204 S2000
M205 X30 Y30
G0 F3600 X46.53 Y62.57
M204 S500
M205 X10 Y10
;TYPE:WALL-INNER
G1 F2400 X41.11 Y62.57 E199.69908
G1 X41.11 Y57.15 E199.9338
G1 X46.53 Y57.15 E200.16851
G1 X46.53 Y62.058 E200.38106
G0 F1920 X46.53 Y62.57
M204 S2000
M205 X30 Y30
G0 F3600 X47.03 Y63.07
M204 S500
M205 X10 Y10
G1 F2400 X40.61 Y63.07 E200.65908
G1 X40.61 Y56.65 E200.9371
G1 X47.03 Y56.65 E201.21513
G1 X47.03 Y62.558 E201.47098
G0 F1920 X47.03 Y63.07
M204 S2000
M205 X30 Y30
G0 F3600 X47.53 Y63.57
M204 S500
M205 X10 Y10
;TYPE:WALL-OUTER
G1 F1200 X40.11 Y63.57 E201.79231
G1 X40.11 Y56.15 E202.11363
G1 X47.53 Y56.15 E202.43496
G1 X47.53 Y63.058 E202.73412
G0 F960 X47.53 Y63.57
M204 S2000
M205 X30 Y30
G0 F3600 X47.28 Y63.57
G0 X46.53 Y62.717
G1 F2700 E198.73412
G0 F3600 X48.445 Y62.327
G0 X72.475 Y62.327
G0 X73.91 Y62.327
G0 X74.589 Y62.327
M204 S500
M205 X10 Y10
;TYPE:FILL
G1 F2700 E202.73412
G1 F2400 X79.567 Y57.349 E203.03899
G1 X79.779 Y57.137
M204 S2000
M205 X30 Y30
G0 F3600 X79.609 Y59.664
M204 S500
M205 X10 Y10
G1 F2400 X76.904 Y62.37 E203.20468
G1 X76.692 Y62.582
M204 S2000
M205 X30 Y30
G0 F3600 X79.261 Y62.37
M204 S500
M205 X10 Y10
G1 F2400 X79.609 Y62.022 E203.226
M204 S2000
M205 X30 Y30
G0 F3600 X77.209 Y57.349
M204 S500
M205 X10 Y10
G1 F2400 X74.589 Y59.97 E203.38648
G1 X74.377 Y60.182
M204 S2000
M205 X30 Y30
G0 F3600 X74.589 Y57.612
M204 S500
M205 X10 Y10
G1 F2400 X74.852 Y57.349 E203.40259
M204 S2000
M205 X30 Y30
G0 F3600 X79.81 Y62.57
M204 S500
M205 X10 Y10
;TYPE:WALL-INNER
G1 F2400 X74.39 Y62.57 E203.63731
G1 X74.39 Y57.15 E203.87203
G1 X79.81 Y57.15 E204.10674
G1 X79.81 Y62.058 E204.31929
G0 F1920 X79.81 Y62.57
M204 S2000
M205 X30 Y30
G0 F3600 X80.31 Y63.07
M204 S500
M205 X10 Y10
G1 F2400 X73.89 Y63.07 E204.59731
G1 X73.89 Y56.65 E204.87533
G1 X80.31 Y56.65 E205.15336
G1 X80.31 Y62.558 E205.40921
G0 F1920 X80.31 Y63.07
M204 S2000
M205 X30 Y30
G0 F3600 X80.81 Y63.57
M204 S500
M205 X10 Y10
;TYPE:WALL-OUTER
G1 F1200 X73.39 Y63.57 E205.73054
G1 X73.39 Y56.15 E206.05186
G1 X80.81 Y56.15 E206.37319
G1 X80.81 Y63.058 E206.67235
G0 F960 X80.81 Y63.57
M204 S2000
M205 X30 Y30
G0 F3600 X80.56 Y63.57
G0 X79.81 Y62.717
G1 F2700 E202.67235
;MESH:NONMESH
G0 F600 X79.81 Y62.717 Z2.8
G0 F3600 X73.91 Y57.397
G0 X72.475 Y57.397
G0 X48.445 Y57.397
G0 X47.01 Y57.397
G0 X41.309 Y57.397
;TIME_ELAPSED:247.148409
;LAYER:10
M204 S500
M205 X10 Y10
;TYPE:FILL
;MESH:PLATempTower
G1 F2700 E206.67235
G1 F2400 X46.28 Y62.368 E206.97679
G1 X46.492 Y62.58
M204 S2000
M205 X30 Y30
G0 F3600 X46.33 Y60.06
M204 S500
M205 X10 Y10
G1 F2400 X43.618 Y57.349 E207.14285
G1 X43.406 Y57.137
M204 S2000
M205 X30 Y30
G0 F3600 X45.976 Y57.349
M204 S500
M205 X10 Y10
G1 F2400 X46.33 Y57.703 E207.16453
M204 S2000
M205 X30 Y30
G0 F3600 X43.923 Y62.368
M204 S500
M205 X10 Y10
G1 F2400 X41.309 Y59.755 E207.32459
G1 X41.097 Y59.543
M204 S2000
M205 X30 Y30
G0 F3600 X41.309 Y62.112
M204 S500
M205 X10 Y10
G1 F2400 X41.565 Y62.368 E207.34027
M204 S2000
M205 X30 Y30
G0 F3600 X46.53 Y62.57
M204 S500
M205 X10 Y10
;TYPE:WALL-INNER
G1 F2400 X41.11 Y62.57 E207.57499
G1 X41.11 Y57.15 E207.8097
G1 X46.53 Y57.15 E208.04442
G1 X46.53 Y62.058 E208.25697
G0 F1920 X46.53 Y62.57
M204 S2000
M205 X30 Y30
G0 F3600 X47.03 Y63.07
M204 S500
M205 X10 Y10
G1 F2400 X40.61 Y63.07 E208.53499
G1 X40.61 Y56.65 E208.81301
G1 X47.03 Y56.65 E209.09103
G1 X47.03 Y62.558 E209.34689
G0 F1920 X47.03 Y63.07
M204 S2000
M205 X30 Y30
G0 F3600 X47.53 Y63.57
M204 S500
M205 X10 Y10
;TYPE:WALL-OUTER
G1 F1200 X40.11 Y63.57 E209.66821
G1 X40.11 Y56.15 E209.98954
G1 X47.53 Y56.15 E210.31087
G1 X47.53 Y63.058 E210.61003
G0 F960 X47.53 Y63.57
M204 S2000
M205 X30 Y30
G0 F3600 X47.28 Y63.57
G0 X46.53 Y62.717
G1 F2700 E206.61003
G0 F3600 X47.01 Y60.029
G0 X48.445 Y60.029
G0 X72.475 Y60.029
G0 X73.91 Y60.029
G0 X74.589 Y60.029
M204 S500
M205 X10 Y10
;TYPE:FILL
G1 F2700 E210.61003
G1 F2400 X76.929 Y62.37 E210.75337
G1 X77.141 Y62.582
M204 S2000
M205 X30 Y30
G0 F3600 X79.287 Y62.37
M204 S500
M205 X10 Y10
G1 F2400 X74.589 Y57.672 E211.04109
G1 X74.377 Y57.46
M204 S2000
M205 X30 Y30
G0 F3600 X76.624 Y57.349
M204 S500
M205 X10 Y10
G1 F2400 X79.609 Y60.335 E211.22393
G1 X79.821 Y60.547
M204 S2000
M205 X30 Y30
G0 F3600 X79.609 Y57.977
M204 S500
M205 X10 Y10
G1 F2400 X78.981 Y57.349 E211.26239
M204 S2000
M205 X30 Y30
G0 F3600 X79.81 Y62.57
M204 S500
M205 X10 Y10
;TYPE:WALL-INNER
G1 F2400 X74.39 Y62.57 E211.49711
G1 X74.39 Y57.15 E211.73183
G1 X79.81 Y57.15 E211.96654
G1 X79.81 Y62.058 E212.17909
G0 F1920 X79.81 Y62.57
M204 S2000
M205 X30 Y30
G0 F3600 X80.31 Y63.07
M204 S500
M205 X10 Y10
G1 F2400 X73.89 Y63.07 E212.45711
G1 X73.89 Y56.65 E212.73513
G1 X80.31 Y56.65 E213.01316
G1 X80.31 Y62.558 E213.26901
G0 F1920 X80.31 Y63.07
M204 S2000
M205 X30 Y30
G0 F3600 X80.81 Y63.57
M204 S500
M205 X10 Y10
;TYPE:WALL-OUTER
G1 F1200 X73.39 Y63.57 E213.59034
G1 X73.39 Y56.15 E213.91166
G1 X80.81 Y56.15 E214.23299
G1 X80.81 Y63.058 E214.53215
G0 F960 X80.81 Y63.57
M204 S2000
M205 X30 Y30
G0 F3600 X80.56 Y63.57
G0 X79.81 Y62.717
G1 F2700 E210.53215
;MESH:NONMESH
G0 F600 X79.81 Y62.717 Z3.05
G0 F3600 X73.91 Y57.349
G0 X72.475 Y57.349
G0 X48.445 Y57.349
G0 X47.01 Y57.349
G0 X41.847 Y57.349
;TIME_ELAPSED:257.222717
;LAYER:11
M204 S500
M205 X10 Y10
;TYPE:FILL
;MESH:PLATempTower
G1 F2700 E214.53215
G1 F2400 X41.31 Y57.886 E214.56504
M204 S2000
M205 X30 Y30
G0 F3600 X41.31 Y60.244
M204 S500
M205 X10 Y10
G1 F2400 X44.205 Y57.349 E214.74234
G1 X44.417 Y57.137
M204 S2000
M205 X30 Y30
G0 F3600 X46.329 Y57.582
M204 S500
M205 X10 Y10
G1 F2400 X41.543 Y62.368 E215.03545
G1 X41.331 Y62.58
M204 S2000
M205 X30 Y30
G0 F3600 X43.9 Y62.368
M204 S500
M205 X10 Y10
G1 F2400 X46.329 Y59.94 E215.18418
G1 X46.541 Y59.728
M204 S2000
M205 X30 Y30
G0 F3600 X46.329 Y62.297
M204 S500
M205 X10 Y10
G1 F2400 X46.258 Y62.368 E215.18853
M204 S2000
M205 X30 Y30
G0 F3600 X46.53 Y62.57
M204 S500
M205 X10 Y10
;TYPE:WALL-INNER
G1 F2400 X41.11 Y62.57 E215.42324
G1 X41.11 Y57.15 E215.65796
G1 X46.53 Y57.15 E215.89268
G1 X46.53 Y62.058 E216.10522
G0 F1920 X46.53 Y62.57
M204 S2000
M205 X30 Y30
G0 F3600 X47.03 Y63.07
M204 S500
M205 X10 Y10
G1 F2400 X40.61 Y63.07 E216.38325
G1 X40.61 Y56.65 E216.66127
G1 X47.03 Y56.65 E216.93929
G1 X47.03 Y62.558 E217.19514
G0 F1920 X47.03 Y63.07
M204 S2000
M205 X30 Y30
G0 F3600 X47.53 Y63.57
M204 S500
M205 X10 Y10
;TYPE:WALL-OUTER
G1 F1200 X40.11 Y63.57 E217.51647
G1 X40.11 Y56.15 E217.8378
G1 X47.53 Y56.15 E218.15913
G1 X47.53 Y63.058 E218.45828
G0 F960 X47.53 Y63.57
M204 S2000
M205 X30 Y30
G0 F3600 X47.28 Y63.57
G0 X46.53 Y62.717
G1 F2700 E214.45828
G0 F3600 X48.445 Y62.327
G0 X72.475 Y62.327
G0 X73.91 Y62.327
G0 X74.589 Y62.327
M204 S500
M205 X10 Y10
;TYPE:FILL
G1 F2700 E218.45828
G1 F2400 X79.567 Y57.349 E218.76315
G1 X79.779 Y57.137
M204 S2000
M205 X30 Y30
G0 F3600 X79.609 Y59.664
M204 S500
M205 X10 Y10
G1 F2400 X76.904 Y62.37 E218.92885
G1 X76.692 Y62.582
M204 S2000
M205 X30 Y30
G0 F3600 X79.261 Y62.37
M204 S500
M205 X10 Y10
G1 F2400 X79.609 Y62.022 E218.95016
M204 S2000
M205 X30 Y30
G0 F3600 X77.209 Y57.349
M204 S500
M205 X10 Y10
G1 F2400 X74.589 Y59.97 E219.11065
G1 X74.377 Y60.182
M204 S2000
M205 X30 Y30
G0 F3600 X74.589 Y57.612
M204 S500
M205 X10 Y10
G1 F2400 X74.852 Y57.349 E219.12676
M204 S2000
M205 X30 Y30
G0 F3600 X79.81 Y62.57
M204 S500
M205 X10 Y10
;TYPE:WALL-INNER
G1 F2400 X74.39 Y62.57 E219.36147
G1 X74.39 Y57.15 E219.59619
G1 X79.81 Y57.15 E219.83091
G1 X79.81 Y62.058 E220.04345
G0 F1920 X79.81 Y62.57
M204 S2000
M205 X30 Y30
G0 F3600 X80.31 Y63.07
M204 S500
M205 X10 Y10
G1 F2400 X73.89 Y63.07 E220.32148
G1 X73.89 Y56.65 E220.5995
G1 X80.31 Y56.65 E220.87752
G1 X80.31 Y62.558 E221.13337
G0 F1920 X80.31 Y63.07
M204 S2000
M205 X30 Y30
G0 F3600 X80.81 Y63.57
M204 S500
M205 X10 Y10
;TYPE:WALL-OUTER
G1 F1200 X73.39 Y63.57 E221.4547
G1 X73.39 Y56.15 E221.77603
G1 X80.81 Y56.15 E222.09736
G1 X80.81 Y63.058 E222.39651
G0 F960 X80.81 Y63.57
M204 S2000
M205 X30 Y30
G0 F3600 X80.56 Y63.57
G0 X79.81 Y62.717
G1 F2700 E218.39651
;MESH:NONMESH
G0 F600 X79.81 Y62.717 Z3.3
G0 F3600 X73.91 Y57.397
G0 X72.475 Y57.397
G0 X48.445 Y57.397
G0 X47.01 Y57.397
G0 X41.309 Y57.397
;TIME_ELAPSED:267.277993
;LAYER:12
M204 S500
M205 X10 Y10
;TYPE:FILL
;MESH:PLATempTower
G1 F2700 E222.39651
G1 F2400 X46.28 Y62.368 E222.70095
G1 X46.492 Y62.58
M204 S2000
M205 X30 Y30
G0 F3600 X46.33 Y60.06
M204 S500
M205 X10 Y10
G1 F2400 X43.618 Y57.349 E222.86702
G1 X43.406 Y57.137
M204 S2000
M205 X30 Y30
G0 F3600 X45.976 Y57.349
M204 S500
M205 X10 Y10
G1 F2400 X46.33 Y57.703 E222.8887
M204 S2000
M205 X30 Y30
G0 F3600 X43.923 Y62.368
M204 S500
M205 X10 Y10
G1 F2400 X41.309 Y59.755 E223.04876
G1 X41.097 Y59.543
M204 S2000
M205 X30 Y30
G0 F3600 X41.309 Y62.112
M204 S500
M205 X10 Y10
G1 F2400 X41.565 Y62.368 E223.06444
M204 S2000
M205 X30 Y30
G0 F3600 X46.53 Y62.57
M204 S500
M205 X10 Y10
;TYPE:WALL-INNER
G1 F2400 X41.11 Y62.57 E223.29915
G1 X41.11 Y57.15 E223.53387
G1 X46.53 Y57.15 E223.76859
G1 X46.53 Y62.058 E223.98113
G0 F1920 X46.53 Y62.57
M204 S2000
M205 X30 Y30
G0 F3600 X47.03 Y63.07
M204 S500
M205 X10 Y10
G1 F2400 X40.61 Y63.07 E224.25915
G1 X40.61 Y56.65 E224.53718
G1 X47.03 Y56.65 E224.8152
G1 X47.03 Y62.558 E225.07105
G0 F1920 X47.03 Y63.07
M204 S2000
M205 X30 Y30
G0 F3600 X47.53 Y63.57
M204 S500
M205 X10 Y10
;TYPE:WALL-OUTER
G1 F1200 X40.11 Y63.57 E225.39238
G1 X40.11 Y56.15 E225.71371
G1 X47.53 Y56.15 E226.03504
G1 X47.53 Y63.058 E226.33419
G0 F960 X47.53 Y63.57
M204 S2000
M205 X30 Y30
G0 F3600 X47.28 Y63.57
G0 X46.53 Y62.717
G1 F2700 E222.33419
G0 F3600 X47.01 Y60.029
G0 X48.445 Y60.029
G0 X72.475 Y60.029
G0 X73.91 Y60.029
G0 X74.589 Y60.029
M204 S500
M205 X10 Y10
;TYPE:FILL
G1 F2700 E226.33419
G1 F2400 X76.929 Y62.37 E226.47753
G1 X77.141 Y62.582
M204 S2000
M205 X30 Y30
G0 F3600 X79.287 Y62.37
M204 S500
M205 X10 Y10
G1 F2400 X74.589 Y57.672 E226.76525
G1 X74.377 Y57.46
M204 S2000
M205 X30 Y30
G0 F3600 X76.624 Y57.349
M204 S500
M205 X10 Y10
G1 F2400 X79.609 Y60.335 E226.9481
G1 X79.821 Y60.547
M204 S2000
M205 X30 Y30
G0 F3600 X79.609 Y57.977
M204 S500
M205 X10 Y10
G1 F2400 X78.981 Y57.349 E226.98656
M204 S2000
M205 X30 Y30
G0 F3600 X79.81 Y62.57
M204 S500
M205 X10 Y10
;TYPE:WALL-INNER
G1 F2400 X74.39 Y62.57 E227.22128
G1 X74.39 Y57.15 E227.45599
G1 X79.81 Y57.15 E227.69071
G1 X79.81 Y62.058 E227.90325
G0 F1920 X79.81 Y62.57
M204 S2000
M205 X30 Y30
G0 F3600 X80.31 Y63.07
M204 S500
M205 X10 Y10
G1 F2400 X73.89 Y63.07 E228.18128
G1 X73.89 Y56.65 E228.4593
G1 X80.31 Y56.65 E228.73732
G1 X80.31 Y62.558 E228.99317
G0 F1920 X80.31 Y63.07
M204 S2000
M205 X30 Y30
G0 F3600 X80.81 Y63.57
M204 S500
M205 X10 Y10
;TYPE:WALL-OUTER
G1 F1200 X73.39 Y63.57 E229.3145
G1 X73.39 Y56.15 E229.63583
G1 X80.81 Y56.15 E229.95716
G1 X80.81 Y63.058 E230.25631
G0 F960 X80.81 Y63.57
M204 S2000
M205 X30 Y30
G0 F3600 X80.56 Y63.57
G0 X79.81 Y62.717
G1 F2700 E226.25631
;MESH:NONMESH
G0 F600 X79.81 Y62.717 Z3.55
G0 F3600 X73.91 Y57.349
G0 X72.475 Y57.349
G0 X48.445 Y57.349
G0 X47.01 Y57.349
G0 X41.847 Y57.349
;TIME_ELAPSED:277.352301
;LAYER:13
M204 S500
M205 X10 Y10
;TYPE:FILL
;MESH:PLATempTower
G1 F2700 E230.25631
G1 F2400 X41.31 Y57.886 E230.2892
M204 S2000
M205 X30 Y30
G0 F3600 X41.31 Y60.244
M204 S500
M205 X10 Y10
G1 F2400 X44.205 Y57.349 E230.4665
G1 X44.417 Y57.137
M204 S2000
M205 X30 Y30
G0 F3600 X46.329 Y57.582
M204 S500
M205 X10 Y10
G1 F2400 X41.543 Y62.368 E230.75961
G1 X41.331 Y62.58
M204 S2000
M205 X30 Y30
G0 F3600 X43.9 Y62.368
M204 S500
M205 X10 Y10
G1 F2400 X46.329 Y59.94 E230.90834
G1 X46.541 Y59.728
M204 S2000
M205 X30 Y30
G0 F3600 X46.329 Y62.297
M204 S500
M205 X10 Y10
G1 F2400 X46.258 Y62.368 E230.91269
M204 S2000
M205 X30 Y30
G0 F3600 X46.53 Y62.57
M204 S500
M205 X10 Y10
;TYPE:WALL-INNER
G1 F2400 X41.11 Y62.57 E231.14741
G1 X41.11 Y57.15 E231.38213
G1 X46.53 Y57.15 E231.61684
G1 X46.53 Y62.058 E231.82939
G0 F1920 X46.53 Y62.57
M204 S2000
M205 X30 Y30
G0 F3600 X47.03 Y63.07
M204 S500
M205 X10 Y10
G1 F2400 X40.61 Y63.07 E232.10741
G1 X40.61 Y56.65 E232.38543
G1 X47.03 Y56.65 E232.66346
G1 X47.03 Y62.558 E232.91931
G0 F1920 X47.03 Y63.07
M204 S2000
M205 X30 Y30
G0 F3600 X47.53 Y63.57
M204 S500
M205 X10 Y10
;TYPE:WALL-OUTER
G1 F1200 X40.11 Y63.57 E233.24064
G1 X40.11 Y56.15 E233.56196
G1 X47.53 Y56.15 E233.88329
G1 X47.53 Y63.058 E234.18245
G0 F960 X47.53 Y63.57
M204 S2000
M205 X30 Y30
G0 F3600 X47.28 Y63.57
G0 X46.53 Y62.717
G1 F2700 E230.18245
G0 F3600 X48.445 Y62.327
G0 X72.475 Y62.327
G0 X73.91 Y62.327
G0 X74.589 Y62.327
M204 S500
M205 X10 Y10
;TYPE:FILL
G1 F2700 E234.18245
G1 F2400 X79.567 Y57.349 E234.48732
G1 X79.779 Y57.137
M204 S2000
M205 X30 Y30
G0 F3600 X79.609 Y59.664
M204 S500
M205 X10 Y10
G1 F2400 X76.904 Y62.37 E234.65301
G1 X76.692 Y62.582
M204 S2000
M205 X30 Y30
G0 F3600 X79.261 Y62.37
M204 S500
M205 X10 Y10
G1 F2400 X79.609 Y62.022 E234.67433
M204 S2000
M205 X30 Y30
G0 F3600 X77.209 Y57.349
M204 S500
M205 X10 Y10
G1 F2400 X74.589 Y59.97 E234.83481
G1 X74.377 Y60.182
M204 S2000
M205 X30 Y30
G0 F3600 X74.589 Y57.612
M204 S500
M205 X10 Y10
G1 F2400 X74.852 Y57.349 E234.85092
M204 S2000
M205 X30 Y30
G0 F3600 X79.81 Y62.57
M204 S500
M205 X10 Y10
;TYPE:WALL-INNER
G1 F2400 X74.39 Y62.57 E235.08564
G1 X74.39 Y57.15 E235.32036
G1 X79.81 Y57.15 E235.55507
G1 X79.81 Y62.058 E235.76762
G0 F1920 X79.81 Y62.57
M204 S2000
M205 X30 Y30
G0 F3600 X80.31 Y63.07
M204 S500
M205 X10 Y10
G1 F2400 X73.89 Y63.07 E236.04564
G1 X73.89 Y56.65 E236.32366
G1 X80.31 Y56.65 E236.60169
G1 X80.31 Y62.558 E236.85754
G0 F1920 X80.31 Y63.07
M204 S2000
M205 X30 Y30
G0 F3600 X80.81 Y63.57
M204 S500
M205 X10 Y10
;TYPE:WALL-OUTER
G1 F1200 X73.39 Y63.57 E237.17886
G1 X73.39 Y56.15 E237.50019
G1 X80.81 Y56.15 E237.82152
G1 X80.81 Y63.058 E238.12068
G0 F960 X80.81 Y63.57
M204 S2000
M205 X30 Y30
G0 F3600 X80.56 Y63.57
G0 X79.81 Y62.717
G1 F2700 E234.12068
;MESH:NONMESH
G0 F600 X79.81 Y62.717 Z3.8
G0 F3600 X73.91 Y57.397
G0 X72.475 Y57.397
G0 X48.445 Y57.397
G0 X47.01 Y57.397
G0 X41.309 Y57.397
;TIME_ELAPSED:287.407576
;LAYER:14
M204 S500
M205 X10 Y10
;TYPE:FILL
;MESH:PLATempTower
G1 F2700 E238.12068
G1 F2400 X46.28 Y62.368 E238.42512
G1 X46.492 Y62.58
M204 S2000
M205 X30 Y30
G0 F3600 X46.33 Y60.06
M204 S500
M205 X10 Y10
G1 F2400 X43.618 Y57.349 E238.59118
G1 X43.406 Y57.137
M204 S2000
M205 X30 Y30
G0 F3600 X45.976 Y57.349
M204 S500
M205 X10 Y10
G1 F2400 X46.33 Y57.703 E238.61286
M204 S2000
M205 X30 Y30
G0 F3600 X43.923 Y62.368
M204 S500
M205 X10 Y10
G1 F2400 X41.309 Y59.755 E238.77292
G1 X41.097 Y59.543
M204 S2000
M205 X30 Y30
G0 F3600 X41.309 Y62.112
M204 S500
M205 X10 Y10
G1 F2400 X41.565 Y62.368 E238.7886
M204 S2000
M205 X30 Y30
G0 F3600 X46.53 Y62.57
M204 S500
M205 X10 Y10
;TYPE:WALL-INNER
G1 F2400 X41.11 Y62.57 E239.02332
G1 X41.11 Y57.15 E239.25803
G1 X46.53 Y57.15 E239.49275
G1 X46.53 Y62.058 E239.7053
G0 F1920 X46.53 Y62.57
M204 S2000
M205 X30 Y30
G0 F3600 X47.03 Y63.07
M204 S500
M205 X10 Y10
G1 F2400 X40.61 Y63.07 E239.98332
G1 X40.61 Y56.65 E240.26134
G1 X47.03 Y56.65 E240.53936
G1 X47.03 Y62.558 E240.79521
G0 F1920 X47.03 Y63.07
M204 S2000
M205 X30 Y30
G0 F3600 X47.53 Y63.57
M204 S500
M205 X10 Y10
;TYPE:WALL-OUTER
G1 F1200 X40.11 Y63.57 E241.11654
G1 X40.11 Y56.15 E241.43787
G1 X47.53 Y56.15 E241.7592
G1 X47.53 Y63.058 E242.05836
G0 F960 X47.53 Y63.57
M204 S2000
M205 X30 Y30
G0 F3600 X47.28 Y63.57
G0 X46.53 Y62.717
G1 F2700 E238.05836
G0 F3600 X47.01 Y60.029
G0 X48.445 Y60.029
G0 X72.475 Y60.029
G0 X73.66 Y60.029
G0 X74.589 Y60.029
M204 S500
M205 X10 Y10
;TYPE:FILL
G1 F2700 E242.05836
G1 F2400 X76.929 Y62.37 E242.2017
G1 X77.141 Y62.582
M204 S2000
M205 X30 Y30
G0 F3600 X79.287 Y62.37
M204 S500
M205 X10 Y10
G1 F2400 X74.657 Y57.74 E242.48525
G1 X74.445 Y57.528
M204 S2000
M205 X30 Y30
G0 F3600 X77.014 Y57.74
M204 S500
M205 X10 Y10
G1 F2400 X79.609 Y60.335 E242.64418
G1 X79.821 Y60.547
M204 S2000
M205 X30 Y30
G0 F3600 X79.609 Y57.977
M204 S500
M205 X10 Y10
G1 F2400 X79.372 Y57.74 E242.6587
M204 S2000
M205 X30 Y30
G0 F3600 X79.81 Y62.57
M204 S500
M205 X10 Y10
;TYPE:WALL-INNER
G1 F2400 X74.39 Y62.57 E242.89341
G1 X74.39 Y57.54 E243.11124
G1 X79.81 Y57.54 E243.34596
G1 X79.81 Y62.058 E243.54161
G0 F1920 X79.81 Y62.57
M204 S2000
M205 X30 Y30
G0 F3600 X75.155 Y57.04
M204 S500
M205 X10 Y10
G1 F2400 X75.155 Y56.65 E243.5585
G1 X75.202 Y56.65 E243.56054
G1 X75.202 Y57.04 E243.57743
G1 X80.31 Y57.04 E243.79863
G1 X80.31 Y63.07 E244.05977
G1 X73.89 Y63.07 E244.33779
G1 X73.89 Y57.04 E244.59892
G1 X74.643 Y57.04 E244.63153
G0 F1920 X75.155 Y57.04
M204 S2000
M205 X30 Y30
G1 F2700 E240.63153
G0 F3600 X79.234 Y56.818
G0 X79.205 Y56.54
M204 S500
M205 X10 Y10
;TYPE:WALL-OUTER
G1 F2700 E244.63153
G1 F1200 X79.204 Y56.15 E244.64842
G1 X79.79 Y56.15 E244.6738
G1 X79.791 Y56.54 E244.69069
G1 X80.81 Y56.54 E244.73482
G1 X80.81 Y63.57 E245.03926
G1 X73.39 Y63.57 E245.36058
G1 X73.39 Y56.54 E245.66502
G1 X74.655 Y56.54 E245.71981
G1 X74.655 Y56.15 E245.73669
G1 X75.702 Y56.15 E245.78204
G1 X75.702 Y56.54 E245.79893
G1 X78.693 Y56.54 E245.92845
G0 F960 X79.205 Y56.54
M204 S2000
M205 X30 Y30
G0 F3600 X79.205 Y56.29
G0 X79.29 Y56.29
G1 F2700 E241.92845
;MESH:NONMESH
G0 F600 X79.29 Y56.29 Z4.05
G0 F3600 X79.305 Y56.291
G0 X73.66 Y57.738
G0 X72.475 Y57.738
G0 X48.445 Y57.738
G0 X47.01 Y57.738
G0 X41.458 Y57.738
;TIME_ELAPSED:298.099769
;LAYER:15
M204 S500
M205 X10 Y10
;TYPE:FILL
;MESH:PLATempTower
G1 F2700 E245.92845
G1 F2400 X41.309 Y57.887 E245.93758
M204 S2000
M205 X30 Y30
G0 F3600 X41.309 Y60.244
M204 S500
M205 X10 Y10
G1 F2400 X43.815 Y57.738 E246.09105
G1 X44.027 Y57.526
M204 S2000
M205 X30 Y30
G0 F3600 X46.173 Y57.738
M204 S500
M205 X10 Y10
G1 F2400 X41.542 Y62.369 E246.37467
G1 X41.33 Y62.581
M204 S2000
M205 X30 Y30
G0 F3600 X43.9 Y62.369
M204 S500
M205 X10 Y10
G1 F2400 X46.458 Y59.811 E246.53133
G1 X46.67 Y59.599
M204 S2000
M205 X30 Y30
G0 F3600 X46.458 Y62.168
M204 S500
M205 X10 Y10
G1 F2400 X46.257 Y62.369 E246.54364
M204 S2000
M205 X30 Y30
G0 F3600 X46.658 Y62.57
M204 S500
M205 X10 Y10
;TYPE:WALL-INNER
G1 F2400 X41.11 Y62.57 E246.7839
G1 X41.11 Y57.54 E247.00173
G1 X46.658 Y57.54 E247.24199
G1 X46.658 Y62.058 E247.43765
G0 F1920 X46.658 Y62.57
M204 S2000
M205 X30 Y30
G0 F3600 X47.158 Y63.07
M204 S500
M205 X10 Y10
G1 F2400 X40.61 Y63.07 E247.72121
G1 X40.61 Y57.04 E247.98235
G1 X47.158 Y57.04 E248.26591
G1 X47.158 Y62.558 E248.50487
G0 F1920 X47.158 Y63.07
M204 S2000
M205 X30 Y30
G1 F2700 E244.50487
G0 F3600 X40.646 Y56.818
G0 X40.674 Y56.54
M204 S500
M205 X10 Y10
;TYPE:WALL-OUTER
G1 F2700 E248.50487
G1 F1200 X46.717 Y56.54 E248.76657
G1 X46.717 Y56.15 E248.78346
G1 X47.658 Y56.15 E248.82421
G1 X47.658 Y63.57 E249.14554
G1 X40.11 Y63.57 E249.47241
G1 X40.11 Y56.15 E249.79374
G1 X40.552 Y56.15 E249.81288
G0 F960 X40.674 Y56.15
G0 X40.674 Y56.54
M204 S2000
M205 X30 Y30
G0 F3600 X40.924 Y56.54
G1 F2700 E245.81288
G0 F3600 X40.604 Y56.61
G0 X47.388 Y59.97
G0 X48.573 Y59.97
G0 X72.475 Y59.97
G0 X73.66 Y59.97
G0 X74.589 Y59.97
M204 S500
M205 X10 Y10
;TYPE:FILL
G1 F2700 E249.81288
G1 F2400 X76.819 Y57.74 E249.94945
G1 X77.031 Y57.528
M204 S2000
M205 X30 Y30
G0 F3600 X79.176 Y57.74
M204 S500
M205 X10 Y10
G1 F2400 X74.589 Y62.327 E250.23038
G1 X74.377 Y62.539
M204 S2000
M205 X30 Y30
G0 F3600 X76.904 Y62.37
M204 S500
M205 X10 Y10
G1 F2400 X79.609 Y59.664 E250.39607
G1 X79.821 Y59.452
M204 S2000
M205 X30 Y30
G0 F3600 X79.609 Y62.022
M204 S500
M205 X10 Y10
G1 F2400 X79.261 Y62.37 E250.41739
M204 S2000
M205 X30 Y30
G0 F3600 X79.81 Y62.57
M204 S500
M205 X10 Y10
;TYPE:WALL-INNER
G1 F2400 X74.39 Y62.57 E250.6521
G1 X74.39 Y57.54 E250.86993
G1 X79.81 Y57.54 E251.10465
G1 X79.81 Y62.058 E251.3003
G0 F1920 X79.81 Y62.57
M204 S2000
M205 X30 Y30
G0 F3600 X75.155 Y57.04
M204 S500
M205 X10 Y10
G1 F2400 X75.155 Y56.65 E251.31719
G1 X75.202 Y56.65 E251.31923
G1 X75.202 Y57.04 E251.33612
G1 X80.31 Y57.04 E251.55732
G1 X80.31 Y63.07 E251.81846
G1 X73.89 Y63.07 E252.09648
G1 X73.89 Y57.04 E252.35761
G1 X74.643 Y57.04 E252.39022
G0 F1920 X75.155 Y57.04
M204 S2000
M205 X30 Y30
G1 F2700 E248.39022
G0 F3600 X79.325 Y56.818
G0 X79.296 Y56.54
M204 S500
M205 X10 Y10
;TYPE:WALL-OUTER
G1 F2700 E252.39022
G1 F1200 X79.295 Y56.15 E252.40711
G1 X79.694 Y56.15 E252.42439
G1 X79.695 Y56.54 E252.44128
G1 X80.81 Y56.54 E252.48956
G1 X80.81 Y63.57 E252.794
G1 X73.39 Y63.57 E253.11533
G1 X73.39 Y56.54 E253.41977
G1 X74.655 Y56.54 E253.47455
G1 X74.655 Y56.15 E253.49144
G1 X75.702 Y56.15 E253.53678
G1 X75.702 Y56.54 E253.55367
G1 X78.784 Y56.54 E253.68714
G0 F960 X79.296 Y56.54
M204 S2000
M205 X30 Y30
G0 F3600 X79.296 Y56.29
G1 F2700 E249.68714
;MESH:NONMESH
G0 F600 X79.296 Y56.29 Z4.3
G0 F3600 X79.396 Y56.291
G0 X73.66 Y57.738
G0 X72.475 Y57.738
G0 X48.573 Y57.738
G0 X47.388 Y57.738
G0 X41.65 Y57.738
;TIME_ELAPSED:309.128308
;LAYER:16
M204 S500
M205 X10 Y10
;TYPE:FILL
;MESH:PLATempTower
G1 F2700 E253.68714
G1 F2400 X46.28 Y62.368 E253.9707
G1 X46.492 Y62.58
M204 S2000
M205 X30 Y30
G0 F3600 X46.707 Y60.438
M204 S500
M205 X10 Y10
G1 F2400 X44.008 Y57.738 E254.13603
G1 X43.796 Y57.526
M204 S2000
M205 X30 Y30
G0 F3600 X46.365 Y57.738
M204 S500
M205 X10 Y10
G1 F2400 X46.707 Y58.081 E254.157
M204 S2000
M205 X30 Y30
G0 F3600 X43.923 Y62.368
M204 S500
M205 X10 Y10
G1 F2400 X41.309 Y59.755 E254.31706
G1 X41.097 Y59.543
M204 S2000
M205 X30 Y30
G0 F3600 X41.309 Y62.112
M204 S500
M205 X10 Y10
G1 F2400 X41.565 Y62.368 E254.33274
M204 S2000
M205 X30 Y30
G0 F3600 X46.908 Y62.57
M204 S500
M205 X10 Y10
;TYPE:WALL-INNER
G1 F2400 X41.11 Y62.57 E254.58383
G1 X41.11 Y57.54 E254.80166
G1 X46.908 Y57.54 E255.05274
G1 X46.908 Y62.058 E255.2484
G0 F1920 X46.908 Y62.57
M204 S2000
M205 X30 Y30
G0 F3600 X47.352 Y57.04
M204 S500
M205 X10 Y10
G1 F2400 X47.352 Y56.65 E255.26529
G1 X47.408 Y56.65 E255.26771
G1 X47.408 Y63.07 E255.54573
G1 X40.61 Y63.07 E255.84013
G1 X40.61 Y57.04 E256.10126
G1 X46.84 Y57.04 E256.37106
G0 F1920 X47.352 Y57.04
M204 S2000
M205 X30 Y30
G1 F2700 E252.37106
G0 F3600 X42.635 Y56.818
G0 X42.664 Y56.54
M204 S500
M205 X10 Y10
;TYPE:WALL-OUTER
G1 F2700 E256.37106
G1 F1200 X44.145 Y56.54 E256.43519
G1 X44.145 Y56.15 E256.45208
G1 X44.567 Y56.15 E256.47036
G1 X44.568 Y56.54 E256.48724
G1 X46.852 Y56.54 E256.58615
G1 X46.852 Y56.15 E256.60304
G1 X47.908 Y56.15 E256.64877
G1 X47.908 Y63.57 E256.9701
G1 X40.11 Y63.57 E257.3078
G1 X40.11 Y56.15 E257.62913
G1 X40.784 Y56.15 E257.65832
G1 X40.784 Y56.54 E257.67521
G1 X42.262 Y56.54 E257.73921
G1 X42.262 Y56.15 E257.7561
G1 X42.543 Y56.15 E257.76827
G0 F960 X42.665 Y56.15
G0 X42.664 Y56.54
M204 S2000
M205 X30 Y30
G0 F3600 X42.914 Y56.54
G0 X42.914 Y57.29
G1 F2700 E253.76827
G0 F3600 X47.638 Y59.971
G0 X48.823 Y59.971
G0 X72.416 Y59.971
G0 X73.601 Y59.971
G0 X74.53 Y59.971
M204 S500
M205 X10 Y10
;TYPE:FILL
G1 F2700 E257.76827
G1 F2400 X76.928 Y62.369 E257.91513
G1 X77.14 Y62.581
M204 S2000
M205 X30 Y30
G0 F3600 X79.286 Y62.369
M204 S500
M205 X10 Y10
G1 F2400 X74.657 Y57.74 E258.19863
G1 X74.445 Y57.528
M204 S2000
M205 X30 Y30
G0 F3600 X77.014 Y57.74
M204 S500
M205 X10 Y10
G1 F2400 X79.609 Y60.335 E258.35756
G1 X79.821 Y60.547
M204 S2000
M205 X30 Y30
G0 F3600 X79.609 Y57.977
M204 S500
M205 X10 Y10
G1 F2400 X79.372 Y57.74 E258.37207
M204 S2000
M205 X30 Y30
G0 F3600 X79.81 Y62.57
M204 S500
M205 X10 Y10
;TYPE:WALL-INNER
G1 F2400 X74.331 Y62.57 E258.60934
G1 X74.331 Y57.54 E258.82717
G1 X79.81 Y57.54 E259.06444
G1 X79.81 Y62.058 E259.2601
G0 F1920 X79.81 Y62.57
M204 S2000
M205 X30 Y30
G0 F3600 X75.155 Y57.04
M204 S500
M205 X10 Y10
G1 F2400 X75.155 Y56.65 E259.27699
G1 X75.202 Y56.65 E259.27902
G1 X75.202 Y57.04 E259.29591
G1 X80.31 Y57.04 E259.51712
G1 X80.31 Y63.07 E259.77825
G1 X73.831 Y63.07 E260.05883
G1 X73.831 Y57.04 E260.31996
G1 X74.643 Y57.04 E260.35513
G0 F1920 X75.155 Y57.04
M204 S2000
M205 X30 Y30
G1 F2700 E256.35513
G0 F3600 X77.181 Y56.818
G0 X77.913 Y56.54
M204 S500
M205 X10 Y10
;TYPE:WALL-OUTER
G1 F2700 E260.35513
G1 F1200 X79.387 Y56.54 E260.41896
G1 X79.386 Y56.15 E260.43585
G1 X79.598 Y56.15 E260.44503
G1 X79.599 Y56.54 E260.46192
G1 X80.81 Y56.54 E260.51436
G1 X80.81 Y63.57 E260.8188
G1 X73.331 Y63.57 E261.14269
G1 X73.331 Y56.54 E261.44713
G1 X74.655 Y56.54 E261.50446
G1 X74.655 Y56.15 E261.52135
G1 X75.702 Y56.15 E261.56669
G1 X75.702 Y56.54 E261.58358
G1 X77.153 Y56.54 E261.64642
G1 X77.153 Y56.15 E261.66331
G1 X77.792 Y56.15 E261.69098
G0 F960 X77.914 Y56.15
G0 X77.913 Y56.54
M204 S2000
M205 X30 Y30
G0 F3600 X78.163 Y56.54
G0 X78.163 Y57.29
G1 F2700 E257.69098
;MESH:NONMESH
G0 F600 X78.163 Y57.29 Z4.55
G0 F3600 X73.601 Y57.738
G0 X72.416 Y57.738
G0 X48.823 Y57.738
G0 X47.638 Y57.738
G0 X41.458 Y57.738
;TIME_ELAPSED:320.745479
;LAYER:17
M204 S500
M205 X10 Y10
;TYPE:FILL
;MESH:PLATempTower
G1 F2700 E261.69098
G1 F2400 X41.309 Y57.887 E261.70011
M204 S2000
M205 X30 Y30
G0 F3600 X41.309 Y60.244
M204 S500
M205 X10 Y10
G1 F2400 X43.815 Y57.738 E261.85358
G1 X44.027 Y57.526
M204 S2000
M205 X30 Y30
G0 F3600 X46.173 Y57.738
M204 S500
M205 X10 Y10
G1 F2400 X41.543 Y62.368 E262.13714
G1 X41.331 Y62.58
M204 S2000
M205 X30 Y30
G0 F3600 X43.9 Y62.368
M204 S500
M205 X10 Y10
G1 F2400 X46.957 Y59.312 E262.32433
G1 X47.169 Y59.1
M204 S2000
M205 X30 Y30
G0 F3600 X46.957 Y61.669
M204 S500
M205 X10 Y10
G1 F2400 X46.258 Y62.368 E262.36714
M204 S2000
M205 X30 Y30
G0 F3600 X47.158 Y62.57
M204 S500
M205 X10 Y10
;TYPE:WALL-INNER
G1 F2400 X41.11 Y62.57 E262.62905
G1 X41.11 Y57.54 E262.84688
G1 X47.158 Y57.54 E263.10879
G1 X47.158 Y62.058 E263.30445
G0 F1920 X47.158 Y62.57
M204 S2000
M205 X30 Y30
G0 F3600 X47.421 Y57.04
M204 S500
M205 X10 Y10
G1 F2400 X47.421 Y56.65 E263.32134
G1 X47.658 Y56.65 E263.3316
G1 X47.658 Y63.07 E263.60962
G1 X40.61 Y63.07 E263.91484
G1 X40.61 Y57.04 E264.17598
G1 X46.909 Y57.04 E264.44876
G0 F1920 X47.421 Y57.04
M204 S2000
M205 X30 Y30
G1 F2700 E260.44876
G0 F3600 X40.941 Y56.818
G0 X40.969 Y56.54
M204 S500
M205 X10 Y10
;TYPE:WALL-OUTER
G1 F2700 E264.44876
G1 F1200 X42.48 Y56.54 E264.51419
G1 X42.481 Y56.15 E264.53108
G1 X42.852 Y56.15 E264.54715
G1 X42.852 Y56.54 E264.56404
G1 X44.365 Y56.54 E264.62956
G1 X44.365 Y56.15 E264.64645
G1 X44.501 Y56.15 E264.65234
G1 X44.502 Y56.54 E264.66923
G1 X46.921 Y56.54 E264.77399
G1 X46.921 Y56.15 E264.79087
G1 X48.158 Y56.15 E264.84444
G1 X48.158 Y63.57 E265.16577
G1 X40.11 Y63.57 E265.5143
G1 X40.11 Y56.15 E265.83563
G1 X40.847 Y56.15 E265.86754
G0 F960 X40.969 Y56.15
G0 X40.969 Y56.54
M204 S2000
M205 X30 Y30
G0 F3600 X41.219 Y56.54
G0 X40.86 Y56.54
G1 F2700 E261.86754
G0 F3600 X47.888 Y60.11
G0 X49.073 Y60.11
G0 X72.335 Y60.11
G0 X73.52 Y60.11
G0 X74.449 Y60.11
M204 S500
M205 X10 Y10
;TYPE:FILL
G1 F2700 E265.86754
G1 F2400 X76.819 Y57.74 E266.01269
G1 X77.031 Y57.528
M204 S2000
M205 X30 Y30
G0 F3600 X79.176 Y57.74
M204 S500
M205 X10 Y10
G1 F2400 X74.546 Y62.37 E266.29625
G1 X74.334 Y62.582
M204 S2000
M205 X30 Y30
G0 F3600 X76.904 Y62.37
M204 S500
M205 X10 Y10
G1 F2400 X79.609 Y59.664 E266.46194
G1 X79.821 Y59.452
M204 S2000
M205 X30 Y30
G0 F3600 X79.609 Y62.022
M204 S500
M205 X10 Y10
G1 F2400 X79.261 Y62.37 E266.48325
M204 S2000
M205 X30 Y30
G0 F3600 X79.81 Y62.57
M204 S500
M205 X10 Y10
;TYPE:WALL-INNER
G1 F2400 X74.25 Y62.57 E266.72403
G1 X74.25 Y57.54 E266.94186
G1 X79.81 Y57.54 E267.18264
G1 X79.81 Y62.058 E267.3783
G0 F1920 X79.81 Y62.57
M204 S2000
M205 X30 Y30
G0 F3600 X75.155 Y57.04
M204 S500
M205 X10 Y10
G1 F2400 X75.155 Y56.65 E267.39519
G1 X75.202 Y56.65 E267.39722
G1 X75.202 Y57.04 E267.41411
G1 X80.31 Y57.04 E267.63532
G1 X80.31 Y63.07 E267.89645
G1 X73.75 Y63.07 E268.18054
G1 X73.75 Y57.04 E268.44167
G1 X74.643 Y57.04 E268.48034
G0 F1920 X75.155 Y57.04
M204 S2000
M205 X30 Y30
G1 F2700 E264.48034
G0 F3600 X77.181 Y56.818
G0 X77.91 Y56.539
G0 X78.01 Y56.54
M204 S500
M205 X10 Y10
;TYPE:WALL-OUTER
G1 F2700 E268.48034
G1 F1200 X80.81 Y56.54 E268.6016
G1 X80.81 Y63.57 E268.90604
G1 X73.25 Y63.57 E269.23343
G1 X73.25 Y56.54 E269.53787
G1 X74.655 Y56.54 E269.59871
G1 X74.655 Y56.15 E269.6156
G1 X75.702 Y56.15 E269.66094
G1 X75.702 Y56.54 E269.67783
G1 X77.153 Y56.54 E269.74067
G1 X77.153 Y56.15 E269.75756
G1 X77.889 Y56.15 E269.78943
G0 F960 X78.011 Y56.15
G0 X78.01 Y56.54
M204 S2000
M205 X30 Y30
G0 F3600 X78.26 Y56.54
G0 X78.26 Y57.29
G1 F2700 E265.78943
;MESH:NONMESH
G0 F600 X78.26 Y57.29 Z4.8
G0 F3600 X73.52 Y57.739
G0 X72.335 Y57.739
G0 X49.073 Y57.739
G0 X47.888 Y57.739
G0 X41.651 Y57.739
;TIME_ELAPSED:332.227161
;LAYER:18
M204 S500
M205 X10 Y10
;TYPE:FILL
;MESH:PLATempTower
G1 F2700 E269.78943
G1 F2400 X46.28 Y62.368 E270.07293
G1 X46.492 Y62.58
M204 S2000
M205 X30 Y30
G0 F3600 X47.207 Y60.938
M204 S500
M205 X10 Y10
G1 F2400 X44.008 Y57.739 E270.26885
G1 X43.796 Y57.527
M204 S2000
M205 X30 Y30
G0 F3600 X46.366 Y57.739
M204 S500
M205 X10 Y10
G1 F2400 X47.207 Y58.58 E270.32035
G1 X47.419 Y58.792
M204 S2000
M205 X30 Y30
G0 F3600 X43.923 Y62.368
M204 S500
M205 X10 Y10
G1 F2400 X41.309 Y59.755 E270.48041
G1 X41.097 Y59.543
M204 S2000
M205 X30 Y30
G0 F3600 X41.309 Y62.112
M204 S500
M205 X10 Y10
G1 F2400 X41.565 Y62.368 E270.49609
M204 S2000
M205 X30 Y30
G0 F3600 X47.408 Y62.57
M204 S500
M205 X10 Y10
;TYPE:WALL-INNER
G1 F2400 X41.11 Y62.57 E270.76883
G1 X41.11 Y57.54 E270.98666
G1 X47.408 Y57.54 E271.2594
G1 X47.408 Y62.058 E271.45505
G0 F1920 X47.408 Y62.57
M204 S2000
M205 X30 Y30
G0 F3600 X47.455 Y57.04
M204 S500
M205 X10 Y10
G1 F2400 X47.455 Y56.65 E271.47194
G1 X47.908 Y56.65 E271.49156
G1 X47.908 Y63.07 E271.76958
G1 X40.61 Y63.07 E272.08563
G1 X40.61 Y56.65 E272.36365
G1 X40.711 Y56.65 E272.36802
G1 X40.712 Y57.04 E272.38491
G1 X46.943 Y57.04 E272.65475
G0 F1920 X47.455 Y57.04
M204 S2000
M205 X30 Y30
G0 F3600 X46.955 Y56.54
M204 S500
M205 X10 Y10
;TYPE:WALL-OUTER
G1 F1200 X46.955 Y56.15 E272.67164
G1 X48.408 Y56.15 E272.73456
G1 X48.408 Y63.57 E273.05589
G1 X40.11 Y63.57 E273.41524
G1 X40.11 Y56.15 E273.73657
G1 X41.21 Y56.15 E273.78421
G1 X41.211 Y56.54 E273.8011
G1 X42.747 Y56.54 E273.86761
G1 X42.748 Y56.15 E273.8845
G1 X43.093 Y56.15 E273.89944
G1 X43.094 Y56.54 E273.91633
G1 X46.443 Y56.54 E274.06136
G0 F960 X46.955 Y56.54
M204 S2000
M205 X30 Y30
G0 F3600 X46.955 Y56.29
G0 X47.705 Y56.753
G1 F2700 E270.06136
G0 F3600 X48.138 Y59.809
G0 X49.323 Y59.809
G0 X72.254 Y59.809
G0 X73.439 Y59.809
G0 X74.368 Y59.809
M204 S500
M205 X10 Y10
;TYPE:FILL
G1 F2700 E274.06136
G1 F2400 X76.929 Y62.37 E274.21821
G1 X77.141 Y62.582
M204 S2000
M205 X30 Y30
G0 F3600 X74.572 Y62.37
M204 S500
M205 X10 Y10
G1 F2400 X74.368 Y62.166 E274.2307
M204 S2000
M205 X30 Y30
G0 F3600 X74.657 Y57.74
M204 S500
M205 X10 Y10
G1 F2400 X79.287 Y62.37 E274.51426
G1 X79.499 Y62.582
M204 S2000
M205 X30 Y30
G0 F3600 X79.609 Y60.335
M204 S500
M205 X10 Y10
G1 F2400 X77.014 Y57.74 E274.67319
G1 X76.802 Y57.528
M204 S2000
M205 X30 Y30
G0 F3600 X79.372 Y57.74
M204 S500
M205 X10 Y10
G1 F2400 X79.609 Y57.977 E274.6877
M204 S2000
M205 X30 Y30
G0 F3600 X79.81 Y62.57
M204 S500
M205 X10 Y10
;TYPE:WALL-INNER
G1 F2400 X74.169 Y62.57 E274.93199
G1 X74.169 Y57.54 E275.14982
G1 X79.81 Y57.54 E275.39411
G1 X79.81 Y62.058 E275.58976
G0 F1920 X79.81 Y62.57
M204 S2000
M205 X30 Y30
G0 F3600 X80.31 Y63.07
M204 S500
M205 X10 Y10
G1 F2400 X73.669 Y63.07 E275.87735
G1 X73.669 Y57.04 E276.13849
G1 X80.31 Y57.04 E276.42608
G1 X80.31 Y62.558 E276.66504
G0 F1920 X80.31 Y63.07
M204 S2000
M205 X30 Y30
G1 F2700 E272.66504
G0 F3600 X78.008 Y56.539
G0 X78.108 Y56.54
M204 S500
M205 X10 Y10
;TYPE:WALL-OUTER
G1 F2700 E276.66504
G1 F1200 X80.81 Y56.54 E276.78205
G1 X80.81 Y63.57 E277.08649
G1 X73.169 Y63.57 E277.41739
G1 X73.169 Y56.15 E277.73872
G1 X73.203 Y56.15 E277.74019
G1 X73.203 Y56.54 E277.75708
G1 X75.663 Y56.54 E277.86361
G1 X75.664 Y56.15 E277.8805
G1 X75.702 Y56.15 E277.88215
G1 X75.702 Y56.54 E277.89904
G1 X77.153 Y56.54 E277.96188
G1 X77.153 Y56.15 E277.97876
G1 X77.987 Y56.15 E278.01488
G0 F960 X78.109 Y56.15
G0 X78.108 Y56.54
M204 S2000
M205 X30 Y30
G0 F3600 X78.358 Y56.54
G0 X78.358 Y57.29
G1 F2700 E274.01488
;MESH:NONMESH
G0 F600 X78.358 Y57.29 Z5.05
G0 F3600 X73.439 Y57.738
G0 X72.254 Y57.738
G0 X49.323 Y57.738
G0 X48.138 Y57.738
G0 X41.458 Y57.738
;TIME_ELAPSED:343.515368
;LAYER:19
M204 S500
M205 X10 Y10
;TYPE:FILL
;MESH:PLATempTower
G1 F2700 E278.01488
G1 F2400 X41.309 Y57.887 E278.02401
M204 S2000
M205 X30 Y30
G0 F3600 X41.309 Y60.244
M204 S500
M205 X10 Y10
G1 F2400 X43.815 Y57.738 E278.17748
G1 X44.027 Y57.526
M204 S2000
M205 X30 Y30
G0 F3600 X46.178 Y57.733
M204 S500
M205 X10 Y10
G1 F2400 X41.542 Y62.369 E278.46141
G1 X41.33 Y62.581
M204 S2000
M205 X30 Y30
G0 F3600 X43.9 Y62.369
M204 S500
M205 X10 Y10
G1 F2400 X47.458 Y58.811 E278.67931
G1 X47.67 Y58.599
M204 S2000
M205 X30 Y30
G0 F3600 X47.458 Y61.168
M204 S500
M205 X10 Y10
G1 F2400 X46.257 Y62.369 E278.75287
G1 X46.045 Y62.581
M204 S2000
M205 X30 Y30
G0 F3600 X44.568 Y57.607
M204 S500
M205 X10 Y10
;TYPE:WALL-INNER
G1 F2400 X47.658 Y57.467 E278.88682
G1 X47.658 Y62.57 E279.10781
G1 X41.11 Y62.57 E279.39137
G1 X41.11 Y57.54 E279.6092
G1 X44.123 Y57.54 E279.73968
G0 F1920 X44.568 Y57.54
G0 X44.568 Y57.607
M204 S2000
M205 X30 Y30
G0 F3600 X45.068 Y57.084
M204 S500
M205 X10 Y10
G1 F2400 X47.471 Y56.975 E279.84385
G1 X47.47 Y56.65 E279.85793
G1 X48.158 Y56.65 E279.88772
G1 X48.158 Y63.07 E280.16574
G1 X40.61 Y63.07 E280.49262
G1 X40.61 Y56.65 E280.77064
G1 X40.993 Y56.65 E280.78722
G1 X41.002 Y57.04 E280.80412
G1 X44.6 Y57.04 E280.95993
G0 F1920 X45.068 Y57.04
G0 X45.068 Y57.084
M204 S2000
M205 X30 Y30
G0 F3600 X45.568 Y56.561
M204 S500
M205 X10 Y10
;TYPE:WALL-OUTER
G1 F1200 X46.97 Y56.497 E281.02071
G1 X46.969 Y56.15 E281.03574
G1 X48.658 Y56.15 E281.10888
G1 X48.658 Y63.57 E281.43021
G1 X40.11 Y63.57 E281.80039
G1 X40.11 Y56.15 E282.12172
G1 X41.482 Y56.15 E282.18113
G1 X41.491 Y56.54 E282.19802
G1 X42.978 Y56.54 E282.26242
G1 X42.978 Y56.15 E282.27931
G1 X43.365 Y56.15 E282.29607
G1 X43.374 Y56.54 E282.31296
G1 X45.077 Y56.54 E282.38671
G0 F960 X45.568 Y56.54
G0 X45.568 Y56.561
M204 S2000
M205 X30 Y30
G0 F3600 X45.817 Y56.55
G0 X45.849 Y57.299
G1 F2700 E278.38671
G0 F3600 X48.388 Y57.938
G0 X49.573 Y57.938
G0 X72.149 Y57.938
G0 X73.334 Y57.938
G0 X74.263 Y57.938
M204 S500
M205 X10 Y10
;TYPE:FILL
G1 F2700 E282.38671
G1 F2400 X74.462 Y57.739 E282.3989
M204 S2000
M205 X30 Y30
G0 F3600 X76.82 Y57.739
M204 S500
M205 X10 Y10
G1 F2400 X74.263 Y60.296 E282.5555
G1 X74.051 Y60.508
M204 S2000
M205 X30 Y30
G0 F3600 X74.546 Y62.37
M204 S500
M205 X10 Y10
G1 F2400 X79.177 Y57.739 E282.83912
G1 X79.389 Y57.527
M204 S2000
M205 X30 Y30
G0 F3600 X79.594 Y59.679
M204 S500
M205 X10 Y10
G1 F2400 X76.904 Y62.37 E283.00389
G1 X76.692 Y62.582
M204 S2000
M205 X30 Y30
G0 F3600 X79.261 Y62.37
M204 S500
M205 X10 Y10
G1 F2400 X79.602 Y62.029 E283.02478
M204 S2000
M205 X30 Y30
G0 F3600 X79.806 Y62.57
M204 S500
M205 X10 Y10
;TYPE:WALL-INNER
G1 F2400 X74.064 Y62.57 E283.27344
G1 X74.064 Y57.54 E283.49127
G1 X79.788 Y57.54 E283.73915
G1 X79.805 Y62.058 E283.93481
G0 F1920 X79.806 Y62.57
M204 S2000
M205 X30 Y30
G0 F3600 X77.704 Y57.04
M204 S500
M205 X10 Y10
G1 F2400 X80.286 Y57.04 E284.04662
G1 X80.308 Y63.07 E284.30776
G1 X73.564 Y63.07 E284.59981
G1 X73.564 Y57.04 E284.86094
G1 X77.653 Y57.04 E285.03802
G1 X77.653 Y56.72 E285.05188
G0 F1920 X77.653 Y56.65
G0 X77.705 Y56.65
G0 X77.704 Y57.04
M204 S2000
M205 X30 Y30
G0 F3600 X78.205 Y56.54
M204 S500
M205 X10 Y10
;TYPE:WALL-OUTER
G1 F1200 X80.784 Y56.54 E285.16356
G1 X80.81 Y63.57 E285.46801
G1 X73.064 Y63.57 E285.80345
G1 X73.064 Y56.15 E286.12478
G1 X73.203 Y56.15 E286.1308
G1 X73.203 Y56.54 E286.14769
G1 X77.153 Y56.54 E286.31875
G1 X77.153 Y56.15 E286.33564
G1 X78.084 Y56.15 E286.37595
G0 F960 X78.206 Y56.15
G0 X78.205 Y56.54
M204 S2000
M205 X30 Y30
G0 F3600 X78.455 Y56.54
G0 X78.455 Y57.29
G1 F2700 E282.37595
;MESH:NONMESH
G0 F600 X78.455 Y57.29 Z5.3
G0 F3600 X73.334 Y57.738
G0 X72.149 Y57.738
G0 X49.573 Y57.738
G0 X48.388 Y57.738
G0 X41.65 Y57.738
;TIME_ELAPSED:354.563207
;LAYER:20
M204 S500
M205 X10 Y10
;TYPE:FILL
;MESH:PLATempTower
G1 F2700 E286.37595
G1 F2400 X46.28 Y62.368 E286.65951
G1 X46.492 Y62.58
M204 S2000
M205 X30 Y30
G0 F3600 X47.707 Y61.438
M204 S500
M205 X10 Y10
G1 F2400 X44.008 Y57.738 E286.88608
G1 X43.796 Y57.526
M204 S2000
M205 X30 Y30
G0 F3600 X46.365 Y57.738
M204 S500
M205 X10 Y10
G1 F2400 X47.707 Y59.08 E286.96827
G1 X47.919 Y59.292
M204 S2000
M205 X30 Y30
G0 F3600 X43.923 Y62.368
M204 S500
M205 X10 Y10
G1 F2400 X41.309 Y59.755 E287.12833
G1 X41.097 Y59.543
M204 S2000
M205 X30 Y30
G0 F3600 X41.309 Y62.112
M204 S500
M205 X10 Y10
G1 F2400 X41.565 Y62.368 E287.14401
M204 S2000
M205 X30 Y30
G0 F3600 X47.908 Y62.57
M204 S500
M205 X10 Y10
;TYPE:WALL-INNER
G1 F2400 X41.11 Y62.57 E287.4384
G1 X41.11 Y57.54 E287.65623
G1 X47.908 Y57.54 E287.95062
G1 X47.908 Y62.058 E288.14628
G0 F1920 X47.908 Y62.57
M204 S2000
M205 X30 Y30
G0 F3600 X41.206 Y57.04
M204 S500
M205 X10 Y10
G1 F2400 X47.454 Y57.04 E288.41685
G1 X47.455 Y56.65 E288.43374
G1 X48.408 Y56.65 E288.47501
G1 X48.408 Y63.07 E288.75303
G1 X40.61 Y63.07 E289.09073
G1 X40.61 Y56.65 E289.36876
G1 X41.084 Y56.65 E289.38928
G0 F1920 X41.206 Y56.65
G0 X41.206 Y57.04
M204 S2000
M205 X30 Y30
G0 F3600 X41.706 Y56.54
M204 S500
M205 X10 Y10
;TYPE:WALL-OUTER
G1 F1200 X43.126 Y56.54 E289.45078
G1 X43.126 Y56.15 E289.46767
G1 X43.589 Y56.15 E289.48772
G1 X43.589 Y56.54 E289.50461
G1 X46.955 Y56.54 E289.65037
G1 X46.956 Y56.15 E289.66726
G1 X48.908 Y56.15 E289.75179
G1 X48.908 Y63.57 E290.07312
G1 X40.11 Y63.57 E290.45413
G1 X40.11 Y56.15 E290.77546
G1 X41.584 Y56.15 E290.83929
G0 F960 X41.706 Y56.15
G0 X41.706 Y56.54
M204 S2000
M205 X30 Y30
G0 F3600 X41.956 Y56.54
G0 X41.956 Y57.29
G1 F2700 E286.83929
G0 F3600 X48.638 Y59.558
G0 X49.823 Y59.558
G0 X72.004 Y59.558
G0 X73.189 Y59.558
G0 X74.118 Y59.558
M204 S500
M205 X10 Y10
;TYPE:FILL
G1 F2700 E290.83929
G1 F2400 X76.929 Y62.37 E291.01147
G1 X77.141 Y62.582
M204 S2000
M205 X30 Y30
G0 F3600 X74.572 Y62.37
M204 S500
M205 X10 Y10
G1 F2400 X74.118 Y61.916 E291.03928
M204 S2000
M205 X30 Y30
G0 F3600 X74.657 Y57.74
M204 S500
M205 X10 Y10
G1 F2400 X79.287 Y62.37 E291.32284
G1 X79.499 Y62.582
M204 S2000
M205 X30 Y30
G0 F3600 X79.609 Y60.335
M204 S500
M205 X10 Y10
G1 F2400 X77.014 Y57.74 E291.48176
G1 X76.802 Y57.528
M204 S2000
M205 X30 Y30
G0 F3600 X79.372 Y57.74
M204 S500
M205 X10 Y10
G1 F2400 X79.609 Y57.977 E291.49628
M204 S2000
M205 X30 Y30
G0 F3600 X79.81 Y62.57
M204 S500
M205 X10 Y10
;TYPE:WALL-INNER
G1 F2400 X73.919 Y62.57 E291.75139
G1 X73.919 Y57.54 E291.96922
G1 X79.81 Y57.54 E292.22433
G1 X79.81 Y62.058 E292.41999
G0 F1920 X79.81 Y62.57
M204 S2000
M205 X30 Y30
G0 F3600 X77.801 Y57.04
M204 S500
M205 X10 Y10
G1 F2400 X80.31 Y57.04 E292.52864
G1 X80.31 Y63.07 E292.78978
G1 X73.419 Y63.07 E293.0882
G1 X73.419 Y57.04 E293.34933
G1 X77.653 Y57.04 E293.53269
G1 X77.653 Y56.65 E293.54958
G1 X77.68 Y56.65 E293.55075
G0 F1920 X77.802 Y56.65
G0 X77.801 Y57.04
M204 S2000
M205 X30 Y30
G0 F3600 X78.302 Y56.54
M204 S500
M205 X10 Y10
;TYPE:WALL-OUTER
G1 F1200 X80.684 Y56.54 E293.6539
G1 X80.685 Y56.15 E293.67079
G1 X80.81 Y56.15 E293.6762
G1 X80.81 Y63.57 E293.99753
G1 X72.919 Y63.57 E294.33926
G1 X72.919 Y56.15 E294.66059
G1 X73.203 Y56.15 E294.67288
G1 X73.203 Y56.54 E294.68977
G1 X77.153 Y56.54 E294.86083
G1 X77.153 Y56.15 E294.87772
G1 X78.181 Y56.15 E294.92224
G0 F960 X78.303 Y56.15
G0 X78.302 Y56.54
M204 S2000
M205 X30 Y30
G0 F3600 X78.552 Y56.54
G0 X78.552 Y57.29
G1 F2700 E290.92224
;MESH:NONMESH
G0 F600 X78.552 Y57.29 Z5.55
G0 F3600 X73.189 Y57.738
G0 X72.004 Y57.738
G0 X49.823 Y57.738
G0 X48.638 Y57.738
G0 X41.458 Y57.738
;TIME_ELAPSED:366.031911
;LAYER:21
M204 S500
M205 X10 Y10
;TYPE:FILL
;MESH:PLATempTower
G1 F2700 E294.92224
G1 F2400 X41.309 Y57.887 E294.93136
M204 S2000
M205 X30 Y30
G0 F3600 X41.309 Y60.244
M204 S500
M205 X10 Y10
G1 F2400 X43.815 Y57.738 E295.08484
G1 X44.027 Y57.526
M204 S2000
M205 X30 Y30
G0 F3600 X46.173 Y57.738
M204 S500
M205 X10 Y10
G1 F2400 X41.543 Y62.368 E295.3684
G1 X41.331 Y62.58
M204 S2000
M205 X30 Y30
G0 F3600 X43.9 Y62.368
M204 S500
M205 X10 Y10
G1 F2400 X47.958 Y58.311 E295.61689
G1 X48.17 Y58.099
M204 S2000
M205 X30 Y30
G0 F3600 X47.958 Y60.669
M204 S500
M205 X10 Y10
G1 F2400 X46.258 Y62.368 E295.72098
G1 X46.046 Y62.58
M204 S2000
M205 X30 Y30
G0 F3600 X47.924 Y57.54
M204 S500
M205 X10 Y10
;TYPE:WALL-INNER
G1 F2400 X47.925 Y57.15 E295.73787
G1 X48.158 Y57.15 E295.74796
G1 X48.158 Y62.57 E295.98267
G1 X41.11 Y62.57 E296.28789
G1 X41.11 Y57.54 E296.50572
G1 X47.412 Y57.54 E296.77863
G0 F1920 X47.924 Y57.54
M204 S2000
M205 X30 Y30
G0 F3600 X41.317 Y57.04
M204 S500
M205 X10 Y10
G1 F2400 X47.425 Y57.04 E297.04314
G1 X47.426 Y56.65 E297.06003
G1 X48.658 Y56.65 E297.11339
G1 X48.658 Y63.07 E297.39141
G1 X40.61 Y63.07 E297.73993
G1 X40.61 Y56.65 E298.01796
G1 X41.195 Y56.65 E298.04329
G0 F1920 X41.317 Y56.65
G0 X41.317 Y57.04
M204 S2000
M205 X30 Y30
G1 F2700 E294.04329
G0 F3600 X43.226 Y56.818
G0 X43.197 Y56.54
M204 S500
M205 X10 Y10
;TYPE:WALL-OUTER
G1 F2700 E298.04329
G1 F1200 X43.196 Y56.15 E298.06018
G1 X43.7 Y56.15 E298.08201
G1 X43.7 Y56.54 E298.0989
G1 X46.926 Y56.54 E298.2386
G1 X46.927 Y56.15 E298.25549
G1 X49.158 Y56.15 E298.3521
G1 X49.158 Y63.57 E298.67343
G1 X40.11 Y63.57 E299.06526
G1 X40.11 Y56.15 E299.38659
G1 X41.817 Y56.15 E299.46051
G1 X41.817 Y56.54 E299.4774
G1 X42.685 Y56.54 E299.51499
G0 F960 X43.197 Y56.54
M204 S2000
M205 X30 Y30
G0 F3600 X43.197 Y56.29
G0 X43.2 Y56.29
G1 F2700 E295.51499
G0 F3600 X43.297 Y56.291
G0 X48.888 Y58.228
G0 X50.073 Y58.228
G0 X71.86 Y58.228
G0 X73.045 Y58.228
G0 X73.973 Y58.228
M204 S500
M205 X10 Y10
;TYPE:FILL
G1 F2700 E299.51499
G1 F2400 X74.461 Y57.74 E299.54488
M204 S2000
M205 X30 Y30
G0 F3600 X76.819 Y57.74
M204 S500
M205 X10 Y10
G1 F2400 X73.973 Y60.585 E299.71915
G1 X73.761 Y60.797
M204 S2000
M205 X30 Y30
G0 F3600 X74.546 Y62.37
M204 S500
M205 X10 Y10
G1 F2400 X79.176 Y57.74 E300.00271
G1 X79.388 Y57.528
M204 S2000
M205 X30 Y30
G0 F3600 X79.609 Y59.664
M204 S500
M205 X10 Y10
G1 F2400 X76.904 Y62.37 E300.1684
G1 X76.692 Y62.582
M204 S2000
M205 X30 Y30
G0 F3600 X79.261 Y62.37
M204 S500
M205 X10 Y10
G1 F2400 X79.609 Y62.022 E300.18971
M204 S2000
M205 X30 Y30
G0 F3600 X79.81 Y62.57
M204 S500
M205 X10 Y10
;TYPE:WALL-INNER
G1 F2400 X73.775 Y62.57 E300.45106
G1 X73.775 Y57.54 E300.66889
G1 X79.81 Y57.54 E300.93024
G1 X79.81 Y62.058 E301.1259
G0 F1920 X79.81 Y62.57
M204 S2000
M205 X30 Y30
G0 F3600 X77.899 Y57.04
M204 S500
M205 X10 Y10
G1 F2400 X80.31 Y57.04 E301.23031
G1 X80.31 Y63.07 E301.49144
G1 X73.275 Y63.07 E301.7961
G1 X73.275 Y57.04 E302.05723
G1 X77.653 Y57.04 E302.24682
G1 X77.653 Y56.65 E302.26371
G1 X77.778 Y56.65 E302.26912
G0 F1920 X77.9 Y56.65
G0 X77.899 Y57.04
M204 S2000
M205 X30 Y30
G0 F3600 X78.4 Y56.54
M204 S500
M205 X10 Y10
;TYPE:WALL-OUTER
G1 F1200 X80.584 Y56.54 E302.3637
G1 X80.585 Y56.15 E302.38059
G1 X80.81 Y56.15 E302.39034
G1 X80.81 Y63.57 E302.71167
G1 X72.775 Y63.57 E303.05963
G1 X72.775 Y56.15 E303.38096
G1 X73.203 Y56.15 E303.39949
G1 X73.203 Y56.54 E303.41638
G1 X74.655 Y56.54 E303.47926
G1 X74.655 Y56.15 E303.49615
G1 X74.723 Y56.15 E303.49909
G1 X74.722 Y56.54 E303.51598
G1 X77.153 Y56.54 E303.62126
G1 X77.153 Y56.15 E303.63815
G1 X78.279 Y56.15 E303.68691
G0 F960 X78.401 Y56.15
G0 X78.4 Y56.54
M204 S2000
M205 X30 Y30
G0 F3600 X78.65 Y56.54
G0 X78.65 Y57.29
G1 F2700 E299.68691
;MESH:NONMESH
G0 F600 X78.65 Y57.29 Z5.8
G0 F3600 X73.045 Y57.768
G0 X71.86 Y57.768
G0 X50.073 Y57.768
G0 X48.888 Y57.768
G0 X41.68 Y57.768
;TIME_ELAPSED:377.838251
;LAYER:22
M204 S500
M205 X10 Y10
;TYPE:FILL
;MESH:PLATempTower
G1 F2700 E303.68691
G1 F2400 X46.28 Y62.368 E303.96863
G1 X46.492 Y62.58
M204 S2000
M205 X30 Y30
G0 F3600 X48.208 Y61.939
M204 S500
M205 X10 Y10
G1 F2400 X44.006 Y57.737 E304.22598
G1 X43.794 Y57.525
M204 S2000
M205 X30 Y30
G0 F3600 X46.365 Y57.738
M204 S500
M205 X10 Y10
G1 F2400 X48.209 Y59.582 E304.33891
G1 X48.421 Y59.794
M204 S2000
M205 X30 Y30
G0 F3600 X43.923 Y62.368
M204 S500
M205 X10 Y10
G1 F2400 X41.309 Y59.755 E304.49897
G1 X41.097 Y59.543
M204 S2000
M205 X30 Y30
G0 F3600 X41.309 Y62.112
M204 S500
M205 X10 Y10
G1 F2400 X41.565 Y62.368 E304.51465
M204 S2000
M205 X30 Y30
G0 F3600 X41.608 Y57.571
M204 S500
M205 X10 Y10
;TYPE:WALL-INNER
G1 F2400 X43.172 Y57.538 E304.58239
G1 X47.862 Y57.54 E304.7855
G1 X47.863 Y57.15 E304.80239
G1 X48.409 Y57.15 E304.82603
G1 X48.408 Y62.57 E305.06075
G1 X41.11 Y62.57 E305.37679
G1 X41.11 Y57.542 E305.59454
G1 X41.128 Y57.541 E305.59532
G0 F1920 X41.608 Y57.539
G0 X41.608 Y57.571
M204 S2000
M205 X30 Y30
G0 F3600 X42.108 Y57.06
M204 S500
M205 X10 Y10
G1 F2400 X43.162 Y57.038 E305.64097
G1 X47.363 Y57.04 E305.8229
G1 X47.364 Y56.65 E305.83979
G1 X48.909 Y56.65 E305.90669
G1 X48.908 Y63.07 E306.18472
G1 X40.61 Y63.07 E306.54407
G1 X40.61 Y57.052 E306.80468
G1 X41.279 Y57.038 E306.83366
G1 X41.616 Y57.039 E306.84825
G0 F1920 X42.108 Y57.04
G0 X42.108 Y57.06
M204 S2000
M205 X30 Y30
G1 F2700 E302.84825
G0 F3600 X40.697 Y56.827
G0 X40.725 Y56.549
M204 S500
M205 X10 Y10
;TYPE:WALL-OUTER
G1 F2700 E306.84825
G1 F1200 X41.779 Y56.527 E306.89391
G1 X41.779 Y56.54 E306.89447
G1 X42.608 Y56.54 E306.93037
G1 X42.608 Y56.549 E306.93076
G1 X43.662 Y56.527 E306.97642
G1 X43.662 Y56.54 E306.97698
G1 X46.864 Y56.54 E307.11564
G1 X46.865 Y56.15 E307.13253
G1 X49.409 Y56.15 E307.2427
G1 X49.408 Y63.57 E307.56403
G1 X40.11 Y63.57 E307.96669
G1 X40.11 Y56.15 E308.28802
G1 X40.612 Y56.15 E308.30976
G0 F960 X40.725 Y56.15
G0 X40.725 Y56.549
M204 S2000
M205 X30 Y30
G0 F3600 X40.975 Y56.544
G1 F2700 E304.30976
G0 F3600 X40.625 Y56.544
G0 X49.139 Y59.266
G0 X50.324 Y59.266
G0 X71.716 Y59.266
G0 X72.901 Y59.266
G0 X73.83 Y59.271
M204 S500
M205 X10 Y10
;TYPE:FILL
G1 F2700 E308.30976
G1 F2400 X76.928 Y62.369 E308.49949
G1 X77.14 Y62.581
M204 S2000
M205 X30 Y30
G0 F3600 X74.571 Y62.369
M204 S500
M205 X10 Y10
G1 F2400 X73.83 Y61.628 E308.54487
G1 X73.618 Y61.416
M204 S2000
M205 X30 Y30
G0 F3600 X74.657 Y57.74
M204 S500
M205 X10 Y10
G1 F2400 X79.286 Y62.369 E308.82837
G1 X79.498 Y62.581
M204 S2000
M205 X30 Y30
G0 F3600 X79.609 Y60.335
M204 S500
M205 X10 Y10
G1 F2400 X77.014 Y57.74 E308.98729
G1 X76.802 Y57.528
M204 S2000
M205 X30 Y30
G0 F3600 X79.372 Y57.74
M204 S500
M205 X10 Y10
G1 F2400 X79.609 Y57.977 E309.00181
M204 S2000
M205 X30 Y30
G0 F3600 X79.81 Y62.57
M204 S500
M205 X10 Y10
;TYPE:WALL-INNER
G1 F2400 X73.631 Y62.57 E309.26939
G1 X73.631 Y57.54 E309.48722
G1 X79.81 Y57.54 E309.75481
G1 X79.81 Y62.058 E309.95046
G0 F1920 X79.81 Y62.57
M204 S2000
M205 X30 Y30
G0 F3600 X77.996 Y57.04
M204 S500
M205 X10 Y10
G1 F2400 X80.31 Y57.04 E310.05067
G1 X80.31 Y63.07 E310.31181
G1 X73.131 Y63.07 E310.6227
G1 X73.131 Y57.04 E310.88383
G1 X77.653 Y57.04 E311.07966
G1 X77.653 Y56.65 E311.09655
G1 X77.875 Y56.65 E311.10616
G0 F1920 X77.997 Y56.65
G0 X77.996 Y57.04
M204 S2000
M205 X30 Y30
G0 F3600 X78.497 Y56.54
M204 S500
M205 X10 Y10
;TYPE:WALL-OUTER
G1 F1200 X80.484 Y56.54 E311.19221
G1 X80.485 Y56.15 E311.2091
G1 X80.81 Y56.15 E311.22318
G1 X80.81 Y63.57 E311.5445
G1 X72.631 Y63.57 E311.8987
G1 X72.631 Y56.15 E312.22003
G1 X73.203 Y56.15 E312.2448
G1 X73.203 Y56.54 E312.26169
G1 X74.655 Y56.54 E312.32457
G1 X74.667 Y56.15 E312.34147
G1 X74.668 Y56.54 E312.35836
G1 X77.153 Y56.54 E312.46597
G1 X77.153 Y56.15 E312.48286
G1 X78.376 Y56.15 E312.53582
G0 F960 X78.498 Y56.15
G0 X78.497 Y56.54
M204 S2000
M205 X30 Y30
G0 F3600 X78.747 Y56.54
G0 X78.747 Y57.29
G1 F2700 E308.53582
;MESH:NONMESH
G0 F600 X78.747 Y57.29 Z6.05
G0 F3600 X72.901 Y57.738
G0 X71.716 Y57.738
G0 X50.324 Y57.733
G0 X49.139 Y57.733
G0 X41.458 Y57.738
;TIME_ELAPSED:389.843418
;LAYER:23
M204 S500
M205 X10 Y10
;TYPE:FILL
;MESH:PLATempTower
G1 F2700 E312.53582
G1 F2400 X41.309 Y57.887 E312.54495
M204 S2000
M205 X30 Y30
G0 F3600 X41.309 Y60.244
M204 S500
M205 X10 Y10
G1 F2400 X43.815 Y57.738 E312.69843
G1 X44.027 Y57.526
M204 S2000
M205 X30 Y30
G0 F3600 X46.173 Y57.738
M204 S500
M205 X10 Y10
G1 F2400 X41.542 Y62.369 E312.98204
G1 X41.33 Y62.581
M204 S2000
M205 X30 Y30
G0 F3600 X43.9 Y62.369
M204 S500
M205 X10 Y10
G1 F2400 X48.458 Y57.81 E313.26122
G1 X48.67 Y57.598
M204 S2000
M205 X30 Y30
G0 F3600 X48.458 Y60.169
M204 S500
M205 X10 Y10
G1 F2400 X46.257 Y62.369 E313.39599
G1 X46.045 Y62.581
M204 S2000
M205 X30 Y30
G0 F3600 X47.74 Y57.54
M204 S500
M205 X10 Y10
;TYPE:WALL-INNER
G1 F2400 X47.741 Y57.15 E313.41288
G1 X48.659 Y57.15 E313.45263
G1 X48.658 Y62.57 E313.68735
G1 X41.11 Y62.57 E314.01422
G1 X41.11 Y57.54 E314.23205
G1 X47.228 Y57.54 E314.497
G0 F1920 X47.74 Y57.54
M204 S2000
M205 X30 Y30
G0 F3600 X47.241 Y57.04
M204 S500
M205 X10 Y10
G1 F2400 X47.242 Y56.65 E314.51388
G1 X49.159 Y56.65 E314.5969
G1 X49.158 Y63.07 E314.87492
G1 X40.61 Y63.07 E315.2451
G1 X40.61 Y57.04 E315.50624
G1 X46.729 Y57.04 E315.77122
G0 F1920 X47.241 Y57.04
M204 S2000
M205 X30 Y30
G1 F2700 E311.77122
G0 F3600 X40.814 Y56.818
G0 X40.842 Y56.54
M204 S500
M205 X10 Y10
;TYPE:WALL-OUTER
G1 F2700 E315.77122
G1 F1200 X46.742 Y56.54 E316.02673
G1 X46.743 Y56.15 E316.04362
G1 X49.659 Y56.15 E316.1699
G1 X49.658 Y63.57 E316.49122
G1 X40.11 Y63.57 E316.90471
G1 X40.11 Y56.15 E317.22604
G1 X40.72 Y56.15 E317.25245
G0 F960 X40.842 Y56.15
G0 X40.842 Y56.54
M204 S2000
M205 X30 Y30
G0 F3600 X41.092 Y56.54
G1 F2700 E313.25245
G0 F3600 X40.772 Y56.61
G0 X49.389 Y58.572
G0 X50.574 Y58.572
G0 X71.51 Y58.572
G0 X72.695 Y58.572
G0 X73.624 Y58.577
M204 S500
M205 X10 Y10
;TYPE:FILL
G1 F2700 E317.25245
G1 F2400 X74.461 Y57.74 E317.30371
G1 X74.673 Y57.528
M204 S2000
M205 X30 Y30
G0 F3600 X76.819 Y57.74
M204 S500
M205 X10 Y10
G1 F2400 X73.624 Y60.934 E317.49936
G1 X73.412 Y61.146
M204 S2000
M205 X30 Y30
G0 F3600 X74.546 Y62.37
M204 S500
M205 X10 Y10
G1 F2400 X79.176 Y57.74 E317.78291
G1 X79.388 Y57.528
M204 S2000
M205 X30 Y30
G0 F3600 X79.609 Y59.664
M204 S500
M205 X10 Y10
G1 F2400 X76.904 Y62.37 E317.94861
G1 X76.692 Y62.582
M204 S2000
M205 X30 Y30
G0 F3600 X79.261 Y62.37
M204 S500
M205 X10 Y10
G1 F2400 X79.609 Y62.022 E317.96992
M204 S2000
M205 X30 Y30
G0 F3600 X79.81 Y62.57
M204 S500
M205 X10 Y10
;TYPE:WALL-INNER
G1 F2400 X73.425 Y62.57 E318.24643
G1 X73.425 Y57.54 E318.46426
G1 X79.81 Y57.54 E318.74076
G1 X79.81 Y62.058 E318.93642
G0 F1920 X79.81 Y62.57
M204 S2000
M205 X30 Y30
G0 F3600 X78.094 Y57.04
M204 S500
M205 X10 Y10
G1 F2400 X80.31 Y57.04 E319.03238
G1 X80.31 Y63.07 E319.29352
G1 X72.925 Y63.07 E319.61333
G1 X72.925 Y57.04 E319.87446
G1 X77.653 Y57.04 E320.07921
G1 X77.653 Y56.65 E320.0961
G1 X77.973 Y56.65 E320.10996
G0 F1920 X78.095 Y56.65
G0 X78.094 Y57.04
M204 S2000
M205 X30 Y30
G0 F3600 X78.595 Y56.54
M204 S500
M205 X10 Y10
;TYPE:WALL-OUTER
G1 F1200 X80.384 Y56.54 E320.18743
G1 X80.385 Y56.15 E320.20432
G1 X80.81 Y56.15 E320.22273
G1 X80.81 Y63.57 E320.54406
G1 X72.425 Y63.57 E320.90718
G1 X72.425 Y56.15 E321.2285
G1 X73.203 Y56.15 E321.2622
G1 X73.203 Y56.54 E321.27909
G1 X77.153 Y56.54 E321.45014
G1 X77.153 Y56.15 E321.46703
G1 X78.474 Y56.15 E321.52424
G0 F960 X78.596 Y56.15
G0 X78.595 Y56.54
M204 S2000
M205 X30 Y30
G0 F3600 X78.845 Y56.54
G0 X78.845 Y57.29
G1 F2700 E317.52424
;MESH:NONMESH
G0 F600 X78.845 Y57.29 Z6.3
G0 F3600 X72.695 Y57.739
G0 X71.51 Y57.739
G0 X50.574 Y57.734
G0 X49.389 Y57.734
G0 X41.651 Y57.739
;TIME_ELAPSED:401.664641
;LAYER:24
M204 S500
M205 X10 Y10
;TYPE:FILL
;MESH:PLATempTower
G1 F2700 E321.52424
G1 F2400 X46.28 Y62.368 E321.80774
G1 X46.492 Y62.58
M204 S2000
M205 X30 Y30
G0 F3600 X43.923 Y62.368
M204 S500
M205 X10 Y10
G1 F2400 X41.309 Y59.755 E321.9678
G1 X41.097 Y59.543
M204 S2000
M205 X30 Y30
G0 F3600 X41.309 Y62.112
M204 S500
M205 X10 Y10
G1 F2400 X41.565 Y62.368 E321.98347
M204 S2000
M205 X30 Y30
G0 F3600 X44.008 Y57.739
M204 S500
M205 X10 Y10
G1 F2400 X48.638 Y62.368 E322.267
G1 X48.85 Y62.58
M204 S2000
M205 X30 Y30
G0 F3600 X48.709 Y60.082
M204 S500
M205 X10 Y10
G1 F2400 X46.366 Y57.739 E322.41049
G1 X46.154 Y57.527
M204 S2000
M205 X30 Y30
G0 F3600 X48.334 Y57.349
M204 S500
M205 X10 Y10
G1 F2400 X48.709 Y57.724 E322.43346
M204 S2000
M205 X30 Y30
G0 F3600 X47.401 Y57.54
M204 S500
M205 X10 Y10
;TYPE:WALL-INNER
G1 F2400 X47.401 Y57.15 E322.45035
G1 X48.909 Y57.15 E322.51566
G1 X48.908 Y62.57 E322.75037
G1 X41.11 Y62.57 E323.08807
G1 X41.11 Y57.54 E323.3059
G1 X46.889 Y57.54 E323.55616
G0 F1920 X47.401 Y57.54
M204 S2000
M205 X30 Y30
G0 F3600 X46.901 Y57.04
M204 S500
M205 X10 Y10
G1 F2400 X46.901 Y56.65 E323.57305
G1 X49.409 Y56.65 E323.68166
G1 X49.408 Y63.07 E323.95968
G1 X40.61 Y63.07 E324.34069
G1 X40.61 Y56.65 E324.61871
G1 X40.731 Y56.65 E324.62395
G1 X40.732 Y57.04 E324.64084
G1 X46.389 Y57.04 E324.88582
G0 F1920 X46.901 Y57.04
M204 S2000
M205 X30 Y30
G1 F2700 E320.88582
G0 F3600 X44.996 Y56.818
G0 X44.574 Y56.54
M204 S500
M205 X10 Y10
;TYPE:WALL-OUTER
G1 F2700 E324.88582
G1 F1200 X44.574 Y56.15 E324.90271
G1 X45.024 Y56.15 E324.9222
G1 X45.024 Y56.54 E324.93909
G1 X46.401 Y56.54 E324.99872
G1 X46.401 Y56.15 E325.01561
G1 X49.909 Y56.15 E325.16753
G1 X49.908 Y63.57 E325.48885
G1 X40.11 Y63.57 E325.91316
G1 X40.11 Y56.15 E326.23449
G1 X41.23 Y56.15 E326.28299
G1 X41.231 Y56.54 E326.29988
G1 X42.691 Y56.54 E326.36311
G1 X42.691 Y56.15 E326.38
G1 X43.113 Y56.15 E326.39827
G1 X43.114 Y56.54 E326.41516
G1 X44.062 Y56.54 E326.45622
G0 F960 X44.574 Y56.54
M204 S2000
M205 X30 Y30
G0 F3600 X44.574 Y56.29
G1 F2700 E322.45622
G0 F3600 X44.674 Y56.29
G0 X49.639 Y58.836
G0 X50.824 Y58.836
G0 X71.285 Y58.848
G0 X72.471 Y58.848
G0 X73.401 Y58.841
M204 S500
M205 X10 Y10
;TYPE:FILL
G1 F2700 E326.45622
G1 F2400 X76.928 Y62.369 E326.67225
G1 X77.14 Y62.581
M204 S2000
M205 X30 Y30
G0 F3600 X74.571 Y62.369
M204 S500
M205 X10 Y10
G1 F2400 X73.399 Y61.197 E326.74403
G1 X73.187 Y60.985
M204 S2000
M205 X30 Y30
G0 F3600 X74.657 Y57.74
M204 S500
M205 X10 Y10
G1 F2400 X79.286 Y62.369 E327.02753
G1 X79.498 Y62.581
M204 S2000
M205 X30 Y30
G0 F3600 X79.609 Y60.335
M204 S500
M205 X10 Y10
G1 F2400 X77.014 Y57.74 E327.18646
G1 X76.802 Y57.528
M204 S2000
M205 X30 Y30
G0 F3600 X79.372 Y57.74
M204 S500
M205 X10 Y10
G1 F2400 X79.609 Y57.977 E327.20097
M204 S2000
M205 X30 Y30
G0 F3600 X79.81 Y62.57
M204 S500
M205 X10 Y10
;TYPE:WALL-INNER
G1 F2400 X73.2 Y62.57 E327.48722
G1 X73.203 Y57.54 E327.70505
G1 X79.81 Y57.54 E327.99117
G1 X79.81 Y62.058 E328.18682
G0 F1920 X79.81 Y62.57
M204 S2000
M205 X30 Y30
G0 F3600 X78.191 Y57.04
M204 S500
M205 X10 Y10
G1 F2400 X80.31 Y57.04 E328.27859
G1 X80.31 Y63.07 E328.53972
G1 X72.7 Y63.07 E328.86928
G1 X72.703 Y57.04 E329.13041
G1 X77.653 Y57.04 E329.34478
G1 X77.653 Y56.65 E329.36167
G1 X78.07 Y56.65 E329.37972
G0 F1920 X78.192 Y56.65
G0 X78.191 Y57.04
M204 S2000
M205 X30 Y30
G0 F3600 X78.692 Y56.54
M204 S500
M205 X10 Y10
;TYPE:WALL-OUTER
G1 F1200 X80.283 Y56.54 E329.44862
G1 X80.284 Y56.15 E329.46551
G1 X80.81 Y56.15 E329.48829
G1 X80.81 Y63.57 E329.80962
G1 X72.2 Y63.57 E330.18248
G1 X72.2 Y56.15 E330.50381
G1 X73.203 Y56.15 E330.54725
G1 X73.203 Y56.54 E330.56414
G1 X77.153 Y56.54 E330.73519
G1 X77.153 Y56.15 E330.75208
G1 X78.571 Y56.15 E330.81349
G0 F960 X78.693 Y56.15
G0 X78.692 Y56.54
M204 S2000
M205 X30 Y30
G0 F3600 X78.942 Y56.54
G0 X78.942 Y57.29
G1 F2700 E326.81349
;MESH:NONMESH
G0 F600 X78.942 Y57.29 Z6.55
G0 F3600 X72.472 Y57.364
G0 X71.285 Y57.364
G0 X50.824 Y57.359
G0 X49.639 Y57.359
G0 X41.847 Y57.349
;TIME_ELAPSED:413.931142
;LAYER:25
M204 S500
M205 X10 Y10
;TYPE:FILL
;MESH:PLATempTower
G1 F2700 E330.81349
G1 F2400 X41.31 Y57.886 E330.84638
M204 S2000
M205 X30 Y30
G0 F3600 X41.31 Y60.244
M204 S500
M205 X10 Y10
G1 F2400 X44.205 Y57.349 E331.02368
G1 X44.417 Y57.137
M204 S2000
M205 X30 Y30
G0 F3600 X46.562 Y57.349
M204 S500
M205 X10 Y10
G1 F2400 X41.543 Y62.368 E331.33106
G1 X41.331 Y62.58
M204 S2000
M205 X30 Y30
G0 F3600 X43.9 Y62.368
M204 S500
M205 X10 Y10
G1 F2400 X48.92 Y57.349 E331.63847
G1 X49.132 Y57.137
M204 S2000
M205 X30 Y30
G0 F3600 X48.957 Y59.669
M204 S500
M205 X10 Y10
G1 F2400 X46.258 Y62.368 E331.80377
G1 X46.046 Y62.58
M204 S2000
M205 X30 Y30
G0 F3600 X48.615 Y62.368
M204 S500
M205 X10 Y10
G1 F2400 X48.957 Y62.026 E331.82471
M204 S2000
M205 X30 Y30
G0 F3600 X49.158 Y62.57
M204 S500
M205 X10 Y10
;TYPE:WALL-INNER
G1 F2400 X41.11 Y62.57 E332.17324
G1 X41.11 Y57.15 E332.40796
G1 X49.159 Y57.15 E332.75652
G1 X49.158 Y62.058 E332.96907
G0 F1920 X49.158 Y62.57
M204 S2000
M205 X30 Y30
G0 F3600 X49.658 Y63.07
M204 S500
M205 X10 Y10
G1 F2400 X40.61 Y63.07 E333.3609
G1 X40.61 Y56.65 E333.63892
G1 X49.659 Y56.65 E334.03079
G1 X49.658 Y62.558 E334.28665
G0 F1920 X49.658 Y63.07
M204 S2000
M205 X30 Y30
G0 F3600 X50.158 Y63.57
M204 S500
M205 X10 Y10
;TYPE:WALL-OUTER
G1 F1200 X40.11 Y63.57 E334.72178
G1 X40.11 Y56.15 E335.04311
G1 X50.159 Y56.15 E335.47829
G1 X50.158 Y63.058 E335.77745
G0 F960 X50.158 Y63.57
M204 S2000
M205 X30 Y30
G0 F3600 X49.908 Y63.57
G0 X49.305 Y62.57
G1 F2700 E331.77745
G0 F3600 X49.639 Y61.38
G0 X51.074 Y61.38
G0 X71.06 Y61.38
G0 X72.495 Y61.38
G0 X73.174 Y61.385
M204 S500
M205 X10 Y10
;TYPE:FILL
G1 F2700 E335.77745
G1 F2400 X77.209 Y57.349 E336.02459
G1 X77.421 Y57.137
M204 S2000
M205 X30 Y30
G0 F3600 X74.852 Y57.349
M204 S500
M205 X10 Y10
G1 F2400 X73.174 Y59.027 E336.12736
G1 X72.962 Y59.239
M204 S2000
M205 X30 Y30
G0 F3600 X74.546 Y62.37
M204 S500
M205 X10 Y10
G1 F2400 X79.567 Y57.349 E336.43486
G1 X79.779 Y57.137
M204 S2000
M205 X30 Y30
G0 F3600 X79.609 Y59.664
M204 S500
M205 X10 Y10
G1 F2400 X76.904 Y62.37 E336.60056
G1 X76.692 Y62.582
M204 S2000
M205 X30 Y30
G0 F3600 X79.261 Y62.37
M204 S500
M205 X10 Y10
G1 F2400 X79.609 Y62.022 E336.62187
M204 S2000
M205 X30 Y30
G0 F3600 X79.81 Y62.57
M204 S500
M205 X10 Y10
;TYPE:WALL-INNER
G1 F2400 X72.975 Y62.57 E336.91787
G1 X72.975 Y57.15 E337.15258
G1 X79.81 Y57.15 E337.44858
G1 X79.81 Y62.058 E337.66112
G0 F1920 X79.81 Y62.57
M204 S2000
M205 X30 Y30
G0 F3600 X80.31 Y63.07
M204 S500
M205 X10 Y10
G1 F2400 X72.475 Y63.07 E338.00042
G1 X72.475 Y56.65 E338.27845
G1 X80.31 Y56.65 E338.61775
G1 X80.31 Y62.558 E338.8736
G0 F1920 X80.31 Y63.07
M204 S2000
M205 X30 Y30
G0 F3600 X80.81 Y63.57
M204 S500
M205 X10 Y10
;TYPE:WALL-OUTER
G1 F1200 X71.975 Y63.57 E339.2562
G1 X71.975 Y56.15 E339.57753
G1 X80.81 Y56.15 E339.96014
G1 X80.81 Y63.058 E340.25929
G0 F960 X80.81 Y63.57
M204 S2000
M205 X30 Y30
G0 F3600 X80.56 Y63.57
G0 X79.81 Y62.717
G1 F2700 E336.25929
;MESH:NONMESH
G0 F600 X79.81 Y62.717 Z6.8
G0 F3600 X72.495 Y57.397
G0 X71.06 Y57.397
G0 X51.074 Y57.392
G0 X49.639 Y57.392
G0 X41.309 Y57.397
;TIME_ELAPSED:425.041006
;LAYER:26
M204 S500
M205 X10 Y10
;TYPE:FILL
;MESH:PLATempTower
G1 F2700 E340.25929
G1 F2400 X46.28 Y62.368 E340.56373
G1 X46.492 Y62.58
M204 S2000
M205 X30 Y30
G0 F3600 X43.923 Y62.368
M204 S500
M205 X10 Y10
G1 F2400 X41.309 Y59.755 E340.72379
G1 X41.097 Y59.543
M204 S2000
M205 X30 Y30
G0 F3600 X41.309 Y62.112
M204 S500
M205 X10 Y10
G1 F2400 X41.565 Y62.368 E340.73947
M204 S2000
M205 X30 Y30
G0 F3600 X43.618 Y57.349
M204 S500
M205 X10 Y10
G1 F2400 X48.638 Y62.368 E341.04689
G1 X48.85 Y62.58
M204 S2000
M205 X30 Y30
G0 F3600 X49.208 Y60.582
M204 S500
M205 X10 Y10
G1 F2400 X45.976 Y57.349 E341.24486
G1 X45.764 Y57.137
M204 S2000
M205 X30 Y30
G0 F3600 X48.333 Y57.349
M204 S500
M205 X10 Y10
G1 F2400 X49.208 Y58.224 E341.29844
G1 X49.42 Y58.436
M204 S2000
M205 X30 Y30
G0 F3600 X49.408 Y62.57
M204 S500
M205 X10 Y10
;TYPE:WALL-INNER
G1 F2400 X41.11 Y62.57 E341.65779
G1 X41.11 Y57.15 E341.89251
G1 X49.409 Y57.15 E342.25191
G1 X49.408 Y62.058 E342.46445
G0 F1920 X49.408 Y62.57
M204 S2000
M205 X30 Y30
G0 F3600 X49.908 Y63.07
M204 S500
M205 X10 Y10
G1 F2400 X40.61 Y63.07 E342.86711
G1 X40.61 Y56.65 E343.14513
G1 X49.909 Y56.65 E343.54783
G1 X49.908 Y62.558 E343.80368
G0 F1920 X49.908 Y63.07
M204 S2000
M205 X30 Y30
G0 F3600 X50.408 Y63.57
M204 S500
M205 X10 Y10
;TYPE:WALL-OUTER
G1 F1200 X40.11 Y63.57 E344.24964
G1 X40.11 Y56.15 E344.57097
G1 X50.409 Y56.15 E345.01698
G1 X50.408 Y63.058 E345.31613
G0 F960 X50.408 Y63.57
M204 S2000
M205 X30 Y30
G0 F3600 X50.158 Y63.57
G0 X49.555 Y62.57
G1 F2700 E341.31613
G0 F3600 X49.889 Y60.664
G0 X51.324 Y60.664
G0 X70.758 Y60.662
G0 X72.173 Y60.661
G0 X72.871 Y60.669
M204 S500
M205 X10 Y10
;TYPE:FILL
G1 F2700 E345.31613
G1 F2400 X74.572 Y62.37 E345.42031
G1 X74.784 Y62.582
M204 S2000
M205 X30 Y30
G0 F3600 X76.929 Y62.37
M204 S500
M205 X10 Y10
G1 F2400 X72.87 Y58.311 E345.6689
G1 X72.658 Y58.099
M204 S2000
M205 X30 Y30
G0 F3600 X74.266 Y57.349
M204 S500
M205 X10 Y10
G1 F2400 X79.287 Y62.37 E345.9764
G1 X79.499 Y62.582
M204 S2000
M205 X30 Y30
G0 F3600 X79.609 Y60.335
M204 S500
M205 X10 Y10
G1 F2400 X76.624 Y57.349 E346.15924
G1 X76.412 Y57.137
M204 S2000
M205 X30 Y30
G0 F3600 X78.981 Y57.349
M204 S500
M205 X10 Y10
G1 F2400 X79.609 Y57.977 E346.1977
M204 S2000
M205 X30 Y30
G0 F3600 X79.81 Y62.57
M204 S500
M205 X10 Y10
;TYPE:WALL-INNER
G1 F2400 X72.673 Y62.57 E346.50678
G1 X72.672 Y57.15 E346.74149
G1 X79.81 Y57.15 E347.05061
G1 X79.81 Y62.058 E347.26315
G0 F1920 X79.81 Y62.57
M204 S2000
M205 X30 Y30
G0 F3600 X80.31 Y63.07
M204 S500
M205 X10 Y10
G1 F2400 X72.173 Y63.07 E347.61553
G1 X72.172 Y56.65 E347.89356
G1 X80.31 Y56.65 E348.24598
G1 X80.31 Y62.558 E348.50183
G0 F1920 X80.31 Y63.07
M204 S2000
M205 X30 Y30
G0 F3600 X80.81 Y63.57
M204 S500
M205 X10 Y10
;TYPE:WALL-OUTER
G1 F1200 X71.673 Y63.57 E348.89751
G1 X71.672 Y56.15 E349.21884
G1 X80.81 Y56.15 E349.61457
G1 X80.81 Y63.058 E349.91373
G0 F960 X80.81 Y63.57
M204 S2000
M205 X30 Y30
G0 F3600 X80.56 Y63.57
G0 X79.81 Y62.717
G1 F2700 E345.91373
;MESH:NONMESH
G0 F600 X79.81 Y62.717 Z7.05
G0 F3600 X72.173 Y57.345
G0 X70.758 Y57.346
G0 X51.324 Y57.34
G0 X49.889 Y57.34
G0 X41.847 Y57.349
;TIME_ELAPSED:436.447690
;LAYER:27
M204 S500
M205 X10 Y10
;TYPE:FILL
;MESH:PLATempTower
G1 F2700 E349.91373
G1 F2400 X41.31 Y57.886 E349.94661
M204 S2000
M205 X30 Y30
G0 F3600 X41.31 Y60.244
M204 S500
M205 X10 Y10
G1 F2400 X44.205 Y57.349 E350.12391
G1 X44.417 Y57.137
M204 S2000
M205 X30 Y30
G0 F3600 X46.562 Y57.349
M204 S500
M205 X10 Y10
G1 F2400 X41.542 Y62.369 E350.43136
G1 X41.33 Y62.581
M204 S2000
M205 X30 Y30
G0 F3600 X43.9 Y62.369
M204 S500
M205 X10 Y10
G1 F2400 X48.92 Y57.349 E350.7388
G1 X49.132 Y57.137
M204 S2000
M205 X30 Y30
G0 F3600 X49.458 Y59.168
M204 S500
M205 X10 Y10
G1 F2400 X46.257 Y62.369 E350.93484
G1 X46.045 Y62.581
M204 S2000
M205 X30 Y30
G0 F3600 X48.615 Y62.369
M204 S500
M205 X10 Y10
G1 F2400 X49.457 Y61.526 E350.98644
G1 X49.669 Y61.314
M204 S2000
M205 X30 Y30
G0 F3600 X49.658 Y62.57
M204 S500
M205 X10 Y10
;TYPE:WALL-INNER
G1 F2400 X41.11 Y62.57 E351.35661
G1 X41.11 Y57.15 E351.59133
G1 X49.659 Y57.15 E351.96155
G1 X49.658 Y62.058 E352.1741
G0 F1920 X49.658 Y62.57
M204 S2000
M205 X30 Y30
G0 F3600 X50.158 Y63.07
M204 S500
M205 X10 Y10
G1 F2400 X40.61 Y63.07 E352.58758
G1 X40.61 Y56.65 E352.8656
G1 X50.159 Y56.65 E353.27913
G1 X50.158 Y62.558 E353.53498
G0 F1920 X50.158 Y63.07
M204 S2000
M205 X30 Y30
G0 F3600 X50.658 Y63.57
M204 S500
M205 X10 Y10
;TYPE:WALL-OUTER
G1 F1200 X40.11 Y63.57 E353.99177
G1 X40.11 Y56.15 E354.3131
G1 X50.659 Y56.15 E354.76993
G1 X50.658 Y63.058 E355.06908
G0 F960 X50.658 Y63.57
M204 S2000
M205 X30 Y30
G0 F3600 X50.408 Y63.57
G0 X49.805 Y62.57
G1 F2700 E351.06908
G0 F3600 X51.574 Y62.026
G0 X70.414 Y62.024
G0 X71.829 Y62.023
G0 X72.527 Y62.031
M204 S500
M205 X10 Y10
;TYPE:FILL
G1 F2700 E355.06908
G1 F2400 X77.209 Y57.349 E355.35583
G1 X77.421 Y57.137
M204 S2000
M205 X30 Y30
G0 F3600 X74.852 Y57.349
M204 S500
M205 X10 Y10
G1 F2400 X72.527 Y59.674 E355.49822
G1 X72.315 Y59.886
M204 S2000
M205 X30 Y30
G0 F3600 X74.546 Y62.37
M204 S500
M205 X10 Y10
G1 F2400 X79.567 Y57.349 E355.80572
G1 X79.779 Y57.137
M204 S2000
M205 X30 Y30
G0 F3600 X79.609 Y59.664
M204 S500
M205 X10 Y10
G1 F2400 X76.904 Y62.37 E355.97142
G1 X76.692 Y62.582
M204 S2000
M205 X30 Y30
G0 F3600 X79.261 Y62.37
M204 S500
M205 X10 Y10
G1 F2400 X79.609 Y62.022 E355.99273
M204 S2000
M205 X30 Y30
G0 F3600 X79.81 Y62.57
M204 S500
M205 X10 Y10
;TYPE:WALL-INNER
G1 F2400 X72.329 Y62.57 E356.3167
G1 X72.328 Y57.15 E356.55142
G1 X79.81 Y57.15 E356.87543
G1 X79.81 Y62.058 E357.08797
G0 F1920 X79.81 Y62.57
M204 S2000
M205 X30 Y30
G0 F3600 X80.31 Y63.07
M204 S500
M205 X10 Y10
G1 F2400 X71.829 Y63.07 E357.45525
G1 X71.828 Y56.65 E357.73327
G1 X80.31 Y56.65 E358.10059
G1 X80.31 Y62.558 E358.35644
G0 F1920 X80.31 Y63.07
M204 S2000
M205 X30 Y30
G0 F3600 X80.81 Y63.57
M204 S500
M205 X10 Y10
;TYPE:WALL-OUTER
G1 F1200 X71.329 Y63.57 E358.76702
G1 X71.328 Y56.15 E359.08835
G1 X80.81 Y56.15 E359.49898
G1 X80.81 Y63.058 E359.79813
G0 F960 X80.81 Y63.57
M204 S2000
M205 X30 Y30
G0 F3600 X80.56 Y63.57
G0 X79.81 Y62.717
G1 F2700 E355.79813
;MESH:NONMESH
G0 F600 X79.81 Y62.717 Z7.3
G0 F3600 X71.829 Y57.393
G0 X70.414 Y57.394
G0 X51.574 Y57.388
G0 X50.139 Y57.388
G0 X41.309 Y57.397
;TIME_ELAPSED:447.851335
;LAYER:28
M204 S500
M205 X10 Y10
;TYPE:FILL
;MESH:PLATempTower
G1 F2700 E359.79813
G1 F2400 X46.28 Y62.368 E360.10258
G1 X46.492 Y62.58
M204 S2000
M205 X30 Y30
G0 F3600 X43.923 Y62.368
M204 S500
M205 X10 Y10
G1 F2400 X41.309 Y59.755 E360.26264
G1 X41.097 Y59.543
M204 S2000
M205 X30 Y30
G0 F3600 X41.309 Y62.112
M204 S500
M205 X10 Y10
G1 F2400 X41.565 Y62.368 E360.27831
M204 S2000
M205 X30 Y30
G0 F3600 X43.619 Y57.349
M204 S500
M205 X10 Y10
G1 F2400 X48.638 Y62.368 E360.5857
G1 X48.85 Y62.58
M204 S2000
M205 X30 Y30
G0 F3600 X49.708 Y61.082
M204 S500
M205 X10 Y10
G1 F2400 X45.976 Y57.349 E360.81429
G1 X45.764 Y57.137
M204 S2000
M205 X30 Y30
G0 F3600 X48.334 Y57.349
M204 S500
M205 X10 Y10
G1 F2400 X49.708 Y58.724 E360.89847
G1 X49.92 Y58.936
M204 S2000
M205 X30 Y30
G0 F3600 X49.908 Y62.57
M204 S500
M205 X10 Y10
;TYPE:WALL-INNER
G1 F2400 X41.11 Y62.57 E361.27947
G1 X41.11 Y57.15 E361.51419
G1 X49.909 Y57.15 E361.89523
G1 X49.908 Y62.058 E362.10778
G0 F1920 X49.908 Y62.57
M204 S2000
M205 X30 Y30
G0 F3600 X50.408 Y63.07
M204 S500
M205 X10 Y10
G1 F2400 X40.61 Y63.07 E362.53209
G1 X40.61 Y56.65 E362.81011
G1 X50.409 Y56.65 E363.23446
G1 X50.408 Y62.558 E363.49032
G0 F1920 X50.408 Y63.07
M204 S2000
M205 X30 Y30
G0 F3600 X50.908 Y63.57
M204 S500
M205 X10 Y10
;TYPE:WALL-OUTER
G1 F1200 X40.11 Y63.57 E363.95793
G1 X40.11 Y56.15 E364.27926
G1 X50.909 Y56.15 E364.74692
G1 X50.908 Y63.058 E365.04607
G0 F960 X50.908 Y63.57
M204 S2000
M205 X30 Y30
G0 F3600 X50.658 Y63.57
G0 X50.055 Y62.57
G1 F2700 E361.04607
G0 F3600 X51.824 Y62.291
G0 X70.027 Y62.289
G0 X71.442 Y62.288
G0 X72.14 Y62.296
M204 S500
M205 X10 Y10
;TYPE:FILL
G1 F2700 E365.04607
G1 F2400 X72.214 Y62.37 E365.05061
M204 S2000
M205 X30 Y30
G0 F3600 X74.572 Y62.37
M204 S500
M205 X10 Y10
G1 F2400 X72.14 Y59.938 E365.19955
G1 X71.928 Y59.726
M204 S2000
M205 X30 Y30
G0 F3600 X72.139 Y57.58
M204 S500
M205 X10 Y10
G1 F2400 X76.929 Y62.37 E365.49291
G1 X77.141 Y62.582
M204 S2000
M205 X30 Y30
G0 F3600 X79.287 Y62.37
M204 S500
M205 X10 Y10
G1 F2400 X74.266 Y57.349 E365.80041
G1 X74.054 Y57.137
M204 S2000
M205 X30 Y30
G0 F3600 X76.624 Y57.349
M204 S500
M205 X10 Y10
G1 F2400 X79.609 Y60.335 E365.98325
G1 X79.821 Y60.547
M204 S2000
M205 X30 Y30
G0 F3600 X79.609 Y57.977
M204 S500
M205 X10 Y10
G1 F2400 X78.981 Y57.349 E366.02171
M204 S2000
M205 X30 Y30
G0 F3600 X79.81 Y62.57
M204 S500
M205 X10 Y10
;TYPE:WALL-INNER
G1 F2400 X71.942 Y62.57 E366.36244
G1 X71.941 Y57.15 E366.59716
G1 X79.81 Y57.15 E366.93793
G1 X79.81 Y62.058 E367.15048
G0 F1920 X79.81 Y62.57
M204 S2000
M205 X30 Y30
G0 F3600 X80.31 Y63.07
M204 S500
M205 X10 Y10
G1 F2400 X71.442 Y63.07 E367.53451
G1 X71.441 Y56.65 E367.81254
G1 X80.31 Y56.65 E368.19661
G1 X80.31 Y62.558 E368.45247
G0 F1920 X80.31 Y63.07
M204 S2000
M205 X30 Y30
G0 F3600 X80.81 Y63.57
M204 S500
M205 X10 Y10
;TYPE:WALL-OUTER
G1 F1200 X70.942 Y63.57 E368.87981
G1 X70.941 Y56.15 E369.20113
G1 X80.81 Y56.15 E369.62852
G1 X80.81 Y63.058 E369.92767
G0 F960 X80.81 Y63.57
M204 S2000
M205 X30 Y30
G0 F3600 X80.56 Y63.57
G0 X79.81 Y62.717
G1 F2700 E365.92767
;MESH:NONMESH
G0 F600 X79.81 Y62.717 Z7.55
G0 F3600 X71.442 Y57.345
G0 X70.027 Y57.346
G0 X51.824 Y57.34
G0 X50.389 Y57.34
G0 X41.847 Y57.349
;TIME_ELAPSED:459.615439
;LAYER:29
M204 S500
M205 X10 Y10
;TYPE:FILL
;MESH:PLATempTower
G1 F2700 E369.92767
G1 F2400 X41.31 Y57.886 E369.96056
M204 S2000
M205 X30 Y30
G0 F3600 X41.31 Y60.244
M204 S500
M205 X10 Y10
G1 F2400 X44.205 Y57.349 E370.13786
G1 X44.417 Y57.137
M204 S2000
M205 X30 Y30
G0 F3600 X46.562 Y57.349
M204 S500
M205 X10 Y10
G1 F2400 X41.543 Y62.368 E370.44524
G1 X41.331 Y62.58
M204 S2000
M205 X30 Y30
G0 F3600 X43.9 Y62.368
M204 S500
M205 X10 Y10
G1 F2400 X48.92 Y57.349 E370.75266
G1 X49.132 Y57.137
M204 S2000
M205 X30 Y30
G0 F3600 X49.957 Y58.669
M204 S500
M205 X10 Y10
G1 F2400 X46.258 Y62.368 E370.9792
G1 X46.046 Y62.58
M204 S2000
M205 X30 Y30
G0 F3600 X48.615 Y62.368
M204 S500
M205 X10 Y10
G1 F2400 X49.957 Y61.026 E371.06139
G1 X50.169 Y60.814
M204 S2000
M205 X30 Y30
G0 F3600 X50.158 Y62.57
M204 S500
M205 X10 Y10
;TYPE:WALL-INNER
G1 F2400 X41.11 Y62.57 E371.45322
G1 X41.11 Y57.15 E371.68793
G1 X50.159 Y57.15 E372.07981
G1 X50.158 Y62.058 E372.29235
G0 F1920 X50.158 Y62.57
M204 S2000
M205 X30 Y30
G0 F3600 X50.658 Y63.07
M204 S500
M205 X10 Y10
G1 F2400 X40.61 Y63.07 E372.72749
G1 X40.61 Y56.65 E373.00551
G1 X50.659 Y56.65 E373.44069
G1 X50.658 Y62.558 E373.69654
G0 F1920 X50.658 Y63.07
M204 S2000
M205 X30 Y30
G0 F3600 X51.158 Y63.57
M204 S500
M205 X10 Y10
;TYPE:WALL-OUTER
G1 F1200 X40.11 Y63.57 E374.17498
G1 X40.11 Y56.15 E374.49631
G1 X51.159 Y56.15 E374.97479
G1 X51.158 Y63.058 E375.27395
G0 F960 X51.158 Y63.57
M204 S2000
M205 X30 Y30
G0 F3600 X50.908 Y63.57
G0 X50.305 Y62.57
G1 F2700 E371.27395
G0 F3600 X50.639 Y60.616
G0 X52.074 Y60.616
G0 X69.466 Y60.614
G0 X70.881 Y60.613
G0 X71.58 Y60.621
M204 S500
M205 X10 Y10
;TYPE:FILL
G1 F2700 E375.27395
G1 F2400 X74.852 Y57.349 E375.47434
G1 X75.064 Y57.137
M204 S2000
M205 X30 Y30
G0 F3600 X77.209 Y57.349
M204 S500
M205 X10 Y10
G1 F2400 X72.189 Y62.37 E375.78181
G1 X71.977 Y62.582
M204 S2000
M205 X30 Y30
G0 F3600 X74.546 Y62.37
M204 S500
M205 X10 Y10
G1 F2400 X79.567 Y57.349 E376.08932
G1 X79.779 Y57.137
M204 S2000
M205 X30 Y30
G0 F3600 X79.609 Y59.664
M204 S500
M205 X10 Y10
G1 F2400 X76.904 Y62.37 E376.25501
G1 X76.692 Y62.582
M204 S2000
M205 X30 Y30
G0 F3600 X79.261 Y62.37
M204 S500
M205 X10 Y10
G1 F2400 X79.609 Y62.022 E376.27632
M204 S2000
M205 X30 Y30
G0 F3600 X72.494 Y57.349
M204 S500
M205 X10 Y10
G1 F2400 X71.58 Y58.264 E376.33233
G1 X71.368 Y58.476
M204 S2000
M205 X30 Y30
G0 F3600 X79.81 Y62.57
M204 S500
M205 X10 Y10
;TYPE:WALL-INNER
G1 F2400 X71.381 Y62.57 E376.69736
G1 X71.38 Y57.15 E376.93207
G1 X79.81 Y57.15 E377.29714
G1 X79.81 Y62.058 E377.50968
G0 F1920 X79.81 Y62.57
M204 S2000
M205 X30 Y30
G0 F3600 X80.31 Y63.07
M204 S500
M205 X10 Y10
G1 F2400 X70.881 Y63.07 E377.91801
G1 X70.88 Y56.65 E378.19604
G1 X80.31 Y56.65 E378.60441
G1 X80.31 Y62.558 E378.86026
G0 F1920 X80.31 Y63.07
M204 S2000
M205 X30 Y30
G0 F3600 X80.81 Y63.57
M204 S500
M205 X10 Y10
;TYPE:WALL-OUTER
G1 F1200 X70.381 Y63.57 E379.3119
G1 X70.38 Y56.15 E379.63322
G1 X80.81 Y56.15 E380.0849
G1 X80.81 Y63.058 E380.38406
G0 F960 X80.81 Y63.57
M204 S2000
M205 X30 Y30
G0 F3600 X80.56 Y63.57
G0 X79.81 Y62.717
G1 F2700 E376.38406
;MESH:NONMESH
G0 F600 X79.81 Y62.717 Z7.8
G0 F3600 X70.881 Y57.393
G0 X69.466 Y57.394
G0 X52.074 Y57.388
G0 X50.639 Y57.388
G0 X41.309 Y57.397
;TIME_ELAPSED:471.767225
;LAYER:30
M204 S500
M205 X10 Y10
;TYPE:FILL
;MESH:PLATempTower
G1 F2700 E380.38406
G1 F2400 X46.13 Y62.218 E380.67931
G1 X46.342 Y62.43
M204 S2000
M205 X30 Y30
G0 F3600 X43.923 Y62.368
M204 S500
M205 X10 Y10
G1 F2400 X41.309 Y59.755 E380.83937
G1 X41.097 Y59.543
M204 S2000
M205 X30 Y30
G0 F3600 X41.309 Y62.112
M204 S500
M205 X10 Y10
G1 F2400 X41.565 Y62.368 E380.85505
M204 S2000
M205 X30 Y30
G0 F3600 X46.13 Y59.86
M204 S500
M205 X10 Y10
G1 F2400 X43.618 Y57.349 E381.00887
G1 X43.406 Y57.137
M204 S2000
M205 X30 Y30
G0 F3600 X45.976 Y57.349
M204 S500
M205 X10 Y10
G1 F2400 X46.13 Y57.503 E381.0183
M204 S2000
M205 X30 Y30
G0 F3600 X74.789 Y57.872
M204 S500
M205 X10 Y10
G1 F2400 X79.286 Y62.369 E381.29371
G1 X79.498 Y62.581
M204 S2000
M205 X30 Y30
G0 F3600 X79.609 Y60.335
M204 S500
M205 X10 Y10
G1 F2400 X76.624 Y57.35 E381.47652
G1 X76.412 Y57.138
M204 S2000
M205 X30 Y30
G0 F3600 X78.982 Y57.35
M204 S500
M205 X10 Y10
G1 F2400 X79.609 Y57.977 E381.51492
M204 S2000
M205 X30 Y30
G0 F3600 X76.928 Y62.369
M204 S500
M205 X10 Y10
G1 F2400 X74.789 Y60.229 E381.64595
G1 X74.577 Y60.017
M204 S2000
M205 X30 Y30
G0 F3600 X79.81 Y62.57
M204 S500
M205 X10 Y10
;TYPE:WALL-INNER
G1 F2400 X41.11 Y62.57 E383.32188
G1 X41.11 Y57.15 E383.5566
G1 X79.81 Y57.15 E385.23253
G1 X79.81 Y62.058 E385.44508
G0 F1920 X79.81 Y62.57
M204 S2000
M205 X30 Y30
G0 F3600 X80.31 Y63.07
M204 S500
M205 X10 Y10
G1 F2400 X40.61 Y63.07 E387.16432
G1 X40.61 Y56.65 E387.44234
G1 X80.31 Y56.65 E389.16158
G1 X80.31 Y62.558 E389.41743
G0 F1920 X80.31 Y63.07
M204 S2000
M205 X30 Y30
G0 F3600 X80.81 Y63.57
M204 S500
M205 X10 Y10
;TYPE:WALL-OUTER
G1 F1200 X40.11 Y63.57 E391.17997
G1 X40.11 Y56.15 E391.5013
G1 X80.81 Y56.15 E393.26384
G1 X80.81 Y63.058 E393.563
G0 F960 X80.81 Y63.57
M204 S2000
M205 X30 Y30
G0 F3600 X80.56 Y63.57
G0 X80.24 Y63
G0 X74.6 Y62.08
M204 S500
M205 X10 Y10
;TYPE:SKIN
G1 F1200 X46.32 Y62.08 E395.03268
G1 X46.32 Y57.64 E395.26342
G1 X74.6 Y57.64 E396.7331
G1 X74.6 Y61.568 E396.93724
G0 F960 X74.6 Y62.08
M204 S2000
M205 X30 Y30
G0 F3600 X74.375 Y61.5
M204 S500
M205 X10 Y10
G1 F1200 X46.544 Y61.5 E398.38359
M204 S2000
M205 X30 Y30
G0 F3600 X46.544 Y61
M204 S500
M205 X10 Y10
G1 F1200 X74.375 Y61 E399.82993
M204 S2000
M205 X30 Y30
G0 F3600 X74.375 Y60.5
M204 S500
M205 X10 Y10
G1 F1200 X46.544 Y60.5 E401.27628
M204 S2000
M205 X30 Y30
G0 F3600 X46.544 Y60
M204 S500
M205 X10 Y10
G1 F1200 X74.375 Y60 E402.72263
M204 S2000
M205 X30 Y30
G0 F3600 X74.375 Y59.5
M204 S500
M205 X10 Y10
G1 F1200 X46.544 Y59.5 E404.16898
M204 S2000
M205 X30 Y30
G0 F3600 X46.545 Y59
M204 S500
M205 X10 Y10
G1 F1200 X74.375 Y59 E405.61527
M204 S2000
M205 X30 Y30
G0 F3600 X74.375 Y58.5
M204 S500
M205 X10 Y10
G1 F1200 X46.545 Y58.5 E407.06157
M204 S2000
M205 X30 Y30
G0 F3600 X46.545 Y58
M204 S500
M205 X10 Y10
G1 F1200 X74.375 Y58 E408.50787
G1 X74.675 Y58
M204 S2000
M205 X30 Y30
;MESH:NONMESH
G0 F600 X74.675 Y58 Z8.05
G0 F3600 X41.847 Y57.349
;TIME_ELAPSED:499.541012
;LAYER:31
M204 S500
M205 X10 Y10
;TYPE:FILL
;MESH:PLATempTower
G1 F2400 X41.31 Y57.886 E408.54076
M204 S2000
M205 X30 Y30
G0 F3600 X41.31 Y60.244
M204 S500
M205 X10 Y10
G1 F2400 X44.205 Y57.349 E408.71806
G1 X44.417 Y57.137
M204 S2000
M205 X30 Y30
G0 F3600 X46.13 Y57.781
M204 S500
M205 X10 Y10
G1 F2400 X41.542 Y62.369 E408.99904
G1 X41.33 Y62.581
M204 S2000
M205 X30 Y30
G0 F3600 X43.9 Y62.369
M204 S500
M205 X10 Y10
G1 F2400 X46.13 Y60.139 E409.13561
G1 X46.342 Y59.927
M204 S2000
M205 X30 Y30
G0 F3600 X74.789 Y59.77
M204 S500
M205 X10 Y10
G1 F2400 X77.209 Y57.349 E409.28385
G1 X77.421 Y57.137
M204 S2000
M205 X30 Y30
G0 F3600 X79.567 Y57.349
M204 S500
M205 X10 Y10
G1 F2400 X74.789 Y62.127 E409.57648
G1 X74.577 Y62.339
M204 S2000
M205 X30 Y30
G0 F3600 X76.904 Y62.37
M204 S500
M205 X10 Y10
G1 F2400 X79.609 Y59.664 E409.74217
G1 X79.821 Y59.452
M204 S2000
M205 X30 Y30
G0 F3600 X79.609 Y62.022
M204 S500
M205 X10 Y10
G1 F2400 X79.261 Y62.37 E409.76348
M204 S2000
M205 X30 Y30
G0 F3600 X79.81 Y62.57
M204 S500
M205 X10 Y10
;TYPE:WALL-INNER
G1 F2400 X41.11 Y62.57 E411.43941
G1 X41.11 Y57.15 E411.67413
G1 X79.81 Y57.15 E413.35006
G1 X79.81 Y62.058 E413.56261
G0 F1920 X79.81 Y62.57
M204 S2000
M205 X30 Y30
G0 F3600 X80.31 Y63.07
M204 S500
M205 X10 Y10
G1 F2400 X40.61 Y63.07 E415.28185
G1 X40.61 Y56.65 E415.55987
G1 X80.31 Y56.65 E417.27911
G1 X80.31 Y62.558 E417.53496
G0 F1920 X80.31 Y63.07
M204 S2000
M205 X30 Y30
G0 F3600 X80.81 Y63.57
M204 S500
M205 X10 Y10
;TYPE:WALL-OUTER
G1 F1200 X40.11 Y63.57 E419.2975
G1 X40.11 Y56.15 E419.61883
G1 X80.81 Y56.15 E421.38137
G1 X80.81 Y63.058 E421.68053
G0 F960 X80.81 Y63.57
M204 S2000
M205 X30 Y30
G0 F3600 X80.56 Y63.57
G0 X80.24 Y63
G0 X74.6 Y62.08
M204 S500
M205 X10 Y10
;TYPE:SKIN
G1 F1200 X46.32 Y62.08 E423.15021
G1 X46.32 Y57.64 E423.38095
G1 X74.6 Y57.64 E424.85063
G1 X74.6 Y61.568 E425.05477
G0 F960 X74.6 Y62.08
M204 S2000
M205 X30 Y30
G0 F3600 X74.374 Y61.39
M204 S500
M205 X10 Y10
G1 F1200 X73.908 Y61.855 E425.08898
M204 S2000
M205 X30 Y30
G0 F3600 X73.201 Y61.855
M204 S500
M205 X10 Y10
G1 F1200 X74.374 Y60.683 E425.17515
M204 S2000
M205 X30 Y30
G0 F3600 X74.374 Y59.976
M204 S500
M205 X10 Y10
G1 F1200 X72.494 Y61.855 E425.31329
M204 S2000
M205 X30 Y30
G0 F3600 X71.787 Y61.855
M204 S500
M205 X10 Y10
G1 F1200 X74.374 Y59.268 E425.50342
M204 S2000
M205 X30 Y30
G0 F3600 X74.374 Y58.561
M204 S500
M205 X10 Y10
G1 F1200 X71.08 Y61.855 E425.74551
M204 S2000
M205 X30 Y30
G0 F3600 X70.373 Y61.855
M204 S500
M205 X10 Y10
G1 F1200 X74.364 Y57.864 E426.03883
M204 S2000
M205 X30 Y30
G0 F3600 X73.657 Y57.864
M204 S500
M205 X10 Y10
G1 F1200 X69.666 Y61.855 E426.33215
M204 S2000
M205 X30 Y30
G0 F3600 X68.959 Y61.855
M204 S500
M205 X10 Y10
G1 F1200 X72.95 Y57.864 E426.62547
M204 S2000
M205 X30 Y30
G0 F3600 X72.242 Y57.864
M204 S500
M205 X10 Y10
G1 F1200 X68.252 Y61.855 E426.91875
M204 S2000
M205 X30 Y30
G0 F3600 X67.544 Y61.855
M204 S500
M205 X10 Y10
G1 F1200 X71.535 Y57.864 E427.21207
M204 S2000
M205 X30 Y30
G0 F3600 X70.828 Y57.864
M204 S500
M205 X10 Y10
G1 F1200 X66.837 Y61.855 E427.50539
M204 S2000
M205 X30 Y30
G0 F3600 X66.13 Y61.855
M204 S500
M205 X10 Y10
G1 F1200 X70.121 Y57.864 E427.79871
M204 S2000
M205 X30 Y30
G0 F3600 X69.414 Y57.864
M204 S500
M205 X10 Y10
G1 F1200 X65.423 Y61.855 E428.09203
M204 S2000
M205 X30 Y30
G0 F3600 X64.716 Y61.855
M204 S500
M205 X10 Y10
G1 F1200 X68.707 Y57.864 E428.38535
M204 S2000
M205 X30 Y30
G0 F3600 X68 Y57.864
M204 S500
M205 X10 Y10
G1 F1200 X64.009 Y61.855 E428.67867
M204 S2000
M205 X30 Y30
G0 F3600 X63.302 Y61.855
M204 S500
M205 X10 Y10
G1 F1200 X67.293 Y57.864 E428.97199
M204 S2000
M205 X30 Y30
G0 F3600 X66.586 Y57.864
M204 S500
M205 X10 Y10
G1 F1200 X62.595 Y61.855 E429.26531
M204 S2000
M205 X30 Y30
G0 F3600 X61.888 Y61.855
M204 S500
M205 X10 Y10
G1 F1200 X65.879 Y57.864 E429.55863
M204 S2000
M205 X30 Y30
G0 F3600 X65.171 Y57.864
M204 S500
M205 X10 Y10
G1 F1200 X61.181 Y61.855 E429.85191
M204 S2000
M205 X30 Y30
G0 F3600 X60.473 Y61.855
M204 S500
M205 X10 Y10
G1 F1200 X64.464 Y57.864 E430.14523
M204 S2000
M205 X30 Y30
G0 F3600 X63.757 Y57.864
M204 S500
M205 X10 Y10
G1 F1200 X59.767 Y61.854 E430.43848
M204 S2000
M205 X30 Y30
G0 F3600 X59.06 Y61.854
M204 S500
M205 X10 Y10
G1 F1200 X63.05 Y57.864 E430.73172
M204 S2000
M205 X30 Y30
G0 F3600 X62.343 Y57.864
M204 S500
M205 X10 Y10
G1 F1200 X58.353 Y61.854 E431.02497
M204 S2000
M205 X30 Y30
G0 F3600 X57.646 Y61.854
M204 S500
M205 X10 Y10
G1 F1200 X61.636 Y57.864 E431.31821
M204 S2000
M205 X30 Y30
G0 F3600 X60.929 Y57.864
M204 S500
M205 X10 Y10
G1 F1200 X56.939 Y61.854 E431.61146
M204 S2000
M205 X30 Y30
G0 F3600 X56.231 Y61.854
M204 S500
M205 X10 Y10
G1 F1200 X60.222 Y57.864 E431.90474
M204 S2000
M205 X30 Y30
G0 F3600 X59.515 Y57.864
M204 S500
M205 X10 Y10
G1 F1200 X55.524 Y61.854 E432.19803
M204 S2000
M205 X30 Y30
G0 F3600 X54.817 Y61.854
M204 S500
M205 X10 Y10
G1 F1200 X58.807 Y57.864 E432.49127
M204 S2000
M205 X30 Y30
G0 F3600 X58.1 Y57.864
M204 S500
M205 X10 Y10
G1 F1200 X54.11 Y61.854 E432.78452
M204 S2000
M205 X30 Y30
G0 F3600 X53.403 Y61.854
M204 S500
M205 X10 Y10
G1 F1200 X57.393 Y57.864 E433.07776
M204 S2000
M205 X30 Y30
G0 F3600 X56.686 Y57.864
M204 S500
M205 X10 Y10
G1 F1200 X52.696 Y61.854 E433.37101
M204 S2000
M205 X30 Y30
G0 F3600 X51.989 Y61.854
M204 S500
M205 X10 Y10
G1 F1200 X55.979 Y57.864 E433.66425
M204 S2000
M205 X30 Y30
G0 F3600 X55.272 Y57.864
M204 S500
M205 X10 Y10
G1 F1200 X51.282 Y61.854 E433.9575
M204 S2000
M205 X30 Y30
G0 F3600 X50.575 Y61.854
M204 S500
M205 X10 Y10
G1 F1200 X54.565 Y57.864 E434.25075
M204 S2000
M205 X30 Y30
G0 F3600 X53.858 Y57.864
M204 S500
M205 X10 Y10
G1 F1200 X49.867 Y61.854 E434.54403
M204 S2000
M205 X30 Y30
G0 F3600 X49.16 Y61.854
M204 S500
M205 X10 Y10
G1 F1200 X53.151 Y57.864 E434.83731
M204 S2000
M205 X30 Y30
G0 F3600 X52.443 Y57.864
M204 S500
M205 X10 Y10
G1 F1200 X48.453 Y61.854 E435.13056
M204 S2000
M205 X30 Y30
G0 F3600 X47.746 Y61.854
M204 S500
M205 X10 Y10
G1 F1200 X51.736 Y57.864 E435.4238
M204 S2000
M205 X30 Y30
G0 F3600 X51.029 Y57.864
M204 S500
M205 X10 Y10
G1 F1200 X47.039 Y61.854 E435.71705
M204 S2000
M205 X30 Y30
G0 F3600 X46.545 Y61.642
M204 S500
M205 X10 Y10
G1 F1200 X50.322 Y57.864 E435.99468
M204 S2000
M205 X30 Y30
G0 F3600 X49.615 Y57.864
M204 S500
M205 X10 Y10
G1 F1200 X46.545 Y60.934 E436.22031
M204 S2000
M205 X30 Y30
G0 F3600 X46.545 Y60.227
M204 S500
M205 X10 Y10
G1 F1200 X48.908 Y57.864 E436.39398
M204 S2000
M205 X30 Y30
G0 F3600 X48.201 Y57.864
M204 S500
M205 X10 Y10
G1 F1200 X46.545 Y59.52 E436.51569
M204 S2000
M205 X30 Y30
G0 F3600 X46.545 Y58.813
M204 S500
M205 X10 Y10
G1 F1200 X47.494 Y57.864 E436.58543
M204 S2000
M205 X30 Y30
G0 F3600 X46.787 Y57.864
M204 S500
M205 X10 Y10
G1 F1200 X46.545 Y58.106 E436.60322
M204 S2000
M205 X30 Y30
;MESH:NONMESH
G0 F600 X46.545 Y58.106 Z8.3
G0 F3600 X41.309 Y57.397
;TIME_ELAPSED:527.942861
;LAYER:32
M204 S500
M205 X10 Y10
;TYPE:FILL
;MESH:PLATempTower
G1 F2400 X46.13 Y62.218 E436.89847
G1 X46.342 Y62.43
M204 S2000
M205 X30 Y30
G0 F3600 X43.923 Y62.368
M204 S500
M205 X10 Y10
G1 F2400 X41.309 Y59.755 E437.05853
G1 X41.097 Y59.543
M204 S2000
M205 X30 Y30
G0 F3600 X41.309 Y62.112
M204 S500
M205 X10 Y10
G1 F2400 X41.565 Y62.368 E437.07421
M204 S2000
M205 X30 Y30
G0 F3600 X46.13 Y59.86
M204 S500
M205 X10 Y10
G1 F2400 X43.618 Y57.349 E437.22802
G1 X43.406 Y57.137
M204 S2000
M205 X30 Y30
G0 F3600 X45.976 Y57.349
M204 S500
M205 X10 Y10
G1 F2400 X46.13 Y57.503 E437.23746
M204 S2000
M205 X30 Y30
G0 F3600 X74.789 Y57.872
M204 S500
M205 X10 Y10
G1 F2400 X79.286 Y62.369 E437.51287
G1 X79.498 Y62.581
M204 S2000
M205 X30 Y30
G0 F3600 X79.609 Y60.335
M204 S500
M205 X10 Y10
G1 F2400 X76.624 Y57.35 E437.69568
G1 X76.412 Y57.138
M204 S2000
M205 X30 Y30
G0 F3600 X78.982 Y57.35
M204 S500
M205 X10 Y10
G1 F2400 X79.609 Y57.977 E437.73408
M204 S2000
M205 X30 Y30
G0 F3600 X76.928 Y62.369
M204 S500
M205 X10 Y10
G1 F2400 X74.789 Y60.229 E437.86511
G1 X74.577 Y60.017
M204 S2000
M205 X30 Y30
G0 F3600 X79.81 Y62.57
M204 S500
M205 X10 Y10
;TYPE:WALL-INNER
G1 F2400 X41.11 Y62.57 E439.54104
G1 X41.11 Y57.15 E439.77576
G1 X79.81 Y57.15 E441.45169
G1 X79.81 Y62.058 E441.66424
G0 F1920 X79.81 Y62.57
M204 S2000
M205 X30 Y30
G0 F3600 X80.31 Y63.07
M204 S500
M205 X10 Y10
G1 F2400 X40.61 Y63.07 E443.38347
G1 X40.61 Y56.65 E443.6615
G1 X80.31 Y56.65 E445.38073
G1 X80.31 Y62.558 E445.63659
G0 F1920 X80.31 Y63.07
M204 S2000
M205 X30 Y30
G0 F3600 X80.81 Y63.57
M204 S500
M205 X10 Y10
;TYPE:WALL-OUTER
G1 F1200 X40.11 Y63.57 E447.39913
G1 X40.11 Y56.15 E447.72046
G1 X80.81 Y56.15 E449.483
G1 X80.81 Y63.058 E449.78216
G0 F960 X80.81 Y63.57
M204 S2000
M205 X30 Y30
G0 F3600 X80.56 Y63.57
G0 X80.24 Y63
G0 X74.6 Y62.08
M204 S500
M205 X10 Y10
;TYPE:SKIN
G1 F1200 X46.32 Y62.08 E451.25184
G1 X46.32 Y57.64 E451.48258
G1 X74.6 Y57.64 E452.95226
G1 X74.6 Y61.568 E453.1564
G0 F960 X74.6 Y62.08
M204 S2000
M205 X30 Y30
G0 F3600 X74.374 Y58.11
M204 S500
M205 X10 Y10
G1 F1200 X74.128 Y57.864 E453.17448
M204 S2000
M205 X30 Y30
G0 F3600 X73.421 Y57.864
M204 S500
M205 X10 Y10
G1 F1200 X74.374 Y58.817 E453.24452
M204 S2000
M205 X30 Y30
G0 F3600 X74.374 Y59.524
M204 S500
M205 X10 Y10
G1 F1200 X72.713 Y57.864 E453.36656
M204 S2000
M205 X30 Y30
G0 F3600 X72.006 Y57.864
M204 S500
M205 X10 Y10
G1 F1200 X74.374 Y60.232 E453.54059
M204 S2000
M205 X30 Y30
G0 F3600 X74.374 Y60.939
M204 S500
M205 X10 Y10
G1 F1200 X71.299 Y57.864 E453.76659
M204 S2000
M205 X30 Y30
G0 F3600 X70.592 Y57.864
M204 S500
M205 X10 Y10
G1 F1200 X74.374 Y61.646 E454.04455
M204 S2000
M205 X30 Y30
G0 F3600 X73.875 Y61.854
M204 S500
M205 X10 Y10
G1 F1200 X69.885 Y57.864 E454.3378
M204 S2000
M205 X30 Y30
G0 F3600 X69.178 Y57.864
M204 S500
M205 X10 Y10
G1 F1200 X73.168 Y61.854 E454.63104
M204 S2000
M205 X30 Y30
G0 F3600 X72.461 Y61.854
M204 S500
M205 X10 Y10
G1 F1200 X68.471 Y57.864 E454.92429
M204 S2000
M205 X30 Y30
G0 F3600 X67.764 Y57.864
M204 S500
M205 X10 Y10
G1 F1200 X71.754 Y61.854 E455.21753
M204 S2000
M205 X30 Y30
G0 F3600 X71.047 Y61.854
M204 S500
M205 X10 Y10
G1 F1200 X67.057 Y57.864 E455.51078
M204 S2000
M205 X30 Y30
G0 F3600 X66.349 Y57.864
M204 S500
M205 X10 Y10
G1 F1200 X70.34 Y61.854 E455.80406
M204 S2000
M205 X30 Y30
G0 F3600 X69.633 Y61.854
M204 S500
M205 X10 Y10
G1 F1200 X65.642 Y57.864 E456.09734
M204 S2000
M205 X30 Y30
G0 F3600 X64.935 Y57.864
M204 S500
M205 X10 Y10
G1 F1200 X68.925 Y61.854 E456.39059
M204 S2000
M205 X30 Y30
G0 F3600 X68.218 Y61.854
M204 S500
M205 X10 Y10
G1 F1200 X64.228 Y57.864 E456.68384
M204 S2000
M205 X30 Y30
G0 F3600 X63.521 Y57.864
M204 S500
M205 X10 Y10
G1 F1200 X67.511 Y61.854 E456.97708
M204 S2000
M205 X30 Y30
G0 F3600 X66.804 Y61.854
M204 S500
M205 X10 Y10
G1 F1200 X62.814 Y57.864 E457.27033
M204 S2000
M205 X30 Y30
G0 F3600 X62.107 Y57.864
M204 S500
M205 X10 Y10
G1 F1200 X66.097 Y61.854 E457.56357
M204 S2000
M205 X30 Y30
G0 F3600 X65.39 Y61.854
M204 S500
M205 X10 Y10
G1 F1200 X61.4 Y57.864 E457.85682
M204 S2000
M205 X30 Y30
G0 F3600 X60.693 Y57.864
M204 S500
M205 X10 Y10
G1 F1200 X64.683 Y61.854 E458.15007
M204 S2000
M205 X30 Y30
G0 F3600 X63.976 Y61.854
M204 S500
M205 X10 Y10
G1 F1200 X59.985 Y57.864 E458.44335
M204 S2000
M205 X30 Y30
G0 F3600 X59.278 Y57.864
M204 S500
M205 X10 Y10
G1 F1200 X63.269 Y61.854 E458.73663
M204 S2000
M205 X30 Y30
G0 F3600 X62.561 Y61.854
M204 S500
M205 X10 Y10
G1 F1200 X58.571 Y57.864 E459.02988
M204 S2000
M205 X30 Y30
G0 F3600 X57.864 Y57.864
M204 S500
M205 X10 Y10
G1 F1200 X61.854 Y61.854 E459.32312
M204 S2000
M205 X30 Y30
G0 F3600 X61.147 Y61.854
M204 S500
M205 X10 Y10
G1 F1200 X57.157 Y57.864 E459.61637
M204 S2000
M205 X30 Y30
G0 F3600 X56.45 Y57.864
M204 S500
M205 X10 Y10
G1 F1200 X60.439 Y61.854 E459.90958
M204 S2000
M205 X30 Y30
G0 F3600 X59.732 Y61.854
M204 S500
M205 X10 Y10
G1 F1200 X55.743 Y57.864 E460.20279
M204 S2000
M205 X30 Y30
G0 F3600 X55.036 Y57.864
M204 S500
M205 X10 Y10
G1 F1200 X59.025 Y61.854 E460.496
M204 S2000
M205 X30 Y30
G0 F3600 X58.318 Y61.854
M204 S500
M205 X10 Y10
G1 F1200 X54.329 Y57.864 E460.78921
M204 S2000
M205 X30 Y30
G0 F3600 X53.622 Y57.864
M204 S500
M205 X10 Y10
G1 F1200 X57.611 Y61.854 E461.08241
M204 S2000
M205 X30 Y30
G0 F3600 X56.904 Y61.854
M204 S500
M205 X10 Y10
G1 F1200 X52.914 Y57.864 E461.37566
M204 S2000
M205 X30 Y30
G0 F3600 X52.207 Y57.864
M204 S500
M205 X10 Y10
G1 F1200 X56.197 Y61.854 E461.66891
M204 S2000
M205 X30 Y30
G0 F3600 X55.49 Y61.854
M204 S500
M205 X10 Y10
G1 F1200 X51.5 Y57.864 E461.96215
M204 S2000
M205 X30 Y30
G0 F3600 X50.793 Y57.864
M204 S500
M205 X10 Y10
G1 F1200 X54.783 Y61.854 E462.2554
M204 S2000
M205 X30 Y30
G0 F3600 X54.075 Y61.854
M204 S500
M205 X10 Y10
G1 F1200 X50.086 Y57.864 E462.54861
M204 S2000
M205 X30 Y30
G0 F3600 X49.379 Y57.864
M204 S500
M205 X10 Y10
G1 F1200 X53.368 Y61.854 E462.84182
M204 S2000
M205 X30 Y30
G0 F3600 X52.661 Y61.854
M204 S500
M205 X10 Y10
G1 F1200 X48.672 Y57.864 E463.13503
M204 S2000
M205 X30 Y30
G0 F3600 X47.965 Y57.864
M204 S500
M205 X10 Y10
G1 F1200 X51.954 Y61.854 E463.42823
M204 S2000
M205 X30 Y30
G0 F3600 X51.247 Y61.854
M204 S500
M205 X10 Y10
G1 F1200 X47.258 Y57.864 E463.72144
M204 S2000
M205 X30 Y30
G0 F3600 X46.55 Y57.864
M204 S500
M205 X10 Y10
G1 F1200 X50.54 Y61.854 E464.01469
M204 S2000
M205 X30 Y30
G0 F3600 X49.833 Y61.854
M204 S500
M205 X10 Y10
G1 F1200 X46.545 Y58.566 E464.25634
M204 S2000
M205 X30 Y30
G0 F3600 X46.545 Y59.273
M204 S500
M205 X10 Y10
G1 F1200 X49.126 Y61.854 E464.44603
M204 S2000
M205 X30 Y30
G0 F3600 X48.419 Y61.854
M204 S500
M205 X10 Y10
G1 F1200 X46.545 Y59.98 E464.58376
M204 S2000
M205 X30 Y30
G0 F3600 X46.545 Y60.687
M204 S500
M205 X10 Y10
G1 F1200 X47.712 Y61.854 E464.66953
M204 S2000
M205 X30 Y30
G0 F3600 X47.004 Y61.854
M204 S500
M205 X10 Y10
G1 F1200 X46.545 Y61.394 E464.7033
M204 S2000
M205 X30 Y30
;MESH:NONMESH
G0 F600 X46.545 Y61.394 Z8.55
G0 F3600 X41.648 Y57.548
;TIME_ELAPSED:556.726848
;LAYER:33
M204 S500
M205 X10 Y10
;TYPE:FILL
;MESH:PLATempTower
G1 F2400 X41.509 Y57.687 E464.71182
M204 S2000
M205 X30 Y30
G0 F3600 X41.509 Y60.044
M204 S500
M205 X10 Y10
G1 F2400 X44.006 Y57.548 E464.86471
G1 X44.218 Y57.336
M204 S2000
M205 X30 Y30
G0 F3600 X46.129 Y57.782
M204 S500
M205 X10 Y10
G1 F2400 X41.743 Y62.168 E465.13332
G1 X41.531 Y62.38
M204 S2000
M205 X30 Y30
G0 F3600 X44.1 Y62.168
M204 S500
M205 X10 Y10
G1 F2400 X46.129 Y60.14 E465.25756
G1 X46.341 Y59.928
M204 S2000
M205 X30 Y30
G0 F3600 X46.33 Y62.37
M204 S500
M205 X10 Y10
;TYPE:WALL-INNER
G1 F2400 X41.31 Y62.37 E465.47495
G1 X41.31 Y57.35 E465.69235
G1 X46.33 Y57.35 E465.90974
G1 X46.33 Y61.858 E466.10496
G0 F1920 X46.33 Y62.37
M204 S2000
M205 X30 Y30
G0 F3600 X46.83 Y62.87
M204 S500
M205 X10 Y10
G1 F2400 X40.81 Y62.87 E466.36566
G1 X40.81 Y56.85 E466.62636
G1 X46.83 Y56.85 E466.88707
G1 X46.83 Y62.358 E467.12559
G0 F1920 X46.83 Y62.87
M204 S2000
M205 X30 Y30
G0 F3600 X47.33 Y63.37
M204 S500
M205 X10 Y10
;TYPE:WALL-OUTER
G1 F1200 X40.31 Y63.37 E467.4296
G1 X40.31 Y56.35 E467.73361
G1 X47.33 Y56.35 E468.03761
G1 X47.33 Y62.858 E468.31945
G0 F960 X47.33 Y63.37
M204 S2000
M205 X30 Y30
G0 F3600 X47.08 Y63.37
G0 X46.33 Y62.517
G1 F2700 E464.31945
G0 F3600 X48.245 Y62.127
G0 X72.675 Y62.127
G0 X74.11 Y62.127
G0 X74.789 Y62.127
M204 S500
M205 X10 Y10
;TYPE:FILL
G1 F2700 E468.31945
G1 F2400 X79.367 Y57.55 E468.59979
G1 X79.579 Y57.338
M204 S2000
M205 X30 Y30
G0 F3600 X79.409 Y59.865
M204 S500
M205 X10 Y10
G1 F2400 X77.104 Y62.17 E468.74095
G1 X76.892 Y62.382
M204 S2000
M205 X30 Y30
G0 F3600 X74.789 Y59.77
M204 S500
M205 X10 Y10
G1 F2400 X77.009 Y57.55 E468.87692
G1 X77.221 Y57.338
M204 S2000
M205 X30 Y30
G0 F3600 X79.61 Y62.37
M204 S500
M205 X10 Y10
;TYPE:WALL-INNER
G1 F2400 X74.59 Y62.37 E469.09431
G1 X74.59 Y57.35 E469.31171
G1 X79.61 Y57.35 E469.5291
G1 X79.61 Y61.858 E469.72432
G0 F1920 X79.61 Y62.37
M204 S2000
M205 X30 Y30
G0 F3600 X80.11 Y62.87
M204 S500
M205 X10 Y10
G1 F2400 X74.09 Y62.87 E469.98502
G1 X74.09 Y56.85 E470.24572
G1 X80.11 Y56.85 E470.50642
G1 X80.11 Y62.358 E470.74495
G0 F1920 X80.11 Y62.87
M204 S2000
M205 X30 Y30
G0 F3600 X80.61 Y63.37
M204 S500
M205 X10 Y10
;TYPE:WALL-OUTER
G1 F1200 X73.59 Y63.37 E471.04896
G1 X73.59 Y56.35 E471.35296
G1 X80.61 Y56.35 E471.65697
G1 X80.61 Y62.858 E471.9388
G0 F960 X80.61 Y63.37
M204 S2000
M205 X30 Y30
G0 F3600 X80.36 Y63.37
G0 X79.61 Y62.517
G1 F2700 E467.9388
;MESH:NONMESH
G0 F600 X79.61 Y62.517 Z8.8
G0 F3600 X74.11 Y57.598
G0 X72.675 Y57.598
G0 X48.245 Y57.598
G0 X46.81 Y57.598
G0 X41.509 Y57.598
;TIME_ELAPSED:565.915766
;LAYER:34
;[CAZD:
M104 S210.0 T0
;:CAZD]
M204 S500
M205 X10 Y10
;TYPE:FILL
;MESH:PLATempTower
G1 F2700 E471.9388
G1 F2400 X46.08 Y62.168 E472.21872
G1 X46.292 Y62.38
M204 S2000
M205 X30 Y30
G0 F3600 X46.13 Y59.86
M204 S500
M205 X10 Y10
G1 F2400 X43.818 Y57.549 E472.36028
G1 X43.606 Y57.337
M204 S2000
M205 X30 Y30
G0 F3600 X41.509 Y59.955
M204 S500
M205 X10 Y10
G1 F2400 X43.723 Y62.168 E472.49584
G1 X43.935 Y62.38
M204 S2000
M205 X30 Y30
G0 F3600 X46.33 Y62.37
M204 S500
M205 X10 Y10
;TYPE:WALL-INNER
G1 F2400 X41.31 Y62.37 E472.71324
G1 X41.31 Y57.35 E472.93063
G1 X46.33 Y57.35 E473.14803
G1 X46.33 Y61.858 E473.34325
G0 F1920 X46.33 Y62.37
M204 S2000
M205 X30 Y30
G0 F3600 X46.83 Y62.87
M204 S500
M205 X10 Y10
G1 F2400 X40.81 Y62.87 E473.60395
G1 X40.81 Y56.85 E473.86465
G1 X46.83 Y56.85 E474.12535
G1 X46.83 Y62.358 E474.36388
G0 F1920 X46.83 Y62.87
M204 S2000
M205 X30 Y30
G0 F3600 X47.33 Y63.37
M204 S500
M205 X10 Y10
;TYPE:WALL-OUTER
G1 F1200 X40.31 Y63.37 E474.66789
G1 X40.31 Y56.35 E474.97189
G1 X47.33 Y56.35 E475.2759
G1 X47.33 Y62.858 E475.55773
G0 F960 X47.33 Y63.37
M204 S2000
M205 X30 Y30
G0 F3600 X47.08 Y63.37
G0 X46.33 Y62.517
G1 F2700 E471.55773
G0 F3600 X46.81 Y60.229
G0 X48.245 Y60.229
G0 X72.675 Y60.229
G0 X74.11 Y60.229
G0 X74.789 Y60.229
M204 S500
M205 X10 Y10
;TYPE:FILL
G1 F2700 E475.55773
G1 F2400 X76.729 Y62.17 E475.67658
G1 X76.941 Y62.382
M204 S2000
M205 X30 Y30
G0 F3600 X79.087 Y62.17
M204 S500
M205 X10 Y10
G1 F2400 X74.789 Y57.872 E475.9398
G1 X74.577 Y57.66
M204 S2000
M205 X30 Y30
G0 F3600 X76.824 Y57.55
M204 S500
M205 X10 Y10
G1 F2400 X79.409 Y60.135 E476.09812
G1 X79.621 Y60.347
M204 S2000
M205 X30 Y30
G0 F3600 X79.409 Y57.777
M204 S500
M205 X10 Y10
G1 F2400 X79.181 Y57.55 E476.11205
M204 S2000
M205 X30 Y30
G0 F3600 X79.61 Y62.37
M204 S500
M205 X10 Y10
;TYPE:WALL-INNER
G1 F2400 X74.59 Y62.37 E476.32944
G1 X74.59 Y57.35 E476.54684
G1 X79.61 Y57.35 E476.76423
G1 X79.61 Y61.858 E476.95946
G0 F1920 X79.61 Y62.37
M204 S2000
M205 X30 Y30
G0 F3600 X80.11 Y62.87
M204 S500
M205 X10 Y10
G1 F2400 X74.09 Y62.87 E477.22016
G1 X74.09 Y56.85 E477.48086
G1 X80.11 Y56.85 E477.74156
G1 X80.11 Y62.358 E477.98009
G0 F1920 X80.11 Y62.87
M204 S2000
M205 X30 Y30
G0 F3600 X80.61 Y63.37
M204 S500
M205 X10 Y10
;TYPE:WALL-OUTER
G1 F1200 X73.59 Y63.37 E478.28409
G1 X73.59 Y56.35 E478.5881
G1 X80.61 Y56.35 E478.8921
G1 X80.61 Y62.858 E479.17394
G0 F960 X80.61 Y63.37
M204 S2000
M205 X30 Y30
G0 F3600 X80.36 Y63.37
G0 X79.61 Y62.517
G1 F2700 E475.17394
;MESH:NONMESH
G0 F600 X79.61 Y62.517 Z9.05
G0 F3600 X74.11 Y57.548
G0 X72.675 Y57.548
G0 X48.245 Y57.548
G0 X46.81 Y57.548
G0 X41.648 Y57.548
;TIME_ELAPSED:575.281500
;LAYER:35
M204 S500
M205 X10 Y10
;TYPE:FILL
;MESH:PLATempTower
G1 F2700 E479.17394
G1 F2400 X41.509 Y57.687 E479.18245
M204 S2000
M205 X30 Y30
G0 F3600 X41.509 Y60.044
M204 S500
M205 X10 Y10
G1 F2400 X44.006 Y57.548 E479.33535
G1 X44.218 Y57.336
M204 S2000
M205 X30 Y30
G0 F3600 X46.129 Y57.782
M204 S500
M205 X10 Y10
G1 F2400 X41.743 Y62.168 E479.60396
G1 X41.531 Y62.38
M204 S2000
M205 X30 Y30
G0 F3600 X44.1 Y62.168
M204 S500
M205 X10 Y10
G1 F2400 X46.129 Y60.14 E479.72819
G1 X46.341 Y59.928
M204 S2000
M205 X30 Y30
G0 F3600 X46.33 Y62.37
M204 S500
M205 X10 Y10
;TYPE:WALL-INNER
G1 F2400 X41.31 Y62.37 E479.94559
G1 X41.31 Y57.35 E480.16298
G1 X46.33 Y57.35 E480.38038
G1 X46.33 Y61.858 E480.5756
G0 F1920 X46.33 Y62.37
M204 S2000
M205 X30 Y30
G0 F3600 X46.83 Y62.87
M204 S500
M205 X10 Y10
G1 F2400 X40.81 Y62.87 E480.8363
G1 X40.81 Y56.85 E481.097
G1 X46.83 Y56.85 E481.3577
G1 X46.83 Y62.358 E481.59623
G0 F1920 X46.83 Y62.87
M204 S2000
M205 X30 Y30
G0 F3600 X47.33 Y63.37
M204 S500
M205 X10 Y10
;TYPE:WALL-OUTER
G1 F1200 X40.31 Y63.37 E481.90023
G1 X40.31 Y56.35 E482.20424
G1 X47.33 Y56.35 E482.50825
G1 X47.33 Y62.858 E482.79008
G0 F960 X47.33 Y63.37
M204 S2000
M205 X30 Y30
G0 F3600 X47.08 Y63.37
G0 X46.33 Y62.517
G1 F2700 E478.79008
G0 F3600 X48.245 Y62.127
G0 X72.675 Y62.127
G0 X74.11 Y62.127
G0 X74.789 Y62.127
M204 S500
M205 X10 Y10
;TYPE:FILL
G1 F2700 E482.79008
G1 F2400 X79.367 Y57.55 E483.07042
G1 X79.579 Y57.338
M204 S2000
M205 X30 Y30
G0 F3600 X79.409 Y59.865
M204 S500
M205 X10 Y10
G1 F2400 X77.104 Y62.17 E483.21159
G1 X76.892 Y62.382
M204 S2000
M205 X30 Y30
G0 F3600 X74.789 Y59.77
M204 S500
M205 X10 Y10
G1 F2400 X77.009 Y57.55 E483.34755
G1 X77.221 Y57.338
M204 S2000
M205 X30 Y30
G0 F3600 X79.61 Y62.37
M204 S500
M205 X10 Y10
;TYPE:WALL-INNER
G1 F2400 X74.59 Y62.37 E483.56495
G1 X74.59 Y57.35 E483.78234
G1 X79.61 Y57.35 E483.99973
G1 X79.61 Y61.858 E484.19496
G0 F1920 X79.61 Y62.37
M204 S2000
M205 X30 Y30
G0 F3600 X80.11 Y62.87
M204 S500
M205 X10 Y10
G1 F2400 X74.09 Y62.87 E484.45566
G1 X74.09 Y56.85 E484.71636
G1 X80.11 Y56.85 E484.97706
G1 X80.11 Y62.358 E485.21559
G0 F1920 X80.11 Y62.87
M204 S2000
M205 X30 Y30
G0 F3600 X80.61 Y63.37
M204 S500
M205 X10 Y10
;TYPE:WALL-OUTER
G1 F1200 X73.59 Y63.37 E485.51959
G1 X73.59 Y56.35 E485.8236
G1 X80.61 Y56.35 E486.12761
G1 X80.61 Y62.858 E486.40944
G0 F960 X80.61 Y63.37
M204 S2000
M205 X30 Y30
G0 F3600 X80.36 Y63.37
G0 X79.61 Y62.517
G1 F2700 E482.40944
;MESH:NONMESH
G0 F600 X79.61 Y62.517 Z9.3
G0 F3600 X74.11 Y57.397
G0 X72.675 Y57.397
G0 X48.245 Y57.397
G0 X46.81 Y57.397
G0 X41.309 Y57.397
;TIME_ELAPSED:584.642151
;LAYER:36
M204 S500
M205 X10 Y10
;TYPE:FILL
;MESH:PLATempTower
G1 F2700 E486.40944
G1 F2400 X46.28 Y62.368 E486.71388
G1 X46.492 Y62.58
M204 S2000
M205 X30 Y30
G0 F3600 X46.33 Y60.06
M204 S500
M205 X10 Y10
G1 F2400 X43.618 Y57.349 E486.87994
G1 X43.406 Y57.137
M204 S2000
M205 X30 Y30
G0 F3600 X45.976 Y57.349
M204 S500
M205 X10 Y10
G1 F2400 X46.33 Y57.703 E486.90162
M204 S2000
M205 X30 Y30
G0 F3600 X43.923 Y62.368
M204 S500
M205 X10 Y10
G1 F2400 X41.309 Y59.755 E487.06168
G1 X41.097 Y59.543
M204 S2000
M205 X30 Y30
G0 F3600 X41.309 Y62.112
M204 S500
M205 X10 Y10
G1 F2400 X41.565 Y62.368 E487.07736
M204 S2000
M205 X30 Y30
G0 F3600 X46.53 Y62.57
M204 S500
M205 X10 Y10
;TYPE:WALL-INNER
G1 F2400 X41.11 Y62.57 E487.31208
G1 X41.11 Y57.15 E487.5468
G1 X46.53 Y57.15 E487.78151
G1 X46.53 Y62.058 E487.99406
G0 F1920 X46.53 Y62.57
M204 S2000
M205 X30 Y30
G0 F3600 X47.03 Y63.07
M204 S500
M205 X10 Y10
G1 F2400 X40.61 Y63.07 E488.27208
G1 X40.61 Y56.65 E488.5501
G1 X47.03 Y56.65 E488.82813
G1 X47.03 Y62.558 E489.08398
G0 F1920 X47.03 Y63.07
M204 S2000
M205 X30 Y30
G0 F3600 X47.53 Y63.57
M204 S500
M205 X10 Y10
;TYPE:WALL-OUTER
G1 F1200 X40.11 Y63.57 E489.4053
G1 X40.11 Y56.15 E489.72663
G1 X47.53 Y56.15 E490.04796
G1 X47.53 Y63.058 E490.34712
G0 F960 X47.53 Y63.57
M204 S2000
M205 X30 Y30
G0 F3600 X47.28 Y63.57
G0 X46.53 Y62.717
G1 F2700 E486.34712
G0 F3600 X47.01 Y60.029
G0 X48.445 Y60.029
G0 X72.475 Y60.029
G0 X73.91 Y60.029
G0 X74.589 Y60.029
M204 S500
M205 X10 Y10
;TYPE:FILL
G1 F2700 E490.34712
G1 F2400 X76.929 Y62.37 E490.49046
G1 X77.141 Y62.582
M204 S2000
M205 X30 Y30
G0 F3600 X79.287 Y62.37
M204 S500
M205 X10 Y10
G1 F2400 X74.589 Y57.672 E490.77818
G1 X74.377 Y57.46
M204 S2000
M205 X30 Y30
G0 F3600 X76.624 Y57.349
M204 S500
M205 X10 Y10
G1 F2400 X79.609 Y60.335 E490.96102
G1 X79.821 Y60.547
M204 S2000
M205 X30 Y30
G0 F3600 X79.609 Y57.977
M204 S500
M205 X10 Y10
G1 F2400 X78.981 Y57.349 E490.99948
M204 S2000
M205 X30 Y30
G0 F3600 X79.81 Y62.57
M204 S500
M205 X10 Y10
;TYPE:WALL-INNER
G1 F2400 X74.39 Y62.57 E491.2342
G1 X74.39 Y57.15 E491.46892
G1 X79.81 Y57.15 E491.70364
G1 X79.81 Y62.058 E491.91618
G0 F1920 X79.81 Y62.57
M204 S2000
M205 X30 Y30
G0 F3600 X80.31 Y63.07
M204 S500
M205 X10 Y10
G1 F2400 X73.89 Y63.07 E492.1942
G1 X73.89 Y56.65 E492.47223
G1 X80.31 Y56.65 E492.75025
G1 X80.31 Y62.558 E493.0061
G0 F1920 X80.31 Y63.07
M204 S2000
M205 X30 Y30
G0 F3600 X80.81 Y63.57
M204 S500
M205 X10 Y10
;TYPE:WALL-OUTER
G1 F1200 X73.39 Y63.57 E493.32743
G1 X73.39 Y56.15 E493.64876
G1 X80.81 Y56.15 E493.97008
G1 X80.81 Y63.058 E494.26924
G0 F960 X80.81 Y63.57
M204 S2000
M205 X30 Y30
G0 F3600 X80.56 Y63.57
G0 X79.81 Y62.717
G1 F2700 E490.26924
;MESH:NONMESH
G0 F600 X79.81 Y62.717 Z9.55
G0 F3600 X73.91 Y57.349
G0 X72.475 Y57.349
G0 X48.445 Y57.349
G0 X47.01 Y57.349
G0 X41.847 Y57.349
;TIME_ELAPSED:594.716459
;LAYER:37
M204 S500
M205 X10 Y10
;TYPE:FILL
;MESH:PLATempTower
G1 F2700 E494.26924
G1 F2400 X41.31 Y57.886 E494.30213
M204 S2000
M205 X30 Y30
G0 F3600 X41.31 Y60.244
M204 S500
M205 X10 Y10
G1 F2400 X44.205 Y57.349 E494.47943
G1 X44.417 Y57.137
M204 S2000
M205 X30 Y30
G0 F3600 X46.329 Y57.582
M204 S500
M205 X10 Y10
G1 F2400 X41.543 Y62.368 E494.77254
G1 X41.331 Y62.58
M204 S2000
M205 X30 Y30
G0 F3600 X43.9 Y62.368
M204 S500
M205 X10 Y10
G1 F2400 X46.329 Y59.94 E494.92127
G1 X46.541 Y59.728
M204 S2000
M205 X30 Y30
G0 F3600 X46.329 Y62.297
M204 S500
M205 X10 Y10
G1 F2400 X46.258 Y62.368 E494.92562
M204 S2000
M205 X30 Y30
G0 F3600 X46.53 Y62.57
M204 S500
M205 X10 Y10
;TYPE:WALL-INNER
G1 F2400 X41.11 Y62.57 E495.16033
G1 X41.11 Y57.15 E495.39505
G1 X46.53 Y57.15 E495.62977
G1 X46.53 Y62.058 E495.84231
G0 F1920 X46.53 Y62.57
M204 S2000
M205 X30 Y30
G0 F3600 X47.03 Y63.07
M204 S500
M205 X10 Y10
G1 F2400 X40.61 Y63.07 E496.12034
G1 X40.61 Y56.65 E496.39836
G1 X47.03 Y56.65 E496.67638
G1 X47.03 Y62.558 E496.93223
G0 F1920 X47.03 Y63.07
M204 S2000
M205 X30 Y30
G0 F3600 X47.53 Y63.57
M204 S500
M205 X10 Y10
;TYPE:WALL-OUTER
G1 F1200 X40.11 Y63.57 E497.25356
G1 X40.11 Y56.15 E497.57489
G1 X47.53 Y56.15 E497.89622
G1 X47.53 Y63.058 E498.19537
G0 F960 X47.53 Y63.57
M204 S2000
M205 X30 Y30
G0 F3600 X47.28 Y63.57
G0 X46.53 Y62.717
G1 F2700 E494.19537
G0 F3600 X48.445 Y62.327
G0 X72.475 Y62.327
G0 X73.91 Y62.327
G0 X74.589 Y62.327
M204 S500
M205 X10 Y10
;TYPE:FILL
G1 F2700 E498.19537
G1 F2400 X79.567 Y57.349 E498.50024
G1 X79.779 Y57.137
M204 S2000
M205 X30 Y30
G0 F3600 X79.609 Y59.664
M204 S500
M205 X10 Y10
G1 F2400 X76.904 Y62.37 E498.66594
G1 X76.692 Y62.582
M204 S2000
M205 X30 Y30
G0 F3600 X79.261 Y62.37
M204 S500
M205 X10 Y10
G1 F2400 X79.609 Y62.022 E498.68725
M204 S2000
M205 X30 Y30
G0 F3600 X77.209 Y57.349
M204 S500
M205 X10 Y10
G1 F2400 X74.589 Y59.97 E498.84774
G1 X74.377 Y60.182
M204 S2000
M205 X30 Y30
G0 F3600 X74.589 Y57.612
M204 S500
M205 X10 Y10
G1 F2400 X74.852 Y57.349 E498.86385
M204 S2000
M205 X30 Y30
G0 F3600 X79.81 Y62.57
M204 S500
M205 X10 Y10
;TYPE:WALL-INNER
G1 F2400 X74.39 Y62.57 E499.09856
G1 X74.39 Y57.15 E499.33328
G1 X79.81 Y57.15 E499.568
G1 X79.81 Y62.058 E499.78054
G0 F1920 X79.81 Y62.57
M204 S2000
M205 X30 Y30
G0 F3600 X80.31 Y63.07
M204 S500
M205 X10 Y10
G1 F2400 X73.89 Y63.07 E500.05857
G1 X73.89 Y56.65 E500.33659
G1 X80.31 Y56.65 E500.61461
G1 X80.31 Y62.558 E500.87046
G0 F1920 X80.31 Y63.07
M204 S2000
M205 X30 Y30
G0 F3600 X80.81 Y63.57
M204 S500
M205 X10 Y10
;TYPE:WALL-OUTER
G1 F1200 X73.39 Y63.57 E501.19179
G1 X73.39 Y56.15 E501.51312
G1 X80.81 Y56.15 E501.83445
G1 X80.81 Y63.058 E502.1336
G0 F960 X80.81 Y63.57
M204 S2000
M205 X30 Y30
G0 F3600 X80.56 Y63.57
G0 X79.81 Y62.717
G1 F2700 E498.1336
;MESH:NONMESH
G0 F600 X79.81 Y62.717 Z9.8
G0 F3600 X73.91 Y57.397
G0 X72.475 Y57.397
G0 X48.445 Y57.397
G0 X47.01 Y57.397
G0 X41.309 Y57.397
;TIME_ELAPSED:604.771735
;LAYER:38
M204 S500
M205 X10 Y10
;TYPE:FILL
;MESH:PLATempTower
G1 F2700 E502.1336
G1 F2400 X46.28 Y62.368 E502.43805
G1 X46.492 Y62.58
M204 S2000
M205 X30 Y30
G0 F3600 X46.33 Y60.06
M204 S500
M205 X10 Y10
G1 F2400 X43.618 Y57.349 E502.60411
G1 X43.406 Y57.137
M204 S2000
M205 X30 Y30
G0 F3600 X45.976 Y57.349
M204 S500
M205 X10 Y10
G1 F2400 X46.33 Y57.703 E502.62579
M204 S2000
M205 X30 Y30
G0 F3600 X43.923 Y62.368
M204 S500
M205 X10 Y10
G1 F2400 X41.309 Y59.755 E502.78585
G1 X41.097 Y59.543
M204 S2000
M205 X30 Y30
G0 F3600 X41.309 Y62.112
M204 S500
M205 X10 Y10
G1 F2400 X41.565 Y62.368 E502.80153
M204 S2000
M205 X30 Y30
G0 F3600 X46.53 Y62.57
M204 S500
M205 X10 Y10
;TYPE:WALL-INNER
G1 F2400 X41.11 Y62.57 E503.03624
G1 X41.11 Y57.15 E503.27096
G1 X46.53 Y57.15 E503.50568
G1 X46.53 Y62.058 E503.71822
G0 F1920 X46.53 Y62.57
M204 S2000
M205 X30 Y30
G0 F3600 X47.03 Y63.07
M204 S500
M205 X10 Y10
G1 F2400 X40.61 Y63.07 E503.99624
G1 X40.61 Y56.65 E504.27427
G1 X47.03 Y56.65 E504.55229
G1 X47.03 Y62.558 E504.80814
G0 F1920 X47.03 Y63.07
M204 S2000
M205 X30 Y30
G0 F3600 X47.53 Y63.57
M204 S500
M205 X10 Y10
;TYPE:WALL-OUTER
G1 F1200 X40.11 Y63.57 E505.12947
G1 X40.11 Y56.15 E505.4508
G1 X47.53 Y56.15 E505.77213
G1 X47.53 Y63.058 E506.07128
G0 F960 X47.53 Y63.57
M204 S2000
M205 X30 Y30
G0 F3600 X47.28 Y63.57
G0 X46.53 Y62.717
G1 F2700 E502.07128
G0 F3600 X47.01 Y60.029
G0 X48.445 Y60.029
G0 X72.475 Y60.029
G0 X73.91 Y60.029
G0 X74.589 Y60.029
M204 S500
M205 X10 Y10
;TYPE:FILL
G1 F2700 E506.07128
G1 F2400 X76.929 Y62.37 E506.21462
G1 X77.141 Y62.582
M204 S2000
M205 X30 Y30
G0 F3600 X79.287 Y62.37
M204 S500
M205 X10 Y10
G1 F2400 X74.589 Y57.672 E506.50235
G1 X74.377 Y57.46
M204 S2000
M205 X30 Y30
G0 F3600 X76.624 Y57.349
M204 S500
M205 X10 Y10
G1 F2400 X79.609 Y60.335 E506.68519
G1 X79.821 Y60.547
M204 S2000
M205 X30 Y30
G0 F3600 X79.609 Y57.977
M204 S500
M205 X10 Y10
G1 F2400 X78.981 Y57.349 E506.72365
M204 S2000
M205 X30 Y30
G0 F3600 X79.81 Y62.57
M204 S500
M205 X10 Y10
;TYPE:WALL-INNER
G1 F2400 X74.39 Y62.57 E506.95837
G1 X74.39 Y57.15 E507.19308
G1 X79.81 Y57.15 E507.4278
G1 X79.81 Y62.058 E507.64034
G0 F1920 X79.81 Y62.57
M204 S2000
M205 X30 Y30
G0 F3600 X80.31 Y63.07
M204 S500
M205 X10 Y10
G1 F2400 X73.89 Y63.07 E507.91837
G1 X73.89 Y56.65 E508.19639
G1 X80.31 Y56.65 E508.47441
G1 X80.31 Y62.558 E508.73026
G0 F1920 X80.31 Y63.07
M204 S2000
M205 X30 Y30
G0 F3600 X80.81 Y63.57
M204 S500
M205 X10 Y10
;TYPE:WALL-OUTER
G1 F1200 X73.39 Y63.57 E509.05159
G1 X73.39 Y56.15 E509.37292
G1 X80.81 Y56.15 E509.69425
G1 X80.81 Y63.058 E509.9934
G0 F960 X80.81 Y63.57
M204 S2000
M205 X30 Y30
G0 F3600 X80.56 Y63.57
G0 X79.81 Y62.717
G1 F2700 E505.9934
;MESH:NONMESH
G0 F600 X79.81 Y62.717 Z10.05
G0 F3600 X73.91 Y57.349
G0 X72.475 Y57.349
G0 X48.445 Y57.349
G0 X47.01 Y57.349
G0 X41.847 Y57.349
;TIME_ELAPSED:614.846043
;LAYER:39
M204 S500
M205 X10 Y10
;TYPE:FILL
;MESH:PLATempTower
G1 F2700 E509.9934
G1 F2400 X41.31 Y57.886 E510.02629
M204 S2000
M205 X30 Y30
G0 F3600 X41.31 Y60.244
M204 S500
M205 X10 Y10
G1 F2400 X44.205 Y57.349 E510.20359
G1 X44.417 Y57.137
M204 S2000
M205 X30 Y30
G0 F3600 X46.329 Y57.582
M204 S500
M205 X10 Y10
G1 F2400 X41.543 Y62.368 E510.4967
G1 X41.331 Y62.58
M204 S2000
M205 X30 Y30
G0 F3600 X43.9 Y62.368
M204 S500
M205 X10 Y10
G1 F2400 X46.329 Y59.94 E510.64543
G1 X46.541 Y59.728
M204 S2000
M205 X30 Y30
G0 F3600 X46.329 Y62.297
M204 S500
M205 X10 Y10
G1 F2400 X46.258 Y62.368 E510.64978
M204 S2000
M205 X30 Y30
G0 F3600 X46.53 Y62.57
M204 S500
M205 X10 Y10
;TYPE:WALL-INNER
G1 F2400 X41.11 Y62.57 E510.8845
G1 X41.11 Y57.15 E511.11922
G1 X46.53 Y57.15 E511.35393
G1 X46.53 Y62.058 E511.56648
G0 F1920 X46.53 Y62.57
M204 S2000
M205 X30 Y30
G0 F3600 X47.03 Y63.07
M204 S500
M205 X10 Y10
G1 F2400 X40.61 Y63.07 E511.8445
G1 X40.61 Y56.65 E512.12252
G1 X47.03 Y56.65 E512.40055
G1 X47.03 Y62.558 E512.6564
G0 F1920 X47.03 Y63.07
M204 S2000
M205 X30 Y30
G0 F3600 X47.53 Y63.57
M204 S500
M205 X10 Y10
;TYPE:WALL-OUTER
G1 F1200 X40.11 Y63.57 E512.97773
G1 X40.11 Y56.15 E513.29905
G1 X47.53 Y56.15 E513.62038
G1 X47.53 Y63.058 E513.91954
G0 F960 X47.53 Y63.57
M204 S2000
M205 X30 Y30
G0 F3600 X47.28 Y63.57
G0 X46.53 Y62.717
G1 F2700 E509.91954
G0 F3600 X48.445 Y62.327
G0 X72.475 Y62.327
G0 X73.91 Y62.327
G0 X74.589 Y62.327
M204 S500
M205 X10 Y10
;TYPE:FILL
G1 F2700 E513.91954
G1 F2400 X79.567 Y57.349 E514.22441
G1 X79.779 Y57.137
M204 S2000
M205 X30 Y30
G0 F3600 X79.609 Y59.664
M204 S500
M205 X10 Y10
G1 F2400 X76.904 Y62.37 E514.3901
G1 X76.692 Y62.582
M204 S2000
M205 X30 Y30
G0 F3600 X79.261 Y62.37
M204 S500
M205 X10 Y10
G1 F2400 X79.609 Y62.022 E514.41142
M204 S2000
M205 X30 Y30
G0 F3600 X77.209 Y57.349
M204 S500
M205 X10 Y10
G1 F2400 X74.589 Y59.97 E514.57191
G1 X74.377 Y60.182
M204 S2000
M205 X30 Y30
G0 F3600 X74.589 Y57.612
M204 S500
M205 X10 Y10
G1 F2400 X74.852 Y57.349 E514.58801
M204 S2000
M205 X30 Y30
G0 F3600 X79.81 Y62.57
M204 S500
M205 X10 Y10
;TYPE:WALL-INNER
G1 F2400 X74.39 Y62.57 E514.82273
G1 X74.39 Y57.15 E515.05745
G1 X79.81 Y57.15 E515.29216
G1 X79.81 Y62.058 E515.50471
G0 F1920 X79.81 Y62.57
M204 S2000
M205 X30 Y30
G0 F3600 X80.31 Y63.07
M204 S500
M205 X10 Y10
G1 F2400 X73.89 Y63.07 E515.78273
G1 X73.89 Y56.65 E516.06075
G1 X80.31 Y56.65 E516.33878
G1 X80.31 Y62.558 E516.59463
G0 F1920 X80.31 Y63.07
M204 S2000
M205 X30 Y30
G0 F3600 X80.81 Y63.57
M204 S500
M205 X10 Y10
;TYPE:WALL-OUTER
G1 F1200 X73.39 Y63.57 E516.91596
G1 X73.39 Y56.15 E517.23728
G1 X80.81 Y56.15 E517.55861
G1 X80.81 Y63.058 E517.85777
G0 F960 X80.81 Y63.57
M204 S2000
M205 X30 Y30
G0 F3600 X80.56 Y63.57
G0 X79.81 Y62.717
G1 F2700 E513.85777
;MESH:NONMESH
G0 F600 X79.81 Y62.717 Z10.3
G0 F3600 X73.91 Y57.397
G0 X72.475 Y57.397
G0 X48.445 Y57.397
G0 X47.01 Y57.397
G0 X41.309 Y57.397
;TIME_ELAPSED:624.901318
;LAYER:40
M204 S500
M205 X10 Y10
;TYPE:FILL
;MESH:PLATempTower
G1 F2700 E517.85777
G1 F2400 X46.28 Y62.368 E518.16221
G1 X46.492 Y62.58
M204 S2000
M205 X30 Y30
G0 F3600 X46.33 Y60.06
M204 S500
M205 X10 Y10
G1 F2400 X43.618 Y57.349 E518.32827
G1 X43.406 Y57.137
M204 S2000
M205 X30 Y30
G0 F3600 X45.976 Y57.349
M204 S500
M205 X10 Y10
G1 F2400 X46.33 Y57.703 E518.34995
M204 S2000
M205 X30 Y30
G0 F3600 X43.923 Y62.368
M204 S500
M205 X10 Y10
G1 F2400 X41.309 Y59.755 E518.51001
G1 X41.097 Y59.543
M204 S2000
M205 X30 Y30
G0 F3600 X41.309 Y62.112
M204 S500
M205 X10 Y10
G1 F2400 X41.565 Y62.368 E518.52569
M204 S2000
M205 X30 Y30
G0 F3600 X46.53 Y62.57
M204 S500
M205 X10 Y10
;TYPE:WALL-INNER
G1 F2400 X41.11 Y62.57 E518.76041
G1 X41.11 Y57.15 E518.99513
G1 X46.53 Y57.15 E519.22984
G1 X46.53 Y62.058 E519.44239
G0 F1920 X46.53 Y62.57
M204 S2000
M205 X30 Y30
G0 F3600 X47.03 Y63.07
M204 S500
M205 X10 Y10
G1 F2400 X40.61 Y63.07 E519.72041
G1 X40.61 Y56.65 E519.99843
G1 X47.03 Y56.65 E520.27646
G1 X47.03 Y62.558 E520.53231
G0 F1920 X47.03 Y63.07
M204 S2000
M205 X30 Y30
G0 F3600 X47.53 Y63.57
M204 S500
M205 X10 Y10
;TYPE:WALL-OUTER
G1 F1200 X40.11 Y63.57 E520.85363
G1 X40.11 Y56.15 E521.17496
G1 X47.53 Y56.15 E521.49629
G1 X47.53 Y63.058 E521.79545
G0 F960 X47.53 Y63.57
M204 S2000
M205 X30 Y30
G0 F3600 X47.28 Y63.57
G0 X46.53 Y62.717
G1 F2700 E517.79545
G0 F3600 X47.01 Y60.029
G0 X48.445 Y60.029
G0 X72.475 Y60.029
G0 X73.91 Y60.029
G0 X74.589 Y60.029
M204 S500
M205 X10 Y10
;TYPE:FILL
G1 F2700 E521.79545
G1 F2400 X76.929 Y62.37 E521.93879
G1 X77.141 Y62.582
M204 S2000
M205 X30 Y30
G0 F3600 X79.287 Y62.37
M204 S500
M205 X10 Y10
G1 F2400 X74.589 Y57.672 E522.22651
G1 X74.377 Y57.46
M204 S2000
M205 X30 Y30
G0 F3600 X76.624 Y57.349
M204 S500
M205 X10 Y10
G1 F2400 X79.609 Y60.335 E522.40935
G1 X79.821 Y60.547
M204 S2000
M205 X30 Y30
G0 F3600 X79.609 Y57.977
M204 S500
M205 X10 Y10
G1 F2400 X78.981 Y57.349 E522.44781
M204 S2000
M205 X30 Y30
G0 F3600 X79.81 Y62.57
M204 S500
M205 X10 Y10
;TYPE:WALL-INNER
G1 F2400 X74.39 Y62.57 E522.68253
G1 X74.39 Y57.15 E522.91725
G1 X79.81 Y57.15 E523.15196
G1 X79.81 Y62.058 E523.36451
G0 F1920 X79.81 Y62.57
M204 S2000
M205 X30 Y30
G0 F3600 X80.31 Y63.07
M204 S500
M205 X10 Y10
G1 F2400 X73.89 Y63.07 E523.64253
G1 X73.89 Y56.65 E523.92055
G1 X80.31 Y56.65 E524.19858
G1 X80.31 Y62.558 E524.45443
G0 F1920 X80.31 Y63.07
M204 S2000
M205 X30 Y30
G0 F3600 X80.81 Y63.57
M204 S500
M205 X10 Y10
;TYPE:WALL-OUTER
G1 F1200 X73.39 Y63.57 E524.77576
G1 X73.39 Y56.15 E525.09709
G1 X80.81 Y56.15 E525.41841
G1 X80.81 Y63.058 E525.71757
G0 F960 X80.81 Y63.57
M204 S2000
M205 X30 Y30
G0 F3600 X80.56 Y63.57
G0 X79.81 Y62.717
G1 F2700 E521.71757
;MESH:NONMESH
G0 F600 X79.81 Y62.717 Z10.55
G0 F3600 X73.91 Y57.349
G0 X72.475 Y57.349
G0 X48.445 Y57.349
G0 X47.01 Y57.349
G0 X41.847 Y57.349
;TIME_ELAPSED:634.975627
;LAYER:41
M204 S500
M205 X10 Y10
;TYPE:FILL
;MESH:PLATempTower
G1 F2700 E525.71757
G1 F2400 X41.31 Y57.886 E525.75046
M204 S2000
M205 X30 Y30
G0 F3600 X41.31 Y60.244
M204 S500
M205 X10 Y10
G1 F2400 X44.205 Y57.349 E525.92776
G1 X44.417 Y57.137
M204 S2000
M205 X30 Y30
G0 F3600 X46.329 Y57.582
M204 S500
M205 X10 Y10
G1 F2400 X41.543 Y62.368 E526.22087
G1 X41.331 Y62.58
M204 S2000
M205 X30 Y30
G0 F3600 X43.9 Y62.368
M204 S500
M205 X10 Y10
G1 F2400 X46.329 Y59.94 E526.3696
G1 X46.541 Y59.728
M204 S2000
M205 X30 Y30
G0 F3600 X46.329 Y62.297
M204 S500
M205 X10 Y10
G1 F2400 X46.258 Y62.368 E526.37395
M204 S2000
M205 X30 Y30
G0 F3600 X46.53 Y62.57
M204 S500
M205 X10 Y10
;TYPE:WALL-INNER
G1 F2400 X41.11 Y62.57 E526.60866
G1 X41.11 Y57.15 E526.84338
G1 X46.53 Y57.15 E527.0781
G1 X46.53 Y62.058 E527.29064
G0 F1920 X46.53 Y62.57
M204 S2000
M205 X30 Y30
G0 F3600 X47.03 Y63.07
M204 S500
M205 X10 Y10
G1 F2400 X40.61 Y63.07 E527.56867
G1 X40.61 Y56.65 E527.84669
G1 X47.03 Y56.65 E528.12471
G1 X47.03 Y62.558 E528.38056
G0 F1920 X47.03 Y63.07
M204 S2000
M205 X30 Y30
G0 F3600 X47.53 Y63.57
M204 S500
M205 X10 Y10
;TYPE:WALL-OUTER
G1 F1200 X40.11 Y63.57 E528.70189
G1 X40.11 Y56.15 E529.02322
G1 X47.53 Y56.15 E529.34455
G1 X47.53 Y63.058 E529.6437
G0 F960 X47.53 Y63.57
M204 S2000
M205 X30 Y30
G0 F3600 X47.28 Y63.57
G0 X46.53 Y62.717
G1 F2700 E525.6437
G0 F3600 X48.445 Y62.327
G0 X72.475 Y62.327
G0 X73.91 Y62.327
G0 X74.589 Y62.327
M204 S500
M205 X10 Y10
;TYPE:FILL
G1 F2700 E529.6437
G1 F2400 X79.567 Y57.349 E529.94857
G1 X79.779 Y57.137
M204 S2000
M205 X30 Y30
G0 F3600 X79.609 Y59.664
M204 S500
M205 X10 Y10
G1 F2400 X76.904 Y62.37 E530.11427
G1 X76.692 Y62.582
M204 S2000
M205 X30 Y30
G0 F3600 X79.261 Y62.37
M204 S500
M205 X10 Y10
G1 F2400 X79.609 Y62.022 E530.13558
M204 S2000
M205 X30 Y30
G0 F3600 X77.209 Y57.349
M204 S500
M205 X10 Y10
G1 F2400 X74.589 Y59.97 E530.29607
G1 X74.377 Y60.182
M204 S2000
M205 X30 Y30
G0 F3600 X74.589 Y57.612
M204 S500
M205 X10 Y10
G1 F2400 X74.852 Y57.349 E530.31218
M204 S2000
M205 X30 Y30
G0 F3600 X79.81 Y62.57
M204 S500
M205 X10 Y10
;TYPE:WALL-INNER
G1 F2400 X74.39 Y62.57 E530.54689
G1 X74.39 Y57.15 E530.78161
G1 X79.81 Y57.15 E531.01633
G1 X79.81 Y62.058 E531.22887
G0 F1920 X79.81 Y62.57
M204 S2000
M205 X30 Y30
G0 F3600 X80.31 Y63.07
M204 S500
M205 X10 Y10
G1 F2400 X73.89 Y63.07 E531.5069
G1 X73.89 Y56.65 E531.78492
G1 X80.31 Y56.65 E532.06294
G1 X80.31 Y62.558 E532.31879
G0 F1920 X80.31 Y63.07
M204 S2000
M205 X30 Y30
G0 F3600 X80.81 Y63.57
M204 S500
M205 X10 Y10
;TYPE:WALL-OUTER
G1 F1200 X73.39 Y63.57 E532.64012
G1 X73.39 Y56.15 E532.96145
G1 X80.81 Y56.15 E533.28278
G1 X80.81 Y63.058 E533.58193
G0 F960 X80.81 Y63.57
M204 S2000
M205 X30 Y30
G0 F3600 X80.56 Y63.57
G0 X79.81 Y62.717
G1 F2700 E529.58193
;MESH:NONMESH
G0 F600 X79.81 Y62.717 Z10.8
G0 F3600 X73.91 Y57.397
G0 X72.475 Y57.397
G0 X48.445 Y57.397
G0 X47.01 Y57.397
G0 X41.309 Y57.397
;TIME_ELAPSED:645.030902
;LAYER:42
M204 S500
M205 X10 Y10
;TYPE:FILL
;MESH:PLATempTower
G1 F2700 E533.58193
G1 F2400 X46.28 Y62.368 E533.88638
G1 X46.492 Y62.58
M204 S2000
M205 X30 Y30
G0 F3600 X46.33 Y60.06
M204 S500
M205 X10 Y10
G1 F2400 X43.618 Y57.349 E534.05244
G1 X43.406 Y57.137
M204 S2000
M205 X30 Y30
G0 F3600 X45.976 Y57.349
M204 S500
M205 X10 Y10
G1 F2400 X46.33 Y57.703 E534.07412
M204 S2000
M205 X30 Y30
G0 F3600 X43.923 Y62.368
M204 S500
M205 X10 Y10
G1 F2400 X41.309 Y59.755 E534.23418
G1 X41.097 Y59.543
M204 S2000
M205 X30 Y30
G0 F3600 X41.309 Y62.112
M204 S500
M205 X10 Y10
G1 F2400 X41.565 Y62.368 E534.24986
M204 S2000
M205 X30 Y30
G0 F3600 X46.53 Y62.57
M204 S500
M205 X10 Y10
;TYPE:WALL-INNER
G1 F2400 X41.11 Y62.57 E534.48457
G1 X41.11 Y57.15 E534.71929
G1 X46.53 Y57.15 E534.95401
G1 X46.53 Y62.058 E535.16655
G0 F1920 X46.53 Y62.57
M204 S2000
M205 X30 Y30
G0 F3600 X47.03 Y63.07
M204 S500
M205 X10 Y10
G1 F2400 X40.61 Y63.07 E535.44457
G1 X40.61 Y56.65 E535.7226
G1 X47.03 Y56.65 E536.00062
G1 X47.03 Y62.558 E536.25647
G0 F1920 X47.03 Y63.07
M204 S2000
M205 X30 Y30
G0 F3600 X47.53 Y63.57
M204 S500
M205 X10 Y10
;TYPE:WALL-OUTER
G1 F1200 X40.11 Y63.57 E536.5778
G1 X40.11 Y56.15 E536.89913
G1 X47.53 Y56.15 E537.22046
G1 X47.53 Y63.058 E537.51961
G0 F960 X47.53 Y63.57
M204 S2000
M205 X30 Y30
G0 F3600 X47.28 Y63.57
G0 X46.53 Y62.717
G1 F2700 E533.51961
G0 F3600 X47.01 Y60.029
G0 X48.445 Y60.029
G0 X72.475 Y60.029
G0 X73.91 Y60.029
G0 X74.589 Y60.029
M204 S500
M205 X10 Y10
;TYPE:FILL
G1 F2700 E537.51961
G1 F2400 X76.929 Y62.37 E537.66295
G1 X77.141 Y62.582
M204 S2000
M205 X30 Y30
G0 F3600 X79.287 Y62.37
M204 S500
M205 X10 Y10
G1 F2400 X74.589 Y57.672 E537.95067
G1 X74.377 Y57.46
M204 S2000
M205 X30 Y30
G0 F3600 X76.624 Y57.349
M204 S500
M205 X10 Y10
G1 F2400 X79.609 Y60.335 E538.13352
G1 X79.821 Y60.547
M204 S2000
M205 X30 Y30
G0 F3600 X79.609 Y57.977
M204 S500
M205 X10 Y10
G1 F2400 X78.981 Y57.349 E538.17198
M204 S2000
M205 X30 Y30
G0 F3600 X79.81 Y62.57
M204 S500
M205 X10 Y10
;TYPE:WALL-INNER
G1 F2400 X74.39 Y62.57 E538.4067
G1 X74.39 Y57.15 E538.64141
G1 X79.81 Y57.15 E538.87613
G1 X79.81 Y62.058 E539.08867
G0 F1920 X79.81 Y62.57
M204 S2000
M205 X30 Y30
G0 F3600 X80.31 Y63.07
M204 S500
M205 X10 Y10
G1 F2400 X73.89 Y63.07 E539.3667
G1 X73.89 Y56.65 E539.64472
G1 X80.31 Y56.65 E539.92274
G1 X80.31 Y62.558 E540.17859
G0 F1920 X80.31 Y63.07
M204 S2000
M205 X30 Y30
G0 F3600 X80.81 Y63.57
M204 S500
M205 X10 Y10
;TYPE:WALL-OUTER
G1 F1200 X73.39 Y63.57 E540.49992
G1 X73.39 Y56.15 E540.82125
G1 X80.81 Y56.15 E541.14258
G1 X80.81 Y63.058 E541.44173
G0 F960 X80.81 Y63.57
M204 S2000
M205 X30 Y30
G0 F3600 X80.56 Y63.57
G0 X79.81 Y62.717
G1 F2700 E537.44173
;MESH:NONMESH
G0 F600 X79.81 Y62.717 Z11.05
G0 F3600 X73.91 Y57.349
G0 X72.475 Y57.349
G0 X48.445 Y57.349
G0 X47.01 Y57.349
G0 X41.847 Y57.349
;TIME_ELAPSED:655.105210
;LAYER:43
M204 S500
M205 X10 Y10
;TYPE:FILL
;MESH:PLATempTower
G1 F2700 E541.44173
G1 F2400 X41.31 Y57.886 E541.47462
M204 S2000
M205 X30 Y30
G0 F3600 X41.31 Y60.244
M204 S500
M205 X10 Y10
G1 F2400 X44.205 Y57.349 E541.65192
G1 X44.417 Y57.137
M204 S2000
M205 X30 Y30
G0 F3600 X46.329 Y57.582
M204 S500
M205 X10 Y10
G1 F2400 X41.543 Y62.368 E541.94503
G1 X41.331 Y62.58
M204 S2000
M205 X30 Y30
G0 F3600 X43.9 Y62.368
M204 S500
M205 X10 Y10
G1 F2400 X46.329 Y59.94 E542.09376
G1 X46.541 Y59.728
M204 S2000
M205 X30 Y30
G0 F3600 X46.329 Y62.297
M204 S500
M205 X10 Y10
G1 F2400 X46.258 Y62.368 E542.09811
M204 S2000
M205 X30 Y30
G0 F3600 X46.53 Y62.57
M204 S500
M205 X10 Y10
;TYPE:WALL-INNER
G1 F2400 X41.11 Y62.57 E542.33283
G1 X41.11 Y57.15 E542.56755
G1 X46.53 Y57.15 E542.80226
G1 X46.53 Y62.058 E543.01481
G0 F1920 X46.53 Y62.57
M204 S2000
M205 X30 Y30
G0 F3600 X47.03 Y63.07
M204 S500
M205 X10 Y10
G1 F2400 X40.61 Y63.07 E543.29283
G1 X40.61 Y56.65 E543.57085
G1 X47.03 Y56.65 E543.84888
G1 X47.03 Y62.558 E544.10473
G0 F1920 X47.03 Y63.07
M204 S2000
M205 X30 Y30
G0 F3600 X47.53 Y63.57
M204 S500
M205 X10 Y10
;TYPE:WALL-OUTER
G1 F1200 X40.11 Y63.57 E544.42606
G1 X40.11 Y56.15 E544.74738
G1 X47.53 Y56.15 E545.06871
G1 X47.53 Y63.058 E545.36787
G0 F960 X47.53 Y63.57
M204 S2000
M205 X30 Y30
G0 F3600 X47.28 Y63.57
G0 X46.53 Y62.717
G1 F2700 E541.36787
G0 F3600 X48.445 Y62.327
G0 X72.475 Y62.327
G0 X73.91 Y62.327
G0 X74.589 Y62.327
M204 S500
M205 X10 Y10
;TYPE:FILL
G1 F2700 E545.36787
G1 F2400 X79.567 Y57.349 E545.67274
G1 X79.779 Y57.137
M204 S2000
M205 X30 Y30
G0 F3600 X79.609 Y59.664
M204 S500
M205 X10 Y10
G1 F2400 X76.904 Y62.37 E545.83843
G1 X76.692 Y62.582
M204 S2000
M205 X30 Y30
G0 F3600 X79.261 Y62.37
M204 S500
M205 X10 Y10
G1 F2400 X79.609 Y62.022 E545.85975
M204 S2000
M205 X30 Y30
G0 F3600 X77.209 Y57.349
M204 S500
M205 X10 Y10
G1 F2400 X74.589 Y59.97 E546.02024
G1 X74.377 Y60.182
M204 S2000
M205 X30 Y30
G0 F3600 X74.589 Y57.612
M204 S500
M205 X10 Y10
G1 F2400 X74.852 Y57.349 E546.03634
M204 S2000
M205 X30 Y30
G0 F3600 X79.81 Y62.57
M204 S500
M205 X10 Y10
;TYPE:WALL-INNER
G1 F2400 X74.39 Y62.57 E546.27106
G1 X74.39 Y57.15 E546.50578
G1 X79.81 Y57.15 E546.74049
G1 X79.81 Y62.058 E546.95304
G0 F1920 X79.81 Y62.57
M204 S2000
M205 X30 Y30
G0 F3600 X80.31 Y63.07
M204 S500
M205 X10 Y10
G1 F2400 X73.89 Y63.07 E547.23106
G1 X73.89 Y56.65 E547.50908
G1 X80.31 Y56.65 E547.78711
G1 X80.31 Y62.558 E548.04296
G0 F1920 X80.31 Y63.07
M204 S2000
M205 X30 Y30
G0 F3600 X80.81 Y63.57
M204 S500
M205 X10 Y10
;TYPE:WALL-OUTER
G1 F1200 X73.39 Y63.57 E548.36429
G1 X73.39 Y56.15 E548.68561
G1 X80.81 Y56.15 E549.00694
G1 X80.81 Y63.058 E549.3061
G0 F960 X80.81 Y63.57
M204 S2000
M205 X30 Y30
G0 F3600 X80.56 Y63.57
G0 X79.81 Y62.717
G1 F2700 E545.3061
;MESH:NONMESH
G0 F600 X79.81 Y62.717 Z11.3
G0 F3600 X73.91 Y57.397
G0 X72.475 Y57.397
G0 X48.445 Y57.397
G0 X47.01 Y57.397
G0 X41.309 Y57.397
;TIME_ELAPSED:665.160486
;LAYER:44
M204 S500
M205 X10 Y10
;TYPE:FILL
;MESH:PLATempTower
G1 F2700 E549.3061
G1 F2400 X46.28 Y62.368 E549.61054
G1 X46.492 Y62.58
M204 S2000
M205 X30 Y30
G0 F3600 X46.33 Y60.06
M204 S500
M205 X10 Y10
G1 F2400 X43.618 Y57.349 E549.7766
G1 X43.406 Y57.137
M204 S2000
M205 X30 Y30
G0 F3600 X45.976 Y57.349
M204 S500
M205 X10 Y10
G1 F2400 X46.33 Y57.703 E549.79828
M204 S2000
M205 X30 Y30
G0 F3600 X43.923 Y62.368
M204 S500
M205 X10 Y10
G1 F2400 X41.309 Y59.755 E549.95834
G1 X41.097 Y59.543
M204 S2000
M205 X30 Y30
G0 F3600 X41.309 Y62.112
M204 S500
M205 X10 Y10
G1 F2400 X41.565 Y62.368 E549.97402
M204 S2000
M205 X30 Y30
G0 F3600 X46.53 Y62.57
M204 S500
M205 X10 Y10
;TYPE:WALL-INNER
G1 F2400 X41.11 Y62.57 E550.20874
G1 X41.11 Y57.15 E550.44345
G1 X46.53 Y57.15 E550.67817
G1 X46.53 Y62.058 E550.89072
G0 F1920 X46.53 Y62.57
M204 S2000
M205 X30 Y30
G0 F3600 X47.03 Y63.07
M204 S500
M205 X10 Y10
G1 F2400 X40.61 Y63.07 E551.16874
G1 X40.61 Y56.65 E551.44676
G1 X47.03 Y56.65 E551.72478
G1 X47.03 Y62.558 E551.98064
G0 F1920 X47.03 Y63.07
M204 S2000
M205 X30 Y30
G0 F3600 X47.53 Y63.57
M204 S500
M205 X10 Y10
;TYPE:WALL-OUTER
G1 F1200 X40.11 Y63.57 E552.30196
G1 X40.11 Y56.15 E552.62329
G1 X47.53 Y56.15 E552.94462
G1 X47.53 Y63.058 E553.24378
G0 F960 X47.53 Y63.57
M204 S2000
M205 X30 Y30
G0 F3600 X47.28 Y63.57
G0 X46.53 Y62.717
G1 F2700 E549.24378
G0 F3600 X47.01 Y60.029
G0 X48.445 Y60.029
G0 X72.475 Y60.029
G0 X73.91 Y60.029
G0 X74.589 Y60.029
M204 S500
M205 X10 Y10
;TYPE:FILL
G1 F2700 E553.24378
G1 F2400 X76.929 Y62.37 E553.38712
G1 X77.141 Y62.582
M204 S2000
M205 X30 Y30
G0 F3600 X79.287 Y62.37
M204 S500
M205 X10 Y10
G1 F2400 X74.589 Y57.672 E553.67484
G1 X74.377 Y57.46
M204 S2000
M205 X30 Y30
G0 F3600 X76.624 Y57.349
M204 S500
M205 X10 Y10
G1 F2400 X79.609 Y60.335 E553.85768
G1 X79.821 Y60.547
M204 S2000
M205 X30 Y30
G0 F3600 X79.609 Y57.977
M204 S500
M205 X10 Y10
G1 F2400 X78.981 Y57.349 E553.89614
M204 S2000
M205 X30 Y30
G0 F3600 X79.81 Y62.57
M204 S500
M205 X10 Y10
;TYPE:WALL-INNER
G1 F2400 X74.39 Y62.57 E554.13086
G1 X74.39 Y57.15 E554.36558
G1 X79.81 Y57.15 E554.60029
G1 X79.81 Y62.058 E554.81284
G0 F1920 X79.81 Y62.57
M204 S2000
M205 X30 Y30
G0 F3600 X80.31 Y63.07
M204 S500
M205 X10 Y10
G1 F2400 X73.89 Y63.07 E555.09086
G1 X73.89 Y56.65 E555.36888
G1 X80.31 Y56.65 E555.64691
G1 X80.31 Y62.558 E555.90276
G0 F1920 X80.31 Y63.07
M204 S2000
M205 X30 Y30
G0 F3600 X80.81 Y63.57
M204 S500
M205 X10 Y10
;TYPE:WALL-OUTER
G1 F1200 X73.39 Y63.57 E556.22409
G1 X73.39 Y56.15 E556.54541
G1 X80.81 Y56.15 E556.86674
G1 X80.81 Y63.058 E557.1659
G0 F960 X80.81 Y63.57
M204 S2000
M205 X30 Y30
G0 F3600 X80.56 Y63.57
G0 X79.81 Y62.717
G1 F2700 E553.1659
;MESH:NONMESH
G0 F600 X79.81 Y62.717 Z11.55
G0 F3600 X73.91 Y57.349
G0 X72.475 Y57.349
G0 X48.445 Y57.349
G0 X47.01 Y57.349
G0 X41.847 Y57.349
;TIME_ELAPSED:675.234794
;LAYER:45
M204 S500
M205 X10 Y10
;TYPE:FILL
;MESH:PLATempTower
G1 F2700 E557.1659
G1 F2400 X41.31 Y57.886 E557.19879
M204 S2000
M205 X30 Y30
G0 F3600 X41.31 Y60.244
M204 S500
M205 X10 Y10
G1 F2400 X44.205 Y57.349 E557.37609
G1 X44.417 Y57.137
M204 S2000
M205 X30 Y30
G0 F3600 X46.329 Y57.582
M204 S500
M205 X10 Y10
G1 F2400 X41.543 Y62.368 E557.6692
G1 X41.331 Y62.58
M204 S2000
M205 X30 Y30
G0 F3600 X43.9 Y62.368
M204 S500
M205 X10 Y10
G1 F2400 X46.329 Y59.94 E557.81793
G1 X46.541 Y59.728
M204 S2000
M205 X30 Y30
G0 F3600 X46.329 Y62.297
M204 S500
M205 X10 Y10
G1 F2400 X46.258 Y62.368 E557.82228
M204 S2000
M205 X30 Y30
G0 F3600 X46.53 Y62.57
M204 S500
M205 X10 Y10
;TYPE:WALL-INNER
G1 F2400 X41.11 Y62.57 E558.05699
G1 X41.11 Y57.15 E558.29171
G1 X46.53 Y57.15 E558.52643
G1 X46.53 Y62.058 E558.73897
G0 F1920 X46.53 Y62.57
M204 S2000
M205 X30 Y30
G0 F3600 X47.03 Y63.07
M204 S500
M205 X10 Y10
G1 F2400 X40.61 Y63.07 E559.017
G1 X40.61 Y56.65 E559.29502
G1 X47.03 Y56.65 E559.57304
G1 X47.03 Y62.558 E559.82889
G0 F1920 X47.03 Y63.07
M204 S2000
M205 X30 Y30
G0 F3600 X47.53 Y63.57
M204 S500
M205 X10 Y10
;TYPE:WALL-OUTER
G1 F1200 X40.11 Y63.57 E560.15022
G1 X40.11 Y56.15 E560.47155
G1 X47.53 Y56.15 E560.79288
G1 X47.53 Y63.058 E561.09203
G0 F960 X47.53 Y63.57
M204 S2000
M205 X30 Y30
G0 F3600 X47.28 Y63.57
G0 X46.53 Y62.717
G1 F2700 E557.09203
G0 F3600 X48.445 Y62.327
G0 X72.475 Y62.327
G0 X73.91 Y62.327
G0 X74.589 Y62.327
M204 S500
M205 X10 Y10
;TYPE:FILL
G1 F2700 E561.09203
G1 F2400 X79.567 Y57.349 E561.3969
G1 X79.779 Y57.137
M204 S2000
M205 X30 Y30
G0 F3600 X79.609 Y59.664
M204 S500
M205 X10 Y10
G1 F2400 X76.904 Y62.37 E561.5626
G1 X76.692 Y62.582
M204 S2000
M205 X30 Y30
G0 F3600 X79.261 Y62.37
M204 S500
M205 X10 Y10
G1 F2400 X79.609 Y62.022 E561.58391
M204 S2000
M205 X30 Y30
G0 F3600 X77.209 Y57.349
M204 S500
M205 X10 Y10
G1 F2400 X74.589 Y59.97 E561.7444
G1 X74.377 Y60.182
M204 S2000
M205 X30 Y30
G0 F3600 X74.589 Y57.612
M204 S500
M205 X10 Y10
G1 F2400 X74.852 Y57.349 E561.76051
M204 S2000
M205 X30 Y30
G0 F3600 X79.81 Y62.57
M204 S500
M205 X10 Y10
;TYPE:WALL-INNER
G1 F2400 X74.39 Y62.57 E561.99522
G1 X74.39 Y57.15 E562.22994
G1 X79.81 Y57.15 E562.46466
G1 X79.81 Y62.058 E562.6772
G0 F1920 X79.81 Y62.57
M204 S2000
M205 X30 Y30
G0 F3600 X80.31 Y63.07
M204 S500
M205 X10 Y10
G1 F2400 X73.89 Y63.07 E562.95523
G1 X73.89 Y56.65 E563.23325
G1 X80.31 Y56.65 E563.51127
G1 X80.31 Y62.558 E563.76712
G0 F1920 X80.31 Y63.07
M204 S2000
M205 X30 Y30
G0 F3600 X80.81 Y63.57
M204 S500
M205 X10 Y10
;TYPE:WALL-OUTER
G1 F1200 X73.39 Y63.57 E564.08845
G1 X73.39 Y56.15 E564.40978
G1 X80.81 Y56.15 E564.73111
G1 X80.81 Y63.058 E565.03026
G0 F960 X80.81 Y63.57
M204 S2000
M205 X30 Y30
G0 F3600 X80.56 Y63.57
G0 X79.81 Y62.717
G1 F2700 E561.03026
;MESH:NONMESH
G0 F600 X79.81 Y62.717 Z11.8
G0 F3600 X73.91 Y57.397
G0 X72.475 Y57.397
G0 X48.445 Y57.397
G0 X47.01 Y57.397
G0 X41.309 Y57.397
;TIME_ELAPSED:685.290069
;LAYER:46
M204 S500
M205 X10 Y10
;TYPE:FILL
;MESH:PLATempTower
G1 F2700 E565.03026
G1 F2400 X46.28 Y62.368 E565.3347
G1 X46.492 Y62.58
M204 S2000
M205 X30 Y30
G0 F3600 X46.33 Y60.06
M204 S500
M205 X10 Y10
G1 F2400 X43.618 Y57.349 E565.50077
G1 X43.406 Y57.137
M204 S2000
M205 X30 Y30
G0 F3600 X45.976 Y57.349
M204 S500
M205 X10 Y10
G1 F2400 X46.33 Y57.703 E565.52245
M204 S2000
M205 X30 Y30
G0 F3600 X43.923 Y62.368
M204 S500
M205 X10 Y10
G1 F2400 X41.309 Y59.755 E565.68251
G1 X41.097 Y59.543
M204 S2000
M205 X30 Y30
G0 F3600 X41.309 Y62.112
M204 S500
M205 X10 Y10
G1 F2400 X41.565 Y62.368 E565.69819
M204 S2000
M205 X30 Y30
G0 F3600 X46.53 Y62.57
M204 S500
M205 X10 Y10
;TYPE:WALL-INNER
G1 F2400 X41.11 Y62.57 E565.9329
G1 X41.11 Y57.15 E566.16762
G1 X46.53 Y57.15 E566.40234
G1 X46.53 Y62.058 E566.61488
G0 F1920 X46.53 Y62.57
M204 S2000
M205 X30 Y30
G0 F3600 X47.03 Y63.07
M204 S500
M205 X10 Y10
G1 F2400 X40.61 Y63.07 E566.8929
G1 X40.61 Y56.65 E567.17093
G1 X47.03 Y56.65 E567.44895
G1 X47.03 Y62.558 E567.7048
G0 F1920 X47.03 Y63.07
M204 S2000
M205 X30 Y30
G0 F3600 X47.53 Y63.57
M204 S500
M205 X10 Y10
;TYPE:WALL-OUTER
G1 F1200 X40.11 Y63.57 E568.02613
G1 X40.11 Y56.15 E568.34746
G1 X47.53 Y56.15 E568.66879
G1 X47.53 Y63.058 E568.96794
G0 F960 X47.53 Y63.57
M204 S2000
M205 X30 Y30
G0 F3600 X47.28 Y63.57
G0 X46.53 Y62.717
G1 F2700 E564.96794
G0 F3600 X47.01 Y60.029
G0 X48.445 Y60.029
G0 X72.475 Y60.029
G0 X73.91 Y60.029
G0 X74.589 Y60.029
M204 S500
M205 X10 Y10
;TYPE:FILL
G1 F2700 E568.96794
G1 F2400 X76.929 Y62.37 E569.11128
G1 X77.141 Y62.582
M204 S2000
M205 X30 Y30
G0 F3600 X79.287 Y62.37
M204 S500
M205 X10 Y10
G1 F2400 X74.589 Y57.672 E569.399
G1 X74.377 Y57.46
M204 S2000
M205 X30 Y30
G0 F3600 X76.624 Y57.349
M204 S500
M205 X10 Y10
G1 F2400 X79.609 Y60.335 E569.58185
G1 X79.821 Y60.547
M204 S2000
M205 X30 Y30
G0 F3600 X79.609 Y57.977
M204 S500
M205 X10 Y10
G1 F2400 X78.981 Y57.349 E569.62031
M204 S2000
M205 X30 Y30
G0 F3600 X79.81 Y62.57
M204 S500
M205 X10 Y10
;TYPE:WALL-INNER
G1 F2400 X74.39 Y62.57 E569.85503
G1 X74.39 Y57.15 E570.08974
G1 X79.81 Y57.15 E570.32446
G1 X79.81 Y62.058 E570.537
G0 F1920 X79.81 Y62.57
M204 S2000
M205 X30 Y30
G0 F3600 X80.31 Y63.07
M204 S500
M205 X10 Y10
G1 F2400 X73.89 Y63.07 E570.81503
G1 X73.89 Y56.65 E571.09305
G1 X80.31 Y56.65 E571.37107
G1 X80.31 Y62.558 E571.62692
G0 F1920 X80.31 Y63.07
M204 S2000
M205 X30 Y30
G0 F3600 X80.81 Y63.57
M204 S500
M205 X10 Y10
;TYPE:WALL-OUTER
G1 F1200 X73.39 Y63.57 E571.94825
G1 X73.39 Y56.15 E572.26958
G1 X80.81 Y56.15 E572.59091
G1 X80.81 Y63.058 E572.89006
G0 F960 X80.81 Y63.57
M204 S2000
M205 X30 Y30
G0 F3600 X80.56 Y63.57
G0 X79.81 Y62.717
G1 F2700 E568.89006
;MESH:NONMESH
G0 F600 X79.81 Y62.717 Z12.05
G0 F3600 X73.91 Y57.349
G0 X72.475 Y57.349
G0 X48.445 Y57.349
G0 X47.01 Y57.349
G0 X41.847 Y57.349
;TIME_ELAPSED:695.364378
;LAYER:47
M204 S500
M205 X10 Y10
;TYPE:FILL
;MESH:PLATempTower
G1 F2700 E572.89006
G1 F2400 X41.31 Y57.886 E572.92295
M204 S2000
M205 X30 Y30
G0 F3600 X41.31 Y60.244
M204 S500
M205 X10 Y10
G1 F2400 X44.205 Y57.349 E573.10025
G1 X44.417 Y57.137
M204 S2000
M205 X30 Y30
G0 F3600 X46.329 Y57.582
M204 S500
M205 X10 Y10
G1 F2400 X41.543 Y62.368 E573.39336
G1 X41.331 Y62.58
M204 S2000
M205 X30 Y30
G0 F3600 X43.9 Y62.368
M204 S500
M205 X10 Y10
G1 F2400 X46.329 Y59.94 E573.54209
G1 X46.541 Y59.728
M204 S2000
M205 X30 Y30
G0 F3600 X46.329 Y62.297
M204 S500
M205 X10 Y10
G1 F2400 X46.258 Y62.368 E573.54644
M204 S2000
M205 X30 Y30
G0 F3600 X46.53 Y62.57
M204 S500
M205 X10 Y10
;TYPE:WALL-INNER
G1 F2400 X41.11 Y62.57 E573.78116
G1 X41.11 Y57.15 E574.01588
G1 X46.53 Y57.15 E574.25059
G1 X46.53 Y62.058 E574.46314
G0 F1920 X46.53 Y62.57
M204 S2000
M205 X30 Y30
G0 F3600 X47.03 Y63.07
M204 S500
M205 X10 Y10
G1 F2400 X40.61 Y63.07 E574.74116
G1 X40.61 Y56.65 E575.01918
G1 X47.03 Y56.65 E575.29721
G1 X47.03 Y62.558 E575.55306
G0 F1920 X47.03 Y63.07
M204 S2000
M205 X30 Y30
G0 F3600 X47.53 Y63.57
M204 S500
M205 X10 Y10
;TYPE:WALL-OUTER
G1 F1200 X40.11 Y63.57 E575.87439
G1 X40.11 Y56.15 E576.19571
G1 X47.53 Y56.15 E576.51704
G1 X47.53 Y63.058 E576.8162
G0 F960 X47.53 Y63.57
M204 S2000
M205 X30 Y30
G0 F3600 X47.28 Y63.57
G0 X46.53 Y62.717
G1 F2700 E572.8162
G0 F3600 X48.445 Y62.327
G0 X72.475 Y62.327
G0 X73.91 Y62.327
G0 X74.589 Y62.327
M204 S500
M205 X10 Y10
;TYPE:FILL
G1 F2700 E576.8162
G1 F2400 X79.567 Y57.349 E577.12107
G1 X79.779 Y57.137
M204 S2000
M205 X30 Y30
G0 F3600 X79.609 Y59.664
M204 S500
M205 X10 Y10
G1 F2400 X76.904 Y62.37 E577.28676
G1 X76.692 Y62.582
M204 S2000
M205 X30 Y30
G0 F3600 X79.261 Y62.37
M204 S500
M205 X10 Y10
G1 F2400 X79.609 Y62.022 E577.30808
M204 S2000
M205 X30 Y30
G0 F3600 X77.209 Y57.349
M204 S500
M205 X10 Y10
G1 F2400 X74.589 Y59.97 E577.46856
G1 X74.377 Y60.182
M204 S2000
M205 X30 Y30
G0 F3600 X74.589 Y57.612
M204 S500
M205 X10 Y10
G1 F2400 X74.852 Y57.349 E577.48467
M204 S2000
M205 X30 Y30
G0 F3600 X79.81 Y62.57
M204 S500
M205 X10 Y10
;TYPE:WALL-INNER
G1 F2400 X74.39 Y62.57 E577.71939
G1 X74.39 Y57.15 E577.95411
G1 X79.81 Y57.15 E578.18882
G1 X79.81 Y62.058 E578.40137
G0 F1920 X79.81 Y62.57
M204 S2000
M205 X30 Y30
G0 F3600 X80.31 Y63.07
M204 S500
M205 X10 Y10
G1 F2400 X73.89 Y63.07 E578.67939
G1 X73.89 Y56.65 E578.95741
G1 X80.31 Y56.65 E579.23544
G1 X80.31 Y62.558 E579.49129
G0 F1920 X80.31 Y63.07
M204 S2000
M205 X30 Y30
G0 F3600 X80.81 Y63.57
M204 S500
M205 X10 Y10
;TYPE:WALL-OUTER
G1 F1200 X73.39 Y63.57 E579.81261
G1 X73.39 Y56.15 E580.13394
G1 X80.81 Y56.15 E580.45527
G1 X80.81 Y63.058 E580.75443
G0 F960 X80.81 Y63.57
M204 S2000
M205 X30 Y30
G0 F3600 X80.56 Y63.57
G0 X79.81 Y62.717
G1 F2700 E576.75443
;MESH:NONMESH
G0 F600 X79.81 Y62.717 Z12.3
G0 F3600 X73.91 Y57.739
G0 X72.475 Y57.739
G0 X48.445 Y57.739
G0 X47.01 Y57.739
G0 X41.651 Y57.739
;TIME_ELAPSED:705.409666
;LAYER:48
M204 S500
M205 X10 Y10
;TYPE:FILL
;MESH:PLATempTower
G1 F2700 E580.75443
G1 F2400 X46.28 Y62.368 E581.03792
G1 X46.492 Y62.58
M204 S2000
M205 X30 Y30
G0 F3600 X46.388 Y60.118
M204 S500
M205 X10 Y10
G1 F2400 X44.008 Y57.739 E581.18365
G1 X43.796 Y57.527
M204 S2000
M205 X30 Y30
G0 F3600 X41.309 Y59.755
M204 S500
M205 X10 Y10
G1 F2400 X43.923 Y62.368 E581.34371
G1 X44.135 Y62.58
M204 S2000
M205 X30 Y30
G0 F3600 X41.565 Y62.368
M204 S500
M205 X10 Y10
G1 F2400 X41.309 Y62.112 E581.35939
M204 S2000
M205 X30 Y30
G0 F3600 X46.588 Y62.57
M204 S500
M205 X10 Y10
;TYPE:WALL-INNER
G1 F2400 X41.11 Y62.57 E581.59662
G1 X41.11 Y57.54 E581.81445
G1 X46.588 Y57.54 E582.05168
G1 X46.588 Y62.058 E582.24733
G0 F1920 X46.588 Y62.57
M204 S2000
M205 X30 Y30
G0 F3600 X47.088 Y63.07
M204 S500
M205 X10 Y10
G1 F2400 X40.61 Y63.07 E582.52787
G1 X40.61 Y57.04 E582.789
G1 X47.088 Y57.04 E583.06954
G1 X47.088 Y62.558 E583.3085
G0 F1920 X47.088 Y63.07
M204 S2000
M205 X30 Y30
G1 F2700 E579.3085
G0 F3600 X43.289 Y56.818
G0 X43.317 Y56.54
M204 S500
M205 X10 Y10
;TYPE:WALL-OUTER
G1 F2700 E583.3085
G1 F1200 X44.693 Y56.54 E583.36809
G1 X44.693 Y56.15 E583.38497
G1 X44.736 Y56.15 E583.38684
G1 X44.736 Y56.54 E583.40373
G1 X46.708 Y56.54 E583.48912
G1 X46.709 Y56.15 E583.50601
G1 X47.588 Y56.15 E583.54408
G1 X47.588 Y63.57 E583.86541
G1 X40.11 Y63.57 E584.18925
G1 X40.11 Y56.15 E584.51058
G1 X40.676 Y56.15 E584.53509
G1 X40.696 Y56.54 E584.552
G1 X43.199 Y56.54 E584.66039
G1 X43.199 Y56.154 E584.67711
G0 F960 X43.199 Y56.15
G0 X43.317 Y56.15
G0 X43.317 Y56.54
M204 S2000
M205 X30 Y30
G0 F3600 X43.567 Y56.54
G0 X42.817 Y57.29
G1 F2700 E580.67711
G0 F3600 X47.318 Y57.672
G0 X48.503 Y57.672
G0 X72.475 Y57.672
G0 X73.91 Y57.672
G0 X74.589 Y57.672
M204 S500
M205 X10 Y10
;TYPE:FILL
G1 F2700 E584.67711
G1 F2400 X79.287 Y62.37 E584.96483
G1 X79.499 Y62.582
M204 S2000
M205 X30 Y30
G0 F3600 X79.609 Y60.335
M204 S500
M205 X10 Y10
G1 F2400 X76.624 Y57.349 E585.14767
G1 X76.412 Y57.137
M204 S2000
M205 X30 Y30
G0 F3600 X78.981 Y57.349
M204 S500
M205 X10 Y10
G1 F2400 X79.609 Y57.977 E585.18614
M204 S2000
M205 X30 Y30
G0 F3600 X76.929 Y62.37
M204 S500
M205 X10 Y10
G1 F2400 X74.589 Y60.029 E585.32948
G1 X74.377 Y59.817
M204 S2000
M205 X30 Y30
G0 F3600 X79.81 Y62.57
M204 S500
M205 X10 Y10
;TYPE:WALL-INNER
G1 F2400 X74.39 Y62.57 E585.56419
G1 X74.39 Y57.15 E585.79891
G1 X79.81 Y57.15 E586.03363
G1 X79.81 Y62.058 E586.24617
G0 F1920 X79.81 Y62.57
M204 S2000
M205 X30 Y30
G0 F3600 X80.31 Y63.07
M204 S500
M205 X10 Y10
G1 F2400 X73.89 Y63.07 E586.52419
G1 X73.89 Y56.65 E586.80222
G1 X80.31 Y56.65 E587.08024
G1 X80.31 Y62.558 E587.33609
G0 F1920 X80.31 Y63.07
M204 S2000
M205 X30 Y30
G0 F3600 X80.81 Y63.57
M204 S500
M205 X10 Y10
;TYPE:WALL-OUTER
G1 F1200 X73.39 Y63.57 E587.65742
G1 X73.39 Y56.15 E587.97875
G1 X80.81 Y56.15 E588.30008
G1 X80.81 Y63.058 E588.59923
G0 F960 X80.81 Y63.57
M204 S2000
M205 X30 Y30
G0 F3600 X80.56 Y63.57
G0 X79.81 Y62.717
G1 F2700 E584.59923
;MESH:NONMESH
G0 F600 X79.81 Y62.717 Z12.55
G0 F3600 X73.91 Y57.738
G0 X72.475 Y57.738
G0 X48.503 Y57.738
G0 X47.318 Y57.738
G0 X41.458 Y57.738
;TIME_ELAPSED:716.105791
;LAYER:49
M204 S500
M205 X10 Y10
;TYPE:FILL
;MESH:PLATempTower
G1 F2700 E588.59923
G1 F2400 X41.309 Y57.887 E588.60836
M204 S2000
M205 X30 Y30
G0 F3600 X41.309 Y60.244
M204 S500
M205 X10 Y10
G1 F2400 X43.815 Y57.738 E588.76183
G1 X44.027 Y57.526
M204 S2000
M205 X30 Y30
G0 F3600 X46.173 Y57.738
M204 S500
M205 X10 Y10
G1 F2400 X41.542 Y62.369 E589.04545
G1 X41.33 Y62.581
M204 S2000
M205 X30 Y30
G0 F3600 X43.9 Y62.369
M204 S500
M205 X10 Y10
G1 F2400 X46.637 Y59.631 E589.21311
G1 X46.849 Y59.419
M204 S2000
M205 X30 Y30
G0 F3600 X46.637 Y61.989
M204 S500
M205 X10 Y10
G1 F2400 X46.257 Y62.369 E589.23638
M204 S2000
M205 X30 Y30
G0 F3600 X46.838 Y62.57
M204 S500
M205 X10 Y10
;TYPE:WALL-INNER
G1 F2400 X41.11 Y62.57 E589.48444
G1 X41.11 Y57.54 E589.70226
G1 X46.838 Y57.54 E589.95032
G1 X46.838 Y62.058 E590.14597
G0 F1920 X46.838 Y62.57
M204 S2000
M205 X30 Y30
G0 F3600 X47.338 Y63.07
M204 S500
M205 X10 Y10
G1 F2400 X40.61 Y63.07 E590.43733
G1 X40.61 Y57.04 E590.69847
G1 X47.338 Y57.04 E590.98983
G1 X47.338 Y62.558 E591.22879
G0 F1920 X47.338 Y63.07
M204 S2000
M205 X30 Y30
G1 F2700 E587.22879
G0 F3600 X40.718 Y56.818
G0 X40.746 Y56.54
M204 S500
M205 X10 Y10
;TYPE:WALL-OUTER
G1 F2700 E591.22879
G1 F1200 X43.199 Y56.54 E591.33502
G1 X43.199 Y56.15 E591.35191
G1 X43.317 Y56.15 E591.35702
G1 X43.317 Y56.54 E591.37391
G1 X46.917 Y56.54 E591.52981
G1 X46.917 Y56.15 E591.5467
G1 X47.838 Y56.15 E591.58658
G1 X47.838 Y63.57 E591.90791
G1 X40.11 Y63.57 E592.24258
G1 X40.11 Y56.15 E592.56391
G1 X40.624 Y56.15 E592.58616
G0 F960 X40.746 Y56.15
G0 X40.746 Y56.54
M204 S2000
M205 X30 Y30
G0 F3600 X40.996 Y56.54
G1 F2700 E588.58616
G0 F3600 X40.676 Y56.61
G0 X46.945 Y56.818
G0 X47.824 Y56.521
G0 X48.753 Y56.521
G0 X72.439 Y56.664
G0 X73.868 Y56.664
G0 X74.553 Y57.648
M204 S500
M205 X10 Y10
;TYPE:FILL
G1 F2700 E592.58616
G1 F2400 X74.852 Y57.349 E592.60448
M204 S2000
M205 X30 Y30
G0 F3600 X77.209 Y57.349
M204 S500
M205 X10 Y10
G1 F2400 X74.553 Y60.005 E592.76714
G1 X74.341 Y60.217
M204 S2000
M205 X30 Y30
G0 F3600 X74.553 Y62.363
M204 S500
M205 X10 Y10
G1 F2400 X79.567 Y57.349 E593.07421
G1 X79.779 Y57.137
M204 S2000
M205 X30 Y30
G0 F3600 X79.609 Y59.664
M204 S500
M205 X10 Y10
G1 F2400 X76.904 Y62.37 E593.23991
G1 X76.692 Y62.582
M204 S2000
M205 X30 Y30
G0 F3600 X79.261 Y62.37
M204 S500
M205 X10 Y10
G1 F2400 X79.609 Y62.022 E593.26122
M204 S2000
M205 X30 Y30
G0 F3600 X79.81 Y62.57
M204 S500
M205 X10 Y10
;TYPE:WALL-INNER
G1 F2400 X74.354 Y62.57 E593.4975
G1 X74.354 Y57.15 E593.73222
G1 X79.81 Y57.15 E593.96849
G1 X79.81 Y62.058 E594.18104
G0 F1920 X79.81 Y62.57
M204 S2000
M205 X30 Y30
G0 F3600 X80.31 Y63.07
M204 S500
M205 X10 Y10
G1 F2400 X73.854 Y63.07 E594.46062
G1 X73.854 Y56.65 E594.73864
G1 X80.31 Y56.65 E595.01822
G1 X80.31 Y62.558 E595.27407
G0 F1920 X80.31 Y63.07
M204 S2000
M205 X30 Y30
G0 F3600 X80.81 Y63.57
M204 S500
M205 X10 Y10
;TYPE:WALL-OUTER
G1 F1200 X73.354 Y63.57 E595.59696
G1 X73.354 Y56.15 E595.91829
G1 X80.81 Y56.15 E596.24118
G1 X80.81 Y63.058 E596.54033
G0 F960 X80.81 Y63.57
M204 S2000
M205 X30 Y30
G0 F3600 X80.56 Y63.57
G0 X79.81 Y62.717
G1 F2700 E592.54033
;MESH:NONMESH
G0 F600 X79.81 Y62.717 Z12.8
G0 F3600 X73.874 Y57.739
G0 X72.439 Y57.739
G0 X48.753 Y57.739
G0 X47.568 Y57.739
G0 X41.651 Y57.739
;TIME_ELAPSED:726.753629
;LAYER:50
M204 S500
M205 X10 Y10
;TYPE:FILL
;MESH:PLATempTower
G1 F2700 E596.54033
G1 F2400 X46.28 Y62.368 E596.82383
G1 X46.492 Y62.58
M204 S2000
M205 X30 Y30
G0 F3600 X46.888 Y60.618
M204 S500
M205 X10 Y10
G1 F2400 X44.008 Y57.739 E597.00018
G1 X43.796 Y57.527
M204 S2000
M205 X30 Y30
G0 F3600 X46.366 Y57.739
M204 S500
M205 X10 Y10
G1 F2400 X46.888 Y58.261 E597.03215
M204 S2000
M205 X30 Y30
G0 F3600 X43.923 Y62.368
M204 S500
M205 X10 Y10
G1 F2400 X41.309 Y59.755 E597.19221
G1 X41.097 Y59.543
M204 S2000
M205 X30 Y30
G0 F3600 X41.309 Y62.112
M204 S500
M205 X10 Y10
G1 F2400 X41.565 Y62.368 E597.20789
M204 S2000
M205 X30 Y30
G0 F3600 X47.088 Y62.57
M204 S500
M205 X10 Y10
;TYPE:WALL-INNER
G1 F2400 X41.11 Y62.57 E597.46677
G1 X41.11 Y57.54 E597.6846
G1 X47.088 Y57.54 E597.94348
G1 X47.088 Y62.058 E598.13913
G0 F1920 X47.088 Y62.57
M204 S2000
M205 X30 Y30
G0 F3600 X47.511 Y57.04
M204 S500
M205 X10 Y10
G1 F2400 X47.511 Y56.65 E598.15602
G1 X47.588 Y56.65 E598.15936
G1 X47.588 Y63.07 E598.43738
G1 X40.61 Y63.07 E598.73957
G1 X40.61 Y57.04 E599.0007
G1 X46.999 Y57.04 E599.27738
G0 F1920 X47.511 Y57.04
M204 S2000
M205 X30 Y30
G1 F2700 E595.27738
G0 F3600 X40.883 Y56.818
G0 X40.911 Y56.54
M204 S500
M205 X10 Y10
;TYPE:WALL-OUTER
G1 F2700 E599.27738
G1 F1200 X42.408 Y56.54 E599.34221
G1 X42.409 Y56.15 E599.3591
G1 X43.317 Y56.15 E599.39842
G1 X43.317 Y56.54 E599.41531
G1 X47.011 Y56.54 E599.57528
G1 X47.011 Y56.15 E599.59217
G1 X48.088 Y56.15 E599.63881
G1 X48.088 Y63.57 E599.96014
G1 X40.11 Y63.57 E600.30563
G1 X40.11 Y56.15 E600.62696
G1 X40.789 Y56.15 E600.65637
G0 F960 X40.911 Y56.15
G0 X40.911 Y56.54
M204 S2000
M205 X30 Y30
G0 F3600 X41.161 Y56.54
G0 X40.86 Y56.54
G1 F2700 E596.65637
G0 F3600 X40.841 Y56.61
G0 X47.818 Y57.554
G0 X49.003 Y57.554
G0 X72.358 Y57.554
G0 X73.793 Y57.554
G0 X74.471 Y57.554
M204 S500
M205 X10 Y10
;TYPE:FILL
G1 F2700 E600.65637
G1 F2400 X79.286 Y62.369 E600.95125
G1 X79.498 Y62.581
M204 S2000
M205 X30 Y30
G0 F3600 X79.609 Y60.335
M204 S500
M205 X10 Y10
G1 F2400 X76.624 Y57.349 E601.1341
G1 X76.412 Y57.137
M204 S2000
M205 X30 Y30
G0 F3600 X78.981 Y57.349
M204 S500
M205 X10 Y10
G1 F2400 X79.609 Y57.977 E601.17256
M204 S2000
M205 X30 Y30
G0 F3600 X76.928 Y62.369
M204 S500
M205 X10 Y10
G1 F2400 X74.471 Y59.912 E601.32303
G1 X74.259 Y59.7
M204 S2000
M205 X30 Y30
G0 F3600 X74.471 Y62.269
M204 S500
M205 X10 Y10
G1 F2400 X74.571 Y62.369 E601.32916
M204 S2000
M205 X30 Y30
G0 F3600 X79.81 Y62.57
M204 S500
M205 X10 Y10
;TYPE:WALL-INNER
G1 F2400 X74.273 Y62.57 E601.56894
G1 X74.273 Y57.15 E601.80366
G1 X79.81 Y57.15 E602.04344
G1 X79.81 Y62.058 E602.25599
G0 F1920 X79.81 Y62.57
M204 S2000
M205 X30 Y30
G0 F3600 X80.31 Y63.07
M204 S500
M205 X10 Y10
G1 F2400 X73.773 Y63.07 E602.53908
G1 X73.773 Y56.65 E602.8171
G1 X80.31 Y56.65 E603.10019
G1 X80.31 Y62.558 E603.35604
G0 F1920 X80.31 Y63.07
M204 S2000
M205 X30 Y30
G0 F3600 X80.81 Y63.57
M204 S500
M205 X10 Y10
;TYPE:WALL-OUTER
G1 F1200 X73.273 Y63.57 E603.68243
G1 X73.273 Y56.15 E604.00376
G1 X80.81 Y56.15 E604.33016
G1 X80.81 Y63.058 E604.62931
G0 F960 X80.81 Y63.57
M204 S2000
M205 X30 Y30
G0 F3600 X80.56 Y63.57
G0 X79.81 Y62.717
G1 F2700 E600.62931
;MESH:NONMESH
G0 F600 X79.81 Y62.717 Z13.05
G0 F3600 X73.793 Y57.738
G0 X72.358 Y57.738
G0 X49.003 Y57.738
G0 X47.818 Y57.738
G0 X41.458 Y57.738
;TIME_ELAPSED:737.840613
;LAYER:51
M204 S500
M205 X10 Y10
;TYPE:FILL
;MESH:PLATempTower
G1 F2700 E604.62931
G1 F2400 X41.309 Y57.887 E604.63844
M204 S2000
M205 X30 Y30
G0 F3600 X41.309 Y60.244
M204 S500
M205 X10 Y10
G1 F2400 X43.815 Y57.738 E604.79192
G1 X44.027 Y57.526
M204 S2000
M205 X30 Y30
G0 F3600 X46.173 Y57.738
M204 S500
M205 X10 Y10
G1 F2400 X41.543 Y62.368 E605.07547
G1 X41.331 Y62.58
M204 S2000
M205 X30 Y30
G0 F3600 X43.9 Y62.368
M204 S500
M205 X10 Y10
G1 F2400 X47.137 Y59.131 E605.27372
G1 X47.349 Y58.919
M204 S2000
M205 X30 Y30
G0 F3600 X47.137 Y61.489
M204 S500
M205 X10 Y10
G1 F2400 X46.258 Y62.368 E605.32755
G1 X46.046 Y62.58
M204 S2000
M205 X30 Y30
G0 F3600 X47.338 Y62.57
M204 S500
M205 X10 Y10
;TYPE:WALL-INNER
G1 F2400 X41.11 Y62.57 E605.59726
G1 X41.11 Y57.54 E605.81509
G1 X47.338 Y57.54 E606.0848
G1 X47.338 Y62.058 E606.28045
G0 F1920 X47.338 Y62.57
M204 S2000
M205 X30 Y30
G0 F3600 X47.53 Y57.04
M204 S500
M205 X10 Y10
G1 F2400 X47.53 Y56.65 E606.29734
G1 X47.838 Y56.65 E606.31068
G1 X47.838 Y63.07 E606.5887
G1 X40.61 Y63.07 E606.90172
G1 X40.61 Y56.65 E607.17974
G1 X40.688 Y56.65 E607.18312
G1 X40.71 Y57.04 E607.20003
G1 X47.018 Y57.04 E607.4732
G0 F1920 X47.53 Y57.04
M204 S2000
M205 X30 Y30
G1 F2700 E603.4732
G0 F3600 X43.289 Y56.818
G0 X43.317 Y56.54
M204 S500
M205 X10 Y10
;TYPE:WALL-OUTER
G1 F2700 E607.4732
G1 F1200 X44.693 Y56.54 E607.53279
G1 X44.693 Y56.15 E607.54968
G1 X45.643 Y56.15 E607.59082
G1 X45.644 Y56.54 E607.60771
G1 X47.03 Y56.54 E607.66773
G1 X47.03 Y56.15 E607.68462
G1 X48.338 Y56.15 E607.74127
G1 X48.338 Y63.57 E608.0626
G1 X40.11 Y63.57 E608.41892
G1 X40.11 Y56.15 E608.74024
G1 X41.161 Y56.15 E608.78576
G1 X41.183 Y56.54 E608.80267
G1 X42.673 Y56.54 E608.8672
G1 X42.674 Y56.15 E608.88409
G1 X43.195 Y56.15 E608.90665
G0 F960 X43.317 Y56.15
G0 X43.317 Y56.54
M204 S2000
M205 X30 Y30
G0 F3600 X43.567 Y56.54
G0 X43.172 Y56.541
G1 F2700 E604.90665
G0 F3600 X48.068 Y57.81
G0 X49.253 Y57.81
G0 X72.277 Y57.81
G0 X73.712 Y57.81
G0 X74.391 Y57.81
M204 S500
M205 X10 Y10
;TYPE:FILL
G1 F2700 E608.90665
G1 F2400 X74.852 Y57.349 E608.93488
M204 S2000
M205 X30 Y30
G0 F3600 X77.209 Y57.349
M204 S500
M205 X10 Y10
G1 F2400 X74.391 Y60.168 E609.1075
G1 X74.179 Y60.38
M204 S2000
M205 X30 Y30
G0 F3600 X74.546 Y62.37
M204 S500
M205 X10 Y10
G1 F2400 X79.567 Y57.349 E609.415
G1 X79.779 Y57.137
M204 S2000
M205 X30 Y30
G0 F3600 X79.609 Y59.664
M204 S500
M205 X10 Y10
G1 F2400 X76.904 Y62.37 E609.5807
G1 X76.692 Y62.582
M204 S2000
M205 X30 Y30
G0 F3600 X79.261 Y62.37
M204 S500
M205 X10 Y10
G1 F2400 X79.609 Y62.022 E609.60201
M204 S2000
M205 X30 Y30
G0 F3600 X79.81 Y62.57
M204 S500
M205 X10 Y10
;TYPE:WALL-INNER
G1 F2400 X74.192 Y62.57 E609.8453
G1 X74.192 Y57.15 E610.08002
G1 X79.81 Y57.15 E610.32331
G1 X79.81 Y62.058 E610.53586
G0 F1920 X79.81 Y62.57
M204 S2000
M205 X30 Y30
G0 F3600 X80.31 Y63.07
M204 S500
M205 X10 Y10
G1 F2400 X73.692 Y63.07 E610.82245
G1 X73.692 Y56.65 E611.10048
G1 X80.31 Y56.65 E611.38707
G1 X80.31 Y62.558 E611.64292
G0 F1920 X80.31 Y63.07
M204 S2000
M205 X30 Y30
G0 F3600 X80.81 Y63.57
M204 S500
M205 X10 Y10
;TYPE:WALL-OUTER
G1 F1200 X73.192 Y63.57 E611.97283
G1 X73.192 Y56.15 E612.29416
G1 X80.81 Y56.15 E612.62406
G1 X80.81 Y63.058 E612.92321
G0 F960 X80.81 Y63.57
M204 S2000
M205 X30 Y30
G0 F3600 X80.56 Y63.57
G0 X79.81 Y62.717
G1 F2700 E608.92321
;MESH:NONMESH
G0 F600 X79.81 Y62.717 Z13.3
G0 F3600 X73.712 Y57.738
G0 X72.277 Y57.738
G0 X49.253 Y57.738
G0 X48.068 Y57.738
G0 X41.65 Y57.738
;TIME_ELAPSED:748.871513
;LAYER:52
M204 S500
M205 X10 Y10
;TYPE:FILL
;MESH:PLATempTower
G1 F2700 E612.92321
G1 F2400 X46.28 Y62.368 E613.20677
G1 X46.492 Y62.58
M204 S2000
M205 X30 Y30
G0 F3600 X47.388 Y61.118
M204 S500
M205 X10 Y10
G1 F2400 X44.008 Y57.738 E613.41378
G1 X43.796 Y57.526
M204 S2000
M205 X30 Y30
G0 F3600 X46.365 Y57.738
M204 S500
M205 X10 Y10
G1 F2400 X47.388 Y58.761 E613.47643
G1 X47.6 Y58.973
M204 S2000
M205 X30 Y30
G0 F3600 X43.923 Y62.368
M204 S500
M205 X10 Y10
G1 F2400 X41.309 Y59.755 E613.63649
G1 X41.097 Y59.543
M204 S2000
M205 X30 Y30
G0 F3600 X41.309 Y62.112
M204 S500
M205 X10 Y10
G1 F2400 X41.565 Y62.368 E613.65217
M204 S2000
M205 X30 Y30
G0 F3600 X47.588 Y62.57
M204 S500
M205 X10 Y10
;TYPE:WALL-INNER
G1 F2400 X41.11 Y62.57 E613.9327
G1 X41.11 Y57.54 E614.15053
G1 X47.588 Y57.54 E614.43106
G1 X47.588 Y62.058 E614.62672
G0 F1920 X47.588 Y62.57
M204 S2000
M205 X30 Y30
G0 F3600 X40.9 Y57.04
M204 S500
M205 X10 Y10
G1 F2400 X47.484 Y57.04 E614.91184
G1 X47.485 Y56.65 E614.92873
G1 X48.088 Y56.65 E614.95485
G1 X48.088 Y63.07 E615.23287
G1 X40.61 Y63.07 E615.55671
G1 X40.61 Y56.65 E615.83473
G1 X40.777 Y56.65 E615.84196
G0 F1920 X40.899 Y56.65
G0 X40.9 Y57.04
M204 S2000
M205 X30 Y30
G1 F2700 E611.84196
G0 F3600 X42.95 Y56.818
G0 X42.922 Y56.54
M204 S500
M205 X10 Y10
;TYPE:WALL-OUTER
G1 F2700 E615.84196
G1 F1200 X42.922 Y56.15 E615.85885
G1 X43.317 Y56.15 E615.87596
G1 X43.317 Y56.54 E615.89285
G1 X46.985 Y56.54 E616.05169
G1 X46.986 Y56.15 E616.06858
G1 X48.588 Y56.15 E616.13796
G1 X48.588 Y63.57 E616.45929
G1 X40.11 Y63.57 E616.82643
G1 X40.11 Y56.15 E617.14776
G1 X41.398 Y56.15 E617.20354
G1 X41.399 Y56.54 E617.22043
G1 X42.41 Y56.54 E617.26421
G0 F960 X42.922 Y56.54
M204 S2000
M205 X30 Y30
G0 F3600 X42.922 Y56.29
G1 F2700 E613.26421
G0 F3600 X43.022 Y56.29
G0 X48.318 Y57.386
G0 X49.503 Y57.386
G0 X72.189 Y57.386
G0 X73.624 Y57.386
G0 X74.303 Y57.386
M204 S500
M205 X10 Y10
;TYPE:FILL
G1 F2700 E617.26421
G1 F2400 X79.287 Y62.37 E617.56945
G1 X79.499 Y62.582
M204 S2000
M205 X30 Y30
G0 F3600 X79.609 Y60.335
M204 S500
M205 X10 Y10
G1 F2400 X76.624 Y57.349 E617.75229
G1 X76.412 Y57.137
M204 S2000
M205 X30 Y30
G0 F3600 X78.981 Y57.349
M204 S500
M205 X10 Y10
G1 F2400 X79.609 Y57.977 E617.79075
M204 S2000
M205 X30 Y30
G0 F3600 X76.929 Y62.37
M204 S500
M205 X10 Y10
G1 F2400 X74.303 Y59.744 E617.95158
G1 X74.091 Y59.532
M204 S2000
M205 X30 Y30
G0 F3600 X74.303 Y62.101
M204 S500
M205 X10 Y10
G1 F2400 X74.572 Y62.37 E617.96805
M204 S2000
M205 X30 Y30
G0 F3600 X79.81 Y62.57
M204 S500
M205 X10 Y10
;TYPE:WALL-INNER
G1 F2400 X74.104 Y62.57 E618.21515
G1 X74.104 Y57.15 E618.44987
G1 X79.81 Y57.15 E618.69697
G1 X79.81 Y62.058 E618.90952
G0 F1920 X79.81 Y62.57
M204 S2000
M205 X30 Y30
G0 F3600 X80.31 Y63.07
M204 S500
M205 X10 Y10
G1 F2400 X73.604 Y63.07 E619.19993
G1 X73.604 Y56.65 E619.47795
G1 X80.31 Y56.65 E619.76836
G1 X80.31 Y62.558 E620.02421
G0 F1920 X80.31 Y63.07
M204 S2000
M205 X30 Y30
G0 F3600 X80.81 Y63.57
M204 S500
M205 X10 Y10
;TYPE:WALL-OUTER
G1 F1200 X73.104 Y63.57 E620.35792
G1 X73.104 Y56.15 E620.67925
G1 X80.81 Y56.15 E621.01297
G1 X80.81 Y63.058 E621.31212
G0 F960 X80.81 Y63.57
M204 S2000
M205 X30 Y30
G0 F3600 X80.56 Y63.57
G0 X79.81 Y62.717
G1 F2700 E617.31212
;MESH:NONMESH
G0 F600 X79.81 Y62.717 Z13.55
G0 F3600 X73.624 Y57.738
G0 X72.189 Y57.738
G0 X49.503 Y57.738
G0 X48.318 Y57.738
G0 X41.458 Y57.738
;TIME_ELAPSED:760.195037
;LAYER:53
M204 S500
M205 X10 Y10
;TYPE:FILL
;MESH:PLATempTower
G1 F2700 E621.31212
G1 F2400 X41.309 Y57.887 E621.32125
M204 S2000
M205 X30 Y30
G0 F3600 X41.309 Y60.244
M204 S500
M205 X10 Y10
G1 F2400 X43.815 Y57.738 E621.47472
G1 X44.027 Y57.526
M204 S2000
M205 X30 Y30
G0 F3600 X46.173 Y57.738
M204 S500
M205 X10 Y10
G1 F2400 X41.542 Y62.369 E621.75834
G1 X41.33 Y62.581
M204 S2000
M205 X30 Y30
G0 F3600 X43.9 Y62.369
M204 S500
M205 X10 Y10
G1 F2400 X47.637 Y58.631 E621.98724
G1 X47.849 Y58.419
M204 S2000
M205 X30 Y30
G0 F3600 X47.637 Y60.989
M204 S500
M205 X10 Y10
G1 F2400 X46.257 Y62.369 E622.07176
G1 X46.045 Y62.581
M204 S2000
M205 X30 Y30
G0 F3600 X47.838 Y62.57
M204 S500
M205 X10 Y10
;TYPE:WALL-INNER
G1 F2400 X41.11 Y62.57 E622.36312
G1 X41.11 Y57.54 E622.58094
G1 X47.838 Y57.54 E622.87231
G1 X47.838 Y62.058 E623.06796
G0 F1920 X47.838 Y62.57
M204 S2000
M205 X30 Y30
G0 F3600 X41.147 Y57.04
M204 S500
M205 X10 Y10
G1 F2400 X47.347 Y57.04 E623.33646
G1 X47.348 Y56.65 E623.35335
G1 X48.338 Y56.65 E623.39622
G1 X48.338 Y63.07 E623.67424
G1 X40.61 Y63.07 E624.00891
G1 X40.61 Y56.65 E624.28693
G1 X41.025 Y56.65 E624.3049
G0 F1920 X41.147 Y56.65
G0 X41.147 Y57.04
M204 S2000
M205 X30 Y30
G0 F3600 X41.647 Y56.54
M204 S500
M205 X10 Y10
;TYPE:WALL-OUTER
G1 F1200 X43.093 Y56.54 E624.36752
G1 X43.093 Y56.15 E624.38441
G1 X43.317 Y56.15 E624.39411
G1 X43.317 Y56.54 E624.411
G1 X46.848 Y56.54 E624.56391
G1 X46.849 Y56.15 E624.5808
G1 X48.838 Y56.15 E624.66694
G1 X48.838 Y63.57 E624.98827
G1 X40.11 Y63.57 E625.36624
G1 X40.11 Y56.15 E625.68757
G1 X41.525 Y56.15 E625.74885
G0 F960 X41.647 Y56.15
G0 X41.647 Y56.54
M204 S2000
M205 X30 Y30
G0 F3600 X41.897 Y56.54
G0 X41.897 Y57.29
G1 F2700 E621.74885
G0 F3600 X48.568 Y58.042
G0 X49.753 Y58.042
G0 X72.045 Y58.042
G0 X73.48 Y58.042
G0 X74.159 Y58.042
M204 S500
M205 X10 Y10
;TYPE:FILL
G1 F2700 E625.74885
G1 F2400 X74.852 Y57.349 E625.79129
M204 S2000
M205 X30 Y30
G0 F3600 X77.209 Y57.349
M204 S500
M205 X10 Y10
G1 F2400 X74.159 Y60.4 E625.97811
G1 X73.947 Y60.612
M204 S2000
M205 X30 Y30
G0 F3600 X74.546 Y62.37
M204 S500
M205 X10 Y10
G1 F2400 X79.567 Y57.349 E626.28561
G1 X79.779 Y57.137
M204 S2000
M205 X30 Y30
G0 F3600 X79.609 Y59.664
M204 S500
M205 X10 Y10
G1 F2400 X76.904 Y62.37 E626.45131
G1 X76.692 Y62.582
M204 S2000
M205 X30 Y30
G0 F3600 X79.261 Y62.37
M204 S500
M205 X10 Y10
G1 F2400 X79.609 Y62.022 E626.47262
M204 S2000
M205 X30 Y30
G0 F3600 X79.81 Y62.57
M204 S500
M205 X10 Y10
;TYPE:WALL-INNER
G1 F2400 X73.96 Y62.57 E626.72596
G1 X73.96 Y57.15 E626.96068
G1 X79.81 Y57.15 E627.21402
G1 X79.81 Y62.058 E627.42656
G0 F1920 X79.81 Y62.57
M204 S2000
M205 X30 Y30
G0 F3600 X80.31 Y63.07
M204 S500
M205 X10 Y10
G1 F2400 X73.46 Y63.07 E627.72321
G1 X73.46 Y56.65 E628.00123
G1 X80.31 Y56.65 E628.29787
G1 X80.31 Y62.558 E628.55372
G0 F1920 X80.31 Y63.07
M204 S2000
M205 X30 Y30
G0 F3600 X80.81 Y63.57
M204 S500
M205 X10 Y10
;TYPE:WALL-OUTER
G1 F1200 X72.96 Y63.57 E628.89367
G1 X72.96 Y56.15 E629.215
G1 X80.81 Y56.15 E629.55495
G1 X80.81 Y63.058 E629.85411
G0 F960 X80.81 Y63.57
M204 S2000
M205 X30 Y30
G0 F3600 X80.56 Y63.57
G0 X79.81 Y62.717
G1 F2700 E625.85411
;MESH:NONMESH
G0 F600 X79.81 Y62.717 Z13.8
G0 F3600 X73.48 Y57.764
G0 X72.045 Y57.764
G0 X49.753 Y57.764
G0 X48.568 Y57.764
G0 X41.676 Y57.764
;TIME_ELAPSED:771.101738
;LAYER:54
M204 S500
M205 X10 Y10
;TYPE:FILL
;MESH:PLATempTower
G1 F2700 E629.85411
G1 F2400 X46.28 Y62.368 E630.13607
G1 X46.492 Y62.58
M204 S2000
M205 X30 Y30
G0 F3600 X47.888 Y61.618
M204 S500
M205 X10 Y10
G1 F2400 X44.008 Y57.739 E630.37367
G1 X43.796 Y57.527
M204 S2000
M205 X30 Y30
G0 F3600 X46.366 Y57.739
M204 S500
M205 X10 Y10
G1 F2400 X47.888 Y59.261 E630.46688
G1 X48.1 Y59.473
M204 S2000
M205 X30 Y30
G0 F3600 X43.923 Y62.368
M204 S500
M205 X10 Y10
G1 F2400 X41.309 Y59.755 E630.62694
G1 X41.097 Y59.543
M204 S2000
M205 X30 Y30
G0 F3600 X41.309 Y62.112
M204 S500
M205 X10 Y10
G1 F2400 X41.565 Y62.368 E630.64262
M204 S2000
M205 X30 Y30
G0 F3600 X47.468 Y57.54
M204 S500
M205 X10 Y10
;TYPE:WALL-INNER
G1 F2400 X47.468 Y57.15 E630.65951
G1 X48.088 Y57.15 E630.68636
G1 X48.088 Y62.57 E630.92107
G1 X41.11 Y62.57 E631.22326
G1 X41.11 Y57.586 E631.4391
G1 X42.286 Y57.54 E631.49006
G1 X46.956 Y57.54 E631.6923
G0 F1920 X47.468 Y57.54
M204 S2000
M205 X30 Y30
G0 F3600 X41.301 Y57.078
M204 S500
M205 X10 Y10
G1 F2400 X42.266 Y57.04 E631.73412
G1 X46.968 Y57.04 E631.93775
G1 X46.968 Y56.65 E631.95464
G1 X48.588 Y56.65 E632.02479
G1 X48.588 Y63.07 E632.30281
G1 X40.61 Y63.07 E632.64831
G1 X40.61 Y56.65 E632.92633
G1 X41.217 Y56.65 E632.95262
G0 F1920 X41.301 Y56.65
G0 X41.301 Y57.078
M204 S2000
M205 X30 Y30
G0 F3600 X41.801 Y56.558
M204 S500
M205 X10 Y10
;TYPE:WALL-OUTER
G1 F1200 X42.703 Y56.522 E632.99171
G1 X42.703 Y56.54 E632.99249
G1 X46.468 Y56.54 E633.15554
G1 X46.468 Y56.15 E633.17242
G1 X49.088 Y56.15 E633.28589
G1 X49.088 Y63.57 E633.60721
G1 X40.11 Y63.57 E633.99601
G1 X40.11 Y56.15 E634.31734
G1 X41.697 Y56.15 E634.38607
G0 F960 X41.801 Y56.15
G0 X41.801 Y56.558
M204 S2000
M205 X30 Y30
G0 F3600 X42.051 Y56.549
G0 X42.079 Y57.298
G1 F2700 E630.38607
G0 F3600 X48.818 Y59.454
G0 X50.003 Y59.454
G0 X71.9 Y59.454
G0 X73.335 Y59.454
G0 X74.014 Y59.454
M204 S500
M205 X10 Y10
;TYPE:FILL
G1 F2700 E634.38607
G1 F2400 X76.928 Y62.369 E634.56456
G1 X77.14 Y62.581
M204 S2000
M205 X30 Y30
G0 F3600 X74.571 Y62.369
M204 S500
M205 X10 Y10
G1 F2400 X74.014 Y61.812 E634.59868
M204 S2000
M205 X30 Y30
G0 F3600 X74.267 Y57.35
M204 S500
M205 X10 Y10
G1 F2400 X79.286 Y62.369 E634.90606
G1 X79.498 Y62.581
M204 S2000
M205 X30 Y30
G0 F3600 X79.609 Y60.335
M204 S500
M205 X10 Y10
G1 F2400 X76.624 Y57.35 E635.08887
G1 X76.412 Y57.138
M204 S2000
M205 X30 Y30
G0 F3600 X78.982 Y57.35
M204 S500
M205 X10 Y10
G1 F2400 X79.609 Y57.977 E635.12727
M204 S2000
M205 X30 Y30
G0 F3600 X79.81 Y62.57
M204 S500
M205 X10 Y10
;TYPE:WALL-INNER
G1 F2400 X73.815 Y62.57 E635.38689
G1 X73.815 Y57.15 E635.6216
G1 X79.81 Y57.15 E635.88122
G1 X79.81 Y62.058 E636.09377
G0 F1920 X79.81 Y62.57
M204 S2000
M205 X30 Y30
G0 F3600 X80.31 Y63.07
M204 S500
M205 X10 Y10
G1 F2400 X73.315 Y63.07 E636.39669
G1 X73.315 Y56.65 E636.67471
G1 X80.31 Y56.65 E636.97764
G1 X80.31 Y62.558 E637.23349
G0 F1920 X80.31 Y63.07
M204 S2000
M205 X30 Y30
G0 F3600 X80.81 Y63.57
M204 S500
M205 X10 Y10
;TYPE:WALL-OUTER
G1 F1200 X72.815 Y63.57 E637.57972
G1 X72.815 Y56.15 E637.90104
G1 X80.81 Y56.15 E638.24727
G1 X80.81 Y63.058 E638.54643
G0 F960 X80.81 Y63.57
M204 S2000
M205 X30 Y30
G0 F3600 X80.56 Y63.57
G0 X79.81 Y62.717
G1 F2700 E634.54643
;MESH:NONMESH
G0 F600 X79.81 Y62.717 Z14.05
G0 F3600 X73.335 Y57.738
G0 X71.9 Y57.738
G0 X50.003 Y57.738
G0 X48.818 Y57.738
G0 X41.458 Y57.738
;TIME_ELAPSED:782.334939
;LAYER:55
M204 S500
M205 X10 Y10
;TYPE:FILL
;MESH:PLATempTower
G1 F2700 E638.54643
G1 F2400 X41.309 Y57.887 E638.55555
M204 S2000
M205 X30 Y30
G0 F3600 X41.309 Y60.244
M204 S500
M205 X10 Y10
G1 F2400 X43.815 Y57.738 E638.70903
G1 X44.027 Y57.526
M204 S2000
M205 X30 Y30
G0 F3600 X46.173 Y57.738
M204 S500
M205 X10 Y10
G1 F2400 X41.543 Y62.368 E638.99259
G1 X41.331 Y62.58
M204 S2000
M205 X30 Y30
G0 F3600 X43.9 Y62.368
M204 S500
M205 X10 Y10
G1 F2400 X48.137 Y58.131 E639.25208
G1 X48.349 Y57.919
M204 S2000
M205 X30 Y30
G0 F3600 X48.137 Y60.489
M204 S500
M205 X10 Y10
G1 F2400 X46.258 Y62.368 E639.36715
G1 X46.046 Y62.58
M204 S2000
M205 X30 Y30
G0 F3600 X46.927 Y57.54
M204 S500
M205 X10 Y10
;TYPE:WALL-INNER
G1 F2400 X46.949 Y57.15 E639.38407
G1 X48.338 Y57.15 E639.44422
G1 X48.338 Y62.57 E639.67894
G1 X41.11 Y62.57 E639.99195
G1 X41.11 Y57.543 E640.20965
G1 X41.197 Y57.54 E640.21342
G1 X46.415 Y57.54 E640.43939
G0 F1920 X46.927 Y57.54
M204 S2000
M205 X30 Y30
G0 F3600 X41.307 Y57.04
M204 S500
M205 X10 Y10
G1 F2400 X46.454 Y57.04 E640.66228
G1 X46.476 Y56.65 E640.6792
G1 X48.838 Y56.65 E640.78149
G1 X48.838 Y63.07 E641.05951
G1 X40.61 Y63.07 E641.41583
G1 X40.61 Y57.062 E641.67601
G1 X40.8 Y57.054 E641.68425
G0 F1920 X41.307 Y57.035
G0 X41.307 Y57.04
M204 S2000
M205 X30 Y30
G0 F3600 X40.71 Y56.558
M204 S500
M205 X10 Y10
;TYPE:WALL-OUTER
G1 F1200 X41.807 Y56.515 E641.73179
G1 X41.807 Y56.54 E641.73287
G1 X45.981 Y56.54 E641.91363
G1 X46.003 Y56.15 E641.93055
G1 X49.338 Y56.15 E642.07497
G1 X49.338 Y63.57 E642.3963
G1 X40.11 Y63.57 E642.79593
G1 X40.11 Y56.15 E643.11725
G1 X40.606 Y56.15 E643.13873
G0 F960 X40.71 Y56.15
G0 X40.71 Y56.558
M204 S2000
M205 X30 Y30
G0 F3600 X40.96 Y56.549
G0 X40.988 Y57.298
G1 F2700 E639.13873
G0 F3600 X49.068 Y58.331
G0 X50.253 Y58.331
G0 X71.756 Y58.331
G0 X73.191 Y58.331
G0 X73.87 Y58.331
M204 S500
M205 X10 Y10
;TYPE:FILL
G1 F2700 E643.13873
G1 F2400 X74.852 Y57.349 E643.19888
G1 X75.064 Y57.137
M204 S2000
M205 X30 Y30
G0 F3600 X77.209 Y57.349
M204 S500
M205 X10 Y10
G1 F2400 X73.87 Y60.688 E643.40337
G1 X73.658 Y60.9
M204 S2000
M205 X30 Y30
G0 F3600 X74.546 Y62.37
M204 S500
M205 X10 Y10
G1 F2400 X79.567 Y57.349 E643.71087
G1 X79.779 Y57.137
M204 S2000
M205 X30 Y30
G0 F3600 X79.609 Y59.664
M204 S500
M205 X10 Y10
G1 F2400 X76.904 Y62.37 E643.87657
G1 X76.692 Y62.582
M204 S2000
M205 X30 Y30
G0 F3600 X79.261 Y62.37
M204 S500
M205 X10 Y10
G1 F2400 X79.609 Y62.022 E643.89788
M204 S2000
M205 X30 Y30
G0 F3600 X79.81 Y62.57
M204 S500
M205 X10 Y10
;TYPE:WALL-INNER
G1 F2400 X73.671 Y62.57 E644.16373
G1 X73.671 Y57.15 E644.39845
G1 X79.81 Y57.15 E644.6643
G1 X79.81 Y62.058 E644.87685
G0 F1920 X79.81 Y62.57
M204 S2000
M205 X30 Y30
G0 F3600 X80.31 Y63.07
M204 S500
M205 X10 Y10
G1 F2400 X73.171 Y63.07 E645.18601
G1 X73.171 Y56.65 E645.46403
G1 X80.31 Y56.65 E645.77319
G1 X80.31 Y62.558 E646.02904
G0 F1920 X80.31 Y63.07
M204 S2000
M205 X30 Y30
G0 F3600 X80.81 Y63.57
M204 S500
M205 X10 Y10
;TYPE:WALL-OUTER
G1 F1200 X72.671 Y63.57 E646.38151
G1 X72.671 Y56.15 E646.70283
G1 X80.81 Y56.15 E647.0553
G1 X80.81 Y63.058 E647.35446
G0 F960 X80.81 Y63.57
M204 S2000
M205 X30 Y30
G0 F3600 X80.56 Y63.57
G0 X79.81 Y62.717
G1 F2700 E643.35446
;MESH:NONMESH
G0 F600 X79.81 Y62.717 Z14.3
G0 F3600 X73.191 Y57.739
G0 X71.756 Y57.739
G0 X50.253 Y57.739
G0 X49.068 Y57.739
G0 X41.651 Y57.739
;TIME_ELAPSED:793.458634
;LAYER:56
M204 S500
M205 X10 Y10
;TYPE:FILL
;MESH:PLATempTower
G1 F2700 E647.35446
G1 F2400 X46.28 Y62.368 E647.63795
G1 X46.492 Y62.58
M204 S2000
M205 X30 Y30
G0 F3600 X48.388 Y62.118
M204 S500
M205 X10 Y10
G1 F2400 X44.008 Y57.739 E647.90617
G1 X43.796 Y57.527
M204 S2000
M205 X30 Y30
G0 F3600 X46.366 Y57.739
M204 S500
M205 X10 Y10
G1 F2400 X48.388 Y59.761 E648.03
G1 X48.6 Y59.973
M204 S2000
M205 X30 Y30
G0 F3600 X43.923 Y62.368
M204 S500
M205 X10 Y10
G1 F2400 X41.309 Y59.755 E648.19006
G1 X41.097 Y59.543
M204 S2000
M205 X30 Y30
G0 F3600 X41.309 Y62.112
M204 S500
M205 X10 Y10
G1 F2400 X41.565 Y62.368 E648.20574
M204 S2000
M205 X30 Y30
G0 F3600 X47.924 Y57.54
M204 S500
M205 X10 Y10
;TYPE:WALL-INNER
G1 F2400 X47.924 Y57.15 E648.22263
G1 X48.588 Y57.15 E648.25139
G1 X48.588 Y62.57 E648.4861
G1 X41.11 Y62.57 E648.80994
G1 X41.11 Y57.54 E649.02777
G1 X47.412 Y57.54 E649.30068
G0 F1920 X47.924 Y57.54
M204 S2000
M205 X30 Y30
G0 F3600 X47.424 Y57.04
M204 S500
M205 X10 Y10
G1 F2400 X47.424 Y56.65 E649.31757
G1 X49.088 Y56.65 E649.38963
G1 X49.088 Y63.07 E649.66766
G1 X40.61 Y63.07 E650.0348
G1 X40.61 Y57.04 E650.29594
G1 X46.912 Y57.04 E650.56885
G0 F1920 X47.424 Y57.04
M204 S2000
M205 X30 Y30
G0 F3600 X46.924 Y56.54
M204 S500
M205 X10 Y10
;TYPE:WALL-OUTER
G1 F1200 X46.924 Y56.15 E650.58574
G1 X49.588 Y56.15 E650.7011
G1 X49.588 Y63.57 E651.02243
G1 X40.11 Y63.57 E651.43288
G1 X40.11 Y56.15 E651.75421
G1 X40.799 Y56.15 E651.78405
G1 X40.799 Y56.54 E651.80094
G1 X43.109 Y56.54 E651.90098
G1 X43.11 Y56.15 E651.91787
G1 X43.153 Y56.15 E651.91973
G1 X43.154 Y56.54 E651.93662
G1 X44.693 Y56.54 E652.00326
G1 X44.707 Y56.54 E652.00387
G1 X46.412 Y56.54 E652.07771
G0 F960 X46.924 Y56.54
M204 S2000
M205 X30 Y30
G0 F3600 X46.924 Y56.29
G0 X47.674 Y56.753
G1 F2700 E648.07771
G0 F3600 X49.318 Y59.127
G0 X50.503 Y59.127
G0 X71.573 Y59.127
G0 X73.008 Y59.127
G0 X73.686 Y59.127
M204 S500
M205 X10 Y10
;TYPE:FILL
G1 F2700 E652.07771
G1 F2400 X76.928 Y62.369 E652.27626
G1 X77.14 Y62.581
M204 S2000
M205 X30 Y30
G0 F3600 X74.571 Y62.369
M204 S500
M205 X10 Y10
G1 F2400 X73.686 Y61.485 E652.33043
G1 X73.474 Y61.273
M204 S2000
M205 X30 Y30
G0 F3600 X74.266 Y57.349
M204 S500
M205 X10 Y10
G1 F2400 X79.286 Y62.369 E652.63787
G1 X79.498 Y62.581
M204 S2000
M205 X30 Y30
G0 F3600 X79.609 Y60.335
M204 S500
M205 X10 Y10
G1 F2400 X76.624 Y57.349 E652.82071
G1 X76.412 Y57.137
M204 S2000
M205 X30 Y30
G0 F3600 X78.981 Y57.349
M204 S500
M205 X10 Y10
G1 F2400 X79.609 Y57.977 E652.85917
M204 S2000
M205 X30 Y30
G0 F3600 X79.81 Y62.57
M204 S500
M205 X10 Y10
;TYPE:WALL-INNER
G1 F2400 X73.488 Y62.57 E653.13295
G1 X73.488 Y57.15 E653.36767
G1 X79.81 Y57.15 E653.64145
G1 X79.81 Y62.058 E653.85399
G0 F1920 X79.81 Y62.57
M204 S2000
M205 X30 Y30
G0 F3600 X80.31 Y63.07
M204 S500
M205 X10 Y10
G1 F2400 X72.988 Y63.07 E654.17108
G1 X72.988 Y56.65 E654.4491
G1 X80.31 Y56.65 E654.76619
G1 X80.31 Y62.558 E655.02204
G0 F1920 X80.31 Y63.07
M204 S2000
M205 X30 Y30
G0 F3600 X80.81 Y63.57
M204 S500
M205 X10 Y10
;TYPE:WALL-OUTER
G1 F1200 X72.488 Y63.57 E655.38243
G1 X72.488 Y56.15 E655.70376
G1 X80.81 Y56.15 E656.06415
G1 X80.81 Y63.058 E656.3633
G0 F960 X80.81 Y63.57
M204 S2000
M205 X30 Y30
G0 F3600 X80.56 Y63.57
G0 X79.81 Y62.717
G1 F2700 E652.3633
;MESH:NONMESH
G0 F600 X79.81 Y62.717 Z14.55
G0 F3600 X73.008 Y57.738
G0 X71.573 Y57.738
G0 X50.503 Y57.738
G0 X49.318 Y57.738
G0 X41.458 Y57.738
;TIME_ELAPSED:804.730520
;LAYER:57
M204 S500
M205 X10 Y10
;TYPE:FILL
;MESH:PLATempTower
G1 F2700 E656.3633
G1 F2400 X41.331 Y57.866 E656.37111
M204 S2000
M205 X30 Y30
G0 F3600 X41.321 Y60.233
M204 S500
M205 X10 Y10
G1 F2400 X43.813 Y57.74 E656.52376
G1 X44.025 Y57.528
M204 S2000
M205 X30 Y30
G0 F3600 X46.173 Y57.738
M204 S500
M205 X10 Y10
G1 F2400 X41.543 Y62.368 E656.80732
G1 X41.331 Y62.58
M204 S2000
M205 X30 Y30
G0 F3600 X43.9 Y62.368
M204 S500
M205 X10 Y10
G1 F2400 X48.637 Y57.632 E657.0974
G1 X48.849 Y57.42
M204 S2000
M205 X30 Y30
G0 F3600 X48.637 Y59.989
M204 S500
M205 X10 Y10
G1 F2400 X46.258 Y62.368 E657.2431
G1 X46.046 Y62.58
M204 S2000
M205 X30 Y30
G0 F3600 X47.924 Y57.54
M204 S500
M205 X10 Y10
;TYPE:WALL-INNER
G1 F2400 X47.924 Y57.15 E657.25999
G1 X48.838 Y57.15 E657.29957
G1 X48.838 Y62.57 E657.53428
G1 X41.112 Y62.57 E657.86886
G1 X41.132 Y57.54 E658.08669
G1 X42.393 Y57.54 E658.1413
G1 X42.395 Y57.594 E658.14364
G1 X43.866 Y57.54 E658.20739
G1 X47.412 Y57.54 E658.36095
G0 F1920 X47.924 Y57.54
M204 S2000
M205 X30 Y30
G0 F3600 X42.881 Y57.076
M204 S500
M205 X10 Y10
G1 F2400 X44.255 Y57.025 E658.42049
G1 X44.255 Y57.04 E658.42114
G1 X47.424 Y57.04 E658.55838
G1 X47.424 Y56.65 E658.57527
G1 X49.338 Y56.65 E658.65816
G1 X49.338 Y63.07 E658.93618
G1 X40.61 Y63.07 E659.31415
G1 X40.634 Y57.04 E659.57529
G1 X42.404 Y57.04 E659.65194
G0 F1920 X42.88 Y57.04
G0 X42.881 Y57.076
M204 S2000
M205 X30 Y30
G0 F3600 X43.373 Y56.557
M204 S500
M205 X10 Y10
;TYPE:WALL-OUTER
G1 F1200 X44.693 Y56.508 E659.70914
G1 X44.693 Y56.15 E659.72464
G1 X44.755 Y56.15 E659.72733
G1 X44.755 Y56.54 E659.74422
G1 X46.924 Y56.54 E659.83815
G1 X46.924 Y56.15 E659.85504
G1 X49.838 Y56.15 E659.98123
G1 X49.838 Y63.57 E660.30256
G1 X40.11 Y63.57 E660.72384
G1 X40.11 Y56.15 E661.04517
G1 X41.08 Y56.15 E661.08717
G1 X41.104 Y56.54 E661.10409
G1 X42.868 Y56.54 E661.18048
G1 X42.868 Y56.15 E661.19737
G1 X43.262 Y56.15 E661.21444
G0 F960 X43.367 Y56.15
G0 X43.373 Y56.557
M204 S2000
M205 X30 Y30
G0 F3600 X43.623 Y56.548
G0 X43.368 Y56.558
G1 F2700 E657.21444
G0 F3600 X43.272 Y56.557
G0 X49.568 Y58.74
G0 X50.753 Y58.74
G0 X71.348 Y58.74
G0 X72.783 Y58.74
G0 X73.462 Y58.74
M204 S500
M205 X10 Y10
;TYPE:FILL
G1 F2700 E661.21444
G1 F2400 X74.852 Y57.349 E661.2996
G1 X75.064 Y57.137
M204 S2000
M205 X30 Y30
G0 F3600 X77.209 Y57.349
M204 S500
M205 X10 Y10
G1 F2400 X73.462 Y61.097 E661.52911
G1 X73.25 Y61.309
M204 S2000
M205 X30 Y30
G0 F3600 X74.546 Y62.37
M204 S500
M205 X10 Y10
G1 F2400 X79.567 Y57.349 E661.83661
G1 X79.779 Y57.137
M204 S2000
M205 X30 Y30
G0 F3600 X79.609 Y59.664
M204 S500
M205 X10 Y10
G1 F2400 X76.904 Y62.37 E662.0023
G1 X76.692 Y62.582
M204 S2000
M205 X30 Y30
G0 F3600 X79.261 Y62.37
M204 S500
M205 X10 Y10
G1 F2400 X79.609 Y62.022 E662.02362
M204 S2000
M205 X30 Y30
G0 F3600 X79.81 Y62.57
M204 S500
M205 X10 Y10
;TYPE:WALL-INNER
G1 F2400 X73.263 Y62.57 E662.30714
G1 X73.263 Y57.15 E662.54186
G1 X79.81 Y57.15 E662.82538
G1 X79.81 Y62.058 E663.03792
G0 F1920 X79.81 Y62.57
M204 S2000
M205 X30 Y30
G0 F3600 X80.31 Y63.07
M204 S500
M205 X10 Y10
G1 F2400 X72.763 Y63.07 E663.36475
G1 X72.763 Y56.65 E663.64277
G1 X80.31 Y56.65 E663.9696
G1 X80.31 Y62.558 E664.22545
G0 F1920 X80.31 Y63.07
M204 S2000
M205 X30 Y30
G0 F3600 X80.81 Y63.57
M204 S500
M205 X10 Y10
;TYPE:WALL-OUTER
G1 F1200 X72.263 Y63.57 E664.59559
G1 X72.263 Y56.15 E664.91692
G1 X80.81 Y56.15 E665.28705
G1 X80.81 Y63.058 E665.58621
G0 F960 X80.81 Y63.57
M204 S2000
M205 X30 Y30
G0 F3600 X80.56 Y63.57
G0 X79.81 Y62.717
G1 F2700 E661.58621
;MESH:NONMESH
G0 F600 X79.81 Y62.717 Z14.8
G0 F3600 X72.783 Y57.397
G0 X71.348 Y57.397
G0 X50.753 Y57.397
G0 X49.568 Y57.397
G0 X41.309 Y57.397
;TIME_ELAPSED:816.334048
;LAYER:58
M204 S500
M205 X10 Y10
;TYPE:FILL
;MESH:PLATempTower
G1 F2700 E665.58621
G1 F2400 X46.28 Y62.368 E665.89065
G1 X46.492 Y62.58
M204 S2000
M205 X30 Y30
G0 F3600 X43.923 Y62.368
M204 S500
M205 X10 Y10
G1 F2400 X41.309 Y59.755 E666.05071
G1 X41.097 Y59.543
M204 S2000
M205 X30 Y30
G0 F3600 X41.309 Y62.112
M204 S500
M205 X10 Y10
G1 F2400 X41.565 Y62.368 E666.06639
M204 S2000
M205 X30 Y30
G0 F3600 X43.618 Y57.349
M204 S500
M205 X10 Y10
G1 F2400 X48.638 Y62.368 E666.3738
G1 X48.85 Y62.58
M204 S2000
M205 X30 Y30
G0 F3600 X48.888 Y60.261
M204 S500
M205 X10 Y10
G1 F2400 X45.976 Y57.349 E666.55214
G1 X45.764 Y57.137
M204 S2000
M205 X30 Y30
G0 F3600 X48.333 Y57.349
M204 S500
M205 X10 Y10
G1 F2400 X48.889 Y57.904 E666.58616
M204 S2000
M205 X30 Y30
G0 F3600 X49.088 Y62.57
M204 S500
M205 X10 Y10
;TYPE:WALL-INNER
G1 F2400 X41.11 Y62.57 E666.93165
G1 X41.11 Y57.15 E667.16637
G1 X49.089 Y57.15 E667.51191
G1 X49.088 Y62.058 E667.72445
G0 F1920 X49.088 Y62.57
M204 S2000
M205 X30 Y30
G0 F3600 X49.588 Y63.07
M204 S500
M205 X10 Y10
G1 F2400 X40.61 Y63.07 E668.11325
G1 X40.61 Y56.65 E668.39127
G1 X49.589 Y56.65 E668.78012
G1 X49.588 Y62.558 E669.03597
G0 F1920 X49.588 Y63.07
M204 S2000
M205 X30 Y30
G0 F3600 X50.088 Y63.57
M204 S500
M205 X10 Y10
;TYPE:WALL-OUTER
G1 F1200 X40.11 Y63.57 E669.46807
G1 X40.11 Y56.15 E669.7894
G1 X50.089 Y56.15 E670.22155
G1 X50.088 Y63.058 E670.5207
G0 F960 X50.088 Y63.57
M204 S2000
M205 X30 Y30
G0 F3600 X49.838 Y63.57
G0 X49.235 Y62.57
G1 F2700 E666.5207
G0 F3600 X49.569 Y61.03
G0 X51.004 Y61.03
G0 X71.123 Y61.03
G0 X72.558 Y61.03
G0 X73.237 Y61.035
M204 S500
M205 X10 Y10
;TYPE:FILL
G1 F2700 E670.5207
G1 F2400 X74.572 Y62.37 E670.60246
G1 X74.784 Y62.582
M204 S2000
M205 X30 Y30
G0 F3600 X76.929 Y62.37
M204 S500
M205 X10 Y10
G1 F2400 X73.237 Y58.677 E670.8286
G1 X73.025 Y58.465
M204 S2000
M205 X30 Y30
G0 F3600 X74.266 Y57.349
M204 S500
M205 X10 Y10
G1 F2400 X79.287 Y62.37 E671.13611
G1 X79.499 Y62.582
M204 S2000
M205 X30 Y30
G0 F3600 X79.609 Y60.335
M204 S500
M205 X10 Y10
G1 F2400 X76.624 Y57.349 E671.31895
G1 X76.412 Y57.137
M204 S2000
M205 X30 Y30
G0 F3600 X78.981 Y57.349
M204 S500
M205 X10 Y10
G1 F2400 X79.609 Y57.977 E671.35741
M204 S2000
M205 X30 Y30
G0 F3600 X79.81 Y62.57
M204 S500
M205 X10 Y10
;TYPE:WALL-INNER
G1 F2400 X73.038 Y62.57 E671.65068
G1 X73.038 Y57.15 E671.8854
G1 X79.81 Y57.15 E672.17866
G1 X79.81 Y62.058 E672.39121
G0 F1920 X79.81 Y62.57
M204 S2000
M205 X30 Y30
G0 F3600 X80.31 Y63.07
M204 S500
M205 X10 Y10
G1 F2400 X72.538 Y63.07 E672.72778
G1 X72.538 Y56.65 E673.0058
G1 X80.31 Y56.65 E673.34237
G1 X80.31 Y62.558 E673.59822
G0 F1920 X80.31 Y63.07
M204 S2000
M205 X30 Y30
G0 F3600 X80.81 Y63.57
M204 S500
M205 X10 Y10
;TYPE:WALL-OUTER
G1 F1200 X72.038 Y63.57 E673.9781
G1 X72.038 Y56.15 E674.29943
G1 X80.81 Y56.15 E674.67931
G1 X80.81 Y63.058 E674.97846
G0 F960 X80.81 Y63.57
M204 S2000
M205 X30 Y30
G0 F3600 X80.56 Y63.57
G0 X79.81 Y62.717
G1 F2700 E670.97846
;MESH:NONMESH
G0 F600 X79.81 Y62.717 Z15.05
G0 F3600 X72.558 Y57.349
G0 X71.123 Y57.349
G0 X51.004 Y57.344
G0 X49.569 Y57.344
G0 X41.847 Y57.349
;TIME_ELAPSED:827.563710
;LAYER:59
M204 S500
M205 X10 Y10
;TYPE:FILL
;MESH:PLATempTower
G1 F2700 E674.97846
G1 F2400 X41.31 Y57.886 E675.01135
M204 S2000
M205 X30 Y30
G0 F3600 X41.31 Y60.244
M204 S500
M205 X10 Y10
G1 F2400 X44.205 Y57.349 E675.18865
G1 X44.417 Y57.137
M204 S2000
M205 X30 Y30
G0 F3600 X46.562 Y57.349
M204 S500
M205 X10 Y10
G1 F2400 X41.542 Y62.369 E675.4961
G1 X41.33 Y62.581
M204 S2000
M205 X30 Y30
G0 F3600 X43.9 Y62.369
M204 S500
M205 X10 Y10
G1 F2400 X48.92 Y57.349 E675.80354
G1 X49.132 Y57.137
M204 S2000
M205 X30 Y30
G0 F3600 X49.138 Y59.488
M204 S500
M205 X10 Y10
G1 F2400 X46.257 Y62.369 E675.97998
G1 X46.045 Y62.581
M204 S2000
M205 X30 Y30
G0 F3600 X48.615 Y62.369
M204 S500
M205 X10 Y10
G1 F2400 X49.138 Y61.846 E676.01201
M204 S2000
M205 X30 Y30
G0 F3600 X49.338 Y62.57
M204 S500
M205 X10 Y10
;TYPE:WALL-INNER
G1 F2400 X41.11 Y62.57 E676.36833
G1 X41.11 Y57.15 E676.60305
G1 X49.339 Y57.15 E676.95941
G1 X49.338 Y62.058 E677.17196
G0 F1920 X49.338 Y62.57
M204 S2000
M205 X30 Y30
G0 F3600 X49.838 Y63.07
M204 S500
M205 X10 Y10
G1 F2400 X40.61 Y63.07 E677.57158
G1 X40.61 Y56.65 E677.8496
G1 X49.839 Y56.65 E678.24927
G1 X49.838 Y62.558 E678.50512
G0 F1920 X49.838 Y63.07
M204 S2000
M205 X30 Y30
G0 F3600 X50.338 Y63.57
M204 S500
M205 X10 Y10
;TYPE:WALL-OUTER
G1 F1200 X40.11 Y63.57 E678.94805
G1 X40.11 Y56.15 E679.26938
G1 X50.339 Y56.15 E679.71236
G1 X50.338 Y63.058 E680.01151
G0 F960 X50.338 Y63.57
M204 S2000
M205 X30 Y30
G0 F3600 X50.088 Y63.57
G0 X49.485 Y62.57
G1 F2700 E676.01151
G0 F3600 X49.819 Y61.586
G0 X51.254 Y61.586
G0 X70.854 Y61.584
G0 X72.269 Y61.583
G0 X72.968 Y61.591
M204 S500
M205 X10 Y10
;TYPE:FILL
G1 F2700 E680.01151
G1 F2400 X77.209 Y57.349 E680.27128
G1 X77.421 Y57.137
M204 S2000
M205 X30 Y30
G0 F3600 X74.852 Y57.349
M204 S500
M205 X10 Y10
G1 F2400 X72.967 Y59.234 E680.38672
G1 X72.755 Y59.446
M204 S2000
M205 X30 Y30
G0 F3600 X74.546 Y62.37
M204 S500
M205 X10 Y10
G1 F2400 X79.567 Y57.349 E680.69422
G1 X79.779 Y57.137
M204 S2000
M205 X30 Y30
G0 F3600 X79.609 Y59.664
M204 S500
M205 X10 Y10
G1 F2400 X76.904 Y62.37 E680.85992
G1 X76.692 Y62.582
M204 S2000
M205 X30 Y30
G0 F3600 X79.261 Y62.37
M204 S500
M205 X10 Y10
G1 F2400 X79.609 Y62.022 E680.88123
M204 S2000
M205 X30 Y30
G0 F3600 X79.81 Y62.57
M204 S500
M205 X10 Y10
;TYPE:WALL-INNER
G1 F2400 X72.769 Y62.57 E681.18615
G1 X72.768 Y57.15 E681.42086
G1 X79.81 Y57.15 E681.72582
G1 X79.81 Y62.058 E681.93837
G0 F1920 X79.81 Y62.57
M204 S2000
M205 X30 Y30
G0 F3600 X80.31 Y63.07
M204 S500
M205 X10 Y10
G1 F2400 X72.269 Y63.07 E682.28659
G1 X72.268 Y56.65 E682.56461
G1 X80.31 Y56.65 E682.91288
G1 X80.31 Y62.558 E683.16873
G0 F1920 X80.31 Y63.07
M204 S2000
M205 X30 Y30
G0 F3600 X80.81 Y63.57
M204 S500
M205 X10 Y10
;TYPE:WALL-OUTER
G1 F1200 X71.769 Y63.57 E683.56025
G1 X71.768 Y56.15 E683.88158
G1 X80.81 Y56.15 E684.27315
G1 X80.81 Y63.058 E684.57231
G0 F960 X80.81 Y63.57
M204 S2000
M205 X30 Y30
G0 F3600 X80.56 Y63.57
G0 X79.81 Y62.717
G1 F2700 E680.57231
;MESH:NONMESH
G0 F600 X79.81 Y62.717 Z15.3
G0 F3600 X72.269 Y57.393
G0 X70.854 Y57.394
G0 X51.254 Y57.388
G0 X49.819 Y57.388
G0 X41.309 Y57.397
;TIME_ELAPSED:838.772623
;LAYER:60
M204 S500
M205 X10 Y10
;TYPE:FILL
;MESH:PLATempTower
G1 F2700 E684.57231
G1 F2400 X46.28 Y62.368 E684.87675
G1 X46.492 Y62.58
M204 S2000
M205 X30 Y30
G0 F3600 X43.923 Y62.368
M204 S500
M205 X10 Y10
G1 F2400 X41.309 Y59.755 E685.03681
G1 X41.097 Y59.543
M204 S2000
M205 X30 Y30
G0 F3600 X41.309 Y62.112
M204 S500
M205 X10 Y10
G1 F2400 X41.565 Y62.368 E685.05249
M204 S2000
M205 X30 Y30
G0 F3600 X43.618 Y57.349
M204 S500
M205 X10 Y10
G1 F2400 X48.638 Y62.368 E685.3599
G1 X48.85 Y62.58
M204 S2000
M205 X30 Y30
G0 F3600 X49.388 Y60.761
M204 S500
M205 X10 Y10
G1 F2400 X45.976 Y57.349 E685.56886
G1 X45.764 Y57.137
M204 S2000
M205 X30 Y30
G0 F3600 X48.333 Y57.349
M204 S500
M205 X10 Y10
G1 F2400 X49.388 Y58.404 E685.63348
G1 X49.6 Y58.616
M204 S2000
M205 X30 Y30
G0 F3600 X49.588 Y62.57
M204 S500
M205 X10 Y10
;TYPE:WALL-INNER
G1 F2400 X41.11 Y62.57 E686.00062
G1 X41.11 Y57.15 E686.23534
G1 X49.589 Y57.15 E686.60253
G1 X49.588 Y62.058 E686.81507
G0 F1920 X49.588 Y62.57
M204 S2000
M205 X30 Y30
G0 F3600 X50.088 Y63.07
M204 S500
M205 X10 Y10
G1 F2400 X40.61 Y63.07 E687.22553
G1 X40.61 Y56.65 E687.50355
G1 X50.089 Y56.65 E687.91404
G1 X50.088 Y62.558 E688.16989
G0 F1920 X50.088 Y63.07
M204 S2000
M205 X30 Y30
G0 F3600 X50.588 Y63.57
M204 S500
M205 X10 Y10
;TYPE:WALL-OUTER
G1 F1200 X40.11 Y63.57 E688.62365
G1 X40.11 Y56.15 E688.94498
G1 X50.589 Y56.15 E689.39878
G1 X50.588 Y63.058 E689.69794
G0 F960 X50.588 Y63.57
M204 S2000
M205 X30 Y30
G0 F3600 X50.338 Y63.57
G0 X49.735 Y62.57
G1 F2700 E685.69794
G0 F3600 X50.069 Y60.416
G0 X51.504 Y60.416
G0 X70.51 Y60.414
G0 X71.925 Y60.413
G0 X72.623 Y60.421
M204 S500
M205 X10 Y10
;TYPE:FILL
G1 F2700 E689.69794
G1 F2400 X74.571 Y62.369 E689.81724
G1 X74.783 Y62.581
M204 S2000
M205 X30 Y30
G0 F3600 X76.928 Y62.369
M204 S500
M205 X10 Y10
G1 F2400 X72.623 Y58.064 E690.08089
G1 X72.411 Y57.852
M204 S2000
M205 X30 Y30
G0 F3600 X74.266 Y57.349
M204 S500
M205 X10 Y10
G1 F2400 X79.286 Y62.369 E690.38834
G1 X79.498 Y62.581
M204 S2000
M205 X30 Y30
G0 F3600 X79.609 Y60.335
M204 S500
M205 X10 Y10
G1 F2400 X76.624 Y57.349 E690.57118
G1 X76.412 Y57.137
M204 S2000
M205 X30 Y30
G0 F3600 X78.981 Y57.349
M204 S500
M205 X10 Y10
G1 F2400 X79.609 Y57.977 E690.60964
M204 S2000
M205 X30 Y30
G0 F3600 X79.81 Y62.57
M204 S500
M205 X10 Y10
;TYPE:WALL-INNER
G1 F2400 X72.425 Y62.57 E690.92945
G1 X72.424 Y57.15 E691.16417
G1 X79.81 Y57.15 E691.48403
G1 X79.81 Y62.058 E691.69657
G0 F1920 X79.81 Y62.57
M204 S2000
M205 X30 Y30
G0 F3600 X80.31 Y63.07
M204 S500
M205 X10 Y10
G1 F2400 X71.925 Y63.07 E692.05969
G1 X71.924 Y56.65 E692.33771
G1 X80.31 Y56.65 E692.70087
G1 X80.31 Y62.558 E692.95672
G0 F1920 X80.31 Y63.07
M204 S2000
M205 X30 Y30
G0 F3600 X80.81 Y63.57
M204 S500
M205 X10 Y10
;TYPE:WALL-OUTER
G1 F1200 X71.425 Y63.57 E693.36315
G1 X71.424 Y56.15 E693.68448
G1 X80.81 Y56.15 E694.09094
G1 X80.81 Y63.058 E694.3901
G0 F960 X80.81 Y63.57
M204 S2000
M205 X30 Y30
G0 F3600 X80.56 Y63.57
G0 X79.81 Y62.717
G1 F2700 E690.3901
;MESH:NONMESH
G0 F600 X79.81 Y62.717 Z15.55
G0 F3600 X71.925 Y57.345
G0 X70.51 Y57.346
G0 X51.504 Y57.34
G0 X50.069 Y57.34
G0 X41.847 Y57.349
;TIME_ELAPSED:850.288622
;LAYER:61
M204 S500
M205 X10 Y10
;TYPE:FILL
;MESH:PLATempTower
G1 F2700 E694.3901
G1 F2400 X41.31 Y57.886 E694.42299
M204 S2000
M205 X30 Y30
G0 F3600 X41.31 Y60.244
M204 S500
M205 X10 Y10
G1 F2400 X44.205 Y57.349 E694.60029
G1 X44.417 Y57.137
M204 S2000
M205 X30 Y30
G0 F3600 X46.562 Y57.349
M204 S500
M205 X10 Y10
G1 F2400 X41.543 Y62.368 E694.90767
G1 X41.331 Y62.58
M204 S2000
M205 X30 Y30
G0 F3600 X43.9 Y62.368
M204 S500
M205 X10 Y10
G1 F2400 X48.92 Y57.349 E695.21508
G1 X49.132 Y57.137
M204 S2000
M205 X30 Y30
G0 F3600 X49.638 Y58.988
M204 S500
M205 X10 Y10
G1 F2400 X46.258 Y62.368 E695.42208
G1 X46.046 Y62.58
M204 S2000
M205 X30 Y30
G0 F3600 X48.615 Y62.368
M204 S500
M205 X10 Y10
G1 F2400 X49.638 Y61.346 E695.48471
G1 X49.85 Y61.134
M204 S2000
M205 X30 Y30
G0 F3600 X49.838 Y62.57
M204 S500
M205 X10 Y10
;TYPE:WALL-INNER
G1 F2400 X41.11 Y62.57 E695.86268
G1 X41.11 Y57.15 E696.0974
G1 X49.839 Y57.15 E696.47541
G1 X49.838 Y62.058 E696.68796
G0 F1920 X49.838 Y62.57
M204 S2000
M205 X30 Y30
G0 F3600 X50.338 Y63.07
M204 S500
M205 X10 Y10
G1 F2400 X40.61 Y63.07 E697.10923
G1 X40.61 Y56.65 E697.38726
G1 X50.339 Y56.65 E697.80858
G1 X50.338 Y62.558 E698.06443
G0 F1920 X50.338 Y63.07
M204 S2000
M205 X30 Y30
G0 F3600 X50.838 Y63.57
M204 S500
M205 X10 Y10
;TYPE:WALL-OUTER
G1 F1200 X40.11 Y63.57 E698.52901
G1 X40.11 Y56.15 E698.85034
G1 X50.839 Y56.15 E699.31497
G1 X50.838 Y63.058 E699.61412
G0 F960 X50.838 Y63.57
M204 S2000
M205 X30 Y30
G0 F3600 X50.588 Y63.57
G0 X49.985 Y62.57
G1 F2700 E695.61412
G0 F3600 X51.754 Y62.274
G0 X70.166 Y62.272
G0 X71.581 Y62.271
G0 X72.28 Y62.279
M204 S500
M205 X10 Y10
;TYPE:FILL
G1 F2700 E699.61412
G1 F2400 X77.209 Y57.349 E699.91602
G1 X77.421 Y57.137
M204 S2000
M205 X30 Y30
G0 F3600 X74.852 Y57.349
M204 S500
M205 X10 Y10
G1 F2400 X72.28 Y59.921 E700.07354
G1 X72.068 Y60.133
M204 S2000
M205 X30 Y30
G0 F3600 X72.28 Y57.564
M204 S500
M205 X10 Y10
G1 F2400 X72.494 Y57.349 E700.08668
M204 S2000
M205 X30 Y30
G0 F3600 X74.546 Y62.37
M204 S500
M205 X10 Y10
G1 F2400 X79.567 Y57.349 E700.39418
G1 X79.779 Y57.137
M204 S2000
M205 X30 Y30
G0 F3600 X79.609 Y59.664
M204 S500
M205 X10 Y10
G1 F2400 X76.904 Y62.37 E700.55988
G1 X76.692 Y62.582
M204 S2000
M205 X30 Y30
G0 F3600 X79.261 Y62.37
M204 S500
M205 X10 Y10
G1 F2400 X79.609 Y62.022 E700.58119
M204 S2000
M205 X30 Y30
G0 F3600 X79.81 Y62.57
M204 S500
M205 X10 Y10
;TYPE:WALL-INNER
G1 F2400 X72.081 Y62.57 E700.9159
G1 X72.08 Y57.15 E701.15062
G1 X79.81 Y57.15 E701.48537
G1 X79.81 Y62.058 E701.69792
G0 F1920 X79.81 Y62.57
M204 S2000
M205 X30 Y30
G0 F3600 X80.31 Y63.07
M204 S500
M205 X10 Y10
G1 F2400 X71.581 Y63.07 E702.07593
G1 X71.58 Y56.65 E702.35395
G1 X80.31 Y56.65 E702.73201
G1 X80.31 Y62.558 E702.98786
G0 F1920 X80.31 Y63.07
M204 S2000
M205 X30 Y30
G0 F3600 X80.81 Y63.57
M204 S500
M205 X10 Y10
;TYPE:WALL-OUTER
G1 F1200 X71.081 Y63.57 E703.40919
G1 X71.08 Y56.15 E703.73051
G1 X80.81 Y56.15 E704.15188
G1 X80.81 Y63.058 E704.45103
G0 F960 X80.81 Y63.57
M204 S2000
M205 X30 Y30
G0 F3600 X80.56 Y63.57
G0 X79.81 Y62.717
G1 F2700 E700.45103
;MESH:NONMESH
G0 F600 X79.81 Y62.717 Z15.8
G0 F3600 X71.581 Y57.393
G0 X70.166 Y57.394
G0 X51.754 Y57.388
G0 X50.319 Y57.388
G0 X41.309 Y57.397
;TIME_ELAPSED:861.925945
;LAYER:62
M204 S500
M205 X10 Y10
;TYPE:FILL
;MESH:PLATempTower
G1 F2700 E704.45103
G1 F2400 X46.28 Y62.368 E704.75548
G1 X46.492 Y62.58
M204 S2000
M205 X30 Y30
G0 F3600 X43.923 Y62.368
M204 S500
M205 X10 Y10
G1 F2400 X41.309 Y59.755 E704.91554
G1 X41.097 Y59.543
M204 S2000
M205 X30 Y30
G0 F3600 X41.309 Y62.112
M204 S500
M205 X10 Y10
G1 F2400 X41.565 Y62.368 E704.93121
M204 S2000
M205 X30 Y30
G0 F3600 X43.618 Y57.349
M204 S500
M205 X10 Y10
G1 F2400 X48.638 Y62.368 E705.23863
G1 X48.85 Y62.58
M204 S2000
M205 X30 Y30
G0 F3600 X49.888 Y61.261
M204 S500
M205 X10 Y10
G1 F2400 X45.976 Y57.349 E705.47821
G1 X45.764 Y57.137
M204 S2000
M205 X30 Y30
G0 F3600 X48.333 Y57.349
M204 S500
M205 X10 Y10
G1 F2400 X49.889 Y58.904 E705.57348
G1 X50.101 Y59.116
M204 S2000
M205 X30 Y30
G0 F3600 X50.088 Y62.57
M204 S500
M205 X10 Y10
;TYPE:WALL-INNER
G1 F2400 X41.11 Y62.57 E705.96227
G1 X41.11 Y57.15 E706.19699
G1 X50.089 Y57.15 E706.58583
G1 X50.088 Y62.058 E706.79838
G0 F1920 X50.088 Y62.57
M204 S2000
M205 X30 Y30
G0 F3600 X50.588 Y63.07
M204 S500
M205 X10 Y10
G1 F2400 X40.61 Y63.07 E707.23048
G1 X40.61 Y56.65 E707.50851
G1 X50.589 Y56.65 E707.94065
G1 X50.588 Y62.558 E708.1965
G0 F1920 X50.588 Y63.07
M204 S2000
M205 X30 Y30
G0 F3600 X51.088 Y63.57
M204 S500
M205 X10 Y10
;TYPE:WALL-OUTER
G1 F1200 X40.11 Y63.57 E708.67191
G1 X40.11 Y56.15 E708.99324
G1 X51.089 Y56.15 E709.4687
G1 X51.088 Y63.058 E709.76785
G0 F960 X51.088 Y63.57
M204 S2000
M205 X30 Y30
G0 F3600 X50.838 Y63.57
G0 X50.235 Y62.57
G1 F2700 E705.76785
G0 F3600 X50.569 Y61.887
G0 X52.004 Y61.887
G0 X69.623 Y61.885
G0 X71.038 Y61.884
G0 X71.736 Y61.892
M204 S500
M205 X10 Y10
;TYPE:FILL
G1 F2700 E709.76785
G1 F2400 X72.213 Y62.369 E709.79707
M204 S2000
M205 X30 Y30
G0 F3600 X74.571 Y62.369
M204 S500
M205 X10 Y10
G1 F2400 X71.736 Y59.534 E709.97069
G1 X71.524 Y59.322
M204 S2000
M205 X30 Y30
G0 F3600 X71.909 Y57.349
M204 S500
M205 X10 Y10
G1 F2400 X76.928 Y62.369 E710.2781
G1 X77.14 Y62.581
M204 S2000
M205 X30 Y30
G0 F3600 X79.286 Y62.369
M204 S500
M205 X10 Y10
G1 F2400 X74.266 Y57.349 E710.58555
G1 X74.054 Y57.137
M204 S2000
M205 X30 Y30
G0 F3600 X76.624 Y57.349
M204 S500
M205 X10 Y10
G1 F2400 X79.609 Y60.335 E710.76839
G1 X79.821 Y60.547
M204 S2000
M205 X30 Y30
G0 F3600 X79.609 Y57.977
M204 S500
M205 X10 Y10
G1 F2400 X78.981 Y57.349 E710.80685
M204 S2000
M205 X30 Y30
G0 F3600 X79.81 Y62.57
M204 S500
M205 X10 Y10
;TYPE:WALL-INNER
G1 F2400 X71.538 Y62.57 E711.16507
G1 X71.537 Y57.15 E711.39979
G1 X79.81 Y57.15 E711.75806
G1 X79.81 Y62.058 E711.9706
G0 F1920 X79.81 Y62.57
M204 S2000
M205 X30 Y30
G0 F3600 X80.31 Y63.07
M204 S500
M205 X10 Y10
G1 F2400 X71.038 Y63.07 E712.37214
G1 X71.037 Y56.65 E712.65016
G1 X80.31 Y56.65 E713.05173
G1 X80.31 Y62.558 E713.30758
G0 F1920 X80.31 Y63.07
M204 S2000
M205 X30 Y30
G0 F3600 X80.81 Y63.57
M204 S500
M205 X10 Y10
;TYPE:WALL-OUTER
G1 F1200 X70.538 Y63.57 E713.75242
G1 X70.537 Y56.15 E714.07375
G1 X80.81 Y56.15 E714.51863
G1 X80.81 Y63.058 E714.81778
G0 F960 X80.81 Y63.57
M204 S2000
M205 X30 Y30
G0 F3600 X80.56 Y63.57
G0 X79.81 Y62.717
G1 F2700 E710.81778
;MESH:NONMESH
G0 F600 X79.81 Y62.717 Z16.05
G0 F3600 X71.038 Y57.345
G0 X69.623 Y57.346
G0 X52.004 Y57.34
G0 X50.569 Y57.34
G0 X41.847 Y57.349
;TIME_ELAPSED:873.863081
;LAYER:63
M204 S500
M205 X10 Y10
;TYPE:FILL
;MESH:PLATempTower
G1 F2700 E714.81778
G1 F2400 X41.31 Y57.886 E714.85067
M204 S2000
M205 X30 Y30
G0 F3600 X41.31 Y60.244
M204 S500
M205 X10 Y10
G1 F2400 X44.205 Y57.349 E715.02797
G1 X44.417 Y57.137
M204 S2000
M205 X30 Y30
G0 F3600 X46.13 Y57.781
M204 S500
M205 X10 Y10
G1 F2400 X41.542 Y62.369 E715.30896
G1 X41.33 Y62.581
M204 S2000
M205 X30 Y30
G0 F3600 X43.9 Y62.369
M204 S500
M205 X10 Y10
G1 F2400 X46.13 Y60.139 E715.44553
G1 X46.342 Y59.927
M204 S2000
M205 X30 Y30
G0 F3600 X74.789 Y59.77
M204 S500
M205 X10 Y10
G1 F2400 X77.209 Y57.349 E715.59377
G1 X77.421 Y57.137
M204 S2000
M205 X30 Y30
G0 F3600 X79.567 Y57.349
M204 S500
M205 X10 Y10
G1 F2400 X74.789 Y62.127 E715.88639
G1 X74.577 Y62.339
M204 S2000
M205 X30 Y30
G0 F3600 X76.904 Y62.37
M204 S500
M205 X10 Y10
G1 F2400 X79.609 Y59.664 E716.05209
G1 X79.821 Y59.452
M204 S2000
M205 X30 Y30
G0 F3600 X79.609 Y62.022
M204 S500
M205 X10 Y10
G1 F2400 X79.261 Y62.37 E716.0734
M204 S2000
M205 X30 Y30
G0 F3600 X79.81 Y62.57
M204 S500
M205 X10 Y10
;TYPE:WALL-INNER
G1 F2400 X41.11 Y62.57 E717.74933
G1 X41.11 Y57.15 E717.98405
G1 X79.81 Y57.15 E719.65998
G1 X79.81 Y62.058 E719.87252
G0 F1920 X79.81 Y62.57
M204 S2000
M205 X30 Y30
G0 F3600 X80.31 Y63.07
M204 S500
M205 X10 Y10
G1 F2400 X40.61 Y63.07 E721.59176
G1 X40.61 Y56.65 E721.86979
G1 X80.31 Y56.65 E723.58902
G1 X80.31 Y62.558 E723.84487
G0 F1920 X80.31 Y63.07
M204 S2000
M205 X30 Y30
G0 F3600 X80.81 Y63.57
M204 S500
M205 X10 Y10
;TYPE:WALL-OUTER
G1 F1200 X40.11 Y63.57 E725.60742
G1 X40.11 Y56.15 E725.92875
G1 X80.81 Y56.15 E727.69129
G1 X80.81 Y63.058 E727.99044
G0 F960 X80.81 Y63.57
M204 S2000
M205 X30 Y30
G0 F3600 X80.56 Y63.57
G0 X80.24 Y63
G0 X74.6 Y62.08
M204 S500
M205 X10 Y10
;TYPE:SKIN
G1 F1200 X46.32 Y62.08 E729.46013
G1 X46.32 Y57.64 E729.69087
G1 X74.6 Y57.64 E731.16055
G1 X74.6 Y61.568 E731.36469
G0 F960 X74.6 Y62.08
M204 S2000
M205 X30 Y30
G0 F3600 X74.375 Y61.5
M204 S500
M205 X10 Y10
G1 F1200 X46.544 Y61.5 E732.81103
M204 S2000
M205 X30 Y30
G0 F3600 X46.544 Y61
M204 S500
M205 X10 Y10
G1 F1200 X74.375 Y61 E734.25738
M204 S2000
M205 X30 Y30
G0 F3600 X74.375 Y60.5
M204 S500
M205 X10 Y10
G1 F1200 X46.544 Y60.5 E735.70373
M204 S2000
M205 X30 Y30
G0 F3600 X46.544 Y60
M204 S500
M205 X10 Y10
G1 F1200 X74.375 Y60 E737.15008
M204 S2000
M205 X30 Y30
G0 F3600 X74.375 Y59.5
M204 S500
M205 X10 Y10
G1 F1200 X46.544 Y59.5 E738.59643
M204 S2000
M205 X30 Y30
G0 F3600 X46.545 Y59
M204 S500
M205 X10 Y10
G1 F1200 X74.375 Y59 E740.04272
M204 S2000
M205 X30 Y30
G0 F3600 X74.375 Y58.5
M204 S500
M205 X10 Y10
G1 F1200 X46.545 Y58.5 E741.48902
M204 S2000
M205 X30 Y30
G0 F3600 X46.545 Y58
M204 S500
M205 X10 Y10
G1 F1200 X74.375 Y58 E742.93531
G1 X74.675 Y58
M204 S2000
M205 X30 Y30
;MESH:NONMESH
G0 F600 X74.675 Y58 Z16.3
G0 F3600 X41.309 Y57.397
;TIME_ELAPSED:901.338317
;LAYER:64
M204 S500
M205 X10 Y10
;TYPE:FILL
;MESH:PLATempTower
G1 F2400 X46.13 Y62.218 E743.23057
G1 X46.342 Y62.43
M204 S2000
M205 X30 Y30
G0 F3600 X43.923 Y62.368
M204 S500
M205 X10 Y10
G1 F2400 X41.309 Y59.755 E743.39063
G1 X41.097 Y59.543
M204 S2000
M205 X30 Y30
G0 F3600 X41.309 Y62.112
M204 S500
M205 X10 Y10
G1 F2400 X41.565 Y62.368 E743.40631
M204 S2000
M205 X30 Y30
G0 F3600 X46.13 Y59.86
M204 S500
M205 X10 Y10
G1 F2400 X43.618 Y57.349 E743.56012
G1 X43.406 Y57.137
M204 S2000
M205 X30 Y30
G0 F3600 X45.976 Y57.349
M204 S500
M205 X10 Y10
G1 F2400 X46.13 Y57.503 E743.56955
M204 S2000
M205 X30 Y30
G0 F3600 X74.789 Y57.872
M204 S500
M205 X10 Y10
G1 F2400 X79.286 Y62.369 E743.84497
G1 X79.498 Y62.581
M204 S2000
M205 X30 Y30
G0 F3600 X79.609 Y60.335
M204 S500
M205 X10 Y10
G1 F2400 X76.624 Y57.35 E744.02778
G1 X76.412 Y57.138
M204 S2000
M205 X30 Y30
G0 F3600 X78.982 Y57.35
M204 S500
M205 X10 Y10
G1 F2400 X79.609 Y57.977 E744.06618
M204 S2000
M205 X30 Y30
G0 F3600 X76.928 Y62.369
M204 S500
M205 X10 Y10
G1 F2400 X74.789 Y60.229 E744.19721
G1 X74.577 Y60.017
M204 S2000
M205 X30 Y30
G0 F3600 X79.81 Y62.57
M204 S500
M205 X10 Y10
;TYPE:WALL-INNER
G1 F2400 X41.11 Y62.57 E745.87314
G1 X41.11 Y57.15 E746.10786
G1 X79.81 Y57.15 E747.78379
G1 X79.81 Y62.058 E747.99633
G0 F1920 X79.81 Y62.57
M204 S2000
M205 X30 Y30
G0 F3600 X80.31 Y63.07
M204 S500
M205 X10 Y10
G1 F2400 X40.61 Y63.07 E749.71557
G1 X40.61 Y56.65 E749.99359
G1 X80.31 Y56.65 E751.71283
G1 X80.31 Y62.558 E751.96868
G0 F1920 X80.31 Y63.07
M204 S2000
M205 X30 Y30
G0 F3600 X80.81 Y63.57
M204 S500
M205 X10 Y10
;TYPE:WALL-OUTER
G1 F1200 X40.11 Y63.57 E753.73122
G1 X40.11 Y56.15 E754.05255
G1 X80.81 Y56.15 E755.8151
G1 X80.81 Y63.058 E756.11425
G0 F960 X80.81 Y63.57
M204 S2000
M205 X30 Y30
G0 F3600 X80.56 Y63.57
G0 X80.24 Y63
G0 X74.6 Y62.08
M204 S500
M205 X10 Y10
;TYPE:SKIN
G1 F1200 X46.32 Y62.08 E757.58394
G1 X46.32 Y57.64 E757.81468
G1 X74.6 Y57.64 E759.28436
G1 X74.6 Y61.568 E759.48849
G0 F960 X74.6 Y62.08
M204 S2000
M205 X30 Y30
G0 F3600 X74.374 Y58.11
M204 S500
M205 X10 Y10
G1 F1200 X74.128 Y57.864 E759.50657
M204 S2000
M205 X30 Y30
G0 F3600 X73.421 Y57.864
M204 S500
M205 X10 Y10
G1 F1200 X74.374 Y58.817 E759.57661
M204 S2000
M205 X30 Y30
G0 F3600 X74.374 Y59.524
M204 S500
M205 X10 Y10
G1 F1200 X72.713 Y57.864 E759.69865
M204 S2000
M205 X30 Y30
G0 F3600 X72.006 Y57.864
M204 S500
M205 X10 Y10
G1 F1200 X74.374 Y60.232 E759.87269
M204 S2000
M205 X30 Y30
G0 F3600 X74.374 Y60.939
M204 S500
M205 X10 Y10
G1 F1200 X71.299 Y57.864 E760.09869
M204 S2000
M205 X30 Y30
G0 F3600 X70.592 Y57.864
M204 S500
M205 X10 Y10
G1 F1200 X74.374 Y61.646 E760.37665
M204 S2000
M205 X30 Y30
G0 F3600 X73.875 Y61.854
M204 S500
M205 X10 Y10
G1 F1200 X69.885 Y57.864 E760.66989
M204 S2000
M205 X30 Y30
G0 F3600 X69.178 Y57.864
M204 S500
M205 X10 Y10
G1 F1200 X73.168 Y61.854 E760.96314
M204 S2000
M205 X30 Y30
G0 F3600 X72.461 Y61.854
M204 S500
M205 X10 Y10
G1 F1200 X68.471 Y57.864 E761.25638
M204 S2000
M205 X30 Y30
G0 F3600 X67.764 Y57.864
M204 S500
M205 X10 Y10
G1 F1200 X71.754 Y61.854 E761.54963
M204 S2000
M205 X30 Y30
G0 F3600 X71.047 Y61.854
M204 S500
M205 X10 Y10
G1 F1200 X67.057 Y57.864 E761.84288
M204 S2000
M205 X30 Y30
G0 F3600 X66.349 Y57.864
M204 S500
M205 X10 Y10
G1 F1200 X70.34 Y61.854 E762.13616
M204 S2000
M205 X30 Y30
G0 F3600 X69.633 Y61.854
M204 S500
M205 X10 Y10
G1 F1200 X65.642 Y57.864 E762.42944
M204 S2000
M205 X30 Y30
G0 F3600 X64.935 Y57.864
M204 S500
M205 X10 Y10
G1 F1200 X68.925 Y61.854 E762.72269
M204 S2000
M205 X30 Y30
G0 F3600 X68.218 Y61.854
M204 S500
M205 X10 Y10
G1 F1200 X64.228 Y57.864 E763.01593
M204 S2000
M205 X30 Y30
G0 F3600 X63.521 Y57.864
M204 S500
M205 X10 Y10
G1 F1200 X67.511 Y61.854 E763.30918
M204 S2000
M205 X30 Y30
G0 F3600 X66.804 Y61.854
M204 S500
M205 X10 Y10
G1 F1200 X62.814 Y57.864 E763.60242
M204 S2000
M205 X30 Y30
G0 F3600 X62.107 Y57.864
M204 S500
M205 X10 Y10
G1 F1200 X66.097 Y61.854 E763.89567
M204 S2000
M205 X30 Y30
G0 F3600 X65.39 Y61.854
M204 S500
M205 X10 Y10
G1 F1200 X61.4 Y57.864 E764.18892
M204 S2000
M205 X30 Y30
G0 F3600 X60.693 Y57.864
M204 S500
M205 X10 Y10
G1 F1200 X64.683 Y61.854 E764.48216
M204 S2000
M205 X30 Y30
G0 F3600 X63.976 Y61.854
M204 S500
M205 X10 Y10
G1 F1200 X59.985 Y57.864 E764.77545
M204 S2000
M205 X30 Y30
G0 F3600 X59.278 Y57.864
M204 S500
M205 X10 Y10
G1 F1200 X63.269 Y61.854 E765.06873
M204 S2000
M205 X30 Y30
G0 F3600 X62.561 Y61.854
M204 S500
M205 X10 Y10
G1 F1200 X58.571 Y57.864 E765.36197
M204 S2000
M205 X30 Y30
G0 F3600 X57.864 Y57.864
M204 S500
M205 X10 Y10
G1 F1200 X61.854 Y61.854 E765.65522
M204 S2000
M205 X30 Y30
G0 F3600 X61.147 Y61.854
M204 S500
M205 X10 Y10
G1 F1200 X57.157 Y57.864 E765.94847
M204 S2000
M205 X30 Y30
G0 F3600 X56.45 Y57.864
M204 S500
M205 X10 Y10
G1 F1200 X60.439 Y61.854 E766.24167
M204 S2000
M205 X30 Y30
G0 F3600 X59.732 Y61.854
M204 S500
M205 X10 Y10
G1 F1200 X55.743 Y57.864 E766.53488
M204 S2000
M205 X30 Y30
G0 F3600 X55.036 Y57.864
M204 S500
M205 X10 Y10
G1 F1200 X59.025 Y61.854 E766.82809
M204 S2000
M205 X30 Y30
G0 F3600 X58.318 Y61.854
M204 S500
M205 X10 Y10
G1 F1200 X54.329 Y57.864 E767.1213
M204 S2000
M205 X30 Y30
G0 F3600 X53.622 Y57.864
M204 S500
M205 X10 Y10
G1 F1200 X57.611 Y61.854 E767.41451
M204 S2000
M205 X30 Y30
G0 F3600 X56.904 Y61.854
M204 S500
M205 X10 Y10
G1 F1200 X52.914 Y57.864 E767.70776
M204 S2000
M205 X30 Y30
G0 F3600 X52.207 Y57.864
M204 S500
M205 X10 Y10
G1 F1200 X56.197 Y61.854 E768.001
M204 S2000
M205 X30 Y30
G0 F3600 X55.49 Y61.854
M204 S500
M205 X10 Y10
G1 F1200 X51.5 Y57.864 E768.29425
M204 S2000
M205 X30 Y30
G0 F3600 X50.793 Y57.864
M204 S500
M205 X10 Y10
G1 F1200 X54.783 Y61.854 E768.58749
M204 S2000
M205 X30 Y30
G0 F3600 X54.075 Y61.854
M204 S500
M205 X10 Y10
G1 F1200 X50.086 Y57.864 E768.8807
M204 S2000
M205 X30 Y30
G0 F3600 X49.379 Y57.864
M204 S500
M205 X10 Y10
G1 F1200 X53.368 Y61.854 E769.17391
M204 S2000
M205 X30 Y30
G0 F3600 X52.661 Y61.854
M204 S500
M205 X10 Y10
G1 F1200 X48.672 Y57.864 E769.46712
M204 S2000
M205 X30 Y30
G0 F3600 X47.965 Y57.864
M204 S500
M205 X10 Y10
G1 F1200 X51.954 Y61.854 E769.76033
M204 S2000
M205 X30 Y30
G0 F3600 X51.247 Y61.854
M204 S500
M205 X10 Y10
G1 F1200 X47.258 Y57.864 E770.05354
M204 S2000
M205 X30 Y30
G0 F3600 X46.55 Y57.864
M204 S500
M205 X10 Y10
G1 F1200 X50.54 Y61.854 E770.34679
M204 S2000
M205 X30 Y30
G0 F3600 X49.833 Y61.854
M204 S500
M205 X10 Y10
G1 F1200 X46.545 Y58.566 E770.58844
M204 S2000
M205 X30 Y30
G0 F3600 X46.545 Y59.273
M204 S500
M205 X10 Y10
G1 F1200 X49.126 Y61.854 E770.77813
M204 S2000
M205 X30 Y30
G0 F3600 X48.419 Y61.854
M204 S500
M205 X10 Y10
G1 F1200 X46.545 Y59.98 E770.91586
M204 S2000
M205 X30 Y30
G0 F3600 X46.545 Y60.687
M204 S500
M205 X10 Y10
G1 F1200 X47.712 Y61.854 E771.00163
M204 S2000
M205 X30 Y30
G0 F3600 X47.004 Y61.854
M204 S500
M205 X10 Y10
G1 F1200 X46.545 Y61.394 E771.0354
M204 S2000
M205 X30 Y30
;MESH:NONMESH
G0 F600 X46.545 Y61.394 Z16.55
G0 F3600 X41.847 Y57.349
;TIME_ELAPSED:930.121849
;LAYER:65
M204 S500
M205 X10 Y10
;TYPE:FILL
;MESH:PLATempTower
G1 F2400 X41.31 Y57.886 E771.06829
M204 S2000
M205 X30 Y30
G0 F3600 X41.31 Y60.244
M204 S500
M205 X10 Y10
G1 F2400 X44.205 Y57.349 E771.24559
G1 X44.417 Y57.137
M204 S2000
M205 X30 Y30
G0 F3600 X46.13 Y57.781
M204 S500
M205 X10 Y10
G1 F2400 X41.542 Y62.369 E771.52657
G1 X41.33 Y62.581
M204 S2000
M205 X30 Y30
G0 F3600 X43.9 Y62.369
M204 S500
M205 X10 Y10
G1 F2400 X46.13 Y60.139 E771.66315
G1 X46.342 Y59.927
M204 S2000
M205 X30 Y30
G0 F3600 X74.789 Y59.77
M204 S500
M205 X10 Y10
G1 F2400 X77.209 Y57.349 E771.81139
G1 X77.421 Y57.137
M204 S2000
M205 X30 Y30
G0 F3600 X79.567 Y57.349
M204 S500
M205 X10 Y10
G1 F2400 X74.789 Y62.127 E772.10401
G1 X74.577 Y62.339
M204 S2000
M205 X30 Y30
G0 F3600 X76.904 Y62.37
M204 S500
M205 X10 Y10
G1 F2400 X79.609 Y59.664 E772.2697
G1 X79.821 Y59.452
M204 S2000
M205 X30 Y30
G0 F3600 X79.609 Y62.022
M204 S500
M205 X10 Y10
G1 F2400 X79.261 Y62.37 E772.29101
M204 S2000
M205 X30 Y30
G0 F3600 X79.81 Y62.57
M204 S500
M205 X10 Y10
;TYPE:WALL-INNER
G1 F2400 X41.11 Y62.57 E773.96695
G1 X41.11 Y57.15 E774.20166
G1 X79.81 Y57.15 E775.8776
G1 X79.81 Y62.058 E776.09014
G0 F1920 X79.81 Y62.57
M204 S2000
M205 X30 Y30
G0 F3600 X80.31 Y63.07
M204 S500
M205 X10 Y10
G1 F2400 X40.61 Y63.07 E777.80938
G1 X40.61 Y56.65 E778.0874
G1 X80.31 Y56.65 E779.80664
G1 X80.31 Y62.558 E780.06249
G0 F1920 X80.31 Y63.07
M204 S2000
M205 X30 Y30
G0 F3600 X80.81 Y63.57
M204 S500
M205 X10 Y10
;TYPE:WALL-OUTER
G1 F1200 X40.11 Y63.57 E781.82503
G1 X40.11 Y56.15 E782.14636
G1 X80.81 Y56.15 E783.9089
G1 X80.81 Y63.058 E784.20806
G0 F960 X80.81 Y63.57
M204 S2000
M205 X30 Y30
G0 F3600 X80.56 Y63.57
G0 X80.24 Y63
G0 X74.6 Y62.08
M204 S500
M205 X10 Y10
;TYPE:SKIN
G1 F1200 X46.32 Y62.08 E785.67774
G1 X46.32 Y57.64 E785.90848
G1 X74.6 Y57.64 E787.37817
G1 X74.6 Y61.568 E787.5823
G0 F960 X74.6 Y62.08
M204 S2000
M205 X30 Y30
G0 F3600 X74.374 Y61.39
M204 S500
M205 X10 Y10
G1 F1200 X73.908 Y61.855 E787.61651
M204 S2000
M205 X30 Y30
G0 F3600 X73.201 Y61.855
M204 S500
M205 X10 Y10
G1 F1200 X74.374 Y60.683 E787.70269
M204 S2000
M205 X30 Y30
G0 F3600 X74.374 Y59.976
M204 S500
M205 X10 Y10
G1 F1200 X72.494 Y61.855 E787.84082
M204 S2000
M205 X30 Y30
G0 F3600 X71.787 Y61.855
M204 S500
M205 X10 Y10
G1 F1200 X74.374 Y59.268 E788.03095
M204 S2000
M205 X30 Y30
G0 F3600 X74.374 Y58.561
M204 S500
M205 X10 Y10
G1 F1200 X71.08 Y61.855 E788.27305
M204 S2000
M205 X30 Y30
G0 F3600 X70.373 Y61.855
M204 S500
M205 X10 Y10
G1 F1200 X74.364 Y57.864 E788.56637
M204 S2000
M205 X30 Y30
G0 F3600 X73.657 Y57.864
M204 S500
M205 X10 Y10
G1 F1200 X69.666 Y61.855 E788.85968
M204 S2000
M205 X30 Y30
G0 F3600 X68.959 Y61.855
M204 S500
M205 X10 Y10
G1 F1200 X72.95 Y57.864 E789.153
M204 S2000
M205 X30 Y30
G0 F3600 X72.242 Y57.864
M204 S500
M205 X10 Y10
G1 F1200 X68.252 Y61.855 E789.44629
M204 S2000
M205 X30 Y30
G0 F3600 X67.544 Y61.855
M204 S500
M205 X10 Y10
G1 F1200 X71.535 Y57.864 E789.73961
M204 S2000
M205 X30 Y30
G0 F3600 X70.828 Y57.864
M204 S500
M205 X10 Y10
G1 F1200 X66.837 Y61.855 E790.03293
M204 S2000
M205 X30 Y30
G0 F3600 X66.13 Y61.855
M204 S500
M205 X10 Y10
G1 F1200 X70.121 Y57.864 E790.32624
M204 S2000
M205 X30 Y30
G0 F3600 X69.414 Y57.864
M204 S500
M205 X10 Y10
G1 F1200 X65.423 Y61.855 E790.61956
M204 S2000
M205 X30 Y30
G0 F3600 X64.716 Y61.855
M204 S500
M205 X10 Y10
G1 F1200 X68.707 Y57.864 E790.91288
M204 S2000
M205 X30 Y30
G0 F3600 X68 Y57.864
M204 S500
M205 X10 Y10
G1 F1200 X64.009 Y61.855 E791.2062
M204 S2000
M205 X30 Y30
G0 F3600 X63.302 Y61.855
M204 S500
M205 X10 Y10
G1 F1200 X67.293 Y57.864 E791.49952
M204 S2000
M205 X30 Y30
G0 F3600 X66.586 Y57.864
M204 S500
M205 X10 Y10
G1 F1200 X62.595 Y61.855 E791.79284
M204 S2000
M205 X30 Y30
G0 F3600 X61.888 Y61.855
M204 S500
M205 X10 Y10
G1 F1200 X65.879 Y57.864 E792.08616
M204 S2000
M205 X30 Y30
G0 F3600 X65.171 Y57.864
M204 S500
M205 X10 Y10
G1 F1200 X61.181 Y61.855 E792.37944
M204 S2000
M205 X30 Y30
G0 F3600 X60.473 Y61.855
M204 S500
M205 X10 Y10
G1 F1200 X64.464 Y57.864 E792.67276
M204 S2000
M205 X30 Y30
G0 F3600 X63.757 Y57.864
M204 S500
M205 X10 Y10
G1 F1200 X59.767 Y61.854 E792.96601
M204 S2000
M205 X30 Y30
G0 F3600 X59.06 Y61.854
M204 S500
M205 X10 Y10
G1 F1200 X63.05 Y57.864 E793.25925
M204 S2000
M205 X30 Y30
G0 F3600 X62.343 Y57.864
M204 S500
M205 X10 Y10
G1 F1200 X58.353 Y61.854 E793.5525
M204 S2000
M205 X30 Y30
G0 F3600 X57.646 Y61.854
M204 S500
M205 X10 Y10
G1 F1200 X61.636 Y57.864 E793.84575
M204 S2000
M205 X30 Y30
G0 F3600 X60.929 Y57.864
M204 S500
M205 X10 Y10
G1 F1200 X56.939 Y61.854 E794.13899
M204 S2000
M205 X30 Y30
G0 F3600 X56.231 Y61.854
M204 S500
M205 X10 Y10
G1 F1200 X60.222 Y57.864 E794.43228
M204 S2000
M205 X30 Y30
G0 F3600 X59.515 Y57.864
M204 S500
M205 X10 Y10
G1 F1200 X55.524 Y61.854 E794.72556
M204 S2000
M205 X30 Y30
G0 F3600 X54.817 Y61.854
M204 S500
M205 X10 Y10
G1 F1200 X58.807 Y57.864 E795.0188
M204 S2000
M205 X30 Y30
G0 F3600 X58.1 Y57.864
M204 S500
M205 X10 Y10
G1 F1200 X54.11 Y61.854 E795.31205
M204 S2000
M205 X30 Y30
G0 F3600 X53.403 Y61.854
M204 S500
M205 X10 Y10
G1 F1200 X57.393 Y57.864 E795.6053
M204 S2000
M205 X30 Y30
G0 F3600 X56.686 Y57.864
M204 S500
M205 X10 Y10
G1 F1200 X52.696 Y61.854 E795.89854
M204 S2000
M205 X30 Y30
G0 F3600 X51.989 Y61.854
M204 S500
M205 X10 Y10
G1 F1200 X55.979 Y57.864 E796.19179
M204 S2000
M205 X30 Y30
G0 F3600 X55.272 Y57.864
M204 S500
M205 X10 Y10
G1 F1200 X51.282 Y61.854 E796.48503
M204 S2000
M205 X30 Y30
G0 F3600 X50.575 Y61.854
M204 S500
M205 X10 Y10
G1 F1200 X54.565 Y57.864 E796.77828
M204 S2000
M205 X30 Y30
G0 F3600 X53.858 Y57.864
M204 S500
M205 X10 Y10
G1 F1200 X49.867 Y61.854 E797.07156
M204 S2000
M205 X30 Y30
G0 F3600 X49.16 Y61.854
M204 S500
M205 X10 Y10
G1 F1200 X53.151 Y57.864 E797.36484
M204 S2000
M205 X30 Y30
G0 F3600 X52.443 Y57.864
M204 S500
M205 X10 Y10
G1 F1200 X48.453 Y61.854 E797.65809
M204 S2000
M205 X30 Y30
G0 F3600 X47.746 Y61.854
M204 S500
M205 X10 Y10
G1 F1200 X51.736 Y57.864 E797.95134
M204 S2000
M205 X30 Y30
G0 F3600 X51.029 Y57.864
M204 S500
M205 X10 Y10
G1 F1200 X47.039 Y61.854 E798.24458
M204 S2000
M205 X30 Y30
G0 F3600 X46.545 Y61.642
M204 S500
M205 X10 Y10
G1 F1200 X50.322 Y57.864 E798.52221
M204 S2000
M205 X30 Y30
G0 F3600 X49.615 Y57.864
M204 S500
M205 X10 Y10
G1 F1200 X46.545 Y60.934 E798.74784
M204 S2000
M205 X30 Y30
G0 F3600 X46.545 Y60.227
M204 S500
M205 X10 Y10
G1 F1200 X48.908 Y57.864 E798.92151
M204 S2000
M205 X30 Y30
G0 F3600 X48.201 Y57.864
M204 S500
M205 X10 Y10
G1 F1200 X46.545 Y59.52 E799.04322
M204 S2000
M205 X30 Y30
G0 F3600 X46.545 Y58.813
M204 S500
M205 X10 Y10
G1 F1200 X47.494 Y57.864 E799.11296
M204 S2000
M205 X30 Y30
G0 F3600 X46.787 Y57.864
M204 S500
M205 X10 Y10
G1 F1200 X46.545 Y58.106 E799.13075
M204 S2000
M205 X30 Y30
;MESH:NONMESH
G0 F600 X46.545 Y58.106 Z16.8
G0 F3600 X41.509 Y57.598
;TIME_ELAPSED:958.519994
;LAYER:66
M204 S500
M205 X10 Y10
;TYPE:FILL
;MESH:PLATempTower
G1 F2400 X46.08 Y62.168 E799.41066
G1 X46.292 Y62.38
M204 S2000
M205 X30 Y30
G0 F3600 X46.13 Y59.86
M204 S500
M205 X10 Y10
G1 F2400 X43.818 Y57.549 E799.55223
G1 X43.606 Y57.337
M204 S2000
M205 X30 Y30
G0 F3600 X41.509 Y59.955
M204 S500
M205 X10 Y10
G1 F2400 X43.723 Y62.168 E799.68779
G1 X43.935 Y62.38
M204 S2000
M205 X30 Y30
G0 F3600 X46.33 Y62.37
M204 S500
M205 X10 Y10
;TYPE:WALL-INNER
G1 F2400 X41.31 Y62.37 E799.90519
G1 X41.31 Y57.35 E800.12258
G1 X46.33 Y57.35 E800.33998
G1 X46.33 Y61.858 E800.5352
G0 F1920 X46.33 Y62.37
M204 S2000
M205 X30 Y30
G0 F3600 X46.83 Y62.87
M204 S500
M205 X10 Y10
G1 F2400 X40.81 Y62.87 E800.7959
G1 X40.81 Y56.85 E801.0566
G1 X46.83 Y56.85 E801.3173
G1 X46.83 Y62.358 E801.55583
G0 F1920 X46.83 Y62.87
M204 S2000
M205 X30 Y30
G0 F3600 X47.33 Y63.37
M204 S500
M205 X10 Y10
;TYPE:WALL-OUTER
G1 F1200 X40.31 Y63.37 E801.85983
G1 X40.31 Y56.35 E802.16384
G1 X47.33 Y56.35 E802.46785
G1 X47.33 Y62.858 E802.74968
G0 F960 X47.33 Y63.37
M204 S2000
M205 X30 Y30
G0 F3600 X47.08 Y63.37
G0 X46.33 Y62.517
G1 F2700 E798.74968
G0 F3600 X46.81 Y60.229
G0 X48.245 Y60.229
G0 X72.675 Y60.229
G0 X74.11 Y60.229
G0 X74.789 Y60.229
M204 S500
M205 X10 Y10
;TYPE:FILL
G1 F2700 E802.74968
G1 F2400 X76.729 Y62.17 E802.86852
G1 X76.941 Y62.382
M204 S2000
M205 X30 Y30
G0 F3600 X79.087 Y62.17
M204 S500
M205 X10 Y10
G1 F2400 X74.789 Y57.872 E803.13175
G1 X74.577 Y57.66
M204 S2000
M205 X30 Y30
G0 F3600 X76.824 Y57.55
M204 S500
M205 X10 Y10
G1 F2400 X79.409 Y60.135 E803.29006
G1 X79.621 Y60.347
M204 S2000
M205 X30 Y30
G0 F3600 X79.409 Y57.777
M204 S500
M205 X10 Y10
G1 F2400 X79.181 Y57.55 E803.304
M204 S2000
M205 X30 Y30
G0 F3600 X79.61 Y62.37
M204 S500
M205 X10 Y10
;TYPE:WALL-INNER
G1 F2400 X74.59 Y62.37 E803.52139
G1 X74.59 Y57.35 E803.73878
G1 X79.61 Y57.35 E803.95618
G1 X79.61 Y61.858 E804.1514
G0 F1920 X79.61 Y62.37
M204 S2000
M205 X30 Y30
G0 F3600 X80.11 Y62.87
M204 S500
M205 X10 Y10
G1 F2400 X74.09 Y62.87 E804.4121
G1 X74.09 Y56.85 E804.6728
G1 X80.11 Y56.85 E804.9335
G1 X80.11 Y62.358 E805.17203
G0 F1920 X80.11 Y62.87
M204 S2000
M205 X30 Y30
G0 F3600 X80.61 Y63.37
M204 S500
M205 X10 Y10
;TYPE:WALL-OUTER
G1 F1200 X73.59 Y63.37 E805.47604
G1 X73.59 Y56.35 E805.78004
G1 X80.61 Y56.35 E806.08405
G1 X80.61 Y62.858 E806.36588
G0 F960 X80.61 Y63.37
M204 S2000
M205 X30 Y30
G0 F3600 X80.36 Y63.37
G0 X79.61 Y62.517
G1 F2700 E802.36588
;MESH:NONMESH
G0 F600 X79.61 Y62.517 Z17.05
G0 F3600 X74.11 Y57.548
G0 X72.675 Y57.548
G0 X48.245 Y57.548
G0 X46.81 Y57.548
G0 X41.648 Y57.548
;TIME_ELAPSED:967.719806
;LAYER:67
;[CAZD:
M104 S205.0 T0
;:CAZD]
M204 S500
M205 X10 Y10
;TYPE:FILL
;MESH:PLATempTower
G1 F2700 E806.36588
G1 F2400 X41.509 Y57.687 E806.3744
M204 S2000
M205 X30 Y30
G0 F3600 X41.509 Y60.044
M204 S500
M205 X10 Y10
G1 F2400 X44.006 Y57.548 E806.52729
G1 X44.218 Y57.336
M204 S2000
M205 X30 Y30
G0 F3600 X46.129 Y57.782
M204 S500
M205 X10 Y10
G1 F2400 X41.743 Y62.168 E806.79591
G1 X41.531 Y62.38
M204 S2000
M205 X30 Y30
G0 F3600 X44.1 Y62.168
M204 S500
M205 X10 Y10
G1 F2400 X46.129 Y60.14 E806.92014
G1 X46.341 Y59.928
M204 S2000
M205 X30 Y30
G0 F3600 X46.33 Y62.37
M204 S500
M205 X10 Y10
;TYPE:WALL-INNER
G1 F2400 X41.31 Y62.37 E807.13753
G1 X41.31 Y57.35 E807.35493
G1 X46.33 Y57.35 E807.57232
G1 X46.33 Y61.858 E807.76754
G0 F1920 X46.33 Y62.37
M204 S2000
M205 X30 Y30
G0 F3600 X46.83 Y62.87
M204 S500
M205 X10 Y10
G1 F2400 X40.81 Y62.87 E808.02825
G1 X40.81 Y56.85 E808.28895
G1 X46.83 Y56.85 E808.54965
G1 X46.83 Y62.358 E808.78817
G0 F1920 X46.83 Y62.87
M204 S2000
M205 X30 Y30
G0 F3600 X47.33 Y63.37
M204 S500
M205 X10 Y10
;TYPE:WALL-OUTER
G1 F1200 X40.31 Y63.37 E809.09218
G1 X40.31 Y56.35 E809.39619
G1 X47.33 Y56.35 E809.70019
G1 X47.33 Y62.858 E809.98203
G0 F960 X47.33 Y63.37
M204 S2000
M205 X30 Y30
G0 F3600 X47.08 Y63.37
G0 X46.33 Y62.517
G1 F2700 E805.98203
G0 F3600 X48.245 Y62.127
G0 X72.675 Y62.127
G0 X74.11 Y62.127
G0 X74.789 Y62.127
M204 S500
M205 X10 Y10
;TYPE:FILL
G1 F2700 E809.98203
G1 F2400 X79.367 Y57.55 E810.26237
G1 X79.579 Y57.338
M204 S2000
M205 X30 Y30
G0 F3600 X79.409 Y59.865
M204 S500
M205 X10 Y10
G1 F2400 X77.104 Y62.17 E810.40354
G1 X76.892 Y62.382
M204 S2000
M205 X30 Y30
G0 F3600 X74.789 Y59.77
M204 S500
M205 X10 Y10
G1 F2400 X77.009 Y57.55 E810.5395
G1 X77.221 Y57.338
M204 S2000
M205 X30 Y30
G0 F3600 X79.61 Y62.37
M204 S500
M205 X10 Y10
;TYPE:WALL-INNER
G1 F2400 X74.59 Y62.37 E810.75689
G1 X74.59 Y57.35 E810.97429
G1 X79.61 Y57.35 E811.19168
G1 X79.61 Y61.858 E811.3869
G0 F1920 X79.61 Y62.37
M204 S2000
M205 X30 Y30
G0 F3600 X80.11 Y62.87
M204 S500
M205 X10 Y10
G1 F2400 X74.09 Y62.87 E811.6476
G1 X74.09 Y56.85 E811.9083
G1 X80.11 Y56.85 E812.169
G1 X80.11 Y62.358 E812.40753
G0 F1920 X80.11 Y62.87
M204 S2000
M205 X30 Y30
G0 F3600 X80.61 Y63.37
M204 S500
M205 X10 Y10
;TYPE:WALL-OUTER
G1 F1200 X73.59 Y63.37 E812.71154
G1 X73.59 Y56.35 E813.01555
G1 X80.61 Y56.35 E813.31955
G1 X80.61 Y62.858 E813.60139
G0 F960 X80.61 Y63.37
M204 S2000
M205 X30 Y30
G0 F3600 X80.36 Y63.37
G0 X79.61 Y62.517
G1 F2700 E809.60139
;MESH:NONMESH
G0 F600 X79.61 Y62.517 Z17.3
G0 F3600 X74.11 Y57.598
G0 X72.675 Y57.598
G0 X48.245 Y57.598
G0 X46.81 Y57.598
G0 X41.509 Y57.598
;TIME_ELAPSED:977.074537
;LAYER:68
M204 S500
M205 X10 Y10
;TYPE:FILL
;MESH:PLATempTower
G1 F2700 E813.60139
G1 F2400 X46.08 Y62.168 E813.8813
G1 X46.292 Y62.38
M204 S2000
M205 X30 Y30
G0 F3600 X46.13 Y59.86
M204 S500
M205 X10 Y10
G1 F2400 X43.818 Y57.549 E814.02286
G1 X43.606 Y57.337
M204 S2000
M205 X30 Y30
G0 F3600 X41.509 Y59.955
M204 S500
M205 X10 Y10
G1 F2400 X43.723 Y62.168 E814.15843
G1 X43.935 Y62.38
M204 S2000
M205 X30 Y30
G0 F3600 X46.33 Y62.37
M204 S500
M205 X10 Y10
;TYPE:WALL-INNER
G1 F2400 X41.31 Y62.37 E814.37582
G1 X41.31 Y57.35 E814.59322
G1 X46.33 Y57.35 E814.81061
G1 X46.33 Y61.858 E815.00583
G0 F1920 X46.33 Y62.37
M204 S2000
M205 X30 Y30
G0 F3600 X46.83 Y62.87
M204 S500
M205 X10 Y10
G1 F2400 X40.81 Y62.87 E815.26653
G1 X40.81 Y56.85 E815.52723
G1 X46.83 Y56.85 E815.78793
G1 X46.83 Y62.358 E816.02646
G0 F1920 X46.83 Y62.87
M204 S2000
M205 X30 Y30
G0 F3600 X47.33 Y63.37
M204 S500
M205 X10 Y10
;TYPE:WALL-OUTER
G1 F1200 X40.31 Y63.37 E816.33047
G1 X40.31 Y56.35 E816.63447
G1 X47.33 Y56.35 E816.93848
G1 X47.33 Y62.858 E817.22031
G0 F960 X47.33 Y63.37
M204 S2000
M205 X30 Y30
G0 F3600 X47.08 Y63.37
G0 X46.33 Y62.517
G1 F2700 E813.22031
G0 F3600 X46.81 Y60.229
G0 X48.245 Y60.229
G0 X72.675 Y60.229
G0 X74.11 Y60.229
G0 X74.789 Y60.229
M204 S500
M205 X10 Y10
;TYPE:FILL
G1 F2700 E817.22031
G1 F2400 X76.729 Y62.17 E817.33916
G1 X76.941 Y62.382
M204 S2000
M205 X30 Y30
G0 F3600 X79.087 Y62.17
M204 S500
M205 X10 Y10
G1 F2400 X74.789 Y57.872 E817.60238
G1 X74.577 Y57.66
M204 S2000
M205 X30 Y30
G0 F3600 X76.824 Y57.55
M204 S500
M205 X10 Y10
G1 F2400 X79.409 Y60.135 E817.7607
G1 X79.621 Y60.347
M204 S2000
M205 X30 Y30
G0 F3600 X79.409 Y57.777
M204 S500
M205 X10 Y10
G1 F2400 X79.181 Y57.55 E817.77463
M204 S2000
M205 X30 Y30
G0 F3600 X79.61 Y62.37
M204 S500
M205 X10 Y10
;TYPE:WALL-INNER
G1 F2400 X74.59 Y62.37 E817.99202
G1 X74.59 Y57.35 E818.20942
G1 X79.61 Y57.35 E818.42681
G1 X79.61 Y61.858 E818.62204
G0 F1920 X79.61 Y62.37
M204 S2000
M205 X30 Y30
G0 F3600 X80.11 Y62.87
M204 S500
M205 X10 Y10
G1 F2400 X74.09 Y62.87 E818.88274
G1 X74.09 Y56.85 E819.14344
G1 X80.11 Y56.85 E819.40414
G1 X80.11 Y62.358 E819.64267
G0 F1920 X80.11 Y62.87
M204 S2000
M205 X30 Y30
G0 F3600 X80.61 Y63.37
M204 S500
M205 X10 Y10
;TYPE:WALL-OUTER
G1 F1200 X73.59 Y63.37 E819.94667
G1 X73.59 Y56.35 E820.25068
G1 X80.61 Y56.35 E820.55469
G1 X80.61 Y62.858 E820.83652
G0 F960 X80.61 Y63.37
M204 S2000
M205 X30 Y30
G0 F3600 X80.36 Y63.37
G0 X79.61 Y62.517
G1 F2700 E816.83652
;MESH:NONMESH
G0 F600 X79.61 Y62.517 Z17.55
G0 F3600 X74.11 Y57.349
G0 X72.675 Y57.349
G0 X48.245 Y57.349
G0 X46.81 Y57.349
G0 X41.847 Y57.349
;TIME_ELAPSED:986.439525
;LAYER:69
M204 S500
M205 X10 Y10
;TYPE:FILL
;MESH:PLATempTower
G1 F2700 E820.83652
G1 F2400 X41.31 Y57.886 E820.86941
M204 S2000
M205 X30 Y30
G0 F3600 X41.31 Y60.244
M204 S500
M205 X10 Y10
G1 F2400 X44.205 Y57.349 E821.04671
G1 X44.417 Y57.137
M204 S2000
M205 X30 Y30
G0 F3600 X46.329 Y57.582
M204 S500
M205 X10 Y10
G1 F2400 X41.543 Y62.368 E821.33982
G1 X41.331 Y62.58
M204 S2000
M205 X30 Y30
G0 F3600 X43.9 Y62.368
M204 S500
M205 X10 Y10
G1 F2400 X46.329 Y59.94 E821.48855
G1 X46.541 Y59.728
M204 S2000
M205 X30 Y30
G0 F3600 X46.329 Y62.297
M204 S500
M205 X10 Y10
G1 F2400 X46.258 Y62.368 E821.4929
M204 S2000
M205 X30 Y30
G0 F3600 X46.53 Y62.57
M204 S500
M205 X10 Y10
;TYPE:WALL-INNER
G1 F2400 X41.11 Y62.57 E821.72761
G1 X41.11 Y57.15 E821.96233
G1 X46.53 Y57.15 E822.19705
G1 X46.53 Y62.058 E822.40959
G0 F1920 X46.53 Y62.57
M204 S2000
M205 X30 Y30
G0 F3600 X47.03 Y63.07
M204 S500
M205 X10 Y10
G1 F2400 X40.61 Y63.07 E822.68762
G1 X40.61 Y56.65 E822.96564
G1 X47.03 Y56.65 E823.24366
G1 X47.03 Y62.558 E823.49951
G0 F1920 X47.03 Y63.07
M204 S2000
M205 X30 Y30
G0 F3600 X47.53 Y63.57
M204 S500
M205 X10 Y10
;TYPE:WALL-OUTER
G1 F1200 X40.11 Y63.57 E823.82084
G1 X40.11 Y56.15 E824.14217
G1 X47.53 Y56.15 E824.4635
G1 X47.53 Y63.058 E824.76265
G0 F960 X47.53 Y63.57
M204 S2000
M205 X30 Y30
G0 F3600 X47.28 Y63.57
G0 X46.53 Y62.717
G1 F2700 E820.76265
G0 F3600 X48.445 Y62.327
G0 X72.475 Y62.327
G0 X73.91 Y62.327
G0 X74.589 Y62.327
M204 S500
M205 X10 Y10
;TYPE:FILL
G1 F2700 E824.76265
G1 F2400 X79.567 Y57.349 E825.06752
G1 X79.779 Y57.137
M204 S2000
M205 X30 Y30
G0 F3600 X79.609 Y59.664
M204 S500
M205 X10 Y10
G1 F2400 X76.904 Y62.37 E825.23322
G1 X76.692 Y62.582
M204 S2000
M205 X30 Y30
G0 F3600 X79.261 Y62.37
M204 S500
M205 X10 Y10
G1 F2400 X79.609 Y62.022 E825.25453
M204 S2000
M205 X30 Y30
G0 F3600 X77.209 Y57.349
M204 S500
M205 X10 Y10
G1 F2400 X74.589 Y59.97 E825.41502
G1 X74.377 Y60.182
M204 S2000
M205 X30 Y30
G0 F3600 X74.589 Y57.612
M204 S500
M205 X10 Y10
G1 F2400 X74.852 Y57.349 E825.43113
M204 S2000
M205 X30 Y30
G0 F3600 X79.81 Y62.57
M204 S500
M205 X10 Y10
;TYPE:WALL-INNER
G1 F2400 X74.39 Y62.57 E825.66584
G1 X74.39 Y57.15 E825.90056
G1 X79.81 Y57.15 E826.13528
G1 X79.81 Y62.058 E826.34782
G0 F1920 X79.81 Y62.57
M204 S2000
M205 X30 Y30
G0 F3600 X80.31 Y63.07
M204 S500
M205 X10 Y10
G1 F2400 X73.89 Y63.07 E826.62584
G1 X73.89 Y56.65 E826.90387
G1 X80.31 Y56.65 E827.18189
G1 X80.31 Y62.558 E827.43774
G0 F1920 X80.31 Y63.07
M204 S2000
M205 X30 Y30
G0 F3600 X80.81 Y63.57
M204 S500
M205 X10 Y10
;TYPE:WALL-OUTER
G1 F1200 X73.39 Y63.57 E827.75907
G1 X73.39 Y56.15 E828.0804
G1 X80.81 Y56.15 E828.40173
G1 X80.81 Y63.058 E828.70088
G0 F960 X80.81 Y63.57
M204 S2000
M205 X30 Y30
G0 F3600 X80.56 Y63.57
G0 X79.81 Y62.717
G1 F2700 E824.70088
;MESH:NONMESH
G0 F600 X79.81 Y62.717 Z17.8
G0 F3600 X73.91 Y57.397
G0 X72.475 Y57.397
G0 X48.445 Y57.397
G0 X47.01 Y57.397
G0 X41.309 Y57.397
;TIME_ELAPSED:996.494800
;LAYER:70
M204 S500
M205 X10 Y10
;TYPE:FILL
;MESH:PLATempTower
G1 F2700 E828.70088
G1 F2400 X46.28 Y62.368 E829.00532
G1 X46.492 Y62.58
M204 S2000
M205 X30 Y30
G0 F3600 X46.33 Y60.06
M204 S500
M205 X10 Y10
G1 F2400 X43.618 Y57.349 E829.17139
G1 X43.406 Y57.137
M204 S2000
M205 X30 Y30
G0 F3600 X45.976 Y57.349
M204 S500
M205 X10 Y10
G1 F2400 X46.33 Y57.703 E829.19307
M204 S2000
M205 X30 Y30
G0 F3600 X43.923 Y62.368
M204 S500
M205 X10 Y10
G1 F2400 X41.309 Y59.755 E829.35313
G1 X41.097 Y59.543
M204 S2000
M205 X30 Y30
G0 F3600 X41.309 Y62.112
M204 S500
M205 X10 Y10
G1 F2400 X41.565 Y62.368 E829.3688
M204 S2000
M205 X30 Y30
G0 F3600 X46.53 Y62.57
M204 S500
M205 X10 Y10
;TYPE:WALL-INNER
G1 F2400 X41.11 Y62.57 E829.60352
G1 X41.11 Y57.15 E829.83824
G1 X46.53 Y57.15 E830.07296
G1 X46.53 Y62.058 E830.2855
G0 F1920 X46.53 Y62.57
M204 S2000
M205 X30 Y30
G0 F3600 X47.03 Y63.07
M204 S500
M205 X10 Y10
G1 F2400 X40.61 Y63.07 E830.56352
G1 X40.61 Y56.65 E830.84155
G1 X47.03 Y56.65 E831.11957
G1 X47.03 Y62.558 E831.37542
G0 F1920 X47.03 Y63.07
M204 S2000
M205 X30 Y30
G0 F3600 X47.53 Y63.57
M204 S500
M205 X10 Y10
;TYPE:WALL-OUTER
G1 F1200 X40.11 Y63.57 E831.69675
G1 X40.11 Y56.15 E832.01808
G1 X47.53 Y56.15 E832.33941
G1 X47.53 Y63.058 E832.63856
G0 F960 X47.53 Y63.57
M204 S2000
M205 X30 Y30
G0 F3600 X47.28 Y63.57
G0 X46.53 Y62.717
G1 F2700 E828.63856
G0 F3600 X47.01 Y60.029
G0 X48.445 Y60.029
G0 X72.475 Y60.029
G0 X73.91 Y60.029
G0 X74.589 Y60.029
M204 S500
M205 X10 Y10
;TYPE:FILL
G1 F2700 E832.63856
G1 F2400 X76.929 Y62.37 E832.7819
G1 X77.141 Y62.582
M204 S2000
M205 X30 Y30
G0 F3600 X79.287 Y62.37
M204 S500
M205 X10 Y10
G1 F2400 X74.589 Y57.672 E833.06962
G1 X74.377 Y57.46
M204 S2000
M205 X30 Y30
G0 F3600 X76.624 Y57.349
M204 S500
M205 X10 Y10
G1 F2400 X79.609 Y60.335 E833.25247
G1 X79.821 Y60.547
M204 S2000
M205 X30 Y30
G0 F3600 X79.609 Y57.977
M204 S500
M205 X10 Y10
G1 F2400 X78.981 Y57.349 E833.29093
M204 S2000
M205 X30 Y30
G0 F3600 X79.81 Y62.57
M204 S500
M205 X10 Y10
;TYPE:WALL-INNER
G1 F2400 X74.39 Y62.57 E833.52564
G1 X74.39 Y57.15 E833.76036
G1 X79.81 Y57.15 E833.99508
G1 X79.81 Y62.058 E834.20762
G0 F1920 X79.81 Y62.57
M204 S2000
M205 X30 Y30
G0 F3600 X80.31 Y63.07
M204 S500
M205 X10 Y10
G1 F2400 X73.89 Y63.07 E834.48565
G1 X73.89 Y56.65 E834.76367
G1 X80.31 Y56.65 E835.04169
G1 X80.31 Y62.558 E835.29754
G0 F1920 X80.31 Y63.07
M204 S2000
M205 X30 Y30
G0 F3600 X80.81 Y63.57
M204 S500
M205 X10 Y10
;TYPE:WALL-OUTER
G1 F1200 X73.39 Y63.57 E835.61887
G1 X73.39 Y56.15 E835.9402
G1 X80.81 Y56.15 E836.26153
G1 X80.81 Y63.058 E836.56068
G0 F960 X80.81 Y63.57
M204 S2000
M205 X30 Y30
G0 F3600 X80.56 Y63.57
G0 X79.81 Y62.717
G1 F2700 E832.56068
;MESH:NONMESH
G0 F600 X79.81 Y62.717 Z18.05
G0 F3600 X73.91 Y57.349
G0 X72.475 Y57.349
G0 X48.445 Y57.349
G0 X47.01 Y57.349
G0 X41.847 Y57.349
;TIME_ELAPSED:1006.569109
;LAYER:71
M204 S500
M205 X10 Y10
;TYPE:FILL
;MESH:PLATempTower
G1 F2700 E836.56068
G1 F2400 X41.31 Y57.886 E836.59357
M204 S2000
M205 X30 Y30
G0 F3600 X41.31 Y60.244
M204 S500
M205 X10 Y10
G1 F2400 X44.205 Y57.349 E836.77087
G1 X44.417 Y57.137
M204 S2000
M205 X30 Y30
G0 F3600 X46.329 Y57.582
M204 S500
M205 X10 Y10
G1 F2400 X41.543 Y62.368 E837.06398
G1 X41.331 Y62.58
M204 S2000
M205 X30 Y30
G0 F3600 X43.9 Y62.368
M204 S500
M205 X10 Y10
G1 F2400 X46.329 Y59.94 E837.21271
G1 X46.541 Y59.728
M204 S2000
M205 X30 Y30
G0 F3600 X46.329 Y62.297
M204 S500
M205 X10 Y10
G1 F2400 X46.258 Y62.368 E837.21706
M204 S2000
M205 X30 Y30
G0 F3600 X46.53 Y62.57
M204 S500
M205 X10 Y10
;TYPE:WALL-INNER
G1 F2400 X41.11 Y62.57 E837.45178
G1 X41.11 Y57.15 E837.6865
G1 X46.53 Y57.15 E837.92121
G1 X46.53 Y62.058 E838.13376
G0 F1920 X46.53 Y62.57
M204 S2000
M205 X30 Y30
G0 F3600 X47.03 Y63.07
M204 S500
M205 X10 Y10
G1 F2400 X40.61 Y63.07 E838.41178
G1 X40.61 Y56.65 E838.6898
G1 X47.03 Y56.65 E838.96783
G1 X47.03 Y62.558 E839.22368
G0 F1920 X47.03 Y63.07
M204 S2000
M205 X30 Y30
G0 F3600 X47.53 Y63.57
M204 S500
M205 X10 Y10
;TYPE:WALL-OUTER
G1 F1200 X40.11 Y63.57 E839.545
G1 X40.11 Y56.15 E839.86633
G1 X47.53 Y56.15 E840.18766
G1 X47.53 Y63.058 E840.48682
G0 F960 X47.53 Y63.57
M204 S2000
M205 X30 Y30
G0 F3600 X47.28 Y63.57
G0 X46.53 Y62.717
G1 F2700 E836.48682
G0 F3600 X48.445 Y62.327
G0 X72.475 Y62.327
G0 X73.91 Y62.327
G0 X74.589 Y62.327
M204 S500
M205 X10 Y10
;TYPE:FILL
G1 F2700 E840.48682
G1 F2400 X79.567 Y57.349 E840.79169
G1 X79.779 Y57.137
M204 S2000
M205 X30 Y30
G0 F3600 X79.609 Y59.664
M204 S500
M205 X10 Y10
G1 F2400 X76.904 Y62.37 E840.95738
G1 X76.692 Y62.582
M204 S2000
M205 X30 Y30
G0 F3600 X79.261 Y62.37
M204 S500
M205 X10 Y10
G1 F2400 X79.609 Y62.022 E840.9787
M204 S2000
M205 X30 Y30
G0 F3600 X77.209 Y57.349
M204 S500
M205 X10 Y10
G1 F2400 X74.589 Y59.97 E841.13918
G1 X74.377 Y60.182
M204 S2000
M205 X30 Y30
G0 F3600 X74.589 Y57.612
M204 S500
M205 X10 Y10
G1 F2400 X74.852 Y57.349 E841.15529
M204 S2000
M205 X30 Y30
G0 F3600 X79.81 Y62.57
M204 S500
M205 X10 Y10
;TYPE:WALL-INNER
G1 F2400 X74.39 Y62.57 E841.39001
G1 X74.39 Y57.15 E841.62473
G1 X79.81 Y57.15 E841.85944
G1 X79.81 Y62.058 E842.07199
G0 F1920 X79.81 Y62.57
M204 S2000
M205 X30 Y30
G0 F3600 X80.31 Y63.07
M204 S500
M205 X10 Y10
G1 F2400 X73.89 Y63.07 E842.35001
G1 X73.89 Y56.65 E842.62803
G1 X80.31 Y56.65 E842.90606
G1 X80.31 Y62.558 E843.16191
G0 F1920 X80.31 Y63.07
M204 S2000
M205 X30 Y30
G0 F3600 X80.81 Y63.57
M204 S500
M205 X10 Y10
;TYPE:WALL-OUTER
G1 F1200 X73.39 Y63.57 E843.48323
G1 X73.39 Y56.15 E843.80456
G1 X80.81 Y56.15 E844.12589
G1 X80.81 Y63.058 E844.42505
G0 F960 X80.81 Y63.57
M204 S2000
M205 X30 Y30
G0 F3600 X80.56 Y63.57
G0 X79.81 Y62.717
G1 F2700 E840.42505
;MESH:NONMESH
G0 F600 X79.81 Y62.717 Z18.3
G0 F3600 X73.91 Y57.397
G0 X72.475 Y57.397
G0 X48.445 Y57.397
G0 X47.01 Y57.397
G0 X41.309 Y57.397
;TIME_ELAPSED:1016.624384
;LAYER:72
M204 S500
M205 X10 Y10
;TYPE:FILL
;MESH:PLATempTower
G1 F2700 E844.42505
G1 F2400 X46.28 Y62.368 E844.72949
G1 X46.492 Y62.58
M204 S2000
M205 X30 Y30
G0 F3600 X46.33 Y60.06
M204 S500
M205 X10 Y10
G1 F2400 X43.618 Y57.349 E844.89555
G1 X43.406 Y57.137
M204 S2000
M205 X30 Y30
G0 F3600 X45.976 Y57.349
M204 S500
M205 X10 Y10
G1 F2400 X46.33 Y57.703 E844.91723
M204 S2000
M205 X30 Y30
G0 F3600 X43.923 Y62.368
M204 S500
M205 X10 Y10
G1 F2400 X41.309 Y59.755 E845.07729
G1 X41.097 Y59.543
M204 S2000
M205 X30 Y30
G0 F3600 X41.309 Y62.112
M204 S500
M205 X10 Y10
G1 F2400 X41.565 Y62.368 E845.09297
M204 S2000
M205 X30 Y30
G0 F3600 X46.53 Y62.57
M204 S500
M205 X10 Y10
;TYPE:WALL-INNER
G1 F2400 X41.11 Y62.57 E845.32769
G1 X41.11 Y57.15 E845.5624
G1 X46.53 Y57.15 E845.79712
G1 X46.53 Y62.058 E846.00967
G0 F1920 X46.53 Y62.57
M204 S2000
M205 X30 Y30
G0 F3600 X47.03 Y63.07
M204 S500
M205 X10 Y10
G1 F2400 X40.61 Y63.07 E846.28769
G1 X40.61 Y56.65 E846.56571
G1 X47.03 Y56.65 E846.84373
G1 X47.03 Y62.558 E847.09958
G0 F1920 X47.03 Y63.07
M204 S2000
M205 X30 Y30
G0 F3600 X47.53 Y63.57
M204 S500
M205 X10 Y10
;TYPE:WALL-OUTER
G1 F1200 X40.11 Y63.57 E847.42091
G1 X40.11 Y56.15 E847.74224
G1 X47.53 Y56.15 E848.06357
G1 X47.53 Y63.058 E848.36273
G0 F960 X47.53 Y63.57
M204 S2000
M205 X30 Y30
G0 F3600 X47.28 Y63.57
G0 X46.53 Y62.717
G1 F2700 E844.36273
G0 F3600 X47.01 Y60.029
G0 X48.445 Y60.029
G0 X72.475 Y60.029
G0 X73.91 Y60.029
G0 X74.589 Y60.029
M204 S500
M205 X10 Y10
;TYPE:FILL
G1 F2700 E848.36273
G1 F2400 X76.929 Y62.37 E848.50607
G1 X77.141 Y62.582
M204 S2000
M205 X30 Y30
G0 F3600 X79.287 Y62.37
M204 S500
M205 X10 Y10
G1 F2400 X74.589 Y57.672 E848.79379
G1 X74.377 Y57.46
M204 S2000
M205 X30 Y30
G0 F3600 X76.624 Y57.349
M204 S500
M205 X10 Y10
G1 F2400 X79.609 Y60.335 E848.97663
G1 X79.821 Y60.547
M204 S2000
M205 X30 Y30
G0 F3600 X79.609 Y57.977
M204 S500
M205 X10 Y10
G1 F2400 X78.981 Y57.349 E849.01509
M204 S2000
M205 X30 Y30
G0 F3600 X79.81 Y62.57
M204 S500
M205 X10 Y10
;TYPE:WALL-INNER
G1 F2400 X74.39 Y62.57 E849.24981
G1 X74.39 Y57.15 E849.48453
G1 X79.81 Y57.15 E849.71924
G1 X79.81 Y62.058 E849.93179
G0 F1920 X79.81 Y62.57
M204 S2000
M205 X30 Y30
G0 F3600 X80.31 Y63.07
M204 S500
M205 X10 Y10
G1 F2400 X73.89 Y63.07 E850.20981
G1 X73.89 Y56.65 E850.48783
G1 X80.31 Y56.65 E850.76586
G1 X80.31 Y62.558 E851.02171
G0 F1920 X80.31 Y63.07
M204 S2000
M205 X30 Y30
G0 F3600 X80.81 Y63.57
M204 S500
M205 X10 Y10
;TYPE:WALL-OUTER
G1 F1200 X73.39 Y63.57 E851.34304
G1 X73.39 Y56.15 E851.66436
G1 X80.81 Y56.15 E851.98569
G1 X80.81 Y63.058 E852.28485
G0 F960 X80.81 Y63.57
M204 S2000
M205 X30 Y30
G0 F3600 X80.56 Y63.57
G0 X79.81 Y62.717
G1 F2700 E848.28485
;MESH:NONMESH
G0 F600 X79.81 Y62.717 Z18.55
G0 F3600 X73.91 Y57.349
G0 X72.475 Y57.349
G0 X48.445 Y57.349
G0 X47.01 Y57.349
G0 X41.847 Y57.349
;TIME_ELAPSED:1026.698692
;LAYER:73
M204 S500
M205 X10 Y10
;TYPE:FILL
;MESH:PLATempTower
G1 F2700 E852.28485
G1 F2400 X41.31 Y57.886 E852.31774
M204 S2000
M205 X30 Y30
G0 F3600 X41.31 Y60.244
M204 S500
M205 X10 Y10
G1 F2400 X44.205 Y57.349 E852.49504
G1 X44.417 Y57.137
M204 S2000
M205 X30 Y30
G0 F3600 X46.329 Y57.582
M204 S500
M205 X10 Y10
G1 F2400 X41.543 Y62.368 E852.78815
G1 X41.331 Y62.58
M204 S2000
M205 X30 Y30
G0 F3600 X43.9 Y62.368
M204 S500
M205 X10 Y10
G1 F2400 X46.329 Y59.94 E852.93688
G1 X46.541 Y59.728
M204 S2000
M205 X30 Y30
G0 F3600 X46.329 Y62.297
M204 S500
M205 X10 Y10
G1 F2400 X46.258 Y62.368 E852.94123
M204 S2000
M205 X30 Y30
G0 F3600 X46.53 Y62.57
M204 S500
M205 X10 Y10
;TYPE:WALL-INNER
G1 F2400 X41.11 Y62.57 E853.17594
G1 X41.11 Y57.15 E853.41066
G1 X46.53 Y57.15 E853.64538
G1 X46.53 Y62.058 E853.85792
G0 F1920 X46.53 Y62.57
M204 S2000
M205 X30 Y30
G0 F3600 X47.03 Y63.07
M204 S500
M205 X10 Y10
G1 F2400 X40.61 Y63.07 E854.13594
G1 X40.61 Y56.65 E854.41397
G1 X47.03 Y56.65 E854.69199
G1 X47.03 Y62.558 E854.94784
G0 F1920 X47.03 Y63.07
M204 S2000
M205 X30 Y30
G0 F3600 X47.53 Y63.57
M204 S500
M205 X10 Y10
;TYPE:WALL-OUTER
G1 F1200 X40.11 Y63.57 E855.26917
G1 X40.11 Y56.15 E855.5905
G1 X47.53 Y56.15 E855.91183
G1 X47.53 Y63.058 E856.21098
G0 F960 X47.53 Y63.57
M204 S2000
M205 X30 Y30
G0 F3600 X47.28 Y63.57
G0 X46.53 Y62.717
G1 F2700 E852.21098
G0 F3600 X48.445 Y62.327
G0 X72.475 Y62.327
G0 X73.91 Y62.327
G0 X74.589 Y62.327
M204 S500
M205 X10 Y10
;TYPE:FILL
G1 F2700 E856.21098
G1 F2400 X79.567 Y57.349 E856.51585
G1 X79.779 Y57.137
M204 S2000
M205 X30 Y30
G0 F3600 X79.609 Y59.664
M204 S500
M205 X10 Y10
G1 F2400 X76.904 Y62.37 E856.68155
G1 X76.692 Y62.582
M204 S2000
M205 X30 Y30
G0 F3600 X79.261 Y62.37
M204 S500
M205 X10 Y10
G1 F2400 X79.609 Y62.022 E856.70286
M204 S2000
M205 X30 Y30
G0 F3600 X77.209 Y57.349
M204 S500
M205 X10 Y10
G1 F2400 X74.589 Y59.97 E856.86335
G1 X74.377 Y60.182
M204 S2000
M205 X30 Y30
G0 F3600 X74.589 Y57.612
M204 S500
M205 X10 Y10
G1 F2400 X74.852 Y57.349 E856.87946
M204 S2000
M205 X30 Y30
G0 F3600 X79.81 Y62.57
M204 S500
M205 X10 Y10
;TYPE:WALL-INNER
G1 F2400 X74.39 Y62.57 E857.11417
G1 X74.39 Y57.15 E857.34889
G1 X79.81 Y57.15 E857.58361
G1 X79.81 Y62.058 E857.79615
G0 F1920 X79.81 Y62.57
M204 S2000
M205 X30 Y30
G0 F3600 X80.31 Y63.07
M204 S500
M205 X10 Y10
G1 F2400 X73.89 Y63.07 E858.07417
G1 X73.89 Y56.65 E858.3522
G1 X80.31 Y56.65 E858.63022
G1 X80.31 Y62.558 E858.88607
G0 F1920 X80.31 Y63.07
M204 S2000
M205 X30 Y30
G0 F3600 X80.81 Y63.57
M204 S500
M205 X10 Y10
;TYPE:WALL-OUTER
G1 F1200 X73.39 Y63.57 E859.2074
G1 X73.39 Y56.15 E859.52873
G1 X80.81 Y56.15 E859.85006
G1 X80.81 Y63.058 E860.14921
G0 F960 X80.81 Y63.57
M204 S2000
M205 X30 Y30
G0 F3600 X80.56 Y63.57
G0 X79.81 Y62.717
G1 F2700 E856.14921
;MESH:NONMESH
G0 F600 X79.81 Y62.717 Z18.8
G0 F3600 X73.91 Y57.397
G0 X72.475 Y57.397
G0 X48.445 Y57.397
G0 X47.01 Y57.397
G0 X41.309 Y57.397
;TIME_ELAPSED:1036.753968
;LAYER:74
M204 S500
M205 X10 Y10
;TYPE:FILL
;MESH:PLATempTower
G1 F2700 E860.14921
G1 F2400 X46.28 Y62.368 E860.45365
G1 X46.492 Y62.58
M204 S2000
M205 X30 Y30
G0 F3600 X46.33 Y60.06
M204 S500
M205 X10 Y10
G1 F2400 X43.618 Y57.349 E860.61972
G1 X43.406 Y57.137
M204 S2000
M205 X30 Y30
G0 F3600 X45.976 Y57.349
M204 S500
M205 X10 Y10
G1 F2400 X46.33 Y57.703 E860.6414
M204 S2000
M205 X30 Y30
G0 F3600 X43.923 Y62.368
M204 S500
M205 X10 Y10
G1 F2400 X41.309 Y59.755 E860.80146
G1 X41.097 Y59.543
M204 S2000
M205 X30 Y30
G0 F3600 X41.309 Y62.112
M204 S500
M205 X10 Y10
G1 F2400 X41.565 Y62.368 E860.81713
M204 S2000
M205 X30 Y30
G0 F3600 X46.53 Y62.57
M204 S500
M205 X10 Y10
;TYPE:WALL-INNER
G1 F2400 X41.11 Y62.57 E861.05185
G1 X41.11 Y57.15 E861.28657
G1 X46.53 Y57.15 E861.52129
G1 X46.53 Y62.058 E861.73383
G0 F1920 X46.53 Y62.57
M204 S2000
M205 X30 Y30
G0 F3600 X47.03 Y63.07
M204 S500
M205 X10 Y10
G1 F2400 X40.61 Y63.07 E862.01185
G1 X40.61 Y56.65 E862.28988
G1 X47.03 Y56.65 E862.5679
G1 X47.03 Y62.558 E862.82375
G0 F1920 X47.03 Y63.07
M204 S2000
M205 X30 Y30
G0 F3600 X47.53 Y63.57
M204 S500
M205 X10 Y10
;TYPE:WALL-OUTER
G1 F1200 X40.11 Y63.57 E863.14508
G1 X40.11 Y56.15 E863.46641
G1 X47.53 Y56.15 E863.78773
G1 X47.53 Y63.058 E864.08689
G0 F960 X47.53 Y63.57
M204 S2000
M205 X30 Y30
G0 F3600 X47.28 Y63.57
G0 X46.53 Y62.717
G1 F2700 E860.08689
G0 F3600 X47.01 Y60.029
G0 X48.445 Y60.029
G0 X72.475 Y60.029
G0 X73.91 Y60.029
G0 X74.589 Y60.029
M204 S500
M205 X10 Y10
;TYPE:FILL
G1 F2700 E864.08689
G1 F2400 X76.929 Y62.37 E864.23023
G1 X77.141 Y62.582
M204 S2000
M205 X30 Y30
G0 F3600 X79.287 Y62.37
M204 S500
M205 X10 Y10
G1 F2400 X74.589 Y57.672 E864.51795
G1 X74.377 Y57.46
M204 S2000
M205 X30 Y30
G0 F3600 X76.624 Y57.349
M204 S500
M205 X10 Y10
G1 F2400 X79.609 Y60.335 E864.7008
G1 X79.821 Y60.547
M204 S2000
M205 X30 Y30
G0 F3600 X79.609 Y57.977
M204 S500
M205 X10 Y10
G1 F2400 X78.981 Y57.349 E864.73926
M204 S2000
M205 X30 Y30
G0 F3600 X79.81 Y62.57
M204 S500
M205 X10 Y10
;TYPE:WALL-INNER
G1 F2400 X74.39 Y62.57 E864.97397
G1 X74.39 Y57.15 E865.20869
G1 X79.81 Y57.15 E865.44341
G1 X79.81 Y62.058 E865.65595
G0 F1920 X79.81 Y62.57
M204 S2000
M205 X30 Y30
G0 F3600 X80.31 Y63.07
M204 S500
M205 X10 Y10
G1 F2400 X73.89 Y63.07 E865.93398
G1 X73.89 Y56.65 E866.212
G1 X80.31 Y56.65 E866.49002
G1 X80.31 Y62.558 E866.74587
G0 F1920 X80.31 Y63.07
M204 S2000
M205 X30 Y30
G0 F3600 X80.81 Y63.57
M204 S500
M205 X10 Y10
;TYPE:WALL-OUTER
G1 F1200 X73.39 Y63.57 E867.0672
G1 X73.39 Y56.15 E867.38853
G1 X80.81 Y56.15 E867.70986
G1 X80.81 Y63.058 E868.00901
G0 F960 X80.81 Y63.57
M204 S2000
M205 X30 Y30
G0 F3600 X80.56 Y63.57
G0 X79.81 Y62.717
G1 F2700 E864.00901
;MESH:NONMESH
G0 F600 X79.81 Y62.717 Z19.05
G0 F3600 X73.91 Y57.349
G0 X72.475 Y57.349
G0 X48.445 Y57.349
G0 X47.01 Y57.349
G0 X41.847 Y57.349
;TIME_ELAPSED:1046.828276
;LAYER:75
M204 S500
M205 X10 Y10
;TYPE:FILL
;MESH:PLATempTower
G1 F2700 E868.00901
G1 F2400 X41.31 Y57.886 E868.0419
M204 S2000
M205 X30 Y30
G0 F3600 X41.31 Y60.244
M204 S500
M205 X10 Y10
G1 F2400 X44.205 Y57.349 E868.2192
G1 X44.417 Y57.137
M204 S2000
M205 X30 Y30
G0 F3600 X46.329 Y57.582
M204 S500
M205 X10 Y10
G1 F2400 X41.543 Y62.368 E868.51231
G1 X41.331 Y62.58
M204 S2000
M205 X30 Y30
G0 F3600 X43.9 Y62.368
M204 S500
M205 X10 Y10
G1 F2400 X46.329 Y59.94 E868.66104
G1 X46.541 Y59.728
M204 S2000
M205 X30 Y30
G0 F3600 X46.329 Y62.297
M204 S500
M205 X10 Y10
G1 F2400 X46.258 Y62.368 E868.66539
M204 S2000
M205 X30 Y30
G0 F3600 X46.53 Y62.57
M204 S500
M205 X10 Y10
;TYPE:WALL-INNER
G1 F2400 X41.11 Y62.57 E868.90011
G1 X41.11 Y57.15 E869.13483
G1 X46.53 Y57.15 E869.36954
G1 X46.53 Y62.058 E869.58209
G0 F1920 X46.53 Y62.57
M204 S2000
M205 X30 Y30
G0 F3600 X47.03 Y63.07
M204 S500
M205 X10 Y10
G1 F2400 X40.61 Y63.07 E869.86011
G1 X40.61 Y56.65 E870.13813
G1 X47.03 Y56.65 E870.41616
G1 X47.03 Y62.558 E870.67201
G0 F1920 X47.03 Y63.07
M204 S2000
M205 X30 Y30
G0 F3600 X47.53 Y63.57
M204 S500
M205 X10 Y10
;TYPE:WALL-OUTER
G1 F1200 X40.11 Y63.57 E870.99333
G1 X40.11 Y56.15 E871.31466
G1 X47.53 Y56.15 E871.63599
G1 X47.53 Y63.058 E871.93515
G0 F960 X47.53 Y63.57
M204 S2000
M205 X30 Y30
G0 F3600 X47.28 Y63.57
G0 X46.53 Y62.717
G1 F2700 E867.93515
G0 F3600 X48.445 Y62.327
G0 X72.475 Y62.327
G0 X73.91 Y62.327
G0 X74.589 Y62.327
M204 S500
M205 X10 Y10
;TYPE:FILL
G1 F2700 E871.93515
G1 F2400 X79.567 Y57.349 E872.24002
G1 X79.779 Y57.137
M204 S2000
M205 X30 Y30
G0 F3600 X79.609 Y59.664
M204 S500
M205 X10 Y10
G1 F2400 X76.904 Y62.37 E872.40571
G1 X76.692 Y62.582
M204 S2000
M205 X30 Y30
G0 F3600 X79.261 Y62.37
M204 S500
M205 X10 Y10
G1 F2400 X79.609 Y62.022 E872.42703
M204 S2000
M205 X30 Y30
G0 F3600 X77.209 Y57.349
M204 S500
M205 X10 Y10
G1 F2400 X74.589 Y59.97 E872.58751
G1 X74.377 Y60.182
M204 S2000
M205 X30 Y30
G0 F3600 X74.589 Y57.612
M204 S500
M205 X10 Y10
G1 F2400 X74.852 Y57.349 E872.60362
M204 S2000
M205 X30 Y30
G0 F3600 X79.81 Y62.57
M204 S500
M205 X10 Y10
;TYPE:WALL-INNER
G1 F2400 X74.39 Y62.57 E872.83834
G1 X74.39 Y57.15 E873.07306
G1 X79.81 Y57.15 E873.30777
G1 X79.81 Y62.058 E873.52032
G0 F1920 X79.81 Y62.57
M204 S2000
M205 X30 Y30
G0 F3600 X80.31 Y63.07
M204 S500
M205 X10 Y10
G1 F2400 X73.89 Y63.07 E873.79834
G1 X73.89 Y56.65 E874.07636
G1 X80.31 Y56.65 E874.35439
G1 X80.31 Y62.558 E874.61024
G0 F1920 X80.31 Y63.07
M204 S2000
M205 X30 Y30
G0 F3600 X80.81 Y63.57
M204 S500
M205 X10 Y10
;TYPE:WALL-OUTER
G1 F1200 X73.39 Y63.57 E874.93156
G1 X73.39 Y56.15 E875.25289
G1 X80.81 Y56.15 E875.57422
G1 X80.81 Y63.058 E875.87338
G0 F960 X80.81 Y63.57
M204 S2000
M205 X30 Y30
G0 F3600 X80.56 Y63.57
G0 X79.81 Y62.717
G1 F2700 E871.87338
;MESH:NONMESH
G0 F600 X79.81 Y62.717 Z19.3
G0 F3600 X73.91 Y57.397
G0 X72.475 Y57.397
G0 X48.445 Y57.397
G0 X47.01 Y57.397
G0 X41.309 Y57.397
;TIME_ELAPSED:1056.883551
;LAYER:76
M204 S500
M205 X10 Y10
;TYPE:FILL
;MESH:PLATempTower
G1 F2700 E875.87338
G1 F2400 X46.28 Y62.368 E876.17782
G1 X46.492 Y62.58
M204 S2000
M205 X30 Y30
G0 F3600 X46.33 Y60.06
M204 S500
M205 X10 Y10
G1 F2400 X43.618 Y57.349 E876.34388
G1 X43.406 Y57.137
M204 S2000
M205 X30 Y30
G0 F3600 X45.976 Y57.349
M204 S500
M205 X10 Y10
G1 F2400 X46.33 Y57.703 E876.36556
M204 S2000
M205 X30 Y30
G0 F3600 X43.923 Y62.368
M204 S500
M205 X10 Y10
G1 F2400 X41.309 Y59.755 E876.52562
G1 X41.097 Y59.543
M204 S2000
M205 X30 Y30
G0 F3600 X41.309 Y62.112
M204 S500
M205 X10 Y10
G1 F2400 X41.565 Y62.368 E876.5413
M204 S2000
M205 X30 Y30
G0 F3600 X46.53 Y62.57
M204 S500
M205 X10 Y10
;TYPE:WALL-INNER
G1 F2400 X41.11 Y62.57 E876.77602
G1 X41.11 Y57.15 E877.01073
G1 X46.53 Y57.15 E877.24545
G1 X46.53 Y62.058 E877.458
G0 F1920 X46.53 Y62.57
M204 S2000
M205 X30 Y30
G0 F3600 X47.03 Y63.07
M204 S500
M205 X10 Y10
G1 F2400 X40.61 Y63.07 E877.73602
G1 X40.61 Y56.65 E878.01404
G1 X47.03 Y56.65 E878.29206
G1 X47.03 Y62.558 E878.54791
G0 F1920 X47.03 Y63.07
M204 S2000
M205 X30 Y30
G0 F3600 X47.53 Y63.57
M204 S500
M205 X10 Y10
;TYPE:WALL-OUTER
G1 F1200 X40.11 Y63.57 E878.86924
G1 X40.11 Y56.15 E879.19057
G1 X47.53 Y56.15 E879.5119
G1 X47.53 Y63.058 E879.81106
G0 F960 X47.53 Y63.57
M204 S2000
M205 X30 Y30
G0 F3600 X47.28 Y63.57
G0 X46.53 Y62.717
G1 F2700 E875.81106
G0 F3600 X47.01 Y60.029
G0 X48.445 Y60.029
G0 X72.475 Y60.029
G0 X73.91 Y60.029
G0 X74.589 Y60.029
M204 S500
M205 X10 Y10
;TYPE:FILL
G1 F2700 E879.81106
G1 F2400 X76.929 Y62.37 E879.9544
G1 X77.141 Y62.582
M204 S2000
M205 X30 Y30
G0 F3600 X79.287 Y62.37
M204 S500
M205 X10 Y10
G1 F2400 X74.589 Y57.672 E880.24212
G1 X74.377 Y57.46
M204 S2000
M205 X30 Y30
G0 F3600 X76.624 Y57.349
M204 S500
M205 X10 Y10
G1 F2400 X79.609 Y60.335 E880.42496
G1 X79.821 Y60.547
M204 S2000
M205 X30 Y30
G0 F3600 X79.609 Y57.977
M204 S500
M205 X10 Y10
G1 F2400 X78.981 Y57.349 E880.46342
M204 S2000
M205 X30 Y30
G0 F3600 X79.81 Y62.57
M204 S500
M205 X10 Y10
;TYPE:WALL-INNER
G1 F2400 X74.39 Y62.57 E880.69814
G1 X74.39 Y57.15 E880.93286
G1 X79.81 Y57.15 E881.16757
G1 X79.81 Y62.058 E881.38012
G0 F1920 X79.81 Y62.57
M204 S2000
M205 X30 Y30
G0 F3600 X80.31 Y63.07
M204 S500
M205 X10 Y10
G1 F2400 X73.89 Y63.07 E881.65814
G1 X73.89 Y56.65 E881.93616
G1 X80.31 Y56.65 E882.21419
G1 X80.31 Y62.558 E882.47004
G0 F1920 X80.31 Y63.07
M204 S2000
M205 X30 Y30
G0 F3600 X80.81 Y63.57
M204 S500
M205 X10 Y10
;TYPE:WALL-OUTER
G1 F1200 X73.39 Y63.57 E882.79137
G1 X73.39 Y56.15 E883.11269
G1 X80.81 Y56.15 E883.43402
G1 X80.81 Y63.058 E883.73318
G0 F960 X80.81 Y63.57
M204 S2000
M205 X30 Y30
G0 F3600 X80.56 Y63.57
G0 X79.81 Y62.717
G1 F2700 E879.73318
;MESH:NONMESH
G0 F600 X79.81 Y62.717 Z19.55
G0 F3600 X73.91 Y57.349
G0 X72.475 Y57.349
G0 X48.445 Y57.349
G0 X47.01 Y57.349
G0 X41.847 Y57.349
;TIME_ELAPSED:1066.957860
;LAYER:77
M204 S500
M205 X10 Y10
;TYPE:FILL
;MESH:PLATempTower
G1 F2700 E883.73318
G1 F2400 X41.31 Y57.886 E883.76607
M204 S2000
M205 X30 Y30
G0 F3600 X41.31 Y60.244
M204 S500
M205 X10 Y10
G1 F2400 X44.205 Y57.349 E883.94337
G1 X44.417 Y57.137
M204 S2000
M205 X30 Y30
G0 F3600 X46.329 Y57.582
M204 S500
M205 X10 Y10
G1 F2400 X41.543 Y62.368 E884.23648
G1 X41.331 Y62.58
M204 S2000
M205 X30 Y30
G0 F3600 X43.9 Y62.368
M204 S500
M205 X10 Y10
G1 F2400 X46.329 Y59.94 E884.38521
G1 X46.541 Y59.728
M204 S2000
M205 X30 Y30
G0 F3600 X46.329 Y62.297
M204 S500
M205 X10 Y10
G1 F2400 X46.258 Y62.368 E884.38956
M204 S2000
M205 X30 Y30
G0 F3600 X46.53 Y62.57
M204 S500
M205 X10 Y10
;TYPE:WALL-INNER
G1 F2400 X41.11 Y62.57 E884.62427
G1 X41.11 Y57.15 E884.85899
G1 X46.53 Y57.15 E885.09371
G1 X46.53 Y62.058 E885.30625
G0 F1920 X46.53 Y62.57
M204 S2000
M205 X30 Y30
G0 F3600 X47.03 Y63.07
M204 S500
M205 X10 Y10
G1 F2400 X40.61 Y63.07 E885.58427
G1 X40.61 Y56.65 E885.8623
G1 X47.03 Y56.65 E886.14032
G1 X47.03 Y62.558 E886.39617
G0 F1920 X47.03 Y63.07
M204 S2000
M205 X30 Y30
G0 F3600 X47.53 Y63.57
M204 S500
M205 X10 Y10
;TYPE:WALL-OUTER
G1 F1200 X40.11 Y63.57 E886.7175
G1 X40.11 Y56.15 E887.03883
G1 X47.53 Y56.15 E887.36016
G1 X47.53 Y63.058 E887.65931
G0 F960 X47.53 Y63.57
M204 S2000
M205 X30 Y30
G0 F3600 X47.28 Y63.57
G0 X46.53 Y62.717
G1 F2700 E883.65931
G0 F3600 X48.445 Y62.327
G0 X72.475 Y62.327
G0 X73.91 Y62.327
G0 X74.589 Y62.327
M204 S500
M205 X10 Y10
;TYPE:FILL
G1 F2700 E887.65931
G1 F2400 X79.567 Y57.349 E887.96418
G1 X79.779 Y57.137
M204 S2000
M205 X30 Y30
G0 F3600 X79.609 Y59.664
M204 S500
M205 X10 Y10
G1 F2400 X76.904 Y62.37 E888.12988
G1 X76.692 Y62.582
M204 S2000
M205 X30 Y30
G0 F3600 X79.261 Y62.37
M204 S500
M205 X10 Y10
G1 F2400 X79.609 Y62.022 E888.15119
M204 S2000
M205 X30 Y30
G0 F3600 X77.209 Y57.349
M204 S500
M205 X10 Y10
G1 F2400 X74.589 Y59.97 E888.31168
G1 X74.377 Y60.182
M204 S2000
M205 X30 Y30
G0 F3600 X74.589 Y57.612
M204 S500
M205 X10 Y10
G1 F2400 X74.852 Y57.349 E888.32779
M204 S2000
M205 X30 Y30
G0 F3600 X79.81 Y62.57
M204 S500
M205 X10 Y10
;TYPE:WALL-INNER
G1 F2400 X74.39 Y62.57 E888.5625
G1 X74.39 Y57.15 E888.79722
G1 X79.81 Y57.15 E889.03194
G1 X79.81 Y62.058 E889.24448
G0 F1920 X79.81 Y62.57
M204 S2000
M205 X30 Y30
G0 F3600 X80.31 Y63.07
M204 S500
M205 X10 Y10
G1 F2400 X73.89 Y63.07 E889.5225
G1 X73.89 Y56.65 E889.80053
G1 X80.31 Y56.65 E890.07855
G1 X80.31 Y62.558 E890.3344
G0 F1920 X80.31 Y63.07
M204 S2000
M205 X30 Y30
G0 F3600 X80.81 Y63.57
M204 S500
M205 X10 Y10
;TYPE:WALL-OUTER
G1 F1200 X73.39 Y63.57 E890.65573
G1 X73.39 Y56.15 E890.97706
G1 X80.81 Y56.15 E891.29839
G1 X80.81 Y63.058 E891.59754
G0 F960 X80.81 Y63.57
M204 S2000
M205 X30 Y30
G0 F3600 X80.56 Y63.57
G0 X79.81 Y62.717
G1 F2700 E887.59754
;MESH:NONMESH
G0 F600 X79.81 Y62.717 Z19.8
G0 F3600 X73.91 Y57.397
G0 X72.475 Y57.397
G0 X48.445 Y57.397
G0 X47.01 Y57.397
G0 X41.309 Y57.397
;TIME_ELAPSED:1077.013135
;LAYER:78
M204 S500
M205 X10 Y10
;TYPE:FILL
;MESH:PLATempTower
G1 F2700 E891.59754
G1 F2400 X46.28 Y62.368 E891.90198
G1 X46.492 Y62.58
M204 S2000
M205 X30 Y30
G0 F3600 X46.33 Y60.06
M204 S500
M205 X10 Y10
G1 F2400 X43.618 Y57.349 E892.06805
G1 X43.406 Y57.137
M204 S2000
M205 X30 Y30
G0 F3600 X45.976 Y57.349
M204 S500
M205 X10 Y10
G1 F2400 X46.33 Y57.703 E892.08973
M204 S2000
M205 X30 Y30
G0 F3600 X43.923 Y62.368
M204 S500
M205 X10 Y10
G1 F2400 X41.309 Y59.755 E892.24979
G1 X41.097 Y59.543
M204 S2000
M205 X30 Y30
G0 F3600 X41.309 Y62.112
M204 S500
M205 X10 Y10
G1 F2400 X41.565 Y62.368 E892.26546
M204 S2000
M205 X30 Y30
G0 F3600 X46.53 Y62.57
M204 S500
M205 X10 Y10
;TYPE:WALL-INNER
G1 F2400 X41.11 Y62.57 E892.50018
G1 X41.11 Y57.15 E892.7349
G1 X46.53 Y57.15 E892.96962
G1 X46.53 Y62.058 E893.18216
G0 F1920 X46.53 Y62.57
M204 S2000
M205 X30 Y30
G0 F3600 X47.03 Y63.07
M204 S500
M205 X10 Y10
G1 F2400 X40.61 Y63.07 E893.46018
G1 X40.61 Y56.65 E893.73821
G1 X47.03 Y56.65 E894.01623
G1 X47.03 Y62.558 E894.27208
G0 F1920 X47.03 Y63.07
M204 S2000
M205 X30 Y30
G0 F3600 X47.53 Y63.57
M204 S500
M205 X10 Y10
;TYPE:WALL-OUTER
G1 F1200 X40.11 Y63.57 E894.59341
G1 X40.11 Y56.15 E894.91474
G1 X47.53 Y56.15 E895.23606
G1 X47.53 Y63.058 E895.53522
G0 F960 X47.53 Y63.57
M204 S2000
M205 X30 Y30
G0 F3600 X47.28 Y63.57
G0 X46.53 Y62.717
G1 F2700 E891.53522
G0 F3600 X47.01 Y60.029
G0 X48.445 Y60.029
G0 X72.475 Y60.029
G0 X73.91 Y60.029
G0 X74.589 Y60.029
M204 S500
M205 X10 Y10
;TYPE:FILL
G1 F2700 E895.53522
G1 F2400 X76.929 Y62.37 E895.67856
G1 X77.141 Y62.582
M204 S2000
M205 X30 Y30
G0 F3600 X79.287 Y62.37
M204 S500
M205 X10 Y10
G1 F2400 X74.589 Y57.672 E895.96628
G1 X74.377 Y57.46
M204 S2000
M205 X30 Y30
G0 F3600 X76.624 Y57.349
M204 S500
M205 X10 Y10
G1 F2400 X79.609 Y60.335 E896.14913
G1 X79.821 Y60.547
M204 S2000
M205 X30 Y30
G0 F3600 X79.609 Y57.977
M204 S500
M205 X10 Y10
G1 F2400 X78.981 Y57.349 E896.18759
M204 S2000
M205 X30 Y30
G0 F3600 X79.81 Y62.57
M204 S500
M205 X10 Y10
;TYPE:WALL-INNER
G1 F2400 X74.39 Y62.57 E896.4223
G1 X74.39 Y57.15 E896.65702
G1 X79.81 Y57.15 E896.89174
G1 X79.81 Y62.058 E897.10428
G0 F1920 X79.81 Y62.57
M204 S2000
M205 X30 Y30
G0 F3600 X80.31 Y63.07
M204 S500
M205 X10 Y10
G1 F2400 X73.89 Y63.07 E897.38231
G1 X73.89 Y56.65 E897.66033
G1 X80.31 Y56.65 E897.93835
G1 X80.31 Y62.558 E898.1942
G0 F1920 X80.31 Y63.07
M204 S2000
M205 X30 Y30
G0 F3600 X80.81 Y63.57
M204 S500
M205 X10 Y10
;TYPE:WALL-OUTER
G1 F1200 X73.39 Y63.57 E898.51553
G1 X73.39 Y56.15 E898.83686
G1 X80.81 Y56.15 E899.15819
G1 X80.81 Y63.058 E899.45734
G0 F960 X80.81 Y63.57
M204 S2000
M205 X30 Y30
G0 F3600 X80.56 Y63.57
G0 X79.81 Y62.717
G1 F2700 E895.45734
;MESH:NONMESH
G0 F600 X79.81 Y62.717 Z20.05
G0 F3600 X73.91 Y57.349
G0 X72.475 Y57.349
G0 X48.445 Y57.349
G0 X47.01 Y57.349
G0 X41.847 Y57.349
;TIME_ELAPSED:1087.087443
;LAYER:79
M204 S500
M205 X10 Y10
;TYPE:FILL
;MESH:PLATempTower
G1 F2700 E899.45734
G1 F2400 X41.31 Y57.886 E899.49023
M204 S2000
M205 X30 Y30
G0 F3600 X41.31 Y60.244
M204 S500
M205 X10 Y10
G1 F2400 X44.205 Y57.349 E899.66753
G1 X44.417 Y57.137
M204 S2000
M205 X30 Y30
G0 F3600 X46.329 Y57.582
M204 S500
M205 X10 Y10
G1 F2400 X41.543 Y62.368 E899.96064
G1 X41.331 Y62.58
M204 S2000
M205 X30 Y30
G0 F3600 X43.9 Y62.368
M204 S500
M205 X10 Y10
G1 F2400 X46.329 Y59.94 E900.10937
G1 X46.541 Y59.728
M204 S2000
M205 X30 Y30
G0 F3600 X46.329 Y62.297
M204 S500
M205 X10 Y10
G1 F2400 X46.258 Y62.368 E900.11372
M204 S2000
M205 X30 Y30
G0 F3600 X46.53 Y62.57
M204 S500
M205 X10 Y10
;TYPE:WALL-INNER
G1 F2400 X41.11 Y62.57 E900.34844
G1 X41.11 Y57.15 E900.58316
G1 X46.53 Y57.15 E900.81787
G1 X46.53 Y62.058 E901.03042
G0 F1920 X46.53 Y62.57
M204 S2000
M205 X30 Y30
G0 F3600 X47.03 Y63.07
M204 S500
M205 X10 Y10
G1 F2400 X40.61 Y63.07 E901.30844
G1 X40.61 Y56.65 E901.58646
G1 X47.03 Y56.65 E901.86449
G1 X47.03 Y62.558 E902.12034
G0 F1920 X47.03 Y63.07
M204 S2000
M205 X30 Y30
G0 F3600 X47.53 Y63.57
M204 S500
M205 X10 Y10
;TYPE:WALL-OUTER
G1 F1200 X40.11 Y63.57 E902.44166
G1 X40.11 Y56.15 E902.76299
G1 X47.53 Y56.15 E903.08432
G1 X47.53 Y63.058 E903.38348
G0 F960 X47.53 Y63.57
M204 S2000
M205 X30 Y30
G0 F3600 X47.28 Y63.57
G0 X46.53 Y62.717
G1 F2700 E899.38348
G0 F3600 X48.445 Y62.327
G0 X72.475 Y62.327
G0 X73.91 Y62.327
G0 X74.589 Y62.327
M204 S500
M205 X10 Y10
;TYPE:FILL
G1 F2700 E903.38348
G1 F2400 X79.567 Y57.349 E903.68835
G1 X79.779 Y57.137
M204 S2000
M205 X30 Y30
G0 F3600 X79.609 Y59.664
M204 S500
M205 X10 Y10
G1 F2400 X76.904 Y62.37 E903.85404
G1 X76.692 Y62.582
M204 S2000
M205 X30 Y30
G0 F3600 X79.261 Y62.37
M204 S500
M205 X10 Y10
G1 F2400 X79.609 Y62.022 E903.87535
M204 S2000
M205 X30 Y30
G0 F3600 X77.209 Y57.349
M204 S500
M205 X10 Y10
G1 F2400 X74.589 Y59.97 E904.03584
G1 X74.377 Y60.182
M204 S2000
M205 X30 Y30
G0 F3600 X74.589 Y57.612
M204 S500
M205 X10 Y10
G1 F2400 X74.852 Y57.349 E904.05195
M204 S2000
M205 X30 Y30
G0 F3600 X79.81 Y62.57
M204 S500
M205 X10 Y10
;TYPE:WALL-INNER
G1 F2400 X74.39 Y62.57 E904.28667
G1 X74.39 Y57.15 E904.52138
G1 X79.81 Y57.15 E904.7561
G1 X79.81 Y62.058 E904.96865
G0 F1920 X79.81 Y62.57
M204 S2000
M205 X30 Y30
G0 F3600 X80.31 Y63.07
M204 S500
M205 X10 Y10
G1 F2400 X73.89 Y63.07 E905.24667
G1 X73.89 Y56.65 E905.52469
G1 X80.31 Y56.65 E905.80271
G1 X80.31 Y62.558 E906.05857
G0 F1920 X80.31 Y63.07
M204 S2000
M205 X30 Y30
G0 F3600 X80.81 Y63.57
M204 S500
M205 X10 Y10
;TYPE:WALL-OUTER
G1 F1200 X73.39 Y63.57 E906.37989
G1 X73.39 Y56.15 E906.70122
G1 X80.81 Y56.15 E907.02255
G1 X80.81 Y63.058 E907.32171
G0 F960 X80.81 Y63.57
M204 S2000
M205 X30 Y30
G0 F3600 X80.56 Y63.57
G0 X79.81 Y62.717
G1 F2700 E903.32171
;MESH:NONMESH
G0 F600 X79.81 Y62.717 Z20.3
G0 F3600 X73.91 Y57.397
G0 X72.475 Y57.397
G0 X48.445 Y57.397
G0 X47.01 Y57.397
G0 X41.309 Y57.397
;TIME_ELAPSED:1097.142719
;LAYER:80
M204 S500
M205 X10 Y10
;TYPE:FILL
;MESH:PLATempTower
G1 F2700 E907.32171
G1 F2400 X46.28 Y62.368 E907.62615
G1 X46.492 Y62.58
M204 S2000
M205 X30 Y30
G0 F3600 X46.33 Y60.06
M204 S500
M205 X10 Y10
G1 F2400 X43.618 Y57.349 E907.79221
G1 X43.406 Y57.137
M204 S2000
M205 X30 Y30
G0 F3600 X45.976 Y57.349
M204 S500
M205 X10 Y10
G1 F2400 X46.33 Y57.703 E907.81389
M204 S2000
M205 X30 Y30
G0 F3600 X43.923 Y62.368
M204 S500
M205 X10 Y10
G1 F2400 X41.309 Y59.755 E907.97395
G1 X41.097 Y59.543
M204 S2000
M205 X30 Y30
G0 F3600 X41.309 Y62.112
M204 S500
M205 X10 Y10
G1 F2400 X41.565 Y62.368 E907.98963
M204 S2000
M205 X30 Y30
G0 F3600 X46.53 Y62.57
M204 S500
M205 X10 Y10
;TYPE:WALL-INNER
G1 F2400 X41.11 Y62.57 E908.22435
G1 X41.11 Y57.15 E908.45906
G1 X46.53 Y57.15 E908.69378
G1 X46.53 Y62.058 E908.90632
G0 F1920 X46.53 Y62.57
M204 S2000
M205 X30 Y30
G0 F3600 X47.03 Y63.07
M204 S500
M205 X10 Y10
G1 F2400 X40.61 Y63.07 E909.18435
G1 X40.61 Y56.65 E909.46237
G1 X47.03 Y56.65 E909.74039
G1 X47.03 Y62.558 E909.99624
G0 F1920 X47.03 Y63.07
M204 S2000
M205 X30 Y30
G0 F3600 X47.53 Y63.57
M204 S500
M205 X10 Y10
;TYPE:WALL-OUTER
G1 F1200 X40.11 Y63.57 E910.31757
G1 X40.11 Y56.15 E910.6389
G1 X47.53 Y56.15 E910.96023
G1 X47.53 Y63.058 E911.25939
G0 F960 X47.53 Y63.57
M204 S2000
M205 X30 Y30
G0 F3600 X47.28 Y63.57
G0 X46.53 Y62.717
G1 F2700 E907.25939
G0 F3600 X47.01 Y60.029
G0 X48.445 Y60.029
G0 X72.475 Y60.029
G0 X73.91 Y60.029
G0 X74.589 Y60.029
M204 S500
M205 X10 Y10
;TYPE:FILL
G1 F2700 E911.25939
G1 F2400 X76.929 Y62.37 E911.40273
G1 X77.141 Y62.582
M204 S2000
M205 X30 Y30
G0 F3600 X79.287 Y62.37
M204 S500
M205 X10 Y10
G1 F2400 X74.589 Y57.672 E911.69045
G1 X74.377 Y57.46
M204 S2000
M205 X30 Y30
G0 F3600 X76.624 Y57.349
M204 S500
M205 X10 Y10
G1 F2400 X79.609 Y60.335 E911.87329
G1 X79.821 Y60.547
M204 S2000
M205 X30 Y30
G0 F3600 X79.609 Y57.977
M204 S500
M205 X10 Y10
G1 F2400 X78.981 Y57.349 E911.91175
M204 S2000
M205 X30 Y30
G0 F3600 X79.81 Y62.57
M204 S500
M205 X10 Y10
;TYPE:WALL-INNER
G1 F2400 X74.39 Y62.57 E912.14647
G1 X74.39 Y57.15 E912.38119
G1 X79.81 Y57.15 E912.6159
G1 X79.81 Y62.058 E912.82845
G0 F1920 X79.81 Y62.57
M204 S2000
M205 X30 Y30
G0 F3600 X80.31 Y63.07
M204 S500
M205 X10 Y10
G1 F2400 X73.89 Y63.07 E913.10647
G1 X73.89 Y56.65 E913.38449
G1 X80.31 Y56.65 E913.66252
G1 X80.31 Y62.558 E913.91837
G0 F1920 X80.31 Y63.07
M204 S2000
M205 X30 Y30
G0 F3600 X80.81 Y63.57
M204 S500
M205 X10 Y10
;TYPE:WALL-OUTER
G1 F1200 X73.39 Y63.57 E914.23969
G1 X73.39 Y56.15 E914.56102
G1 X80.81 Y56.15 E914.88235
G1 X80.81 Y63.058 E915.18151
G0 F960 X80.81 Y63.57
M204 S2000
M205 X30 Y30
G0 F3600 X80.56 Y63.57
G0 X79.81 Y62.717
G1 F2700 E911.18151
;MESH:NONMESH
G0 F600 X79.81 Y62.717 Z20.55
G0 F3600 X73.91 Y57.738
G0 X72.475 Y57.738
G0 X48.445 Y57.738
G0 X47.01 Y57.738
G0 X41.458 Y57.738
;TIME_ELAPSED:1107.218625
;LAYER:81
M204 S500
M205 X10 Y10
;TYPE:FILL
;MESH:PLATempTower
G1 F2700 E915.18151
G1 F2400 X41.309 Y57.887 E915.19063
M204 S2000
M205 X30 Y30
G0 F3600 X41.309 Y60.244
M204 S500
M205 X10 Y10
G1 F2400 X43.815 Y57.738 E915.34411
G1 X44.027 Y57.526
M204 S2000
M205 X30 Y30
G0 F3600 X46.173 Y57.738
M204 S500
M205 X10 Y10
G1 F2400 X41.543 Y62.368 E915.62767
G1 X41.331 Y62.58
M204 S2000
M205 X30 Y30
G0 F3600 X43.9 Y62.368
M204 S500
M205 X10 Y10
G1 F2400 X46.329 Y59.94 E915.7764
G1 X46.541 Y59.728
M204 S2000
M205 X30 Y30
G0 F3600 X46.329 Y62.297
M204 S500
M205 X10 Y10
G1 F2400 X46.258 Y62.368 E915.78075
M204 S2000
M205 X30 Y30
G0 F3600 X46.53 Y62.57
M204 S500
M205 X10 Y10
;TYPE:WALL-INNER
G1 F2400 X41.11 Y62.57 E916.01546
G1 X41.11 Y57.54 E916.23329
G1 X46.53 Y57.54 E916.46801
G1 X46.53 Y62.058 E916.66366
G0 F1920 X46.53 Y62.57
M204 S2000
M205 X30 Y30
G0 F3600 X47.03 Y63.07
M204 S500
M205 X10 Y10
G1 F2400 X40.61 Y63.07 E916.94169
G1 X40.61 Y57.04 E917.20282
G1 X47.03 Y57.04 E917.48084
G1 X47.03 Y62.558 E917.7198
G0 F1920 X47.03 Y63.07
M204 S2000
M205 X30 Y30
G1 F2700 E913.7198
G0 F3600 X43.289 Y56.818
G0 X43.317 Y56.54
M204 S500
M205 X10 Y10
;TYPE:WALL-OUTER
G1 F2700 E917.7198
G1 F1200 X44.693 Y56.54 E917.77939
G1 X44.693 Y56.15 E917.79628
G1 X44.878 Y56.15 E917.80429
G1 X44.878 Y56.54 E917.82118
G1 X46.55 Y56.54 E917.89359
G1 X46.551 Y56.15 E917.91048
G1 X47.53 Y56.15 E917.95287
G1 X47.53 Y63.57 E918.2742
G1 X40.11 Y63.57 E918.59553
G1 X40.11 Y56.15 E918.91686
G1 X40.642 Y56.15 E918.9399
G1 X40.642 Y56.54 E918.95679
G1 X43.199 Y56.54 E919.06752
G1 X43.199 Y56.154 E919.08424
G0 F960 X43.199 Y56.15
G0 X43.317 Y56.15
G0 X43.317 Y56.54
M204 S2000
M205 X30 Y30
G0 F3600 X43.567 Y56.54
G0 X42.817 Y57.29
G1 F2700 E915.08424
G0 F3600 X47.26 Y57.612
G0 X48.445 Y57.612
G0 X72.475 Y57.612
G0 X73.91 Y57.612
G0 X74.589 Y57.612
M204 S500
M205 X10 Y10
;TYPE:FILL
G1 F2700 E919.08424
G1 F2400 X74.852 Y57.349 E919.10034
M204 S2000
M205 X30 Y30
G0 F3600 X77.209 Y57.349
M204 S500
M205 X10 Y10
G1 F2400 X74.589 Y59.97 E919.26083
G1 X74.377 Y60.182
M204 S2000
M205 X30 Y30
G0 F3600 X74.589 Y62.327
M204 S500
M205 X10 Y10
G1 F2400 X79.567 Y57.349 E919.5657
G1 X79.779 Y57.137
M204 S2000
M205 X30 Y30
G0 F3600 X79.609 Y59.664
M204 S500
M205 X10 Y10
G1 F2400 X76.904 Y62.37 E919.7314
G1 X76.692 Y62.582
M204 S2000
M205 X30 Y30
G0 F3600 X79.261 Y62.37
M204 S500
M205 X10 Y10
G1 F2400 X79.609 Y62.022 E919.75271
M204 S2000
M205 X30 Y30
G0 F3600 X79.81 Y62.57
M204 S500
M205 X10 Y10
;TYPE:WALL-INNER
G1 F2400 X74.39 Y62.57 E919.98743
G1 X74.39 Y57.15 E920.22214
G1 X79.81 Y57.15 E920.45686
G1 X79.81 Y62.058 E920.66941
G0 F1920 X79.81 Y62.57
M204 S2000
M205 X30 Y30
G0 F3600 X80.31 Y63.07
M204 S500
M205 X10 Y10
G1 F2400 X73.89 Y63.07 E920.94743
G1 X73.89 Y56.65 E921.22545
G1 X80.31 Y56.65 E921.50347
G1 X80.31 Y62.558 E921.75932
G0 F1920 X80.31 Y63.07
M204 S2000
M205 X30 Y30
G0 F3600 X80.81 Y63.57
M204 S500
M205 X10 Y10
;TYPE:WALL-OUTER
G1 F1200 X73.39 Y63.57 E922.08065
G1 X73.39 Y56.15 E922.40198
G1 X80.81 Y56.15 E922.72331
G1 X80.81 Y63.058 E923.02247
G0 F960 X80.81 Y63.57
M204 S2000
M205 X30 Y30
G0 F3600 X80.56 Y63.57
G0 X79.81 Y62.717
G1 F2700 E919.02247
;MESH:NONMESH
G0 F600 X79.81 Y62.717 Z20.8
G0 F3600 X73.91 Y57.738
G0 X72.475 Y57.738
G0 X48.445 Y57.738
G0 X47.26 Y57.738
G0 X41.65 Y57.738
;TIME_ELAPSED:1117.786892
;LAYER:82
M204 S500
M205 X10 Y10
;TYPE:FILL
;MESH:PLATempTower
G1 F2700 E923.02247
G1 F2400 X46.28 Y62.368 E923.30602
G1 X46.492 Y62.58
M204 S2000
M205 X30 Y30
G0 F3600 X46.567 Y60.298
M204 S500
M205 X10 Y10
G1 F2400 X44.008 Y57.738 E923.46278
G1 X43.796 Y57.526
M204 S2000
M205 X30 Y30
G0 F3600 X46.365 Y57.738
M204 S500
M205 X10 Y10
G1 F2400 X46.567 Y57.941 E923.47518
M204 S2000
M205 X30 Y30
G0 F3600 X43.923 Y62.368
M204 S500
M205 X10 Y10
G1 F2400 X41.309 Y59.755 E923.63524
G1 X41.097 Y59.543
M204 S2000
M205 X30 Y30
G0 F3600 X41.309 Y62.112
M204 S500
M205 X10 Y10
G1 F2400 X41.565 Y62.368 E923.65092
M204 S2000
M205 X30 Y30
G0 F3600 X46.768 Y62.57
M204 S500
M205 X10 Y10
;TYPE:WALL-INNER
G1 F2400 X41.11 Y62.57 E923.89594
G1 X41.11 Y57.54 E924.11377
G1 X46.768 Y57.54 E924.35879
G1 X46.768 Y62.058 E924.55445
G0 F1920 X46.768 Y62.57
M204 S2000
M205 X30 Y30
G0 F3600 X47.268 Y63.07
M204 S500
M205 X10 Y10
G1 F2400 X40.61 Y63.07 E924.84278
G1 X40.61 Y57.04 E925.10391
G1 X47.268 Y57.04 E925.39224
G1 X47.268 Y62.558 E925.6312
G0 F1920 X47.268 Y63.07
M204 S2000
M205 X30 Y30
G1 F2700 E921.6312
G0 F3600 X40.686 Y56.818
G0 X40.714 Y56.54
M204 S500
M205 X10 Y10
;TYPE:WALL-OUTER
G1 F2700 E925.6312
G1 F1200 X43.199 Y56.54 E925.73882
G1 X43.199 Y56.15 E925.75571
G1 X43.317 Y56.15 E925.76082
G1 X43.317 Y56.54 E925.77771
G1 X46.785 Y56.54 E925.92789
G1 X46.785 Y56.15 E925.94478
G1 X47.768 Y56.15 E925.98735
G1 X47.768 Y63.57 E926.30868
G1 X40.11 Y63.57 E926.64031
G1 X40.11 Y56.15 E926.96164
G1 X40.592 Y56.15 E926.98251
G0 F960 X40.714 Y56.15
G0 X40.714 Y56.54
M204 S2000
M205 X30 Y30
G0 F3600 X40.964 Y56.54
G1 F2700 E922.98251
G0 F3600 X40.644 Y56.61
G0 X46.813 Y56.818
G0 X47.754 Y56.521
G0 X48.683 Y56.521
G0 X72.462 Y56.664
G0 X73.891 Y56.664
G0 X74.576 Y57.659
M204 S500
M205 X10 Y10
;TYPE:FILL
G1 F2700 E926.98251
G1 F2400 X79.287 Y62.37 E927.27103
G1 X79.499 Y62.582
M204 S2000
M205 X30 Y30
G0 F3600 X79.609 Y60.335
M204 S500
M205 X10 Y10
G1 F2400 X76.624 Y57.349 E927.45388
G1 X76.412 Y57.137
M204 S2000
M205 X30 Y30
G0 F3600 X78.981 Y57.349
M204 S500
M205 X10 Y10
G1 F2400 X79.609 Y57.977 E927.49234
M204 S2000
M205 X30 Y30
G0 F3600 X76.929 Y62.37
M204 S500
M205 X10 Y10
G1 F2400 X74.576 Y60.017 E927.63644
G1 X74.364 Y59.805
M204 S2000
M205 X30 Y30
G0 F3600 X79.81 Y62.57
M204 S500
M205 X10 Y10
;TYPE:WALL-INNER
G1 F2400 X74.377 Y62.57 E927.87172
G1 X74.377 Y57.15 E928.10644
G1 X79.81 Y57.15 E928.34172
G1 X79.81 Y62.058 E928.55426
G0 F1920 X79.81 Y62.57
M204 S2000
M205 X30 Y30
G0 F3600 X80.31 Y63.07
M204 S500
M205 X10 Y10
G1 F2400 X73.877 Y63.07 E928.83285
G1 X73.877 Y56.65 E929.11087
G1 X80.31 Y56.65 E929.38946
G1 X80.31 Y62.558 E929.64531
G0 F1920 X80.31 Y63.07
M204 S2000
M205 X30 Y30
G0 F3600 X80.81 Y63.57
M204 S500
M205 X10 Y10
;TYPE:WALL-OUTER
G1 F1200 X73.377 Y63.57 E929.9672
G1 X73.377 Y56.15 E930.28853
G1 X80.81 Y56.15 E930.61042
G1 X80.81 Y63.058 E930.90958
G0 F960 X80.81 Y63.57
M204 S2000
M205 X30 Y30
G0 F3600 X80.56 Y63.57
G0 X79.81 Y62.717
G1 F2700 E926.90958
;MESH:NONMESH
G0 F600 X79.81 Y62.717 Z21.05
G0 F3600 X73.897 Y57.738
G0 X72.462 Y57.738
G0 X48.683 Y57.738
G0 X47.498 Y57.738
G0 X41.458 Y57.738
;TIME_ELAPSED:1128.616952
;LAYER:83
M204 S500
M205 X10 Y10
;TYPE:FILL
;MESH:PLATempTower
G1 F2700 E930.90958
G1 F2400 X41.309 Y57.887 E930.9187
M204 S2000
M205 X30 Y30
G0 F3600 X41.309 Y60.244
M204 S500
M205 X10 Y10
G1 F2400 X43.815 Y57.738 E931.07218
G1 X44.027 Y57.526
M204 S2000
M205 X30 Y30
G0 F3600 X46.173 Y57.738
M204 S500
M205 X10 Y10
G1 F2400 X41.543 Y62.368 E931.35574
G1 X41.331 Y62.58
M204 S2000
M205 X30 Y30
G0 F3600 X43.9 Y62.368
M204 S500
M205 X10 Y10
G1 F2400 X46.817 Y59.452 E931.53435
G1 X47.029 Y59.24
M204 S2000
M205 X30 Y30
G0 F3600 X46.817 Y61.809
M204 S500
M205 X10 Y10
G1 F2400 X46.258 Y62.368 E931.56859
M204 S2000
M205 X30 Y30
G0 F3600 X47.018 Y62.57
M204 S500
M205 X10 Y10
;TYPE:WALL-INNER
G1 F2400 X41.11 Y62.57 E931.82444
G1 X41.11 Y57.54 E932.04227
G1 X47.018 Y57.54 E932.29812
G1 X47.018 Y62.058 E932.49377
G0 F1920 X47.018 Y62.57
M204 S2000
M205 X30 Y30
G0 F3600 X47.388 Y57.04
M204 S500
M205 X10 Y10
G1 F2400 X47.388 Y56.65 E932.51066
G1 X47.518 Y56.65 E932.51629
G1 X47.518 Y63.07 E932.79431
G1 X40.61 Y63.07 E933.09347
G1 X40.61 Y57.04 E933.3546
G1 X46.876 Y57.04 E933.62596
G0 F1920 X47.388 Y57.04
M204 S2000
M205 X30 Y30
G1 F2700 E929.62596
G0 F3600 X40.829 Y56.818
G0 X40.857 Y56.54
M204 S500
M205 X10 Y10
;TYPE:WALL-OUTER
G1 F2700 E933.62596
G1 F1200 X42.343 Y56.54 E933.69031
G1 X42.343 Y56.15 E933.7072
G1 X43.317 Y56.15 E933.74938
G1 X43.317 Y56.54 E933.76627
G1 X46.888 Y56.54 E933.92091
G1 X46.888 Y56.15 E933.9378
G1 X48.018 Y56.15 E933.98674
G1 X48.018 Y63.57 E934.30807
G1 X40.11 Y63.57 E934.65053
G1 X40.11 Y56.15 E934.97186
G1 X40.735 Y56.15 E934.99892
G0 F960 X40.857 Y56.15
G0 X40.857 Y56.54
M204 S2000
M205 X30 Y30
G0 F3600 X41.107 Y56.54
G1 F2700 E930.99892
G0 F3600 X40.787 Y56.61
G0 X47.748 Y57.707
G0 X48.933 Y57.707
G0 X72.38 Y57.707
G0 X73.815 Y57.707
G0 X74.494 Y57.707
M204 S500
M205 X10 Y10
;TYPE:FILL
G1 F2700 E934.99892
G1 F2400 X74.852 Y57.349 E935.02085
M204 S2000
M205 X30 Y30
G0 F3600 X77.209 Y57.349
M204 S500
M205 X10 Y10
G1 F2400 X74.494 Y60.065 E935.18715
G1 X74.282 Y60.277
M204 S2000
M205 X30 Y30
G0 F3600 X74.546 Y62.37
M204 S500
M205 X10 Y10
G1 F2400 X79.567 Y57.349 E935.49466
G1 X79.779 Y57.137
M204 S2000
M205 X30 Y30
G0 F3600 X79.609 Y59.664
M204 S500
M205 X10 Y10
G1 F2400 X76.904 Y62.37 E935.66035
G1 X76.692 Y62.582
M204 S2000
M205 X30 Y30
G0 F3600 X79.261 Y62.37
M204 S500
M205 X10 Y10
G1 F2400 X79.609 Y62.022 E935.68166
M204 S2000
M205 X30 Y30
G0 F3600 X79.81 Y62.57
M204 S500
M205 X10 Y10
;TYPE:WALL-INNER
G1 F2400 X74.295 Y62.57 E935.9205
G1 X74.295 Y57.15 E936.15521
G1 X79.81 Y57.15 E936.39404
G1 X79.81 Y62.058 E936.60659
G0 F1920 X79.81 Y62.57
M204 S2000
M205 X30 Y30
G0 F3600 X80.31 Y63.07
M204 S500
M205 X10 Y10
G1 F2400 X73.795 Y63.07 E936.88873
G1 X73.795 Y56.65 E937.16675
G1 X80.31 Y56.65 E937.44889
G1 X80.31 Y62.558 E937.70474
G0 F1920 X80.31 Y63.07
M204 S2000
M205 X30 Y30
G0 F3600 X80.81 Y63.57
M204 S500
M205 X10 Y10
;TYPE:WALL-OUTER
G1 F1200 X73.295 Y63.57 E938.03018
G1 X73.295 Y56.15 E938.35151
G1 X80.81 Y56.15 E938.67695
G1 X80.81 Y63.058 E938.97611
G0 F960 X80.81 Y63.57
M204 S2000
M205 X30 Y30
G0 F3600 X80.56 Y63.57
G0 X79.81 Y62.717
G1 F2700 E934.97611
;MESH:NONMESH
G0 F600 X79.81 Y62.717 Z21.3
G0 F3600 X73.815 Y57.739
G0 X72.38 Y57.739
G0 X48.933 Y57.739
G0 X47.748 Y57.739
G0 X41.651 Y57.739
;TIME_ELAPSED:1139.422550
;LAYER:84
M204 S500
M205 X10 Y10
;TYPE:FILL
;MESH:PLATempTower
G1 F2700 E938.97611
G1 F2400 X46.28 Y62.368 E939.2596
G1 X46.492 Y62.58
M204 S2000
M205 X30 Y30
G0 F3600 X47.067 Y60.798
M204 S500
M205 X10 Y10
G1 F2400 X44.008 Y57.739 E939.44695
G1 X43.796 Y57.527
M204 S2000
M205 X30 Y30
G0 F3600 X46.366 Y57.739
M204 S500
M205 X10 Y10
G1 F2400 X47.067 Y58.44 E939.48988
M204 S2000
M205 X30 Y30
G0 F3600 X43.923 Y62.368
M204 S500
M205 X10 Y10
G1 F2400 X41.309 Y59.755 E939.64994
G1 X41.097 Y59.543
M204 S2000
M205 X30 Y30
G0 F3600 X41.309 Y62.112
M204 S500
M205 X10 Y10
G1 F2400 X41.565 Y62.368 E939.66562
M204 S2000
M205 X30 Y30
G0 F3600 X47.268 Y62.57
M204 S500
M205 X10 Y10
;TYPE:WALL-INNER
G1 F2400 X41.11 Y62.57 E939.93229
G1 X41.11 Y57.54 E940.15012
G1 X47.268 Y57.54 E940.4168
G1 X47.268 Y62.058 E940.61245
G0 F1920 X47.268 Y62.57
M204 S2000
M205 X30 Y30
G0 F3600 X47.439 Y57.04
M204 S500
M205 X10 Y10
G1 F2400 X47.439 Y56.65 E940.62934
G1 X47.768 Y56.65 E940.64359
G1 X47.768 Y63.07 E940.92161
G1 X40.61 Y63.07 E941.23159
G1 X40.61 Y57.04 E941.49273
G1 X46.927 Y57.04 E941.76629
G0 F1920 X47.439 Y57.04
M204 S2000
M205 X30 Y30
G1 F2700 E937.76629
G0 F3600 X41.042 Y56.818
G0 X41.07 Y56.54
M204 S500
M205 X10 Y10
;TYPE:WALL-OUTER
G1 F2700 E941.76629
G1 F1200 X42.598 Y56.54 E941.83246
G1 X42.599 Y56.15 E941.84935
G1 X43.317 Y56.15 E941.88044
G1 X43.317 Y56.54 E941.89733
G1 X46.939 Y56.54 E942.05419
G1 X46.939 Y56.15 E942.07108
G1 X48.268 Y56.15 E942.12863
G1 X48.268 Y63.57 E942.44996
G1 X40.11 Y63.57 E942.80325
G1 X40.11 Y56.15 E943.12457
G1 X40.948 Y56.15 E943.16087
G0 F960 X41.07 Y56.15
G0 X41.07 Y56.54
M204 S2000
M205 X30 Y30
G0 F3600 X41.32 Y56.54
G0 X40.86 Y56.54
G1 F2700 E939.16087
G0 F3600 X47.998 Y57.496
G0 X49.183 Y57.496
G0 X72.299 Y57.496
G0 X73.734 Y57.496
G0 X74.413 Y57.496
M204 S500
M205 X10 Y10
;TYPE:FILL
G1 F2700 E943.16087
G1 F2400 X79.286 Y62.369 E943.45931
G1 X79.498 Y62.581
M204 S2000
M205 X30 Y30
G0 F3600 X79.609 Y60.335
M204 S500
M205 X10 Y10
G1 F2400 X76.624 Y57.349 E943.64215
G1 X76.412 Y57.137
M204 S2000
M205 X30 Y30
G0 F3600 X78.981 Y57.349
M204 S500
M205 X10 Y10
G1 F2400 X79.609 Y57.977 E943.68061
M204 S2000
M205 X30 Y30
G0 F3600 X76.928 Y62.369
M204 S500
M205 X10 Y10
G1 F2400 X74.413 Y59.853 E943.83467
G1 X74.201 Y59.641
M204 S2000
M205 X30 Y30
G0 F3600 X74.413 Y62.211
M204 S500
M205 X10 Y10
G1 F2400 X74.571 Y62.369 E943.84434
M204 S2000
M205 X30 Y30
G0 F3600 X79.81 Y62.57
M204 S500
M205 X10 Y10
;TYPE:WALL-INNER
G1 F2400 X74.214 Y62.57 E944.08668
G1 X74.214 Y57.15 E944.3214
G1 X79.81 Y57.15 E944.56374
G1 X79.81 Y62.058 E944.77628
G0 F1920 X79.81 Y62.57
M204 S2000
M205 X30 Y30
G0 F3600 X80.31 Y63.07
M204 S500
M205 X10 Y10
G1 F2400 X73.714 Y63.07 E945.06193
G1 X73.714 Y56.65 E945.33995
G1 X80.31 Y56.65 E945.62559
G1 X80.31 Y62.558 E945.88145
G0 F1920 X80.31 Y63.07
M204 S2000
M205 X30 Y30
G0 F3600 X80.81 Y63.57
M204 S500
M205 X10 Y10
;TYPE:WALL-OUTER
G1 F1200 X73.214 Y63.57 E946.2104
G1 X73.214 Y56.15 E946.53172
G1 X80.81 Y56.15 E946.86067
G1 X80.81 Y63.058 E947.15983
G0 F960 X80.81 Y63.57
M204 S2000
M205 X30 Y30
G0 F3600 X80.56 Y63.57
G0 X79.81 Y62.717
G1 F2700 E943.15983
;MESH:NONMESH
G0 F600 X79.81 Y62.717 Z21.55
G0 F3600 X73.734 Y57.738
G0 X72.299 Y57.738
G0 X49.183 Y57.738
G0 X47.998 Y57.738
G0 X41.458 Y57.738
;TIME_ELAPSED:1150.594435
;LAYER:85
M204 S500
M205 X10 Y10
;TYPE:FILL
;MESH:PLATempTower
G1 F2700 E947.15983
G1 F2400 X41.309 Y57.887 E947.16896
M204 S2000
M205 X30 Y30
G0 F3600 X41.309 Y60.244
M204 S500
M205 X10 Y10
G1 F2400 X43.815 Y57.738 E947.32243
G1 X44.027 Y57.526
M204 S2000
M205 X30 Y30
G0 F3600 X46.173 Y57.738
M204 S500
M205 X10 Y10
G1 F2400 X41.542 Y62.369 E947.60605
G1 X41.33 Y62.581
M204 S2000
M205 X30 Y30
G0 F3600 X43.9 Y62.369
M204 S500
M205 X10 Y10
G1 F2400 X47.318 Y58.951 E947.81538
G1 X47.53 Y58.739
M204 S2000
M205 X30 Y30
G0 F3600 X47.318 Y61.308
M204 S500
M205 X10 Y10
G1 F2400 X46.257 Y62.369 E947.88036
G1 X46.045 Y62.581
M204 S2000
M205 X30 Y30
G0 F3600 X47.518 Y62.57
M204 S500
M205 X10 Y10
;TYPE:WALL-INNER
G1 F2400 X41.11 Y62.57 E948.15786
G1 X41.11 Y57.54 E948.37569
G1 X47.518 Y57.54 E948.65319
G1 X47.518 Y62.058 E948.84885
G0 F1920 X47.518 Y62.57
M204 S2000
M205 X30 Y30
G0 F3600 X47.464 Y57.04
M204 S500
M205 X10 Y10
G1 F2400 X47.463 Y56.65 E948.86574
G1 X48.018 Y56.65 E948.88977
G1 X48.018 Y63.07 E949.1678
G1 X40.61 Y63.07 E949.48861
G1 X40.61 Y56.65 E949.76663
G1 X40.861 Y56.65 E949.7775
G1 X40.877 Y57.04 E949.7944
G1 X46.952 Y57.04 E950.05748
G0 F1920 X47.464 Y57.04
M204 S2000
M205 X30 Y30
G0 F3600 X46.963 Y56.54
M204 S500
M205 X10 Y10
;TYPE:WALL-OUTER
G1 F1200 X46.962 Y56.15 E950.07437
G1 X48.518 Y56.15 E950.14176
G1 X48.518 Y63.57 E950.46309
G1 X40.11 Y63.57 E950.8272
G1 X40.11 Y56.15 E951.14853
G1 X41.341 Y56.15 E951.20184
G1 X41.357 Y56.54 E951.21874
G1 X42.859 Y56.54 E951.28379
G1 X42.859 Y56.15 E951.30068
G1 X43.317 Y56.15 E951.32051
G1 X43.317 Y56.54 E951.3374
G1 X46.451 Y56.54 E951.47312
G0 F960 X46.963 Y56.54
M204 S2000
M205 X30 Y30
G0 F3600 X46.963 Y56.29
G0 X47.567 Y56.9
G1 F2700 E947.47312
G0 F3600 X48.248 Y57.869
G0 X49.433 Y57.869
G0 X72.218 Y57.869
G0 X73.653 Y57.869
G0 X74.332 Y57.869
M204 S500
M205 X10 Y10
;TYPE:FILL
G1 F2700 E951.47312
G1 F2400 X74.852 Y57.349 E951.50497
M204 S2000
M205 X30 Y30
G0 F3600 X77.209 Y57.349
M204 S500
M205 X10 Y10
G1 F2400 X74.332 Y60.227 E951.68119
G1 X74.12 Y60.439
M204 S2000
M205 X30 Y30
G0 F3600 X74.546 Y62.37
M204 S500
M205 X10 Y10
G1 F2400 X79.567 Y57.349 E951.9887
G1 X79.779 Y57.137
M204 S2000
M205 X30 Y30
G0 F3600 X79.609 Y59.664
M204 S500
M205 X10 Y10
G1 F2400 X76.904 Y62.37 E952.15439
G1 X76.692 Y62.582
M204 S2000
M205 X30 Y30
G0 F3600 X79.261 Y62.37
M204 S500
M205 X10 Y10
G1 F2400 X79.609 Y62.022 E952.17571
M204 S2000
M205 X30 Y30
G0 F3600 X79.81 Y62.57
M204 S500
M205 X10 Y10
;TYPE:WALL-INNER
G1 F2400 X74.133 Y62.57 E952.42155
G1 X74.133 Y57.15 E952.65627
G1 X79.81 Y57.15 E952.90212
G1 X79.81 Y62.058 E953.11466
G0 F1920 X79.81 Y62.57
M204 S2000
M205 X30 Y30
G0 F3600 X80.31 Y63.07
M204 S500
M205 X10 Y10
G1 F2400 X73.633 Y63.07 E953.40381
G1 X73.633 Y56.65 E953.68184
G1 X80.31 Y56.65 E953.97099
G1 X80.31 Y62.558 E954.22684
G0 F1920 X80.31 Y63.07
M204 S2000
M205 X30 Y30
G0 F3600 X80.81 Y63.57
M204 S500
M205 X10 Y10
;TYPE:WALL-OUTER
G1 F1200 X73.133 Y63.57 E954.5593
G1 X73.133 Y56.15 E954.88063
G1 X80.81 Y56.15 E955.21308
G1 X80.81 Y63.058 E955.51224
G0 F960 X80.81 Y63.57
M204 S2000
M205 X30 Y30
G0 F3600 X80.56 Y63.57
G0 X79.81 Y62.717
G1 F2700 E951.51224
;MESH:NONMESH
G0 F600 X79.81 Y62.717 Z21.8
G0 F3600 X73.653 Y57.739
G0 X72.218 Y57.739
G0 X49.433 Y57.739
G0 X48.248 Y57.739
G0 X41.651 Y57.739
;TIME_ELAPSED:1161.193496
;LAYER:86
M204 S500
M205 X10 Y10
;TYPE:FILL
;MESH:PLATempTower
G1 F2700 E955.51224
G1 F2400 X46.28 Y62.368 E955.79574
G1 X46.492 Y62.58
M204 S2000
M205 X30 Y30
G0 F3600 X47.568 Y61.299
M204 S500
M205 X10 Y10
G1 F2400 X44.008 Y57.739 E956.01376
G1 X43.796 Y57.527
M204 S2000
M205 X30 Y30
G0 F3600 X46.366 Y57.739
M204 S500
M205 X10 Y10
G1 F2400 X47.568 Y58.941 E956.08738
G1 X47.78 Y59.153
M204 S2000
M205 X30 Y30
G0 F3600 X43.923 Y62.368
M204 S500
M205 X10 Y10
G1 F2400 X41.309 Y59.755 E956.24744
G1 X41.097 Y59.543
M204 S2000
M205 X30 Y30
G0 F3600 X41.309 Y62.112
M204 S500
M205 X10 Y10
G1 F2400 X41.565 Y62.368 E956.26312
M204 S2000
M205 X30 Y30
G0 F3600 X47.768 Y62.57
M204 S500
M205 X10 Y10
;TYPE:WALL-INNER
G1 F2400 X41.11 Y62.57 E956.55145
G1 X41.11 Y57.54 E956.76927
G1 X47.768 Y57.54 E957.0576
G1 X47.768 Y62.058 E957.25326
G0 F1920 X47.768 Y62.57
M204 S2000
M205 X30 Y30
G0 F3600 X47.464 Y57.04
M204 S500
M205 X10 Y10
G1 F2400 X47.464 Y56.65 E957.27015
G1 X48.268 Y56.65 E957.30497
G1 X48.268 Y63.07 E957.58299
G1 X40.61 Y63.07 E957.91462
G1 X40.61 Y56.65 E958.19265
G1 X41.116 Y56.65 E958.21456
G1 X41.13 Y57.04 E958.23146
G1 X46.952 Y57.04 E958.48359
G0 F1920 X47.464 Y57.04
M204 S2000
M205 X30 Y30
G1 F2700 E954.48359
G0 F3600 X43.289 Y56.818
G0 X43.053 Y56.54
M204 S500
M205 X10 Y10
;TYPE:WALL-OUTER
G1 F2700 E958.48359
G1 F1200 X43.053 Y56.15 E958.50047
G1 X43.317 Y56.15 E958.51191
G1 X43.317 Y56.54 E958.5288
G1 X46.964 Y56.54 E958.68673
G1 X46.964 Y56.15 E958.70362
G1 X48.768 Y56.15 E958.78175
G1 X48.768 Y63.57 E959.10307
G1 X40.11 Y63.57 E959.47801
G1 X40.11 Y56.15 E959.79934
G1 X41.598 Y56.15 E959.86378
G1 X41.612 Y56.54 E959.88068
G1 X42.541 Y56.54 E959.92091
G0 F960 X43.053 Y56.54
M204 S2000
M205 X30 Y30
G0 F3600 X43.053 Y56.29
G1 F2700 E955.92091
G0 F3600 X43.153 Y56.29
G0 X48.498 Y57.349
G0 X49.683 Y57.349
G0 X72.085 Y57.349
G0 X73.52 Y57.349
G0 X74.266 Y57.349
M204 S500
M205 X10 Y10
;TYPE:FILL
G1 F2700 E959.92091
G1 F2400 X79.286 Y62.369 E960.22836
G1 X79.498 Y62.581
M204 S2000
M205 X30 Y30
G0 F3600 X79.609 Y60.335
M204 S500
M205 X10 Y10
G1 F2400 X76.624 Y57.349 E960.4112
G1 X76.412 Y57.137
M204 S2000
M205 X30 Y30
G0 F3600 X78.981 Y57.349
M204 S500
M205 X10 Y10
G1 F2400 X79.609 Y57.977 E960.44966
M204 S2000
M205 X30 Y30
G0 F3600 X76.928 Y62.369
M204 S500
M205 X10 Y10
G1 F2400 X74.198 Y59.639 E960.61685
G1 X73.986 Y59.427
M204 S2000
M205 X30 Y30
G0 F3600 X74.198 Y61.997
M204 S500
M205 X10 Y10
G1 F2400 X74.571 Y62.369 E960.63967
M204 S2000
M205 X30 Y30
G0 F3600 X79.81 Y62.57
M204 S500
M205 X10 Y10
;TYPE:WALL-INNER
G1 F2400 X74 Y62.57 E960.89127
G1 X74 Y57.15 E961.12599
G1 X79.81 Y57.15 E961.3776
G1 X79.81 Y62.058 E961.59014
G0 F1920 X79.81 Y62.57
M204 S2000
M205 X30 Y30
G0 F3600 X80.31 Y63.07
M204 S500
M205 X10 Y10
G1 F2400 X73.5 Y63.07 E961.88505
G1 X73.5 Y56.65 E962.16308
G1 X80.31 Y56.65 E962.45799
G1 X80.31 Y62.558 E962.71384
G0 F1920 X80.31 Y63.07
M204 S2000
M205 X30 Y30
G0 F3600 X80.81 Y63.57
M204 S500
M205 X10 Y10
;TYPE:WALL-OUTER
G1 F1200 X73 Y63.57 E963.05206
G1 X73 Y56.15 E963.37339
G1 X80.81 Y56.15 E963.7116
G1 X80.81 Y63.058 E964.01076
G0 F960 X80.81 Y63.57
M204 S2000
M205 X30 Y30
G0 F3600 X80.56 Y63.57
G0 X79.81 Y62.717
G1 F2700 E960.01076
;MESH:NONMESH
G0 F600 X79.81 Y62.717 Z22.05
G0 F3600 X73.52 Y57.738
G0 X72.085 Y57.738
G0 X49.683 Y57.738
G0 X48.498 Y57.738
G0 X41.458 Y57.738
;TIME_ELAPSED:1172.571571
;LAYER:87
M204 S500
M205 X10 Y10
;TYPE:FILL
;MESH:PLATempTower
G1 F2700 E964.01076
G1 F2400 X41.309 Y57.887 E964.01988
M204 S2000
M205 X30 Y30
G0 F3600 X41.309 Y60.244
M204 S500
M205 X10 Y10
G1 F2400 X43.815 Y57.738 E964.17336
G1 X44.027 Y57.526
M204 S2000
M205 X30 Y30
G0 F3600 X46.173 Y57.738
M204 S500
M205 X10 Y10
G1 F2400 X41.543 Y62.368 E964.45692
G1 X41.331 Y62.58
M204 S2000
M205 X30 Y30
G0 F3600 X43.9 Y62.368
M204 S500
M205 X10 Y10
G1 F2400 X47.818 Y58.451 E964.69684
G1 X48.03 Y58.239
M204 S2000
M205 X30 Y30
G0 F3600 X47.818 Y60.809
M204 S500
M205 X10 Y10
G1 F2400 X46.258 Y62.368 E964.79235
G1 X46.046 Y62.58
M204 S2000
M205 X30 Y30
G0 F3600 X47.951 Y57.54
M204 S500
M205 X10 Y10
;TYPE:WALL-INNER
G1 F2400 X47.951 Y57.15 E964.80924
G1 X48.018 Y57.15 E964.81214
G1 X48.018 Y62.57 E965.04686
G1 X41.11 Y62.57 E965.34601
G1 X41.11 Y57.54 E965.56384
G1 X47.439 Y57.54 E965.83792
G0 F1920 X47.951 Y57.54
M204 S2000
M205 X30 Y30
G0 F3600 X41.203 Y57.11
G0 X41.273 Y57.04
M204 S500
M205 X10 Y10
G1 F2400 X47.451 Y57.04 E966.10547
G1 X47.451 Y56.65 E966.12236
G1 X48.518 Y56.65 E966.16856
G1 X48.518 Y63.07 E966.44659
G1 X40.61 Y63.07 E966.78905
G1 X40.61 Y56.65 E967.06707
G1 X41.151 Y56.65 E967.0905
G0 F1920 X41.273 Y56.65
G0 X41.273 Y57.04
M204 S2000
M205 X30 Y30
G0 F3600 X41.773 Y56.54
M204 S500
M205 X10 Y10
;TYPE:WALL-OUTER
G1 F1200 X46.951 Y56.54 E967.31474
G1 X46.951 Y56.15 E967.33163
G1 X49.018 Y56.15 E967.42114
G1 X49.018 Y63.57 E967.74247
G1 X40.11 Y63.57 E968.12823
G1 X40.11 Y56.15 E968.44956
G1 X41.651 Y56.15 E968.5163
G0 F960 X41.773 Y56.15
G0 X41.773 Y56.54
M204 S2000
M205 X30 Y30
G0 F3600 X42.023 Y56.54
G0 X42.023 Y57.54
G1 F2700 E964.5163
G0 F3600 X48.498 Y58.146
G0 X49.933 Y58.146
G0 X71.941 Y58.146
G0 X73.376 Y58.146
G0 X74.055 Y58.146
M204 S500
M205 X10 Y10
;TYPE:FILL
G1 F2700 E968.5163
G1 F2400 X74.852 Y57.349 E968.56511
G1 X75.064 Y57.137
M204 S2000
M205 X30 Y30
G0 F3600 X77.209 Y57.349
M204 S500
M205 X10 Y10
G1 F2400 X74.055 Y60.504 E968.7583
G1 X73.843 Y60.716
M204 S2000
M205 X30 Y30
G0 F3600 X74.546 Y62.37
M204 S500
M205 X10 Y10
G1 F2400 X79.567 Y57.349 E969.0658
G1 X79.779 Y57.137
M204 S2000
M205 X30 Y30
G0 F3600 X79.609 Y59.664
M204 S500
M205 X10 Y10
G1 F2400 X76.904 Y62.37 E969.2315
G1 X76.692 Y62.582
M204 S2000
M205 X30 Y30
G0 F3600 X79.261 Y62.37
M204 S500
M205 X10 Y10
G1 F2400 X79.609 Y62.022 E969.25281
M204 S2000
M205 X30 Y30
G0 F3600 X79.81 Y62.57
M204 S500
M205 X10 Y10
;TYPE:WALL-INNER
G1 F2400 X73.856 Y62.57 E969.51065
G1 X73.856 Y57.15 E969.74537
G1 X79.81 Y57.15 E970.00321
G1 X79.81 Y62.058 E970.21576
G0 F1920 X79.81 Y62.57
M204 S2000
M205 X30 Y30
G0 F3600 X80.31 Y63.07
M204 S500
M205 X10 Y10
G1 F2400 X73.356 Y63.07 E970.51691
G1 X73.356 Y56.65 E970.79493
G1 X80.31 Y56.65 E971.09608
G1 X80.31 Y62.558 E971.35193
G0 F1920 X80.31 Y63.07
M204 S2000
M205 X30 Y30
G0 F3600 X80.81 Y63.57
M204 S500
M205 X10 Y10
;TYPE:WALL-OUTER
G1 F1200 X72.856 Y63.57 E971.69638
G1 X72.856 Y56.15 E972.01771
G1 X80.81 Y56.15 E972.36216
G1 X80.81 Y63.058 E972.66132
G0 F960 X80.81 Y63.57
M204 S2000
M205 X30 Y30
G0 F3600 X80.56 Y63.57
G0 X79.81 Y62.717
G1 F2700 E968.66132
;MESH:NONMESH
G0 F600 X79.81 Y62.717 Z22.3
G0 F3600 X73.376 Y57.739
G0 X71.941 Y57.739
G0 X49.933 Y57.739
G0 X48.498 Y57.739
G0 X41.651 Y57.739
;TIME_ELAPSED:1183.529300
;LAYER:88
M204 S500
M205 X10 Y10
;TYPE:FILL
;MESH:PLATempTower
G1 F2700 E972.66132
G1 F2400 X46.28 Y62.368 E972.94482
G1 X46.492 Y62.58
M204 S2000
M205 X30 Y30
G0 F3600 X48.068 Y61.799
M204 S500
M205 X10 Y10
G1 F2400 X44.008 Y57.739 E973.19346
G1 X43.796 Y57.527
M204 S2000
M205 X30 Y30
G0 F3600 X46.351 Y57.724
M204 S500
M205 X10 Y10
G1 F2400 X48.068 Y59.441 E973.29862
G1 X48.28 Y59.653
M204 S2000
M205 X30 Y30
G0 F3600 X43.923 Y62.368
M204 S500
M205 X10 Y10
G1 F2400 X41.309 Y59.755 E973.45868
G1 X41.097 Y59.543
M204 S2000
M205 X30 Y30
G0 F3600 X41.309 Y62.112
M204 S500
M205 X10 Y10
G1 F2400 X41.565 Y62.368 E973.47436
M204 S2000
M205 X30 Y30
G0 F3600 X44.531 Y57.609
M204 S500
M205 X10 Y10
;TYPE:WALL-INNER
G1 F2400 X47.868 Y57.454 E973.61903
G1 X47.877 Y57.15 E973.6322
G1 X48.268 Y57.15 E973.64913
G1 X48.268 Y62.57 E973.88385
G1 X41.11 Y62.57 E974.19383
G1 X41.11 Y57.54 E974.41166
G1 X44.088 Y57.54 E974.54062
G0 F1920 X44.531 Y57.54
G0 X44.531 Y57.609
M204 S2000
M205 X30 Y30
G0 F3600 X45.031 Y57.085
M204 S500
M205 X10 Y10
G1 F2400 X47.382 Y56.976 E974.64254
G1 X47.392 Y56.65 E974.65667
G1 X48.768 Y56.65 E974.71625
G1 X48.768 Y63.07 E974.99428
G1 X40.61 Y63.07 E975.34757
G1 X40.61 Y57.04 E975.6087
G1 X44.564 Y57.04 E975.77993
G0 F1920 X45.031 Y57.04
G0 X45.031 Y57.085
M204 S2000
M205 X30 Y30
G0 F3600 X45.531 Y56.561
M204 S500
M205 X10 Y10
;TYPE:WALL-OUTER
G1 F1200 X46.897 Y56.498 E975.83915
G1 X46.908 Y56.15 E975.85423
G1 X49.268 Y56.15 E975.95643
G1 X49.268 Y63.57 E976.27776
G1 X40.11 Y63.57 E976.67435
G1 X40.11 Y56.15 E976.99568
G1 X40.698 Y56.15 E977.02114
G1 X40.698 Y56.54 E977.03803
G1 X45.04 Y56.54 E977.22607
G0 F960 X45.531 Y56.54
G0 X45.531 Y56.561
M204 S2000
M205 X30 Y30
G0 F3600 X45.78 Y56.55
G0 X45.813 Y57.3
G1 F2700 E973.22607
G0 F3600 X48.998 Y59.351
G0 X50.183 Y59.351
G0 X71.796 Y59.351
G0 X73.231 Y59.351
G0 X73.91 Y59.351
M204 S500
M205 X10 Y10
;TYPE:FILL
G1 F2700 E977.22607
G1 F2400 X76.929 Y62.37 E977.41096
G1 X77.141 Y62.582
M204 S2000
M205 X30 Y30
G0 F3600 X74.572 Y62.37
M204 S500
M205 X10 Y10
G1 F2400 X73.91 Y61.708 E977.4515
M204 S2000
M205 X30 Y30
G0 F3600 X74.266 Y57.349
M204 S500
M205 X10 Y10
G1 F2400 X79.287 Y62.37 E977.75901
G1 X79.499 Y62.582
M204 S2000
M205 X30 Y30
G0 F3600 X79.609 Y60.335
M204 S500
M205 X10 Y10
G1 F2400 X76.624 Y57.349 E977.94185
G1 X76.412 Y57.137
M204 S2000
M205 X30 Y30
G0 F3600 X78.981 Y57.349
M204 S500
M205 X10 Y10
G1 F2400 X79.609 Y57.977 E977.98031
M204 S2000
M205 X30 Y30
G0 F3600 X79.81 Y62.57
M204 S500
M205 X10 Y10
;TYPE:WALL-INNER
G1 F2400 X73.711 Y62.57 E978.24443
G1 X73.711 Y57.15 E978.47915
G1 X79.81 Y57.15 E978.74327
G1 X79.81 Y62.058 E978.95582
G0 F1920 X79.81 Y62.57
M204 S2000
M205 X30 Y30
G0 F3600 X80.31 Y63.07
M204 S500
M205 X10 Y10
G1 F2400 X73.211 Y63.07 E979.26324
G1 X73.211 Y56.65 E979.54127
G1 X80.31 Y56.65 E979.84869
G1 X80.31 Y62.558 E980.10454
G0 F1920 X80.31 Y63.07
M204 S2000
M205 X30 Y30
G0 F3600 X80.81 Y63.57
M204 S500
M205 X10 Y10
;TYPE:WALL-OUTER
G1 F1200 X72.711 Y63.57 E980.45528
G1 X72.711 Y56.15 E980.77661
G1 X80.81 Y56.15 E981.12734
G1 X80.81 Y63.058 E981.42649
G0 F960 X80.81 Y63.57
M204 S2000
M205 X30 Y30
G0 F3600 X80.56 Y63.57
G0 X79.81 Y62.717
G1 F2700 E977.42649
;MESH:NONMESH
G0 F600 X79.81 Y62.717 Z22.55
G0 F3600 X73.231 Y57.738
G0 X71.796 Y57.738
G0 X50.183 Y57.738
G0 X48.998 Y57.738
G0 X41.458 Y57.738
;TIME_ELAPSED:1194.695881
;LAYER:89
M204 S500
M205 X10 Y10
;TYPE:FILL
;MESH:PLATempTower
G1 F2700 E981.42649
G1 F2400 X41.309 Y57.887 E981.43562
M204 S2000
M205 X30 Y30
G0 F3600 X41.309 Y60.244
M204 S500
M205 X10 Y10
G1 F2400 X43.815 Y57.738 E981.5891
G1 X44.027 Y57.526
M204 S2000
M205 X30 Y30
G0 F3600 X46.173 Y57.738
M204 S500
M205 X10 Y10
G1 F2400 X41.542 Y62.369 E981.87272
G1 X41.33 Y62.581
M204 S2000
M205 X30 Y30
G0 F3600 X43.9 Y62.369
M204 S500
M205 X10 Y10
G1 F2400 X48.318 Y57.95 E982.14332
G1 X48.53 Y57.738
M204 S2000
M205 X30 Y30
G0 F3600 X48.318 Y60.309
M204 S500
M205 X10 Y10
G1 F2400 X46.257 Y62.369 E982.26951
G1 X46.045 Y62.581
M204 S2000
M205 X30 Y30
G0 F3600 X47.737 Y57.54
M204 S500
M205 X10 Y10
;TYPE:WALL-INNER
G1 F2400 X47.762 Y57.15 E982.28644
G1 X48.519 Y57.15 E982.31922
G1 X48.518 Y62.57 E982.55394
G1 X41.11 Y62.57 E982.87474
G1 X41.11 Y57.54 E983.09257
G1 X47.225 Y57.54 E983.35739
G0 F1920 X47.737 Y57.54
M204 S2000
M205 X30 Y30
G0 F3600 X47.268 Y57.04
M204 S500
M205 X10 Y10
G1 F2400 X47.293 Y56.65 E983.37431
G1 X49.019 Y56.65 E983.44906
G1 X49.018 Y63.07 E983.72708
G1 X40.61 Y63.07 E984.09119
G1 X40.61 Y57.04 E984.35233
G1 X46.756 Y57.04 E984.61848
G0 F1920 X47.268 Y57.04
M204 S2000
M205 X30 Y30
G1 F2700 E980.61848
G0 F3600 X40.737 Y56.818
G0 X40.765 Y56.54
M204 S500
M205 X10 Y10
;TYPE:WALL-OUTER
G1 F2700 E984.61848
G1 F1200 X46.799 Y56.54 E984.87979
G1 X46.824 Y56.15 E984.89672
G1 X49.519 Y56.15 E985.01342
G1 X49.518 Y63.57 E985.33475
G1 X40.11 Y63.57 E985.74217
G1 X40.11 Y56.15 E986.0635
G1 X40.643 Y56.15 E986.08658
G0 F960 X40.765 Y56.15
G0 X40.765 Y56.54
M204 S2000
M205 X30 Y30
G0 F3600 X41.015 Y56.54
G1 F2700 E982.08658
G0 F3600 X40.695 Y56.61
G0 X49.249 Y58.446
G0 X50.434 Y58.446
G0 X71.636 Y58.446
G0 X73.071 Y58.446
G0 X73.75 Y58.451
M204 S500
M205 X10 Y10
;TYPE:FILL
G1 F2700 E986.08658
G1 F2400 X74.852 Y57.349 E986.15407
G1 X75.064 Y57.137
M204 S2000
M205 X30 Y30
G0 F3600 X77.209 Y57.349
M204 S500
M205 X10 Y10
G1 F2400 X73.75 Y60.809 E986.36595
G1 X73.538 Y61.021
M204 S2000
M205 X30 Y30
G0 F3600 X74.546 Y62.37
M204 S500
M205 X10 Y10
G1 F2400 X79.567 Y57.349 E986.67345
G1 X79.779 Y57.137
M204 S2000
M205 X30 Y30
G0 F3600 X79.609 Y59.664
M204 S500
M205 X10 Y10
G1 F2400 X76.904 Y62.37 E986.83914
G1 X76.692 Y62.582
M204 S2000
M205 X30 Y30
G0 F3600 X79.261 Y62.37
M204 S500
M205 X10 Y10
G1 F2400 X79.609 Y62.022 E986.86046
M204 S2000
M205 X30 Y30
G0 F3600 X79.81 Y62.57
M204 S500
M205 X10 Y10
;TYPE:WALL-INNER
G1 F2400 X73.551 Y62.57 E987.13151
G1 X73.551 Y57.15 E987.36622
G1 X79.81 Y57.15 E987.63728
G1 X79.81 Y62.058 E987.84982
G0 F1920 X79.81 Y62.57
M204 S2000
M205 X30 Y30
G0 F3600 X80.31 Y63.07
M204 S500
M205 X10 Y10
G1 F2400 X73.051 Y63.07 E988.16418
G1 X73.051 Y56.65 E988.4422
G1 X80.31 Y56.65 E988.75656
G1 X80.31 Y62.558 E989.01241
G0 F1920 X80.31 Y63.07
M204 S2000
M205 X30 Y30
G0 F3600 X80.81 Y63.57
M204 S500
M205 X10 Y10
;TYPE:WALL-OUTER
G1 F1200 X72.551 Y63.57 E989.37007
G1 X72.551 Y56.15 E989.6914
G1 X80.81 Y56.15 E990.04906
G1 X80.81 Y63.058 E990.34821
G0 F960 X80.81 Y63.57
M204 S2000
M205 X30 Y30
G0 F3600 X80.56 Y63.57
G0 X79.81 Y62.717
G1 F2700 E986.34821
;MESH:NONMESH
G0 F600 X79.81 Y62.717 Z22.8
G0 F3600 X73.071 Y57.738
G0 X71.636 Y57.738
G0 X50.434 Y57.733
G0 X49.249 Y57.733
G0 X41.65 Y57.738
;TIME_ELAPSED:1206.116949
;LAYER:90
M204 S500
M205 X10 Y10
;TYPE:FILL
;MESH:PLATempTower
G1 F2700 E990.34821
G1 F2400 X46.28 Y62.368 E990.63177
G1 X46.492 Y62.58
M204 S2000
M205 X30 Y30
G0 F3600 X48.569 Y62.299
M204 S500
M205 X10 Y10
G1 F2400 X44.008 Y57.738 E990.9111
G1 X43.796 Y57.526
M204 S2000
M205 X30 Y30
G0 F3600 X46.365 Y57.738
M204 S500
M205 X10 Y10
G1 F2400 X48.569 Y59.942 E991.04608
G1 X48.781 Y60.154
M204 S2000
M205 X30 Y30
G0 F3600 X48.569 Y57.584
M204 S500
M205 X10 Y10
G1 F2400 X48.334 Y57.349 E991.06048
M204 S2000
M205 X30 Y30
G0 F3600 X43.923 Y62.368
M204 S500
M205 X10 Y10
G1 F2400 X41.309 Y59.755 E991.22054
G1 X41.097 Y59.543
M204 S2000
M205 X30 Y30
G0 F3600 X41.309 Y62.112
M204 S500
M205 X10 Y10
G1 F2400 X41.565 Y62.368 E991.23622
M204 S2000
M205 X30 Y30
G0 F3600 X47.643 Y57.54
M204 S500
M205 X10 Y10
;TYPE:WALL-INNER
G1 F2400 X47.644 Y57.15 E991.2531
G1 X48.769 Y57.15 E991.30182
G1 X48.768 Y62.57 E991.53654
G1 X41.11 Y62.57 E991.86818
G1 X41.11 Y57.54 E992.086
G1 X47.131 Y57.54 E992.34675
G0 F1920 X47.643 Y57.54
M204 S2000
M205 X30 Y30
G0 F3600 X47.144 Y57.04
M204 S500
M205 X10 Y10
G1 F2400 X47.145 Y56.65 E992.36364
G1 X49.269 Y56.65 E992.45562
G1 X49.268 Y63.07 E992.73364
G1 X40.61 Y63.07 E993.10858
G1 X40.61 Y57.04 E993.36972
G1 X46.632 Y57.04 E993.6305
G0 F1920 X47.144 Y57.04
M204 S2000
M205 X30 Y30
G1 F2700 E989.6305
G0 F3600 X43.283 Y56.818
G0 X43.312 Y56.54
M204 S500
M205 X10 Y10
;TYPE:WALL-OUTER
G1 F2700 E993.6305
G1 F1200 X44.693 Y56.54 E993.69031
G1 X44.693 Y56.15 E993.7072
G1 X44.776 Y56.15 E993.71079
G1 X44.776 Y56.54 E993.72768
G1 X46.645 Y56.54 E993.80862
G1 X46.646 Y56.15 E993.82551
G1 X49.769 Y56.15 E993.96075
G1 X49.768 Y63.57 E994.28208
G1 X40.11 Y63.57 E994.70033
G1 X40.11 Y56.15 E995.02166
G1 X40.962 Y56.15 E995.05855
G1 X40.975 Y56.54 E995.07545
G1 X42.962 Y56.54 E995.1615
G1 X42.962 Y56.15 E995.17839
G1 X43.191 Y56.15 E995.18831
G0 F960 X43.313 Y56.15
G0 X43.312 Y56.54
M204 S2000
M205 X30 Y30
G0 F3600 X43.562 Y56.54
G0 X43.562 Y57.29
G1 F2700 E991.18831
G0 F3600 X49.499 Y58.96
G0 X50.684 Y58.96
G0 X71.411 Y58.96
G0 X72.846 Y58.96
G0 X73.524 Y58.965
M204 S500
M205 X10 Y10
;TYPE:FILL
G1 F2700 E995.18831
G1 F2400 X76.928 Y62.369 E995.39678
G1 X77.14 Y62.581
M204 S2000
M205 X30 Y30
G0 F3600 X74.571 Y62.369
M204 S500
M205 X10 Y10
G1 F2400 X73.524 Y61.323 E995.46087
G1 X73.312 Y61.111
M204 S2000
M205 X30 Y30
G0 F3600 X74.266 Y57.349
M204 S500
M205 X10 Y10
G1 F2400 X79.286 Y62.369 E995.76831
G1 X79.498 Y62.581
M204 S2000
M205 X30 Y30
G0 F3600 X79.609 Y60.335
M204 S500
M205 X10 Y10
G1 F2400 X76.624 Y57.349 E995.95116
G1 X76.412 Y57.137
M204 S2000
M205 X30 Y30
G0 F3600 X78.981 Y57.349
M204 S500
M205 X10 Y10
G1 F2400 X79.609 Y57.977 E995.98962
M204 S2000
M205 X30 Y30
G0 F3600 X79.81 Y62.57
M204 S500
M205 X10 Y10
;TYPE:WALL-INNER
G1 F2400 X73.326 Y62.57 E996.27041
G1 X73.326 Y57.15 E996.50513
G1 X79.81 Y57.15 E996.78592
G1 X79.81 Y62.058 E996.99847
G0 F1920 X79.81 Y62.57
M204 S2000
M205 X30 Y30
G0 F3600 X80.31 Y63.07
M204 S500
M205 X10 Y10
G1 F2400 X72.826 Y63.07 E997.32257
G1 X72.826 Y56.65 E997.60059
G1 X80.31 Y56.65 E997.92469
G1 X80.31 Y62.558 E998.18054
G0 F1920 X80.31 Y63.07
M204 S2000
M205 X30 Y30
G0 F3600 X80.81 Y63.57
M204 S500
M205 X10 Y10
;TYPE:WALL-OUTER
G1 F1200 X72.326 Y63.57 E998.54795
G1 X72.326 Y56.15 E998.86928
G1 X80.81 Y56.15 E999.23668
G1 X80.81 Y63.058 E999.53584
G0 F960 X80.81 Y63.57
M204 S2000
M205 X30 Y30
G0 F3600 X80.56 Y63.57
G0 X79.81 Y62.717
G1 F2700 E995.53584
;MESH:NONMESH
G0 F600 X79.81 Y62.717 Z23.05
G0 F3600 X72.846 Y57.349
G0 X71.411 Y57.349
G0 X50.684 Y57.344
G0 X49.499 Y57.344
G0 X41.847 Y57.349
;TIME_ELAPSED:1218.099533
;LAYER:91
M204 S500
M205 X10 Y10
;TYPE:FILL
;MESH:PLATempTower
G1 F2700 E999.53584
G1 F2400 X41.31 Y57.886 E999.56873
M204 S2000
M205 X30 Y30
G0 F3600 X41.31 Y60.244
M204 S500
M205 X10 Y10
G1 F2400 X44.205 Y57.349 E999.74603
G1 X44.417 Y57.137
M204 S2000
M205 X30 Y30
G0 F3600 X46.562 Y57.349
M204 S500
M205 X10 Y10
G1 F2400 X41.543 Y62.368 E1000.05341
G1 X41.331 Y62.58
M204 S2000
M205 X30 Y30
G0 F3600 X43.9 Y62.368
M204 S500
M205 X10 Y10
G1 F2400 X48.817 Y57.451 E1000.35454
G1 X49.029 Y57.239
M204 S2000
M205 X30 Y30
G0 F3600 X48.817 Y59.809
M204 S500
M205 X10 Y10
G1 F2400 X46.258 Y62.368 E1000.51126
G1 X46.046 Y62.58
M204 S2000
M205 X30 Y30
G0 F3600 X48.615 Y62.368
M204 S500
M205 X10 Y10
G1 F2400 X48.817 Y62.166 E1000.52363
M204 S2000
M205 X30 Y30
G0 F3600 X49.018 Y62.57
M204 S500
M205 X10 Y10
;TYPE:WALL-INNER
G1 F2400 X41.11 Y62.57 E1000.8661
G1 X41.11 Y57.15 E1001.10081
G1 X49.019 Y57.15 E1001.44332
G1 X49.018 Y62.058 E1001.65586
G0 F1920 X49.018 Y62.57
M204 S2000
M205 X30 Y30
G0 F3600 X49.518 Y63.07
M204 S500
M205 X10 Y10
G1 F2400 X40.61 Y63.07 E1002.04163
G1 X40.61 Y56.65 E1002.31965
G1 X49.519 Y56.65 E1002.70546
G1 X49.518 Y62.558 E1002.96131
G0 F1920 X49.518 Y63.07
M204 S2000
M205 X30 Y30
G0 F3600 X50.018 Y63.57
M204 S500
M205 X10 Y10
;TYPE:WALL-OUTER
G1 F1200 X40.11 Y63.57 E1003.39039
G1 X40.11 Y56.15 E1003.71172
G1 X50.019 Y56.15 E1004.14083
G1 X50.018 Y63.058 E1004.43999
G0 F960 X50.018 Y63.57
M204 S2000
M205 X30 Y30
G0 F3600 X49.768 Y63.57
G0 X49.165 Y62.57
G1 F2700 E1000.43999
G0 F3600 X49.499 Y61.253
G0 X50.934 Y61.253
G0 X71.186 Y61.253
G0 X72.621 Y61.253
G0 X73.3 Y61.258
M204 S500
M205 X10 Y10
;TYPE:FILL
G1 F2700 E1004.43999
G1 F2400 X77.209 Y57.349 E1004.67939
G1 X77.421 Y57.137
M204 S2000
M205 X30 Y30
G0 F3600 X74.852 Y57.349
M204 S500
M205 X10 Y10
G1 F2400 X73.3 Y58.901 E1004.77444
G1 X73.088 Y59.113
M204 S2000
M205 X30 Y30
G0 F3600 X74.546 Y62.37
M204 S500
M205 X10 Y10
G1 F2400 X79.567 Y57.349 E1005.08194
G1 X79.779 Y57.137
M204 S2000
M205 X30 Y30
G0 F3600 X79.609 Y59.664
M204 S500
M205 X10 Y10
G1 F2400 X76.904 Y62.37 E1005.24764
G1 X76.692 Y62.582
M204 S2000
M205 X30 Y30
G0 F3600 X79.261 Y62.37
M204 S500
M205 X10 Y10
G1 F2400 X79.609 Y62.022 E1005.26895
M204 S2000
M205 X30 Y30
G0 F3600 X79.81 Y62.57
M204 S500
M205 X10 Y10
;TYPE:WALL-INNER
G1 F2400 X73.101 Y62.57 E1005.55949
G1 X73.101 Y57.15 E1005.79421
G1 X79.81 Y57.15 E1006.08474
G1 X79.81 Y62.058 E1006.29729
G0 F1920 X79.81 Y62.57
M204 S2000
M205 X30 Y30
G0 F3600 X80.31 Y63.07
M204 S500
M205 X10 Y10
G1 F2400 X72.601 Y63.07 E1006.63113
G1 X72.601 Y56.65 E1006.90916
G1 X80.31 Y56.65 E1007.243
G1 X80.31 Y62.558 E1007.49885
G0 F1920 X80.31 Y63.07
M204 S2000
M205 X30 Y30
G0 F3600 X80.81 Y63.57
M204 S500
M205 X10 Y10
;TYPE:WALL-OUTER
G1 F1200 X72.101 Y63.57 E1007.876
G1 X72.101 Y56.15 E1008.19733
G1 X80.81 Y56.15 E1008.57448
G1 X80.81 Y63.058 E1008.87363
G0 F960 X80.81 Y63.57
M204 S2000
M205 X30 Y30
G0 F3600 X80.56 Y63.57
G0 X79.81 Y62.717
G1 F2700 E1004.87363
;MESH:NONMESH
G0 F600 X79.81 Y62.717 Z23.3
G0 F3600 X72.621 Y57.397
G0 X71.186 Y57.397
G0 X50.934 Y57.392
G0 X49.499 Y57.392
G0 X41.309 Y57.397
;TIME_ELAPSED:1229.134939
;LAYER:92
M204 S500
M205 X10 Y10
;TYPE:FILL
;MESH:PLATempTower
G1 F2700 E1008.87363
G1 F2400 X46.28 Y62.368 E1009.17808
G1 X46.492 Y62.58
M204 S2000
M205 X30 Y30
G0 F3600 X43.923 Y62.368
M204 S500
M205 X10 Y10
G1 F2400 X41.309 Y59.755 E1009.33814
G1 X41.097 Y59.543
M204 S2000
M205 X30 Y30
G0 F3600 X41.309 Y62.112
M204 S500
M205 X10 Y10
G1 F2400 X41.565 Y62.368 E1009.35381
M204 S2000
M205 X30 Y30
G0 F3600 X43.618 Y57.349
M204 S500
M205 X10 Y10
G1 F2400 X48.638 Y62.368 E1009.66123
G1 X48.85 Y62.58
M204 S2000
M205 X30 Y30
G0 F3600 X49.068 Y60.442
M204 S500
M205 X10 Y10
G1 F2400 X45.976 Y57.349 E1009.85062
G1 X45.764 Y57.137
M204 S2000
M205 X30 Y30
G0 F3600 X48.333 Y57.349
M204 S500
M205 X10 Y10
G1 F2400 X49.068 Y58.084 E1009.89564
G1 X49.28 Y58.296
M204 S2000
M205 X30 Y30
G0 F3600 X49.268 Y62.57
M204 S500
M205 X10 Y10
;TYPE:WALL-INNER
G1 F2400 X41.11 Y62.57 E1010.24892
G1 X41.11 Y57.15 E1010.48364
G1 X49.269 Y57.15 E1010.83697
G1 X49.268 Y62.058 E1011.04952
G0 F1920 X49.268 Y62.57
M204 S2000
M205 X30 Y30
G0 F3600 X49.768 Y63.07
M204 S500
M205 X10 Y10
G1 F2400 X40.61 Y63.07 E1011.44611
G1 X40.61 Y56.65 E1011.72413
G1 X49.769 Y56.65 E1012.12077
G1 X49.768 Y62.558 E1012.37662
G0 F1920 X49.768 Y63.07
M204 S2000
M205 X30 Y30
G0 F3600 X50.268 Y63.57
M204 S500
M205 X10 Y10
;TYPE:WALL-OUTER
G1 F1200 X40.11 Y63.57 E1012.81652
G1 X40.11 Y56.15 E1013.13785
G1 X50.269 Y56.15 E1013.57779
G1 X50.268 Y63.058 E1013.87695
G0 F960 X50.268 Y63.57
M204 S2000
M205 X30 Y30
G0 F3600 X50.018 Y63.57
G0 X49.415 Y62.57
G1 F2700 E1009.87695
G0 F3600 X49.749 Y60.857
G0 X51.184 Y60.857
G0 X70.951 Y60.855
G0 X72.366 Y60.854
G0 X73.064 Y60.862
M204 S500
M205 X10 Y10
;TYPE:FILL
G1 F2700 E1013.87695
G1 F2400 X74.571 Y62.369 E1013.96924
G1 X74.783 Y62.581
M204 S2000
M205 X30 Y30
G0 F3600 X76.928 Y62.369
M204 S500
M205 X10 Y10
G1 F2400 X73.064 Y58.505 E1014.20589
G1 X72.852 Y58.293
M204 S2000
M205 X30 Y30
G0 F3600 X74.266 Y57.349
M204 S500
M205 X10 Y10
G1 F2400 X79.286 Y62.369 E1014.51333
G1 X79.498 Y62.581
M204 S2000
M205 X30 Y30
G0 F3600 X79.609 Y60.335
M204 S500
M205 X10 Y10
G1 F2400 X76.624 Y57.349 E1014.69617
G1 X76.412 Y57.137
M204 S2000
M205 X30 Y30
G0 F3600 X78.981 Y57.349
M204 S500
M205 X10 Y10
G1 F2400 X79.609 Y57.977 E1014.73463
M204 S2000
M205 X30 Y30
G0 F3600 X79.81 Y62.57
M204 S500
M205 X10 Y10
;TYPE:WALL-INNER
G1 F2400 X72.866 Y62.57 E1015.03535
G1 X72.865 Y57.15 E1015.27007
G1 X79.81 Y57.15 E1015.57082
G1 X79.81 Y62.058 E1015.78337
G0 F1920 X79.81 Y62.57
M204 S2000
M205 X30 Y30
G0 F3600 X80.31 Y63.07
M204 S500
M205 X10 Y10
G1 F2400 X72.366 Y63.07 E1016.12739
G1 X72.365 Y56.65 E1016.40541
G1 X80.31 Y56.65 E1016.74948
G1 X80.31 Y62.558 E1017.00533
G0 F1920 X80.31 Y63.07
M204 S2000
M205 X30 Y30
G0 F3600 X80.81 Y63.57
M204 S500
M205 X10 Y10
;TYPE:WALL-OUTER
G1 F1200 X71.866 Y63.57 E1017.39265
G1 X71.865 Y56.15 E1017.71398
G1 X80.81 Y56.15 E1018.10135
G1 X80.81 Y63.058 E1018.40051
G0 F960 X80.81 Y63.57
M204 S2000
M205 X30 Y30
G0 F3600 X80.56 Y63.57
G0 X79.81 Y62.717
G1 F2700 E1014.40051
;MESH:NONMESH
G0 F600 X79.81 Y62.717 Z23.55
G0 F3600 X72.366 Y57.345
G0 X70.951 Y57.346
G0 X51.184 Y57.34
G0 X49.749 Y57.34
G0 X41.847 Y57.349
;TIME_ELAPSED:1240.456853
;LAYER:93
M204 S500
M205 X10 Y10
;TYPE:FILL
;MESH:PLATempTower
G1 F2700 E1018.40051
G1 F2400 X41.31 Y57.886 E1018.4334
M204 S2000
M205 X30 Y30
G0 F3600 X41.31 Y60.244
M204 S500
M205 X10 Y10
G1 F2400 X44.205 Y57.349 E1018.6107
G1 X44.417 Y57.137
M204 S2000
M205 X30 Y30
G0 F3600 X46.562 Y57.349
M204 S500
M205 X10 Y10
G1 F2400 X41.542 Y62.369 E1018.91814
G1 X41.33 Y62.581
M204 S2000
M205 X30 Y30
G0 F3600 X43.9 Y62.369
M204 S500
M205 X10 Y10
G1 F2400 X48.92 Y57.349 E1019.22558
G1 X49.132 Y57.137
M204 S2000
M205 X30 Y30
G0 F3600 X49.318 Y59.308
M204 S500
M205 X10 Y10
G1 F2400 X46.257 Y62.369 E1019.41305
G1 X46.045 Y62.581
M204 S2000
M205 X30 Y30
G0 F3600 X48.615 Y62.369
M204 S500
M205 X10 Y10
G1 F2400 X49.317 Y61.666 E1019.45607
M204 S2000
M205 X30 Y30
G0 F3600 X49.518 Y62.57
M204 S500
M205 X10 Y10
;TYPE:WALL-INNER
G1 F2400 X41.11 Y62.57 E1019.82019
G1 X41.11 Y57.15 E1020.0549
G1 X49.519 Y57.15 E1020.41906
G1 X49.518 Y62.058 E1020.63161
G0 F1920 X49.518 Y62.57
M204 S2000
M205 X30 Y30
G0 F3600 X50.018 Y63.07
M204 S500
M205 X10 Y10
G1 F2400 X40.61 Y63.07 E1021.03903
G1 X40.61 Y56.65 E1021.31705
G1 X50.019 Y56.65 E1021.72451
G1 X50.018 Y62.558 E1021.98036
G0 F1920 X50.018 Y63.07
M204 S2000
M205 X30 Y30
G0 F3600 X50.518 Y63.57
M204 S500
M205 X10 Y10
;TYPE:WALL-OUTER
G1 F1200 X40.11 Y63.57 E1022.43109
G1 X40.11 Y56.15 E1022.75242
G1 X50.519 Y56.15 E1023.20319
G1 X50.518 Y63.058 E1023.50234
G0 F960 X50.518 Y63.57
M204 S2000
M205 X30 Y30
G0 F3600 X50.268 Y63.57
G0 X49.665 Y62.57
G1 F2700 E1019.50234
G0 F3600 X49.999 Y61.834
G0 X51.434 Y61.834
G0 X70.606 Y61.832
G0 X72.021 Y61.831
G0 X72.72 Y61.839
M204 S500
M205 X10 Y10
;TYPE:FILL
G1 F2700 E1023.50234
G1 F2400 X77.209 Y57.349 E1023.7773
G1 X77.421 Y57.137
M204 S2000
M205 X30 Y30
G0 F3600 X74.852 Y57.349
M204 S500
M205 X10 Y10
G1 F2400 X72.72 Y59.481 E1023.90787
G1 X72.508 Y59.693
M204 S2000
M205 X30 Y30
G0 F3600 X74.546 Y62.37
M204 S500
M205 X10 Y10
G1 F2400 X79.567 Y57.349 E1024.21537
G1 X79.779 Y57.137
M204 S2000
M205 X30 Y30
G0 F3600 X79.609 Y59.664
M204 S500
M205 X10 Y10
G1 F2400 X76.904 Y62.37 E1024.38106
G1 X76.692 Y62.582
M204 S2000
M205 X30 Y30
G0 F3600 X79.261 Y62.37
M204 S500
M205 X10 Y10
G1 F2400 X79.609 Y62.022 E1024.40238
M204 S2000
M205 X30 Y30
G0 F3600 X79.81 Y62.57
M204 S500
M205 X10 Y10
;TYPE:WALL-INNER
G1 F2400 X72.521 Y62.57 E1024.71803
G1 X72.52 Y57.15 E1024.95275
G1 X79.81 Y57.15 E1025.26845
G1 X79.81 Y62.058 E1025.48099
G0 F1920 X79.81 Y62.57
M204 S2000
M205 X30 Y30
G0 F3600 X80.31 Y63.07
M204 S500
M205 X10 Y10
G1 F2400 X72.021 Y63.07 E1025.83995
G1 X72.02 Y56.65 E1026.11798
G1 X80.31 Y56.65 E1026.47698
G1 X80.31 Y62.558 E1026.73283
G0 F1920 X80.31 Y63.07
M204 S2000
M205 X30 Y30
G0 F3600 X80.81 Y63.57
M204 S500
M205 X10 Y10
;TYPE:WALL-OUTER
G1 F1200 X71.521 Y63.57 E1027.1351
G1 X71.52 Y56.15 E1027.45643
G1 X80.81 Y56.15 E1027.85874
G1 X80.81 Y63.058 E1028.15789
G0 F960 X80.81 Y63.57
M204 S2000
M205 X30 Y30
G0 F3600 X80.56 Y63.57
G0 X79.81 Y62.717
G1 F2700 E1024.15789
;MESH:NONMESH
G0 F600 X79.81 Y62.717 Z23.8
G0 F3600 X72.021 Y57.393
G0 X70.606 Y57.394
G0 X51.434 Y57.388
G0 X49.999 Y57.388
G0 X41.309 Y57.397
;TIME_ELAPSED:1251.772810
;LAYER:94
M204 S500
M205 X10 Y10
;TYPE:FILL
;MESH:PLATempTower
G1 F2700 E1028.15789
G1 F2400 X46.28 Y62.368 E1028.46234
G1 X46.492 Y62.58
M204 S2000
M205 X30 Y30
G0 F3600 X43.923 Y62.368
M204 S500
M205 X10 Y10
G1 F2400 X41.309 Y59.755 E1028.6224
G1 X41.097 Y59.543
M204 S2000
M205 X30 Y30
G0 F3600 X41.309 Y62.112
M204 S500
M205 X10 Y10
G1 F2400 X41.565 Y62.368 E1028.63807
M204 S2000
M205 X30 Y30
G0 F3600 X43.618 Y57.349
M204 S500
M205 X10 Y10
G1 F2400 X48.638 Y62.368 E1028.94549
G1 X48.85 Y62.58
M204 S2000
M205 X30 Y30
G0 F3600 X49.568 Y60.941
M204 S500
M205 X10 Y10
G1 F2400 X45.976 Y57.349 E1029.16547
G1 X45.764 Y57.137
M204 S2000
M205 X30 Y30
G0 F3600 X48.333 Y57.349
M204 S500
M205 X10 Y10
G1 F2400 X49.569 Y58.585 E1029.24117
G1 X49.781 Y58.797
M204 S2000
M205 X30 Y30
G0 F3600 X49.768 Y62.57
M204 S500
M205 X10 Y10
;TYPE:WALL-INNER
G1 F2400 X41.11 Y62.57 E1029.61611
G1 X41.11 Y57.15 E1029.85083
G1 X49.769 Y57.15 E1030.22581
G1 X49.768 Y62.058 E1030.43836
G0 F1920 X49.768 Y62.57
M204 S2000
M205 X30 Y30
G0 F3600 X50.268 Y63.07
M204 S500
M205 X10 Y10
G1 F2400 X40.61 Y63.07 E1030.8566
G1 X40.61 Y56.65 E1031.13463
G1 X50.269 Y56.65 E1031.55292
G1 X50.268 Y62.558 E1031.80877
G0 F1920 X50.268 Y63.07
M204 S2000
M205 X30 Y30
G0 F3600 X50.768 Y63.57
M204 S500
M205 X10 Y10
;TYPE:WALL-OUTER
G1 F1200 X40.11 Y63.57 E1032.27032
G1 X40.11 Y56.15 E1032.59165
G1 X50.769 Y56.15 E1033.05324
G1 X50.768 Y63.058 E1033.3524
G0 F960 X50.768 Y63.57
M204 S2000
M205 X30 Y30
G0 F3600 X50.518 Y63.57
G0 X49.915 Y62.57
G1 F2700 E1029.3524
G0 F3600 X50.249 Y60.169
G0 X51.684 Y60.169
G0 X70.262 Y60.167
G0 X71.677 Y60.166
G0 X72.375 Y60.174
M204 S500
M205 X10 Y10
;TYPE:FILL
G1 F2700 E1033.3524
G1 F2400 X74.571 Y62.369 E1033.48686
G1 X74.783 Y62.581
M204 S2000
M205 X30 Y30
G0 F3600 X76.928 Y62.369
M204 S500
M205 X10 Y10
G1 F2400 X72.375 Y57.815 E1033.76573
G1 X72.163 Y57.603
M204 S2000
M205 X30 Y30
G0 F3600 X74.267 Y57.35
M204 S500
M205 X10 Y10
G1 F2400 X79.286 Y62.369 E1034.07311
G1 X79.498 Y62.581
M204 S2000
M205 X30 Y30
G0 F3600 X79.609 Y60.335
M204 S500
M205 X10 Y10
G1 F2400 X76.624 Y57.35 E1034.25593
G1 X76.412 Y57.138
M204 S2000
M205 X30 Y30
G0 F3600 X78.982 Y57.35
M204 S500
M205 X10 Y10
G1 F2400 X79.609 Y57.977 E1034.29433
M204 S2000
M205 X30 Y30
G0 F3600 X79.81 Y62.57
M204 S500
M205 X10 Y10
;TYPE:WALL-INNER
G1 F2400 X72.177 Y62.57 E1034.62488
G1 X72.176 Y57.15 E1034.8596
G1 X79.81 Y57.15 E1035.19019
G1 X79.81 Y62.058 E1035.40274
G0 F1920 X79.81 Y62.57
M204 S2000
M205 X30 Y30
G0 F3600 X80.31 Y63.07
M204 S500
M205 X10 Y10
G1 F2400 X71.677 Y63.07 E1035.7766
G1 X71.676 Y56.65 E1036.05462
G1 X80.31 Y56.65 E1036.42852
G1 X80.31 Y62.558 E1036.68437
G0 F1920 X80.31 Y63.07
M204 S2000
M205 X30 Y30
G0 F3600 X80.81 Y63.57
M204 S500
M205 X10 Y10
;TYPE:WALL-OUTER
G1 F1200 X71.177 Y63.57 E1037.10153
G1 X71.176 Y56.15 E1037.42286
G1 X80.81 Y56.15 E1037.84007
G1 X80.81 Y63.058 E1038.13923
G0 F960 X80.81 Y63.57
M204 S2000
M205 X30 Y30
G0 F3600 X80.56 Y63.57
G0 X79.81 Y62.717
G1 F2700 E1034.13923
;MESH:NONMESH
G0 F600 X79.81 Y62.717 Z24.05
G0 F3600 X71.677 Y57.345
G0 X70.262 Y57.346
G0 X51.684 Y57.34
G0 X50.249 Y57.34
G0 X41.847 Y57.349
;TIME_ELAPSED:1263.398681
;LAYER:95
M204 S500
M205 X10 Y10
;TYPE:FILL
;MESH:PLATempTower
G1 F2700 E1038.13923
G1 F2400 X41.31 Y57.886 E1038.17211
M204 S2000
M205 X30 Y30
G0 F3600 X41.31 Y60.244
M204 S500
M205 X10 Y10
G1 F2400 X44.205 Y57.349 E1038.34941
G1 X44.417 Y57.137
M204 S2000
M205 X30 Y30
G0 F3600 X46.562 Y57.349
M204 S500
M205 X10 Y10
G1 F2400 X41.543 Y62.368 E1038.6568
G1 X41.331 Y62.58
M204 S2000
M205 X30 Y30
G0 F3600 X43.9 Y62.368
M204 S500
M205 X10 Y10
G1 F2400 X48.92 Y57.349 E1038.96421
G1 X49.132 Y57.137
M204 S2000
M205 X30 Y30
G0 F3600 X49.817 Y58.809
M204 S500
M205 X10 Y10
G1 F2400 X46.258 Y62.368 E1039.18217
G1 X46.046 Y62.58
M204 S2000
M205 X30 Y30
G0 F3600 X48.615 Y62.368
M204 S500
M205 X10 Y10
G1 F2400 X49.817 Y61.166 E1039.25579
G1 X50.029 Y60.954
M204 S2000
M205 X30 Y30
G0 F3600 X50.018 Y62.57
M204 S500
M205 X10 Y10
;TYPE:WALL-INNER
G1 F2400 X41.11 Y62.57 E1039.64156
G1 X41.11 Y57.15 E1039.87627
G1 X50.019 Y57.15 E1040.26208
G1 X50.018 Y62.058 E1040.47463
G0 F1920 X50.018 Y62.57
M204 S2000
M205 X30 Y30
G0 F3600 X50.518 Y63.07
M204 S500
M205 X10 Y10
G1 F2400 X40.61 Y63.07 E1040.9037
G1 X40.61 Y56.65 E1041.18172
G1 X50.519 Y56.65 E1041.61084
G1 X50.518 Y62.558 E1041.86669
G0 F1920 X50.518 Y63.07
M204 S2000
M205 X30 Y30
G0 F3600 X51.018 Y63.57
M204 S500
M205 X10 Y10
;TYPE:WALL-OUTER
G1 F1200 X40.11 Y63.57 E1042.33907
G1 X40.11 Y56.15 E1042.6604
G1 X51.019 Y56.15 E1043.13282
G1 X51.018 Y63.058 E1043.43198
G0 F960 X51.018 Y63.57
M204 S2000
M205 X30 Y30
G0 F3600 X50.768 Y63.57
G0 X50.165 Y62.57
G1 F2700 E1039.43198
G0 F3600 X50.499 Y60.302
G0 X51.934 Y60.302
G0 X69.78 Y60.3
G0 X71.195 Y60.299
G0 X71.894 Y60.307
M204 S500
M205 X10 Y10
;TYPE:FILL
G1 F2700 E1043.43198
G1 F2400 X74.852 Y57.349 E1043.61313
G1 X75.064 Y57.137
M204 S2000
M205 X30 Y30
G0 F3600 X77.209 Y57.349
M204 S500
M205 X10 Y10
G1 F2400 X72.189 Y62.37 E1043.92061
G1 X71.977 Y62.582
M204 S2000
M205 X30 Y30
G0 F3600 X74.546 Y62.37
M204 S500
M205 X10 Y10
G1 F2400 X79.567 Y57.349 E1044.22811
G1 X79.779 Y57.137
M204 S2000
M205 X30 Y30
G0 F3600 X79.609 Y59.664
M204 S500
M205 X10 Y10
G1 F2400 X76.904 Y62.37 E1044.39381
G1 X76.692 Y62.582
M204 S2000
M205 X30 Y30
G0 F3600 X79.261 Y62.37
M204 S500
M205 X10 Y10
G1 F2400 X79.609 Y62.022 E1044.41512
M204 S2000
M205 X30 Y30
G0 F3600 X72.494 Y57.349
M204 S500
M205 X10 Y10
G1 F2400 X71.894 Y57.95 E1044.4519
M204 S2000
M205 X30 Y30
G0 F3600 X79.81 Y62.57
M204 S500
M205 X10 Y10
;TYPE:WALL-INNER
G1 F2400 X71.695 Y62.57 E1044.80332
G1 X71.694 Y57.15 E1045.03804
G1 X79.81 Y57.15 E1045.38951
G1 X79.81 Y62.058 E1045.60205
G0 F1920 X79.81 Y62.57
M204 S2000
M205 X30 Y30
G0 F3600 X80.31 Y63.07
M204 S500
M205 X10 Y10
G1 F2400 X71.195 Y63.07 E1045.99678
G1 X71.194 Y56.65 E1046.27481
G1 X80.31 Y56.65 E1046.66958
G1 X80.31 Y62.558 E1046.92543
G0 F1920 X80.31 Y63.07
M204 S2000
M205 X30 Y30
G0 F3600 X80.81 Y63.57
M204 S500
M205 X10 Y10
;TYPE:WALL-OUTER
G1 F1200 X70.695 Y63.57 E1047.36347
G1 X70.694 Y56.15 E1047.6848
G1 X80.81 Y56.15 E1048.12288
G1 X80.81 Y63.058 E1048.42204
G0 F960 X80.81 Y63.57
M204 S2000
M205 X30 Y30
G0 F3600 X80.56 Y63.57
G0 X79.81 Y62.717
G1 F2700 E1044.42204
;MESH:NONMESH
G0 F600 X79.81 Y62.717 Z24.3
G0 F3600 X71.195 Y57.393
G0 X69.78 Y57.394
G0 X51.934 Y57.388
G0 X50.499 Y57.388
G0 X41.309 Y57.397
;TIME_ELAPSED:1275.421205
;LAYER:96
M204 S500
M205 X10 Y10
;TYPE:FILL
;MESH:PLATempTower
G1 F2700 E1048.42204
G1 F2400 X46.13 Y62.218 E1048.71729
G1 X46.342 Y62.43
M204 S2000
M205 X30 Y30
G0 F3600 X43.923 Y62.368
M204 S500
M205 X10 Y10
G1 F2400 X41.309 Y59.755 E1048.87735
G1 X41.097 Y59.543
M204 S2000
M205 X30 Y30
G0 F3600 X41.309 Y62.112
M204 S500
M205 X10 Y10
G1 F2400 X41.565 Y62.368 E1048.89303
M204 S2000
M205 X30 Y30
G0 F3600 X46.13 Y59.86
M204 S500
M205 X10 Y10
G1 F2400 X43.618 Y57.349 E1049.04684
G1 X43.406 Y57.137
M204 S2000
M205 X30 Y30
G0 F3600 X45.976 Y57.349
M204 S500
M205 X10 Y10
G1 F2400 X46.13 Y57.503 E1049.05627
M204 S2000
M205 X30 Y30
G0 F3600 X50.268 Y62.57
M204 S500
M205 X10 Y10
;TYPE:WALL-INNER
G1 F2400 X41.11 Y62.57 E1049.45287
G1 X41.11 Y57.15 E1049.68759
G1 X50.269 Y57.15 E1050.08422
G1 X50.268 Y62.058 E1050.29677
G0 F1920 X50.268 Y62.57
M204 S2000
M205 X30 Y30
G0 F3600 X50.768 Y63.07
M204 S500
M205 X10 Y10
G1 F2400 X40.61 Y63.07 E1050.73667
G1 X40.61 Y56.65 E1051.01469
G1 X50.769 Y56.65 E1051.45463
G1 X50.768 Y62.558 E1051.71048
G0 F1920 X50.768 Y63.07
M204 S2000
M205 X30 Y30
G0 F3600 X51.268 Y63.57
M204 S500
M205 X10 Y10
;TYPE:WALL-OUTER
G1 F1200 X40.11 Y63.57 E1052.19369
G1 X40.11 Y56.15 E1052.51502
G1 X51.269 Y56.15 E1052.99827
G1 X51.268 Y63.058 E1053.29742
G0 F960 X51.268 Y63.57
M204 S2000
M205 X30 Y30
G0 F3600 X51.018 Y63.57
G0 X50.698 Y63
G0 X49.778 Y62.08
M204 S500
M205 X10 Y10
;TYPE:SKIN
G1 F1200 X46.32 Y62.08 E1053.47713
G1 X46.32 Y57.64 E1053.70787
G1 X49.779 Y57.64 E1053.88763
G1 X49.778 Y61.568 E1054.09177
G0 F960 X49.778 Y62.08
M204 S2000
M205 X30 Y30
G0 F3600 X47.004 Y61.854
M204 S500
M205 X10 Y10
G1 F1200 X46.545 Y61.394 E1054.12554
M204 S2000
M205 X30 Y30
G0 F3600 X46.545 Y60.687
M204 S500
M205 X10 Y10
G1 F1200 X47.712 Y61.854 E1054.21131
M204 S2000
M205 X30 Y30
G0 F3600 X48.419 Y61.854
M204 S500
M205 X10 Y10
G1 F1200 X46.545 Y59.98 E1054.34904
M204 S2000
M205 X30 Y30
G0 F3600 X46.545 Y59.273
M204 S500
M205 X10 Y10
G1 F1200 X49.126 Y61.854 E1054.53873
M204 S2000
M205 X30 Y30
G0 F3600 X49.554 Y61.574
M204 S500
M205 X10 Y10
G1 F1200 X46.545 Y58.566 E1054.75984
M204 S2000
M205 X30 Y30
G0 F3600 X46.55 Y57.864
M204 S500
M205 X10 Y10
G1 F1200 X49.554 Y60.867 E1054.98058
M204 S2000
M205 X30 Y30
G0 F3600 X49.554 Y60.16
M204 S500
M205 X10 Y10
G1 F1200 X47.258 Y57.864 E1055.14933
M204 S2000
M205 X30 Y30
G0 F3600 X47.965 Y57.864
M204 S500
M205 X10 Y10
G1 F1200 X49.554 Y59.453 E1055.26611
M204 S2000
M205 X30 Y30
G0 F3600 X49.554 Y58.746
M204 S500
M205 X10 Y10
G1 F1200 X48.672 Y57.864 E1055.33093
M204 S2000
M205 X30 Y30
G0 F3600 X49.379 Y57.864
M204 S500
M205 X10 Y10
G1 F1200 X49.554 Y58.039 E1055.34379
M204 S2000
M205 X30 Y30
G1 F2700 E1051.34379
G0 F3600 X50.749 Y57.867
G0 X52.184 Y57.867
G0 X69.218 Y57.865
G0 X70.633 Y57.864
G0 X74.789 Y57.872
M204 S500
M205 X10 Y10
;TYPE:FILL
G1 F2700 E1055.34379
G1 F2400 X79.286 Y62.369 E1055.61921
G1 X79.498 Y62.581
M204 S2000
M205 X30 Y30
G0 F3600 X79.609 Y60.335
M204 S500
M205 X10 Y10
G1 F2400 X76.624 Y57.35 E1055.80202
G1 X76.412 Y57.138
M204 S2000
M205 X30 Y30
G0 F3600 X78.982 Y57.35
M204 S500
M205 X10 Y10
G1 F2400 X79.609 Y57.977 E1055.84042
M204 S2000
M205 X30 Y30
G0 F3600 X76.928 Y62.369
M204 S500
M205 X10 Y10
G1 F2400 X74.789 Y60.229 E1055.97145
G1 X74.577 Y60.017
M204 S2000
M205 X30 Y30
G0 F3600 X79.81 Y62.57
M204 S500
M205 X10 Y10
;TYPE:WALL-INNER
G1 F2400 X71.133 Y62.57 E1056.34721
G1 X71.132 Y57.15 E1056.58193
G1 X79.81 Y57.15 E1056.95774
G1 X79.81 Y62.058 E1057.17028
G0 F1920 X79.81 Y62.57
M204 S2000
M205 X30 Y30
G0 F3600 X80.31 Y63.07
M204 S500
M205 X10 Y10
G1 F2400 X70.633 Y63.07 E1057.58935
G1 X70.632 Y56.65 E1057.86737
G1 X80.31 Y56.65 E1058.28649
G1 X80.31 Y62.558 E1058.54234
G0 F1920 X80.31 Y63.07
M204 S2000
M205 X30 Y30
G0 F3600 X80.81 Y63.57
M204 S500
M205 X10 Y10
;TYPE:WALL-OUTER
G1 F1200 X70.133 Y63.57 E1059.00471
G1 X70.132 Y56.15 E1059.32604
G1 X80.81 Y56.15 E1059.78846
G1 X80.81 Y63.058 E1060.08762
G0 F960 X80.81 Y63.57
M204 S2000
M205 X30 Y30
G0 F3600 X80.56 Y63.57
G0 X80.24 Y63
G0 X74.6 Y62.08
M204 S500
M205 X10 Y10
;TYPE:SKIN
G1 F600 X71.623 Y62.08 E1060.24233
G1 X71.622 Y57.64 E1060.47307
G1 X74.6 Y57.64 E1060.62783
G1 X74.6 Y61.568 E1060.83197
G0 F960 X74.6 Y62.08
M204 S2000
M205 X30 Y30
G0 F3600 X72.461 Y61.854
M204 S500
M205 X10 Y10
G1 F1200 X71.846 Y61.24 E1060.87713
M204 S2000
M205 X30 Y30
G0 F3600 X71.846 Y60.533
M204 S500
M205 X10 Y10
G1 F1200 X73.168 Y61.854 E1060.97425
M204 S2000
M205 X30 Y30
G0 F3600 X73.875 Y61.854
M204 S500
M205 X10 Y10
G1 F1200 X71.846 Y59.825 E1061.12338
M204 S2000
M205 X30 Y30
G0 F3600 X71.846 Y59.118
M204 S500
M205 X10 Y10
G1 F1200 X74.374 Y61.646 E1061.30917
M204 S2000
M205 X30 Y30
G0 F3600 X74.374 Y60.939
M204 S500
M205 X10 Y10
G1 F1200 X71.846 Y58.411 E1061.49497
M204 S2000
M205 X30 Y30
G0 F3600 X72.007 Y57.865
M204 S500
M205 X10 Y10
G1 F1200 X74.374 Y60.232 E1061.66893
M204 S2000
M205 X30 Y30
G0 F3600 X74.374 Y59.524
M204 S500
M205 X10 Y10
G1 F1200 X72.714 Y57.865 E1061.7909
M204 S2000
M205 X30 Y30
G0 F3600 X73.421 Y57.865
M204 S500
M205 X10 Y10
G1 F1200 X74.374 Y58.817 E1061.8609
M204 S2000
M205 X30 Y30
G0 F3600 X74.374 Y58.11
M204 S500
M205 X10 Y10
G1 F1200 X74.128 Y57.865 E1061.87894
M204 S2000
M205 X30 Y30
G1 F2700 E1057.87894
;MESH:NONMESH
G0 F600 X74.128 Y57.865 Z24.55
G0 F3600 X70.633 Y57.345
G0 X69.218 Y57.346
G0 X52.184 Y57.34
G0 X50.749 Y57.34
G0 X41.847 Y57.349
;TIME_ELAPSED:1292.257656
;LAYER:97
M204 S500
M205 X10 Y10
;TYPE:FILL
;MESH:PLATempTower
G1 F2700 E1061.87894
G1 F2400 X41.31 Y57.886 E1061.91183
M204 S2000
M205 X30 Y30
G0 F3600 X41.31 Y60.244
M204 S500
M205 X10 Y10
G1 F2400 X44.205 Y57.349 E1062.08913
G1 X44.417 Y57.137
M204 S2000
M205 X30 Y30
G0 F3600 X46.13 Y57.781
M204 S500
M205 X10 Y10
G1 F2400 X41.542 Y62.369 E1062.37012
G1 X41.33 Y62.581
M204 S2000
M205 X30 Y30
G0 F3600 X43.9 Y62.369
M204 S500
M205 X10 Y10
G1 F2400 X46.13 Y60.139 E1062.50669
G1 X46.342 Y59.927
M204 S2000
M205 X30 Y30
G0 F3600 X74.789 Y59.77
M204 S500
M205 X10 Y10
G1 F2400 X77.209 Y57.349 E1062.65493
G1 X77.421 Y57.137
M204 S2000
M205 X30 Y30
G0 F3600 X79.567 Y57.349
M204 S500
M205 X10 Y10
G1 F2400 X74.789 Y62.127 E1062.94755
G1 X74.577 Y62.339
M204 S2000
M205 X30 Y30
G0 F3600 X76.904 Y62.37
M204 S500
M205 X10 Y10
G1 F2400 X79.609 Y59.664 E1063.11325
G1 X79.821 Y59.452
M204 S2000
M205 X30 Y30
G0 F3600 X79.609 Y62.022
M204 S500
M205 X10 Y10
G1 F2400 X79.261 Y62.37 E1063.13456
M204 S2000
M205 X30 Y30
G0 F3600 X79.81 Y62.57
M204 S500
M205 X10 Y10
;TYPE:WALL-INNER
G1 F2400 X41.11 Y62.57 E1064.81049
G1 X41.11 Y57.15 E1065.04521
G1 X79.81 Y57.15 E1066.72114
G1 X79.81 Y62.058 E1066.93368
G0 F1920 X79.81 Y62.57
M204 S2000
M205 X30 Y30
G0 F3600 X80.31 Y63.07
M204 S500
M205 X10 Y10
G1 F2400 X40.61 Y63.07 E1068.65292
G1 X40.61 Y56.65 E1068.93095
G1 X80.31 Y56.65 E1070.65018
G1 X80.31 Y62.558 E1070.90603
G0 F1920 X80.31 Y63.07
M204 S2000
M205 X30 Y30
G0 F3600 X80.81 Y63.57
M204 S500
M205 X10 Y10
;TYPE:WALL-OUTER
G1 F1200 X40.11 Y63.57 E1072.66858
G1 X40.11 Y56.15 E1072.98991
G1 X80.81 Y56.15 E1074.75245
G1 X80.81 Y63.058 E1075.0516
G0 F960 X80.81 Y63.57
M204 S2000
M205 X30 Y30
G0 F3600 X80.56 Y63.57
G0 X80.24 Y63
G0 X74.6 Y62.08
M204 S500
M205 X10 Y10
;TYPE:SKIN
G1 F1200 X46.32 Y62.08 E1076.52129
G1 X46.32 Y57.64 E1076.75203
G1 X74.6 Y57.64 E1078.22171
G1 X74.6 Y61.568 E1078.42585
G0 F960 X74.6 Y62.08
M204 S2000
M205 X30 Y30
G0 F3600 X74.375 Y61.5
M204 S500
M205 X10 Y10
G1 F1200 X46.544 Y61.5 E1079.87219
M204 S2000
M205 X30 Y30
G0 F3600 X46.544 Y61
M204 S500
M205 X10 Y10
G1 F1200 X74.375 Y61 E1081.31854
M204 S2000
M205 X30 Y30
G0 F3600 X74.375 Y60.5
M204 S500
M205 X10 Y10
G1 F1200 X46.544 Y60.5 E1082.76489
M204 S2000
M205 X30 Y30
G0 F3600 X46.544 Y60
M204 S500
M205 X10 Y10
G1 F1200 X74.375 Y60 E1084.21124
M204 S2000
M205 X30 Y30
G0 F3600 X74.375 Y59.5
M204 S500
M205 X10 Y10
G1 F1200 X46.544 Y59.5 E1085.65759
M204 S2000
M205 X30 Y30
G0 F3600 X46.545 Y59
M204 S500
M205 X10 Y10
G1 F1200 X74.375 Y59 E1087.10388
M204 S2000
M205 X30 Y30
G0 F3600 X74.375 Y58.5
M204 S500
M205 X10 Y10
G1 F1200 X46.545 Y58.5 E1088.55018
M204 S2000
M205 X30 Y30
G0 F3600 X46.545 Y58
M204 S500
M205 X10 Y10
G1 F1200 X74.375 Y58 E1089.99647
G1 X74.675 Y58
M204 S2000
M205 X30 Y30
;MESH:NONMESH
G0 F600 X74.675 Y58 Z24.8
G0 F3600 X41.309 Y57.397
;TIME_ELAPSED:1319.732891
;LAYER:98
M204 S500
M205 X10 Y10
;TYPE:FILL
;MESH:PLATempTower
G1 F2400 X46.13 Y62.218 E1090.29173
G1 X46.342 Y62.43
M204 S2000
M205 X30 Y30
G0 F3600 X43.923 Y62.368
M204 S500
M205 X10 Y10
G1 F2400 X41.309 Y59.755 E1090.45179
G1 X41.097 Y59.543
M204 S2000
M205 X30 Y30
G0 F3600 X41.309 Y62.112
M204 S500
M205 X10 Y10
G1 F2400 X41.565 Y62.368 E1090.46747
M204 S2000
M205 X30 Y30
G0 F3600 X46.13 Y59.86
M204 S500
M205 X10 Y10
G1 F2400 X43.618 Y57.349 E1090.62128
G1 X43.406 Y57.137
M204 S2000
M205 X30 Y30
G0 F3600 X45.976 Y57.349
M204 S500
M205 X10 Y10
G1 F2400 X46.13 Y57.503 E1090.63071
M204 S2000
M205 X30 Y30
G0 F3600 X74.789 Y57.872
M204 S500
M205 X10 Y10
G1 F2400 X79.286 Y62.369 E1090.90613
G1 X79.498 Y62.581
M204 S2000
M205 X30 Y30
G0 F3600 X79.609 Y60.335
M204 S500
M205 X10 Y10
G1 F2400 X76.624 Y57.35 E1091.08894
G1 X76.412 Y57.138
M204 S2000
M205 X30 Y30
G0 F3600 X78.982 Y57.35
M204 S500
M205 X10 Y10
G1 F2400 X79.609 Y57.977 E1091.12734
M204 S2000
M205 X30 Y30
G0 F3600 X76.928 Y62.369
M204 S500
M205 X10 Y10
G1 F2400 X74.789 Y60.229 E1091.25837
G1 X74.577 Y60.017
M204 S2000
M205 X30 Y30
G0 F3600 X79.81 Y62.57
M204 S500
M205 X10 Y10
;TYPE:WALL-INNER
G1 F2400 X41.11 Y62.57 E1092.9343
G1 X41.11 Y57.15 E1093.16902
G1 X79.81 Y57.15 E1094.84495
G1 X79.81 Y62.058 E1095.05749
G0 F1920 X79.81 Y62.57
M204 S2000
M205 X30 Y30
G0 F3600 X80.31 Y63.07
M204 S500
M205 X10 Y10
G1 F2400 X40.61 Y63.07 E1096.77673
G1 X40.61 Y56.65 E1097.05475
G1 X80.31 Y56.65 E1098.77399
G1 X80.31 Y62.558 E1099.02984
G0 F1920 X80.31 Y63.07
M204 S2000
M205 X30 Y30
G0 F3600 X80.81 Y63.57
M204 S500
M205 X10 Y10
;TYPE:WALL-OUTER
G1 F1200 X40.11 Y63.57 E1100.79238
G1 X40.11 Y56.15 E1101.11371
G1 X80.81 Y56.15 E1102.87626
G1 X80.81 Y63.058 E1103.17541
G0 F960 X80.81 Y63.57
M204 S2000
M205 X30 Y30
G0 F3600 X80.56 Y63.57
G0 X80.24 Y63
G0 X74.6 Y62.08
M204 S500
M205 X10 Y10
;TYPE:SKIN
G1 F1200 X46.32 Y62.08 E1104.6451
G1 X46.32 Y57.64 E1104.87584
G1 X74.6 Y57.64 E1106.34552
G1 X74.6 Y61.568 E1106.54965
G0 F960 X74.6 Y62.08
M204 S2000
M205 X30 Y30
G0 F3600 X74.374 Y58.11
M204 S500
M205 X10 Y10
G1 F1200 X74.128 Y57.864 E1106.56773
M204 S2000
M205 X30 Y30
G0 F3600 X73.421 Y57.864
M204 S500
M205 X10 Y10
G1 F1200 X74.374 Y58.817 E1106.63777
M204 S2000
M205 X30 Y30
G0 F3600 X74.374 Y59.524
M204 S500
M205 X10 Y10
G1 F1200 X72.713 Y57.864 E1106.75981
M204 S2000
M205 X30 Y30
G0 F3600 X72.006 Y57.864
M204 S500
M205 X10 Y10
G1 F1200 X74.374 Y60.232 E1106.93385
M204 S2000
M205 X30 Y30
G0 F3600 X74.374 Y60.939
M204 S500
M205 X10 Y10
G1 F1200 X71.299 Y57.864 E1107.15985
M204 S2000
M205 X30 Y30
G0 F3600 X70.592 Y57.864
M204 S500
M205 X10 Y10
G1 F1200 X74.374 Y61.646 E1107.43781
M204 S2000
M205 X30 Y30
G0 F3600 X73.875 Y61.854
M204 S500
M205 X10 Y10
G1 F1200 X69.885 Y57.864 E1107.73105
M204 S2000
M205 X30 Y30
G0 F3600 X69.178 Y57.864
M204 S500
M205 X10 Y10
G1 F1200 X73.168 Y61.854 E1108.0243
M204 S2000
M205 X30 Y30
G0 F3600 X72.461 Y61.854
M204 S500
M205 X10 Y10
G1 F1200 X68.471 Y57.864 E1108.31754
M204 S2000
M205 X30 Y30
G0 F3600 X67.764 Y57.864
M204 S500
M205 X10 Y10
G1 F1200 X71.754 Y61.854 E1108.61079
M204 S2000
M205 X30 Y30
G0 F3600 X71.047 Y61.854
M204 S500
M205 X10 Y10
G1 F1200 X67.057 Y57.864 E1108.90404
M204 S2000
M205 X30 Y30
G0 F3600 X66.349 Y57.864
M204 S500
M205 X10 Y10
G1 F1200 X70.34 Y61.854 E1109.19732
M204 S2000
M205 X30 Y30
G0 F3600 X69.633 Y61.854
M204 S500
M205 X10 Y10
G1 F1200 X65.642 Y57.864 E1109.4906
M204 S2000
M205 X30 Y30
G0 F3600 X64.935 Y57.864
M204 S500
M205 X10 Y10
G1 F1200 X68.925 Y61.854 E1109.78385
M204 S2000
M205 X30 Y30
G0 F3600 X68.218 Y61.854
M204 S500
M205 X10 Y10
G1 F1200 X64.228 Y57.864 E1110.07709
M204 S2000
M205 X30 Y30
G0 F3600 X63.521 Y57.864
M204 S500
M205 X10 Y10
G1 F1200 X67.511 Y61.854 E1110.37034
M204 S2000
M205 X30 Y30
G0 F3600 X66.804 Y61.854
M204 S500
M205 X10 Y10
G1 F1200 X62.814 Y57.864 E1110.66358
M204 S2000
M205 X30 Y30
G0 F3600 X62.107 Y57.864
M204 S500
M205 X10 Y10
G1 F1200 X66.097 Y61.854 E1110.95683
M204 S2000
M205 X30 Y30
G0 F3600 X65.39 Y61.854
M204 S500
M205 X10 Y10
G1 F1200 X61.4 Y57.864 E1111.25008
M204 S2000
M205 X30 Y30
G0 F3600 X60.693 Y57.864
M204 S500
M205 X10 Y10
G1 F1200 X64.683 Y61.854 E1111.54332
M204 S2000
M205 X30 Y30
G0 F3600 X63.976 Y61.854
M204 S500
M205 X10 Y10
G1 F1200 X59.985 Y57.864 E1111.83661
M204 S2000
M205 X30 Y30
G0 F3600 X59.278 Y57.864
M204 S500
M205 X10 Y10
G1 F1200 X63.269 Y61.854 E1112.12989
M204 S2000
M205 X30 Y30
G0 F3600 X62.561 Y61.854
M204 S500
M205 X10 Y10
G1 F1200 X58.571 Y57.864 E1112.42313
M204 S2000
M205 X30 Y30
G0 F3600 X57.864 Y57.864
M204 S500
M205 X10 Y10
G1 F1200 X61.854 Y61.854 E1112.71638
M204 S2000
M205 X30 Y30
G0 F3600 X61.147 Y61.854
M204 S500
M205 X10 Y10
G1 F1200 X57.157 Y57.864 E1113.00963
M204 S2000
M205 X30 Y30
G0 F3600 X56.45 Y57.864
M204 S500
M205 X10 Y10
G1 F1200 X60.439 Y61.854 E1113.30283
M204 S2000
M205 X30 Y30
G0 F3600 X59.732 Y61.854
M204 S500
M205 X10 Y10
G1 F1200 X55.743 Y57.864 E1113.59604
M204 S2000
M205 X30 Y30
G0 F3600 X55.036 Y57.864
M204 S500
M205 X10 Y10
G1 F1200 X59.025 Y61.854 E1113.88925
M204 S2000
M205 X30 Y30
G0 F3600 X58.318 Y61.854
M204 S500
M205 X10 Y10
G1 F1200 X54.329 Y57.864 E1114.18246
M204 S2000
M205 X30 Y30
G0 F3600 X53.622 Y57.864
M204 S500
M205 X10 Y10
G1 F1200 X57.611 Y61.854 E1114.47567
M204 S2000
M205 X30 Y30
G0 F3600 X56.904 Y61.854
M204 S500
M205 X10 Y10
G1 F1200 X52.914 Y57.864 E1114.76892
M204 S2000
M205 X30 Y30
G0 F3600 X52.207 Y57.864
M204 S500
M205 X10 Y10
G1 F1200 X56.197 Y61.854 E1115.06216
M204 S2000
M205 X30 Y30
G0 F3600 X55.49 Y61.854
M204 S500
M205 X10 Y10
G1 F1200 X51.5 Y57.864 E1115.35541
M204 S2000
M205 X30 Y30
G0 F3600 X50.793 Y57.864
M204 S500
M205 X10 Y10
G1 F1200 X54.783 Y61.854 E1115.64865
M204 S2000
M205 X30 Y30
G0 F3600 X54.075 Y61.854
M204 S500
M205 X10 Y10
G1 F1200 X50.086 Y57.864 E1115.94186
M204 S2000
M205 X30 Y30
G0 F3600 X49.379 Y57.864
M204 S500
M205 X10 Y10
G1 F1200 X53.368 Y61.854 E1116.23507
M204 S2000
M205 X30 Y30
G0 F3600 X52.661 Y61.854
M204 S500
M205 X10 Y10
G1 F1200 X48.672 Y57.864 E1116.52828
M204 S2000
M205 X30 Y30
G0 F3600 X47.965 Y57.864
M204 S500
M205 X10 Y10
G1 F1200 X51.954 Y61.854 E1116.82149
M204 S2000
M205 X30 Y30
G0 F3600 X51.247 Y61.854
M204 S500
M205 X10 Y10
G1 F1200 X47.258 Y57.864 E1117.1147
M204 S2000
M205 X30 Y30
G0 F3600 X46.55 Y57.864
M204 S500
M205 X10 Y10
G1 F1200 X50.54 Y61.854 E1117.40795
M204 S2000
M205 X30 Y30
G0 F3600 X49.833 Y61.854
M204 S500
M205 X10 Y10
G1 F1200 X46.545 Y58.566 E1117.6496
M204 S2000
M205 X30 Y30
G0 F3600 X46.545 Y59.273
M204 S500
M205 X10 Y10
G1 F1200 X49.126 Y61.854 E1117.83929
M204 S2000
M205 X30 Y30
G0 F3600 X48.419 Y61.854
M204 S500
M205 X10 Y10
G1 F1200 X46.545 Y59.98 E1117.97702
M204 S2000
M205 X30 Y30
G0 F3600 X46.545 Y60.687
M204 S500
M205 X10 Y10
G1 F1200 X47.712 Y61.854 E1118.06279
M204 S2000
M205 X30 Y30
G0 F3600 X47.004 Y61.854
M204 S500
M205 X10 Y10
G1 F1200 X46.545 Y61.394 E1118.09656
M204 S2000
M205 X30 Y30
;MESH:NONMESH
G0 F600 X46.545 Y61.394 Z25.05
G0 F3600 X41.648 Y57.548
;TIME_ELAPSED:1348.516878
;LAYER:99
M204 S500
M205 X10 Y10
;TYPE:FILL
;MESH:PLATempTower
G1 F2400 X41.509 Y57.687 E1118.10507
M204 S2000
M205 X30 Y30
G0 F3600 X41.509 Y60.044
M204 S500
M205 X10 Y10
G1 F2400 X44.006 Y57.548 E1118.25797
G1 X44.218 Y57.336
M204 S2000
M205 X30 Y30
G0 F3600 X46.129 Y57.782
M204 S500
M205 X10 Y10
G1 F2400 X41.743 Y62.168 E1118.52658
G1 X41.531 Y62.38
M204 S2000
M205 X30 Y30
G0 F3600 X44.1 Y62.168
M204 S500
M205 X10 Y10
G1 F2400 X46.129 Y60.14 E1118.65081
G1 X46.341 Y59.928
M204 S2000
M205 X30 Y30
G0 F3600 X46.33 Y62.37
M204 S500
M205 X10 Y10
;TYPE:WALL-INNER
G1 F2400 X41.31 Y62.37 E1118.86821
G1 X41.31 Y57.35 E1119.0856
G1 X46.33 Y57.35 E1119.303
G1 X46.33 Y61.858 E1119.49822
G0 F1920 X46.33 Y62.37
M204 S2000
M205 X30 Y30
G0 F3600 X46.83 Y62.87
M204 S500
M205 X10 Y10
G1 F2400 X40.81 Y62.87 E1119.75892
G1 X40.81 Y56.85 E1120.01962
G1 X46.83 Y56.85 E1120.28032
G1 X46.83 Y62.358 E1120.51885
G0 F1920 X46.83 Y62.87
M204 S2000
M205 X30 Y30
G0 F3600 X47.33 Y63.37
M204 S500
M205 X10 Y10
;TYPE:WALL-OUTER
G1 F1200 X40.31 Y63.37 E1120.82286
G1 X40.31 Y56.35 E1121.12686
G1 X47.33 Y56.35 E1121.43087
G1 X47.33 Y62.858 E1121.7127
G0 F960 X47.33 Y63.37
M204 S2000
M205 X30 Y30
G0 F3600 X47.08 Y63.37
G0 X46.33 Y62.517
G1 F2700 E1117.7127
G0 F3600 X48.245 Y62.127
G0 X72.675 Y62.127
G0 X74.11 Y62.127
G0 X74.789 Y62.127
M204 S500
M205 X10 Y10
;TYPE:FILL
G1 F2700 E1121.7127
G1 F2400 X79.367 Y57.55 E1121.99304
G1 X79.579 Y57.338
M204 S2000
M205 X30 Y30
G0 F3600 X79.409 Y59.865
M204 S500
M205 X10 Y10
G1 F2400 X77.104 Y62.17 E1122.13421
G1 X76.892 Y62.382
M204 S2000
M205 X30 Y30
G0 F3600 X74.789 Y59.77
M204 S500
M205 X10 Y10
G1 F2400 X77.009 Y57.55 E1122.27017
G1 X77.221 Y57.338
M204 S2000
M205 X30 Y30
G0 F3600 X79.61 Y62.37
M204 S500
M205 X10 Y10
;TYPE:WALL-INNER
G1 F2400 X74.59 Y62.37 E1122.48757
G1 X74.59 Y57.35 E1122.70496
G1 X79.61 Y57.35 E1122.92236
G1 X79.61 Y61.858 E1123.11758
G0 F1920 X79.61 Y62.37
M204 S2000
M205 X30 Y30
G0 F3600 X80.11 Y62.87
M204 S500
M205 X10 Y10
G1 F2400 X74.09 Y62.87 E1123.37828
G1 X74.09 Y56.85 E1123.63898
G1 X80.11 Y56.85 E1123.89968
G1 X80.11 Y62.358 E1124.13821
G0 F1920 X80.11 Y62.87
M204 S2000
M205 X30 Y30
G0 F3600 X80.61 Y63.37
M204 S500
M205 X10 Y10
;TYPE:WALL-OUTER
G1 F1200 X73.59 Y63.37 E1124.44221
G1 X73.59 Y56.35 E1124.74622
G1 X80.61 Y56.35 E1125.05023
G1 X80.61 Y62.858 E1125.33206
G0 F960 X80.61 Y63.37
M204 S2000
M205 X30 Y30
G0 F3600 X80.36 Y63.37
G0 X79.61 Y62.517
G1 F2700 E1121.33206
;MESH:NONMESH
G0 F600 X79.61 Y62.517 Z25.3
G0 F3600 X74.11 Y57.598
G0 X72.675 Y57.598
G0 X48.245 Y57.598
G0 X46.81 Y57.598
G0 X41.509 Y57.598
;TIME_ELAPSED:1357.705796
;LAYER:100
;[CAZD:
M104 S200.0 T0
;:CAZD]
M204 S500
M205 X10 Y10
;TYPE:FILL
;MESH:PLATempTower
G1 F2700 E1125.33206
G1 F2400 X46.08 Y62.168 E1125.61197
G1 X46.292 Y62.38
M204 S2000
M205 X30 Y30
G0 F3600 X46.13 Y59.86
M204 S500
M205 X10 Y10
G1 F2400 X43.818 Y57.549 E1125.75354
G1 X43.606 Y57.337
M204 S2000
M205 X30 Y30
G0 F3600 X41.509 Y59.955
M204 S500
M205 X10 Y10
G1 F2400 X43.723 Y62.168 E1125.8891
G1 X43.935 Y62.38
M204 S2000
M205 X30 Y30
G0 F3600 X46.33 Y62.37
M204 S500
M205 X10 Y10
;TYPE:WALL-INNER
G1 F2400 X41.31 Y62.37 E1126.1065
G1 X41.31 Y57.35 E1126.32389
G1 X46.33 Y57.35 E1126.54129
G1 X46.33 Y61.858 E1126.73651
G0 F1920 X46.33 Y62.37
M204 S2000
M205 X30 Y30
G0 F3600 X46.83 Y62.87
M204 S500
M205 X10 Y10
G1 F2400 X40.81 Y62.87 E1126.99721
G1 X40.81 Y56.85 E1127.25791
G1 X46.83 Y56.85 E1127.51861
G1 X46.83 Y62.358 E1127.75714
G0 F1920 X46.83 Y62.87
M204 S2000
M205 X30 Y30
G0 F3600 X47.33 Y63.37
M204 S500
M205 X10 Y10
;TYPE:WALL-OUTER
G1 F1200 X40.31 Y63.37 E1128.06114
G1 X40.31 Y56.35 E1128.36515
G1 X47.33 Y56.35 E1128.66916
G1 X47.33 Y62.858 E1128.95099
G0 F960 X47.33 Y63.37
M204 S2000
M205 X30 Y30
G0 F3600 X47.08 Y63.37
G0 X46.33 Y62.517
G1 F2700 E1124.95099
G0 F3600 X46.81 Y60.229
G0 X48.245 Y60.229
G0 X72.675 Y60.229
G0 X74.11 Y60.229
G0 X74.789 Y60.229
M204 S500
M205 X10 Y10
;TYPE:FILL
G1 F2700 E1128.95099
G1 F2400 X76.729 Y62.17 E1129.06983
G1 X76.941 Y62.382
M204 S2000
M205 X30 Y30
G0 F3600 X79.087 Y62.17
M204 S500
M205 X10 Y10
G1 F2400 X74.789 Y57.872 E1129.33306
G1 X74.577 Y57.66
M204 S2000
M205 X30 Y30
G0 F3600 X76.824 Y57.55
M204 S500
M205 X10 Y10
G1 F2400 X79.409 Y60.135 E1129.49137
G1 X79.621 Y60.347
M204 S2000
M205 X30 Y30
G0 F3600 X79.409 Y57.777
M204 S500
M205 X10 Y10
G1 F2400 X79.181 Y57.55 E1129.50531
M204 S2000
M205 X30 Y30
G0 F3600 X79.61 Y62.37
M204 S500
M205 X10 Y10
;TYPE:WALL-INNER
G1 F2400 X74.59 Y62.37 E1129.7227
G1 X74.59 Y57.35 E1129.9401
G1 X79.61 Y57.35 E1130.15749
G1 X79.61 Y61.858 E1130.35271
G0 F1920 X79.61 Y62.37
M204 S2000
M205 X30 Y30
G0 F3600 X80.11 Y62.87
M204 S500
M205 X10 Y10
G1 F2400 X74.09 Y62.87 E1130.61341
G1 X74.09 Y56.85 E1130.87411
G1 X80.11 Y56.85 E1131.13481
G1 X80.11 Y62.358 E1131.37334
G0 F1920 X80.11 Y62.87
M204 S2000
M205 X30 Y30
G0 F3600 X80.61 Y63.37
M204 S500
M205 X10 Y10
;TYPE:WALL-OUTER
G1 F1200 X73.59 Y63.37 E1131.67735
G1 X73.59 Y56.35 E1131.98135
G1 X80.61 Y56.35 E1132.28536
G1 X80.61 Y62.858 E1132.56719
G0 F960 X80.61 Y63.37
M204 S2000
M205 X30 Y30
G0 F3600 X80.36 Y63.37
G0 X79.61 Y62.517
G1 F2700 E1128.56719
;MESH:NONMESH
G0 F600 X79.61 Y62.517 Z25.55
G0 F3600 X74.11 Y57.548
G0 X72.675 Y57.548
G0 X48.245 Y57.548
G0 X46.81 Y57.548
G0 X41.648 Y57.548
;TIME_ELAPSED:1367.071530
;LAYER:101
M204 S500
M205 X10 Y10
;TYPE:FILL
;MESH:PLATempTower
G1 F2700 E1132.56719
G1 F2400 X41.509 Y57.687 E1132.57571
M204 S2000
M205 X30 Y30
G0 F3600 X41.509 Y60.044
M204 S500
M205 X10 Y10
G1 F2400 X44.006 Y57.548 E1132.7286
G1 X44.218 Y57.336
M204 S2000
M205 X30 Y30
G0 F3600 X46.129 Y57.782
M204 S500
M205 X10 Y10
G1 F2400 X41.743 Y62.168 E1132.99722
G1 X41.531 Y62.38
M204 S2000
M205 X30 Y30
G0 F3600 X44.1 Y62.168
M204 S500
M205 X10 Y10
G1 F2400 X46.129 Y60.14 E1133.12145
G1 X46.341 Y59.928
M204 S2000
M205 X30 Y30
G0 F3600 X46.33 Y62.37
M204 S500
M205 X10 Y10
;TYPE:WALL-INNER
G1 F2400 X41.31 Y62.37 E1133.33884
G1 X41.31 Y57.35 E1133.55624
G1 X46.33 Y57.35 E1133.77363
G1 X46.33 Y61.858 E1133.96886
G0 F1920 X46.33 Y62.37
M204 S2000
M205 X30 Y30
G0 F3600 X46.83 Y62.87
M204 S500
M205 X10 Y10
G1 F2400 X40.81 Y62.87 E1134.22956
G1 X40.81 Y56.85 E1134.49026
G1 X46.83 Y56.85 E1134.75096
G1 X46.83 Y62.358 E1134.98948
G0 F1920 X46.83 Y62.87
M204 S2000
M205 X30 Y30
G0 F3600 X47.33 Y63.37
M204 S500
M205 X10 Y10
;TYPE:WALL-OUTER
G1 F1200 X40.31 Y63.37 E1135.29349
G1 X40.31 Y56.35 E1135.5975
G1 X47.33 Y56.35 E1135.9015
G1 X47.33 Y62.858 E1136.18334
G0 F960 X47.33 Y63.37
M204 S2000
M205 X30 Y30
G0 F3600 X47.08 Y63.37
G0 X46.33 Y62.517
G1 F2700 E1132.18334
G0 F3600 X48.245 Y62.127
G0 X72.675 Y62.127
G0 X74.11 Y62.127
G0 X74.789 Y62.127
M204 S500
M205 X10 Y10
;TYPE:FILL
G1 F2700 E1136.18334
G1 F2400 X79.367 Y57.55 E1136.46368
G1 X79.579 Y57.338
M204 S2000
M205 X30 Y30
G0 F3600 X79.409 Y59.865
M204 S500
M205 X10 Y10
G1 F2400 X77.104 Y62.17 E1136.60485
G1 X76.892 Y62.382
M204 S2000
M205 X30 Y30
G0 F3600 X74.789 Y59.77
M204 S500
M205 X10 Y10
G1 F2400 X77.009 Y57.55 E1136.74081
G1 X77.221 Y57.338
M204 S2000
M205 X30 Y30
G0 F3600 X79.61 Y62.37
M204 S500
M205 X10 Y10
;TYPE:WALL-INNER
G1 F2400 X74.59 Y62.37 E1136.9582
G1 X74.59 Y57.35 E1137.1756
G1 X79.61 Y57.35 E1137.39299
G1 X79.61 Y61.858 E1137.58821
G0 F1920 X79.61 Y62.37
M204 S2000
M205 X30 Y30
G0 F3600 X80.11 Y62.87
M204 S500
M205 X10 Y10
G1 F2400 X74.09 Y62.87 E1137.84891
G1 X74.09 Y56.85 E1138.10961
G1 X80.11 Y56.85 E1138.37031
G1 X80.11 Y62.358 E1138.60884
G0 F1920 X80.11 Y62.87
M204 S2000
M205 X30 Y30
G0 F3600 X80.61 Y63.37
M204 S500
M205 X10 Y10
;TYPE:WALL-OUTER
G1 F1200 X73.59 Y63.37 E1138.91285
G1 X73.59 Y56.35 E1139.21686
G1 X80.61 Y56.35 E1139.52086
G1 X80.61 Y62.858 E1139.8027
G0 F960 X80.61 Y63.37
M204 S2000
M205 X30 Y30
G0 F3600 X80.36 Y63.37
G0 X79.61 Y62.517
G1 F2700 E1135.8027
;MESH:NONMESH
G0 F600 X79.61 Y62.517 Z25.8
G0 F3600 X74.11 Y57.598
G0 X72.675 Y57.598
G0 X48.245 Y57.598
G0 X46.81 Y57.598
G0 X41.509 Y57.598
;TIME_ELAPSED:1376.426260
;LAYER:102
M204 S500
M205 X10 Y10
;TYPE:FILL
;MESH:PLATempTower
G1 F2700 E1139.8027
G1 F2400 X46.08 Y62.168 E1140.08261
G1 X46.292 Y62.38
M204 S2000
M205 X30 Y30
G0 F3600 X46.13 Y59.86
M204 S500
M205 X10 Y10
G1 F2400 X43.818 Y57.549 E1140.22417
G1 X43.606 Y57.337
M204 S2000
M205 X30 Y30
G0 F3600 X41.509 Y59.955
M204 S500
M205 X10 Y10
G1 F2400 X43.723 Y62.168 E1140.35974
G1 X43.935 Y62.38
M204 S2000
M205 X30 Y30
G0 F3600 X46.33 Y62.37
M204 S500
M205 X10 Y10
;TYPE:WALL-INNER
G1 F2400 X41.31 Y62.37 E1140.57713
G1 X41.31 Y57.35 E1140.79453
G1 X46.33 Y57.35 E1141.01192
G1 X46.33 Y61.858 E1141.20714
G0 F1920 X46.33 Y62.37
M204 S2000
M205 X30 Y30
G0 F3600 X46.83 Y62.87
M204 S500
M205 X10 Y10
G1 F2400 X40.81 Y62.87 E1141.46784
G1 X40.81 Y56.85 E1141.72854
G1 X46.83 Y56.85 E1141.98924
G1 X46.83 Y62.358 E1142.22777
G0 F1920 X46.83 Y62.87
M204 S2000
M205 X30 Y30
G0 F3600 X47.33 Y63.37
M204 S500
M205 X10 Y10
;TYPE:WALL-OUTER
G1 F1200 X40.31 Y63.37 E1142.53178
G1 X40.31 Y56.35 E1142.83578
G1 X47.33 Y56.35 E1143.13979
G1 X47.33 Y62.858 E1143.42162
G0 F960 X47.33 Y63.37
M204 S2000
M205 X30 Y30
G0 F3600 X47.08 Y63.37
G0 X46.33 Y62.517
G1 F2700 E1139.42162
G0 F3600 X46.81 Y60.229
G0 X48.245 Y60.229
G0 X72.675 Y60.229
G0 X74.11 Y60.229
G0 X74.789 Y60.229
M204 S500
M205 X10 Y10
;TYPE:FILL
G1 F2700 E1143.42162
G1 F2400 X76.729 Y62.17 E1143.54047
G1 X76.941 Y62.382
M204 S2000
M205 X30 Y30
G0 F3600 X79.087 Y62.17
M204 S500
M205 X10 Y10
G1 F2400 X74.789 Y57.872 E1143.80369
G1 X74.577 Y57.66
M204 S2000
M205 X30 Y30
G0 F3600 X76.824 Y57.55
M204 S500
M205 X10 Y10
G1 F2400 X79.409 Y60.135 E1143.96201
G1 X79.621 Y60.347
M204 S2000
M205 X30 Y30
G0 F3600 X79.409 Y57.777
M204 S500
M205 X10 Y10
G1 F2400 X79.181 Y57.55 E1143.97594
M204 S2000
M205 X30 Y30
G0 F3600 X79.61 Y62.37
M204 S500
M205 X10 Y10
;TYPE:WALL-INNER
G1 F2400 X74.59 Y62.37 E1144.19334
G1 X74.59 Y57.35 E1144.41073
G1 X79.61 Y57.35 E1144.62812
G1 X79.61 Y61.858 E1144.82335
G0 F1920 X79.61 Y62.37
M204 S2000
M205 X30 Y30
G0 F3600 X80.11 Y62.87
M204 S500
M205 X10 Y10
G1 F2400 X74.09 Y62.87 E1145.08405
G1 X74.09 Y56.85 E1145.34475
G1 X80.11 Y56.85 E1145.60545
G1 X80.11 Y62.358 E1145.84398
G0 F1920 X80.11 Y62.87
M204 S2000
M205 X30 Y30
G0 F3600 X80.61 Y63.37
M204 S500
M205 X10 Y10
;TYPE:WALL-OUTER
G1 F1200 X73.59 Y63.37 E1146.14798
G1 X73.59 Y56.35 E1146.45199
G1 X80.61 Y56.35 E1146.756
G1 X80.61 Y62.858 E1147.03783
G0 F960 X80.61 Y63.37
M204 S2000
M205 X30 Y30
G0 F3600 X80.36 Y63.37
G0 X79.61 Y62.517
G1 F2700 E1143.03783
;MESH:NONMESH
G0 F600 X79.61 Y62.517 Z26.05
G0 F3600 X74.11 Y57.349
G0 X72.675 Y57.349
G0 X48.245 Y57.349
G0 X46.81 Y57.349
G0 X41.847 Y57.349
;TIME_ELAPSED:1385.791248
;LAYER:103
M204 S500
M205 X10 Y10
;TYPE:FILL
;MESH:PLATempTower
G1 F2700 E1147.03783
G1 F2400 X41.31 Y57.886 E1147.07072
M204 S2000
M205 X30 Y30
G0 F3600 X41.31 Y60.244
M204 S500
M205 X10 Y10
G1 F2400 X44.205 Y57.349 E1147.24802
G1 X44.417 Y57.137
M204 S2000
M205 X30 Y30
G0 F3600 X46.329 Y57.582
M204 S500
M205 X10 Y10
G1 F2400 X41.543 Y62.368 E1147.54113
G1 X41.331 Y62.58
M204 S2000
M205 X30 Y30
G0 F3600 X43.9 Y62.368
M204 S500
M205 X10 Y10
G1 F2400 X46.329 Y59.94 E1147.68986
G1 X46.541 Y59.728
M204 S2000
M205 X30 Y30
G0 F3600 X46.329 Y62.297
M204 S500
M205 X10 Y10
G1 F2400 X46.258 Y62.368 E1147.69421
M204 S2000
M205 X30 Y30
G0 F3600 X46.53 Y62.57
M204 S500
M205 X10 Y10
;TYPE:WALL-INNER
G1 F2400 X41.11 Y62.57 E1147.92892
G1 X41.11 Y57.15 E1148.16364
G1 X46.53 Y57.15 E1148.39836
G1 X46.53 Y62.058 E1148.6109
G0 F1920 X46.53 Y62.57
M204 S2000
M205 X30 Y30
G0 F3600 X47.03 Y63.07
M204 S500
M205 X10 Y10
G1 F2400 X40.61 Y63.07 E1148.88893
G1 X40.61 Y56.65 E1149.16695
G1 X47.03 Y56.65 E1149.44497
G1 X47.03 Y62.558 E1149.70082
G0 F1920 X47.03 Y63.07
M204 S2000
M205 X30 Y30
G0 F3600 X47.53 Y63.57
M204 S500
M205 X10 Y10
;TYPE:WALL-OUTER
G1 F1200 X40.11 Y63.57 E1150.02215
G1 X40.11 Y56.15 E1150.34348
G1 X47.53 Y56.15 E1150.66481
G1 X47.53 Y63.058 E1150.96396
G0 F960 X47.53 Y63.57
M204 S2000
M205 X30 Y30
G0 F3600 X47.28 Y63.57
G0 X46.53 Y62.717
G1 F2700 E1146.96396
G0 F3600 X48.445 Y62.327
G0 X72.475 Y62.327
G0 X73.91 Y62.327
G0 X74.589 Y62.327
M204 S500
M205 X10 Y10
;TYPE:FILL
G1 F2700 E1150.96396
G1 F2400 X79.567 Y57.349 E1151.26883
G1 X79.779 Y57.137
M204 S2000
M205 X30 Y30
G0 F3600 X79.609 Y59.664
M204 S500
M205 X10 Y10
G1 F2400 X76.904 Y62.37 E1151.43453
G1 X76.692 Y62.582
M204 S2000
M205 X30 Y30
G0 F3600 X79.261 Y62.37
M204 S500
M205 X10 Y10
G1 F2400 X79.609 Y62.022 E1151.45584
M204 S2000
M205 X30 Y30
G0 F3600 X77.209 Y57.349
M204 S500
M205 X10 Y10
G1 F2400 X74.589 Y59.97 E1151.61633
G1 X74.377 Y60.182
M204 S2000
M205 X30 Y30
G0 F3600 X74.589 Y57.612
M204 S500
M205 X10 Y10
G1 F2400 X74.852 Y57.349 E1151.63244
M204 S2000
M205 X30 Y30
G0 F3600 X79.81 Y62.57
M204 S500
M205 X10 Y10
;TYPE:WALL-INNER
G1 F2400 X74.39 Y62.57 E1151.86715
G1 X74.39 Y57.15 E1152.10187
G1 X79.81 Y57.15 E1152.33659
G1 X79.81 Y62.058 E1152.54913
G0 F1920 X79.81 Y62.57
M204 S2000
M205 X30 Y30
G0 F3600 X80.31 Y63.07
M204 S500
M205 X10 Y10
G1 F2400 X73.89 Y63.07 E1152.82716
G1 X73.89 Y56.65 E1153.10518
G1 X80.31 Y56.65 E1153.3832
G1 X80.31 Y62.558 E1153.63905
G0 F1920 X80.31 Y63.07
M204 S2000
M205 X30 Y30
G0 F3600 X80.81 Y63.57
M204 S500
M205 X10 Y10
;TYPE:WALL-OUTER
G1 F1200 X73.39 Y63.57 E1153.96038
G1 X73.39 Y56.15 E1154.28171
G1 X80.81 Y56.15 E1154.60304
G1 X80.81 Y63.058 E1154.90219
G0 F960 X80.81 Y63.57
M204 S2000
M205 X30 Y30
G0 F3600 X80.56 Y63.57
G0 X79.81 Y62.717
G1 F2700 E1150.90219
;MESH:NONMESH
G0 F600 X79.81 Y62.717 Z26.3
G0 F3600 X73.91 Y57.397
G0 X72.475 Y57.397
G0 X48.445 Y57.397
G0 X47.01 Y57.397
G0 X41.309 Y57.397
;TIME_ELAPSED:1395.846524
;LAYER:104
M204 S500
M205 X10 Y10
;TYPE:FILL
;MESH:PLATempTower
G1 F2700 E1154.90219
G1 F2400 X46.28 Y62.368 E1155.20663
G1 X46.492 Y62.58
M204 S2000
M205 X30 Y30
G0 F3600 X46.33 Y60.06
M204 S500
M205 X10 Y10
G1 F2400 X43.618 Y57.349 E1155.3727
G1 X43.406 Y57.137
M204 S2000
M205 X30 Y30
G0 F3600 X45.976 Y57.349
M204 S500
M205 X10 Y10
G1 F2400 X46.33 Y57.703 E1155.39438
M204 S2000
M205 X30 Y30
G0 F3600 X43.923 Y62.368
M204 S500
M205 X10 Y10
G1 F2400 X41.309 Y59.755 E1155.55444
G1 X41.097 Y59.543
M204 S2000
M205 X30 Y30
G0 F3600 X41.309 Y62.112
M204 S500
M205 X10 Y10
G1 F2400 X41.565 Y62.368 E1155.57012
M204 S2000
M205 X30 Y30
G0 F3600 X46.53 Y62.57
M204 S500
M205 X10 Y10
;TYPE:WALL-INNER
G1 F2400 X41.11 Y62.57 E1155.80483
G1 X41.11 Y57.15 E1156.03955
G1 X46.53 Y57.15 E1156.27427
G1 X46.53 Y62.058 E1156.48681
G0 F1920 X46.53 Y62.57
M204 S2000
M205 X30 Y30
G0 F3600 X47.03 Y63.07
M204 S500
M205 X10 Y10
G1 F2400 X40.61 Y63.07 E1156.76483
G1 X40.61 Y56.65 E1157.04286
G1 X47.03 Y56.65 E1157.32088
G1 X47.03 Y62.558 E1157.57673
G0 F1920 X47.03 Y63.07
M204 S2000
M205 X30 Y30
G0 F3600 X47.53 Y63.57
M204 S500
M205 X10 Y10
;TYPE:WALL-OUTER
G1 F1200 X40.11 Y63.57 E1157.89806
G1 X40.11 Y56.15 E1158.21939
G1 X47.53 Y56.15 E1158.54072
G1 X47.53 Y63.058 E1158.83987
G0 F960 X47.53 Y63.57
M204 S2000
M205 X30 Y30
G0 F3600 X47.28 Y63.57
G0 X46.53 Y62.717
G1 F2700 E1154.83987
G0 F3600 X47.01 Y60.029
G0 X48.445 Y60.029
G0 X72.475 Y60.029
G0 X73.91 Y60.029
G0 X74.589 Y60.029
M204 S500
M205 X10 Y10
;TYPE:FILL
G1 F2700 E1158.83987
G1 F2400 X76.929 Y62.37 E1158.98321
G1 X77.141 Y62.582
M204 S2000
M205 X30 Y30
G0 F3600 X79.287 Y62.37
M204 S500
M205 X10 Y10
G1 F2400 X74.589 Y57.672 E1159.27093
G1 X74.377 Y57.46
M204 S2000
M205 X30 Y30
G0 F3600 X76.624 Y57.349
M204 S500
M205 X10 Y10
G1 F2400 X79.609 Y60.335 E1159.45378
G1 X79.821 Y60.547
M204 S2000
M205 X30 Y30
G0 F3600 X79.609 Y57.977
M204 S500
M205 X10 Y10
G1 F2400 X78.981 Y57.349 E1159.49224
M204 S2000
M205 X30 Y30
G0 F3600 X79.81 Y62.57
M204 S500
M205 X10 Y10
;TYPE:WALL-INNER
G1 F2400 X74.39 Y62.57 E1159.72695
G1 X74.39 Y57.15 E1159.96167
G1 X79.81 Y57.15 E1160.19639
G1 X79.81 Y62.058 E1160.40893
G0 F1920 X79.81 Y62.57
M204 S2000
M205 X30 Y30
G0 F3600 X80.31 Y63.07
M204 S500
M205 X10 Y10
G1 F2400 X73.89 Y63.07 E1160.68696
G1 X73.89 Y56.65 E1160.96498
G1 X80.31 Y56.65 E1161.243
G1 X80.31 Y62.558 E1161.49885
G0 F1920 X80.31 Y63.07
M204 S2000
M205 X30 Y30
G0 F3600 X80.81 Y63.57
M204 S500
M205 X10 Y10
;TYPE:WALL-OUTER
G1 F1200 X73.39 Y63.57 E1161.82018
G1 X73.39 Y56.15 E1162.14151
G1 X80.81 Y56.15 E1162.46284
G1 X80.81 Y63.058 E1162.76199
G0 F960 X80.81 Y63.57
M204 S2000
M205 X30 Y30
G0 F3600 X80.56 Y63.57
G0 X79.81 Y62.717
G1 F2700 E1158.76199
;MESH:NONMESH
G0 F600 X79.81 Y62.717 Z26.55
G0 F3600 X73.91 Y57.349
G0 X72.475 Y57.349
G0 X48.445 Y57.349
G0 X47.01 Y57.349
G0 X41.847 Y57.349
;TIME_ELAPSED:1405.920832
;LAYER:105
M204 S500
M205 X10 Y10
;TYPE:FILL
;MESH:PLATempTower
G1 F2700 E1162.76199
G1 F2400 X41.31 Y57.886 E1162.79488
M204 S2000
M205 X30 Y30
G0 F3600 X41.31 Y60.244
M204 S500
M205 X10 Y10
G1 F2400 X44.205 Y57.349 E1162.97218
G1 X44.417 Y57.137
M204 S2000
M205 X30 Y30
G0 F3600 X46.329 Y57.582
M204 S500
M205 X10 Y10
G1 F2400 X41.543 Y62.368 E1163.26529
G1 X41.331 Y62.58
M204 S2000
M205 X30 Y30
G0 F3600 X43.9 Y62.368
M204 S500
M205 X10 Y10
G1 F2400 X46.329 Y59.94 E1163.41402
G1 X46.541 Y59.728
M204 S2000
M205 X30 Y30
G0 F3600 X46.329 Y62.297
M204 S500
M205 X10 Y10
G1 F2400 X46.258 Y62.368 E1163.41837
M204 S2000
M205 X30 Y30
G0 F3600 X46.53 Y62.57
M204 S500
M205 X10 Y10
;TYPE:WALL-INNER
G1 F2400 X41.11 Y62.57 E1163.65309
G1 X41.11 Y57.15 E1163.88781
G1 X46.53 Y57.15 E1164.12252
G1 X46.53 Y62.058 E1164.33507
G0 F1920 X46.53 Y62.57
M204 S2000
M205 X30 Y30
G0 F3600 X47.03 Y63.07
M204 S500
M205 X10 Y10
G1 F2400 X40.61 Y63.07 E1164.61309
G1 X40.61 Y56.65 E1164.89111
G1 X47.03 Y56.65 E1165.16914
G1 X47.03 Y62.558 E1165.42499
G0 F1920 X47.03 Y63.07
M204 S2000
M205 X30 Y30
G0 F3600 X47.53 Y63.57
M204 S500
M205 X10 Y10
;TYPE:WALL-OUTER
G1 F1200 X40.11 Y63.57 E1165.74631
G1 X40.11 Y56.15 E1166.06764
G1 X47.53 Y56.15 E1166.38897
G1 X47.53 Y63.058 E1166.68813
G0 F960 X47.53 Y63.57
M204 S2000
M205 X30 Y30
G0 F3600 X47.28 Y63.57
G0 X46.53 Y62.717
G1 F2700 E1162.68813
G0 F3600 X48.445 Y62.327
G0 X72.475 Y62.327
G0 X73.91 Y62.327
G0 X74.589 Y62.327
M204 S500
M205 X10 Y10
;TYPE:FILL
G1 F2700 E1166.68813
G1 F2400 X79.567 Y57.349 E1166.993
G1 X79.779 Y57.137
M204 S2000
M205 X30 Y30
G0 F3600 X79.609 Y59.664
M204 S500
M205 X10 Y10
G1 F2400 X76.904 Y62.37 E1167.15869
G1 X76.692 Y62.582
M204 S2000
M205 X30 Y30
G0 F3600 X79.261 Y62.37
M204 S500
M205 X10 Y10
G1 F2400 X79.609 Y62.022 E1167.18001
M204 S2000
M205 X30 Y30
G0 F3600 X77.209 Y57.349
M204 S500
M205 X10 Y10
G1 F2400 X74.589 Y59.97 E1167.34049
G1 X74.377 Y60.182
M204 S2000
M205 X30 Y30
G0 F3600 X74.589 Y57.612
M204 S500
M205 X10 Y10
G1 F2400 X74.852 Y57.349 E1167.3566
M204 S2000
M205 X30 Y30
G0 F3600 X79.81 Y62.57
M204 S500
M205 X10 Y10
;TYPE:WALL-INNER
G1 F2400 X74.39 Y62.57 E1167.59132
G1 X74.39 Y57.15 E1167.82604
G1 X79.81 Y57.15 E1168.06075
G1 X79.81 Y62.058 E1168.2733
G0 F1920 X79.81 Y62.57
M204 S2000
M205 X30 Y30
G0 F3600 X80.31 Y63.07
M204 S500
M205 X10 Y10
G1 F2400 X73.89 Y63.07 E1168.55132
G1 X73.89 Y56.65 E1168.82934
G1 X80.31 Y56.65 E1169.10737
G1 X80.31 Y62.558 E1169.36322
G0 F1920 X80.31 Y63.07
M204 S2000
M205 X30 Y30
G0 F3600 X80.81 Y63.57
M204 S500
M205 X10 Y10
;TYPE:WALL-OUTER
G1 F1200 X73.39 Y63.57 E1169.68454
G1 X73.39 Y56.15 E1170.00587
G1 X80.81 Y56.15 E1170.3272
G1 X80.81 Y63.058 E1170.62636
G0 F960 X80.81 Y63.57
M204 S2000
M205 X30 Y30
G0 F3600 X80.56 Y63.57
G0 X79.81 Y62.717
G1 F2700 E1166.62636
;MESH:NONMESH
G0 F600 X79.81 Y62.717 Z26.8
G0 F3600 X73.91 Y57.397
G0 X72.475 Y57.397
G0 X48.445 Y57.397
G0 X47.01 Y57.397
G0 X41.309 Y57.397
;TIME_ELAPSED:1415.976107
;LAYER:106
M204 S500
M205 X10 Y10
;TYPE:FILL
;MESH:PLATempTower
G1 F2700 E1170.62636
G1 F2400 X46.28 Y62.368 E1170.9308
G1 X46.492 Y62.58
M204 S2000
M205 X30 Y30
G0 F3600 X46.33 Y60.06
M204 S500
M205 X10 Y10
G1 F2400 X43.618 Y57.349 E1171.09686
G1 X43.406 Y57.137
M204 S2000
M205 X30 Y30
G0 F3600 X45.976 Y57.349
M204 S500
M205 X10 Y10
G1 F2400 X46.33 Y57.703 E1171.11854
M204 S2000
M205 X30 Y30
G0 F3600 X43.923 Y62.368
M204 S500
M205 X10 Y10
G1 F2400 X41.309 Y59.755 E1171.2786
G1 X41.097 Y59.543
M204 S2000
M205 X30 Y30
G0 F3600 X41.309 Y62.112
M204 S500
M205 X10 Y10
G1 F2400 X41.565 Y62.368 E1171.29428
M204 S2000
M205 X30 Y30
G0 F3600 X46.53 Y62.57
M204 S500
M205 X10 Y10
;TYPE:WALL-INNER
G1 F2400 X41.11 Y62.57 E1171.529
G1 X41.11 Y57.15 E1171.76371
G1 X46.53 Y57.15 E1171.99843
G1 X46.53 Y62.058 E1172.21098
G0 F1920 X46.53 Y62.57
M204 S2000
M205 X30 Y30
G0 F3600 X47.03 Y63.07
M204 S500
M205 X10 Y10
G1 F2400 X40.61 Y63.07 E1172.489
G1 X40.61 Y56.65 E1172.76702
G1 X47.03 Y56.65 E1173.04504
G1 X47.03 Y62.558 E1173.30089
G0 F1920 X47.03 Y63.07
M204 S2000
M205 X30 Y30
G0 F3600 X47.53 Y63.57
M204 S500
M205 X10 Y10
;TYPE:WALL-OUTER
G1 F1200 X40.11 Y63.57 E1173.62222
G1 X40.11 Y56.15 E1173.94355
G1 X47.53 Y56.15 E1174.26488
G1 X47.53 Y63.058 E1174.56404
G0 F960 X47.53 Y63.57
M204 S2000
M205 X30 Y30
G0 F3600 X47.28 Y63.57
G0 X46.53 Y62.717
G1 F2700 E1170.56404
G0 F3600 X47.01 Y60.029
G0 X48.445 Y60.029
G0 X72.475 Y60.029
G0 X73.91 Y60.029
G0 X74.589 Y60.029
M204 S500
M205 X10 Y10
;TYPE:FILL
G1 F2700 E1174.56404
G1 F2400 X76.929 Y62.37 E1174.70738
G1 X77.141 Y62.582
M204 S2000
M205 X30 Y30
G0 F3600 X79.287 Y62.37
M204 S500
M205 X10 Y10
G1 F2400 X74.589 Y57.672 E1174.9951
G1 X74.377 Y57.46
M204 S2000
M205 X30 Y30
G0 F3600 X76.624 Y57.349
M204 S500
M205 X10 Y10
G1 F2400 X79.609 Y60.335 E1175.17794
G1 X79.821 Y60.547
M204 S2000
M205 X30 Y30
G0 F3600 X79.609 Y57.977
M204 S500
M205 X10 Y10
G1 F2400 X78.981 Y57.349 E1175.2164
M204 S2000
M205 X30 Y30
G0 F3600 X79.81 Y62.57
M204 S500
M205 X10 Y10
;TYPE:WALL-INNER
G1 F2400 X74.39 Y62.57 E1175.45112
G1 X74.39 Y57.15 E1175.68584
G1 X79.81 Y57.15 E1175.92055
G1 X79.81 Y62.058 E1176.1331
G0 F1920 X79.81 Y62.57
M204 S2000
M205 X30 Y30
G0 F3600 X80.31 Y63.07
M204 S500
M205 X10 Y10
G1 F2400 X73.89 Y63.07 E1176.41112
G1 X73.89 Y56.65 E1176.68914
G1 X80.31 Y56.65 E1176.96717
G1 X80.31 Y62.558 E1177.22302
G0 F1920 X80.31 Y63.07
M204 S2000
M205 X30 Y30
G0 F3600 X80.81 Y63.57
M204 S500
M205 X10 Y10
;TYPE:WALL-OUTER
G1 F1200 X73.39 Y63.57 E1177.54435
G1 X73.39 Y56.15 E1177.86567
G1 X80.81 Y56.15 E1178.187
G1 X80.81 Y63.058 E1178.48616
G0 F960 X80.81 Y63.57
M204 S2000
M205 X30 Y30
G0 F3600 X80.56 Y63.57
G0 X79.81 Y62.717
G1 F2700 E1174.48616
;MESH:NONMESH
G0 F600 X79.81 Y62.717 Z27.05
G0 F3600 X73.91 Y57.349
G0 X72.475 Y57.349
G0 X48.445 Y57.349
G0 X47.01 Y57.349
G0 X41.847 Y57.349
;TIME_ELAPSED:1426.050416
;LAYER:107
M204 S500
M205 X10 Y10
;TYPE:FILL
;MESH:PLATempTower
G1 F2700 E1178.48616
G1 F2400 X41.31 Y57.886 E1178.51905
M204 S2000
M205 X30 Y30
G0 F3600 X41.31 Y60.244
M204 S500
M205 X10 Y10
G1 F2400 X44.205 Y57.349 E1178.69635
G1 X44.417 Y57.137
M204 S2000
M205 X30 Y30
G0 F3600 X46.329 Y57.582
M204 S500
M205 X10 Y10
G1 F2400 X41.543 Y62.368 E1178.98946
G1 X41.331 Y62.58
M204 S2000
M205 X30 Y30
G0 F3600 X43.9 Y62.368
M204 S500
M205 X10 Y10
G1 F2400 X46.329 Y59.94 E1179.13819
G1 X46.541 Y59.728
M204 S2000
M205 X30 Y30
G0 F3600 X46.329 Y62.297
M204 S500
M205 X10 Y10
G1 F2400 X46.258 Y62.368 E1179.14254
M204 S2000
M205 X30 Y30
G0 F3600 X46.53 Y62.57
M204 S500
M205 X10 Y10
;TYPE:WALL-INNER
G1 F2400 X41.11 Y62.57 E1179.37725
G1 X41.11 Y57.15 E1179.61197
G1 X46.53 Y57.15 E1179.84669
G1 X46.53 Y62.058 E1180.05923
G0 F1920 X46.53 Y62.57
M204 S2000
M205 X30 Y30
G0 F3600 X47.03 Y63.07
M204 S500
M205 X10 Y10
G1 F2400 X40.61 Y63.07 E1180.33726
G1 X40.61 Y56.65 E1180.61528
G1 X47.03 Y56.65 E1180.8933
G1 X47.03 Y62.558 E1181.14915
G0 F1920 X47.03 Y63.07
M204 S2000
M205 X30 Y30
G0 F3600 X47.53 Y63.57
M204 S500
M205 X10 Y10
;TYPE:WALL-OUTER
G1 F1200 X40.11 Y63.57 E1181.47048
G1 X40.11 Y56.15 E1181.79181
G1 X47.53 Y56.15 E1182.11314
G1 X47.53 Y63.058 E1182.41229
G0 F960 X47.53 Y63.57
M204 S2000
M205 X30 Y30
G0 F3600 X47.28 Y63.57
G0 X46.53 Y62.717
G1 F2700 E1178.41229
G0 F3600 X48.445 Y62.327
G0 X72.475 Y62.327
G0 X73.91 Y62.327
G0 X74.589 Y62.327
M204 S500
M205 X10 Y10
;TYPE:FILL
G1 F2700 E1182.41229
G1 F2400 X79.567 Y57.349 E1182.71716
G1 X79.779 Y57.137
M204 S2000
M205 X30 Y30
G0 F3600 X79.609 Y59.664
M204 S500
M205 X10 Y10
G1 F2400 X76.904 Y62.37 E1182.88286
G1 X76.692 Y62.582
M204 S2000
M205 X30 Y30
G0 F3600 X79.261 Y62.37
M204 S500
M205 X10 Y10
G1 F2400 X79.609 Y62.022 E1182.90417
M204 S2000
M205 X30 Y30
G0 F3600 X77.209 Y57.349
M204 S500
M205 X10 Y10
G1 F2400 X74.589 Y59.97 E1183.06466
G1 X74.377 Y60.182
M204 S2000
M205 X30 Y30
G0 F3600 X74.589 Y57.612
M204 S500
M205 X10 Y10
G1 F2400 X74.852 Y57.349 E1183.08077
M204 S2000
M205 X30 Y30
G0 F3600 X79.81 Y62.57
M204 S500
M205 X10 Y10
;TYPE:WALL-INNER
G1 F2400 X74.39 Y62.57 E1183.31548
G1 X74.39 Y57.15 E1183.5502
G1 X79.81 Y57.15 E1183.78492
G1 X79.81 Y62.058 E1183.99746
G0 F1920 X79.81 Y62.57
M204 S2000
M205 X30 Y30
G0 F3600 X80.31 Y63.07
M204 S500
M205 X10 Y10
G1 F2400 X73.89 Y63.07 E1184.27548
G1 X73.89 Y56.65 E1184.55351
G1 X80.31 Y56.65 E1184.83153
G1 X80.31 Y62.558 E1185.08738
G0 F1920 X80.31 Y63.07
M204 S2000
M205 X30 Y30
G0 F3600 X80.81 Y63.57
M204 S500
M205 X10 Y10
;TYPE:WALL-OUTER
G1 F1200 X73.39 Y63.57 E1185.40871
G1 X73.39 Y56.15 E1185.73004
G1 X80.81 Y56.15 E1186.05137
G1 X80.81 Y63.058 E1186.35052
G0 F960 X80.81 Y63.57
M204 S2000
M205 X30 Y30
G0 F3600 X80.56 Y63.57
G0 X79.81 Y62.717
G1 F2700 E1182.35052
;MESH:NONMESH
G0 F600 X79.81 Y62.717 Z27.3
G0 F3600 X73.91 Y57.397
G0 X72.475 Y57.397
G0 X48.445 Y57.397
G0 X47.01 Y57.397
G0 X41.309 Y57.397
;TIME_ELAPSED:1436.105691
;LAYER:108
M204 S500
M205 X10 Y10
;TYPE:FILL
;MESH:PLATempTower
G1 F2700 E1186.35052
G1 F2400 X46.28 Y62.368 E1186.65496
G1 X46.492 Y62.58
M204 S2000
M205 X30 Y30
G0 F3600 X46.33 Y60.06
M204 S500
M205 X10 Y10
G1 F2400 X43.618 Y57.349 E1186.82103
G1 X43.406 Y57.137
M204 S2000
M205 X30 Y30
G0 F3600 X45.976 Y57.349
M204 S500
M205 X10 Y10
G1 F2400 X46.33 Y57.703 E1186.84271
M204 S2000
M205 X30 Y30
G0 F3600 X43.923 Y62.368
M204 S500
M205 X10 Y10
G1 F2400 X41.309 Y59.755 E1187.00277
G1 X41.097 Y59.543
M204 S2000
M205 X30 Y30
G0 F3600 X41.309 Y62.112
M204 S500
M205 X10 Y10
G1 F2400 X41.565 Y62.368 E1187.01844
M204 S2000
M205 X30 Y30
G0 F3600 X46.53 Y62.57
M204 S500
M205 X10 Y10
;TYPE:WALL-INNER
G1 F2400 X41.11 Y62.57 E1187.25316
G1 X41.11 Y57.15 E1187.48788
G1 X46.53 Y57.15 E1187.7226
G1 X46.53 Y62.058 E1187.93514
G0 F1920 X46.53 Y62.57
M204 S2000
M205 X30 Y30
G0 F3600 X47.03 Y63.07
M204 S500
M205 X10 Y10
G1 F2400 X40.61 Y63.07 E1188.21316
G1 X40.61 Y56.65 E1188.49119
G1 X47.03 Y56.65 E1188.76921
G1 X47.03 Y62.558 E1189.02506
G0 F1920 X47.03 Y63.07
M204 S2000
M205 X30 Y30
G0 F3600 X47.53 Y63.57
M204 S500
M205 X10 Y10
;TYPE:WALL-OUTER
G1 F1200 X40.11 Y63.57 E1189.34639
G1 X40.11 Y56.15 E1189.66772
G1 X47.53 Y56.15 E1189.98905
G1 X47.53 Y63.058 E1190.2882
G0 F960 X47.53 Y63.57
M204 S2000
M205 X30 Y30
G0 F3600 X47.28 Y63.57
G0 X46.53 Y62.717
G1 F2700 E1186.2882
G0 F3600 X47.01 Y60.029
G0 X48.445 Y60.029
G0 X72.475 Y60.029
G0 X73.91 Y60.029
G0 X74.589 Y60.029
M204 S500
M205 X10 Y10
;TYPE:FILL
G1 F2700 E1190.2882
G1 F2400 X76.929 Y62.37 E1190.43154
G1 X77.141 Y62.582
M204 S2000
M205 X30 Y30
G0 F3600 X79.287 Y62.37
M204 S500
M205 X10 Y10
G1 F2400 X74.589 Y57.672 E1190.71926
G1 X74.377 Y57.46
M204 S2000
M205 X30 Y30
G0 F3600 X76.624 Y57.349
M204 S500
M205 X10 Y10
G1 F2400 X79.609 Y60.335 E1190.90211
G1 X79.821 Y60.547
M204 S2000
M205 X30 Y30
G0 F3600 X79.609 Y57.977
M204 S500
M205 X10 Y10
G1 F2400 X78.981 Y57.349 E1190.94057
M204 S2000
M205 X30 Y30
G0 F3600 X79.81 Y62.57
M204 S500
M205 X10 Y10
;TYPE:WALL-INNER
G1 F2400 X74.39 Y62.57 E1191.17528
G1 X74.39 Y57.15 E1191.41
G1 X79.81 Y57.15 E1191.64472
G1 X79.81 Y62.058 E1191.85726
G0 F1920 X79.81 Y62.57
M204 S2000
M205 X30 Y30
G0 F3600 X80.31 Y63.07
M204 S500
M205 X10 Y10
G1 F2400 X73.89 Y63.07 E1192.13529
G1 X73.89 Y56.65 E1192.41331
G1 X80.31 Y56.65 E1192.69133
G1 X80.31 Y62.558 E1192.94718
G0 F1920 X80.31 Y63.07
M204 S2000
M205 X30 Y30
G0 F3600 X80.81 Y63.57
M204 S500
M205 X10 Y10
;TYPE:WALL-OUTER
G1 F1200 X73.39 Y63.57 E1193.26851
G1 X73.39 Y56.15 E1193.58984
G1 X80.81 Y56.15 E1193.91117
G1 X80.81 Y63.058 E1194.21032
G0 F960 X80.81 Y63.57
M204 S2000
M205 X30 Y30
G0 F3600 X80.56 Y63.57
G0 X79.81 Y62.717
G1 F2700 E1190.21032
;MESH:NONMESH
G0 F600 X79.81 Y62.717 Z27.55
G0 F3600 X73.91 Y57.349
G0 X72.475 Y57.349
G0 X48.445 Y57.349
G0 X47.01 Y57.349
G0 X41.847 Y57.349
;TIME_ELAPSED:1446.179999
;LAYER:109
M204 S500
M205 X10 Y10
;TYPE:FILL
;MESH:PLATempTower
G1 F2700 E1194.21032
G1 F2400 X41.31 Y57.886 E1194.24321
M204 S2000
M205 X30 Y30
G0 F3600 X41.31 Y60.244
M204 S500
M205 X10 Y10
G1 F2400 X44.205 Y57.349 E1194.42051
G1 X44.417 Y57.137
M204 S2000
M205 X30 Y30
G0 F3600 X46.329 Y57.582
M204 S500
M205 X10 Y10
G1 F2400 X41.543 Y62.368 E1194.71362
G1 X41.331 Y62.58
M204 S2000
M205 X30 Y30
G0 F3600 X43.9 Y62.368
M204 S500
M205 X10 Y10
G1 F2400 X46.329 Y59.94 E1194.86235
G1 X46.541 Y59.728
M204 S2000
M205 X30 Y30
G0 F3600 X46.329 Y62.297
M204 S500
M205 X10 Y10
G1 F2400 X46.258 Y62.368 E1194.8667
M204 S2000
M205 X30 Y30
G0 F3600 X46.53 Y62.57
M204 S500
M205 X10 Y10
;TYPE:WALL-INNER
G1 F2400 X41.11 Y62.57 E1195.10142
G1 X41.11 Y57.15 E1195.33614
G1 X46.53 Y57.15 E1195.57085
G1 X46.53 Y62.058 E1195.7834
G0 F1920 X46.53 Y62.57
M204 S2000
M205 X30 Y30
G0 F3600 X47.03 Y63.07
M204 S500
M205 X10 Y10
G1 F2400 X40.61 Y63.07 E1196.06142
G1 X40.61 Y56.65 E1196.33944
G1 X47.03 Y56.65 E1196.61747
G1 X47.03 Y62.558 E1196.87332
G0 F1920 X47.03 Y63.07
M204 S2000
M205 X30 Y30
G0 F3600 X47.53 Y63.57
M204 S500
M205 X10 Y10
;TYPE:WALL-OUTER
G1 F1200 X40.11 Y63.57 E1197.19464
G1 X40.11 Y56.15 E1197.51597
G1 X47.53 Y56.15 E1197.8373
G1 X47.53 Y63.058 E1198.13646
G0 F960 X47.53 Y63.57
M204 S2000
M205 X30 Y30
G0 F3600 X47.28 Y63.57
G0 X46.53 Y62.717
G1 F2700 E1194.13646
G0 F3600 X48.445 Y62.327
G0 X72.475 Y62.327
G0 X73.91 Y62.327
G0 X74.589 Y62.327
M204 S500
M205 X10 Y10
;TYPE:FILL
G1 F2700 E1198.13646
G1 F2400 X79.567 Y57.349 E1198.44133
G1 X79.779 Y57.137
M204 S2000
M205 X30 Y30
G0 F3600 X79.609 Y59.664
M204 S500
M205 X10 Y10
G1 F2400 X76.904 Y62.37 E1198.60702
G1 X76.692 Y62.582
M204 S2000
M205 X30 Y30
G0 F3600 X79.261 Y62.37
M204 S500
M205 X10 Y10
G1 F2400 X79.609 Y62.022 E1198.62834
M204 S2000
M205 X30 Y30
G0 F3600 X77.209 Y57.349
M204 S500
M205 X10 Y10
G1 F2400 X74.589 Y59.97 E1198.78882
G1 X74.377 Y60.182
M204 S2000
M205 X30 Y30
G0 F3600 X74.589 Y57.612
M204 S500
M205 X10 Y10
G1 F2400 X74.852 Y57.349 E1198.80493
M204 S2000
M205 X30 Y30
G0 F3600 X79.81 Y62.57
M204 S500
M205 X10 Y10
;TYPE:WALL-INNER
G1 F2400 X74.39 Y62.57 E1199.03965
G1 X74.39 Y57.15 E1199.27437
G1 X79.81 Y57.15 E1199.50908
G1 X79.81 Y62.058 E1199.72163
G0 F1920 X79.81 Y62.57
M204 S2000
M205 X30 Y30
G0 F3600 X80.31 Y63.07
M204 S500
M205 X10 Y10
G1 F2400 X73.89 Y63.07 E1199.99965
G1 X73.89 Y56.65 E1200.27767
G1 X80.31 Y56.65 E1200.5557
G1 X80.31 Y62.558 E1200.81155
G0 F1920 X80.31 Y63.07
M204 S2000
M205 X30 Y30
G0 F3600 X80.81 Y63.57
M204 S500
M205 X10 Y10
;TYPE:WALL-OUTER
G1 F1200 X73.39 Y63.57 E1201.13287
G1 X73.39 Y56.15 E1201.4542
G1 X80.81 Y56.15 E1201.77553
G1 X80.81 Y63.058 E1202.07469
G0 F960 X80.81 Y63.57
M204 S2000
M205 X30 Y30
G0 F3600 X80.56 Y63.57
G0 X79.81 Y62.717
G1 F2700 E1198.07469
;MESH:NONMESH
G0 F600 X79.81 Y62.717 Z27.8
G0 F3600 X73.91 Y57.397
G0 X72.475 Y57.397
G0 X48.445 Y57.397
G0 X47.01 Y57.397
G0 X41.309 Y57.397
;TIME_ELAPSED:1456.235275
;LAYER:110
M204 S500
M205 X10 Y10
;TYPE:FILL
;MESH:PLATempTower
G1 F2700 E1202.07469
G1 F2400 X46.28 Y62.368 E1202.37913
G1 X46.492 Y62.58
M204 S2000
M205 X30 Y30
G0 F3600 X46.33 Y60.06
M204 S500
M205 X10 Y10
G1 F2400 X43.618 Y57.349 E1202.54519
G1 X43.406 Y57.137
M204 S2000
M205 X30 Y30
G0 F3600 X45.976 Y57.349
M204 S500
M205 X10 Y10
G1 F2400 X46.33 Y57.703 E1202.56687
M204 S2000
M205 X30 Y30
G0 F3600 X43.923 Y62.368
M204 S500
M205 X10 Y10
G1 F2400 X41.309 Y59.755 E1202.72693
G1 X41.097 Y59.543
M204 S2000
M205 X30 Y30
G0 F3600 X41.309 Y62.112
M204 S500
M205 X10 Y10
G1 F2400 X41.565 Y62.368 E1202.74261
M204 S2000
M205 X30 Y30
G0 F3600 X46.53 Y62.57
M204 S500
M205 X10 Y10
;TYPE:WALL-INNER
G1 F2400 X41.11 Y62.57 E1202.97733
G1 X41.11 Y57.15 E1203.21204
G1 X46.53 Y57.15 E1203.44676
G1 X46.53 Y62.058 E1203.65931
G0 F1920 X46.53 Y62.57
M204 S2000
M205 X30 Y30
G0 F3600 X47.03 Y63.07
M204 S500
M205 X10 Y10
G1 F2400 X40.61 Y63.07 E1203.93733
G1 X40.61 Y56.65 E1204.21535
G1 X47.03 Y56.65 E1204.49337
G1 X47.03 Y62.558 E1204.74922
G0 F1920 X47.03 Y63.07
M204 S2000
M205 X30 Y30
G0 F3600 X47.53 Y63.57
M204 S500
M205 X10 Y10
;TYPE:WALL-OUTER
G1 F1200 X40.11 Y63.57 E1205.07055
G1 X40.11 Y56.15 E1205.39188
G1 X47.53 Y56.15 E1205.71321
G1 X47.53 Y63.058 E1206.01237
G0 F960 X47.53 Y63.57
M204 S2000
M205 X30 Y30
G0 F3600 X47.28 Y63.57
G0 X46.53 Y62.717
G1 F2700 E1202.01237
G0 F3600 X47.01 Y60.029
G0 X48.445 Y60.029
G0 X72.475 Y60.029
G0 X73.91 Y60.029
G0 X74.589 Y60.029
M204 S500
M205 X10 Y10
;TYPE:FILL
G1 F2700 E1206.01237
G1 F2400 X76.929 Y62.37 E1206.15571
G1 X77.141 Y62.582
M204 S2000
M205 X30 Y30
G0 F3600 X79.287 Y62.37
M204 S500
M205 X10 Y10
G1 F2400 X74.589 Y57.672 E1206.44343
G1 X74.377 Y57.46
M204 S2000
M205 X30 Y30
G0 F3600 X76.624 Y57.349
M204 S500
M205 X10 Y10
G1 F2400 X79.609 Y60.335 E1206.62627
G1 X79.821 Y60.547
M204 S2000
M205 X30 Y30
G0 F3600 X79.609 Y57.977
M204 S500
M205 X10 Y10
G1 F2400 X78.981 Y57.349 E1206.66473
M204 S2000
M205 X30 Y30
G0 F3600 X79.81 Y62.57
M204 S500
M205 X10 Y10
;TYPE:WALL-INNER
G1 F2400 X74.39 Y62.57 E1206.89945
G1 X74.39 Y57.15 E1207.13417
G1 X79.81 Y57.15 E1207.36888
G1 X79.81 Y62.058 E1207.58143
G0 F1920 X79.81 Y62.57
M204 S2000
M205 X30 Y30
G0 F3600 X80.31 Y63.07
M204 S500
M205 X10 Y10
G1 F2400 X73.89 Y63.07 E1207.85945
G1 X73.89 Y56.65 E1208.13747
G1 X80.31 Y56.65 E1208.4155
G1 X80.31 Y62.558 E1208.67135
G0 F1920 X80.31 Y63.07
M204 S2000
M205 X30 Y30
G0 F3600 X80.81 Y63.57
M204 S500
M205 X10 Y10
;TYPE:WALL-OUTER
G1 F1200 X73.39 Y63.57 E1208.99268
G1 X73.39 Y56.15 E1209.314
G1 X80.81 Y56.15 E1209.63533
G1 X80.81 Y63.058 E1209.93449
G0 F960 X80.81 Y63.57
M204 S2000
M205 X30 Y30
G0 F3600 X80.56 Y63.57
G0 X79.81 Y62.717
G1 F2700 E1205.93449
;MESH:NONMESH
G0 F600 X79.81 Y62.717 Z28.05
G0 F3600 X73.91 Y57.349
G0 X72.475 Y57.349
G0 X48.445 Y57.349
G0 X47.01 Y57.349
G0 X41.847 Y57.349
;TIME_ELAPSED:1466.309583
;LAYER:111
M204 S500
M205 X10 Y10
;TYPE:FILL
;MESH:PLATempTower
G1 F2700 E1209.93449
G1 F2400 X41.31 Y57.886 E1209.96738
M204 S2000
M205 X30 Y30
G0 F3600 X41.31 Y60.244
M204 S500
M205 X10 Y10
G1 F2400 X44.205 Y57.349 E1210.14468
G1 X44.417 Y57.137
M204 S2000
M205 X30 Y30
G0 F3600 X46.329 Y57.582
M204 S500
M205 X10 Y10
G1 F2400 X41.543 Y62.368 E1210.43779
G1 X41.331 Y62.58
M204 S2000
M205 X30 Y30
G0 F3600 X43.9 Y62.368
M204 S500
M205 X10 Y10
G1 F2400 X46.329 Y59.94 E1210.58652
G1 X46.541 Y59.728
M204 S2000
M205 X30 Y30
G0 F3600 X46.329 Y62.297
M204 S500
M205 X10 Y10
G1 F2400 X46.258 Y62.368 E1210.59087
M204 S2000
M205 X30 Y30
G0 F3600 X46.53 Y62.57
M204 S500
M205 X10 Y10
;TYPE:WALL-INNER
G1 F2400 X41.11 Y62.57 E1210.82558
G1 X41.11 Y57.15 E1211.0603
G1 X46.53 Y57.15 E1211.29502
G1 X46.53 Y62.058 E1211.50756
G0 F1920 X46.53 Y62.57
M204 S2000
M205 X30 Y30
G0 F3600 X47.03 Y63.07
M204 S500
M205 X10 Y10
G1 F2400 X40.61 Y63.07 E1211.78558
G1 X40.61 Y56.65 E1212.06361
G1 X47.03 Y56.65 E1212.34163
G1 X47.03 Y62.558 E1212.59748
G0 F1920 X47.03 Y63.07
M204 S2000
M205 X30 Y30
G0 F3600 X47.53 Y63.57
M204 S500
M205 X10 Y10
;TYPE:WALL-OUTER
G1 F1200 X40.11 Y63.57 E1212.91881
G1 X40.11 Y56.15 E1213.24014
G1 X47.53 Y56.15 E1213.56147
G1 X47.53 Y63.058 E1213.86062
G0 F960 X47.53 Y63.57
M204 S2000
M205 X30 Y30
G0 F3600 X47.28 Y63.57
G0 X46.53 Y62.717
G1 F2700 E1209.86062
G0 F3600 X48.445 Y62.327
G0 X72.475 Y62.327
G0 X73.91 Y62.327
G0 X74.589 Y62.327
M204 S500
M205 X10 Y10
;TYPE:FILL
G1 F2700 E1213.86062
G1 F2400 X79.567 Y57.349 E1214.16549
G1 X79.779 Y57.137
M204 S2000
M205 X30 Y30
G0 F3600 X79.609 Y59.664
M204 S500
M205 X10 Y10
G1 F2400 X76.904 Y62.37 E1214.33119
G1 X76.692 Y62.582
M204 S2000
M205 X30 Y30
G0 F3600 X79.261 Y62.37
M204 S500
M205 X10 Y10
G1 F2400 X79.609 Y62.022 E1214.3525
M204 S2000
M205 X30 Y30
G0 F3600 X77.209 Y57.349
M204 S500
M205 X10 Y10
G1 F2400 X74.589 Y59.97 E1214.51299
G1 X74.377 Y60.182
M204 S2000
M205 X30 Y30
G0 F3600 X74.589 Y57.612
M204 S500
M205 X10 Y10
G1 F2400 X74.852 Y57.349 E1214.5291
M204 S2000
M205 X30 Y30
G0 F3600 X79.81 Y62.57
M204 S500
M205 X10 Y10
;TYPE:WALL-INNER
G1 F2400 X74.39 Y62.57 E1214.76381
G1 X74.39 Y57.15 E1214.99853
G1 X79.81 Y57.15 E1215.23325
G1 X79.81 Y62.058 E1215.44579
G0 F1920 X79.81 Y62.57
M204 S2000
M205 X30 Y30
G0 F3600 X80.31 Y63.07
M204 S500
M205 X10 Y10
G1 F2400 X73.89 Y63.07 E1215.72381
G1 X73.89 Y56.65 E1216.00184
G1 X80.31 Y56.65 E1216.27986
G1 X80.31 Y62.558 E1216.53571
G0 F1920 X80.31 Y63.07
M204 S2000
M205 X30 Y30
G0 F3600 X80.81 Y63.57
M204 S500
M205 X10 Y10
;TYPE:WALL-OUTER
G1 F1200 X73.39 Y63.57 E1216.85704
G1 X73.39 Y56.15 E1217.17837
G1 X80.81 Y56.15 E1217.4997
G1 X80.81 Y63.058 E1217.79885
G0 F960 X80.81 Y63.57
M204 S2000
M205 X30 Y30
G0 F3600 X80.56 Y63.57
G0 X79.81 Y62.717
G1 F2700 E1213.79885
;MESH:NONMESH
G0 F600 X79.81 Y62.717 Z28.3
G0 F3600 X73.91 Y57.397
G0 X72.475 Y57.397
G0 X48.445 Y57.397
G0 X47.01 Y57.397
G0 X41.309 Y57.397
;TIME_ELAPSED:1476.364858
;LAYER:112
M204 S500
M205 X10 Y10
;TYPE:FILL
;MESH:PLATempTower
G1 F2700 E1217.79885
G1 F2400 X46.28 Y62.368 E1218.10329
G1 X46.492 Y62.58
M204 S2000
M205 X30 Y30
G0 F3600 X46.33 Y60.06
M204 S500
M205 X10 Y10
G1 F2400 X43.618 Y57.349 E1218.26936
G1 X43.406 Y57.137
M204 S2000
M205 X30 Y30
G0 F3600 X45.976 Y57.349
M204 S500
M205 X10 Y10
G1 F2400 X46.33 Y57.703 E1218.29104
M204 S2000
M205 X30 Y30
G0 F3600 X43.923 Y62.368
M204 S500
M205 X10 Y10
G1 F2400 X41.309 Y59.755 E1218.4511
G1 X41.097 Y59.543
M204 S2000
M205 X30 Y30
G0 F3600 X41.309 Y62.112
M204 S500
M205 X10 Y10
G1 F2400 X41.565 Y62.368 E1218.46677
M204 S2000
M205 X30 Y30
G0 F3600 X46.53 Y62.57
M204 S500
M205 X10 Y10
;TYPE:WALL-INNER
G1 F2400 X41.11 Y62.57 E1218.70149
G1 X41.11 Y57.15 E1218.93621
G1 X46.53 Y57.15 E1219.17093
G1 X46.53 Y62.058 E1219.38347
G0 F1920 X46.53 Y62.57
M204 S2000
M205 X30 Y30
G0 F3600 X47.03 Y63.07
M204 S500
M205 X10 Y10
G1 F2400 X40.61 Y63.07 E1219.66149
G1 X40.61 Y56.65 E1219.93952
G1 X47.03 Y56.65 E1220.21754
G1 X47.03 Y62.558 E1220.47339
G0 F1920 X47.03 Y63.07
M204 S2000
M205 X30 Y30
G0 F3600 X47.53 Y63.57
M204 S500
M205 X10 Y10
;TYPE:WALL-OUTER
G1 F1200 X40.11 Y63.57 E1220.79472
G1 X40.11 Y56.15 E1221.11605
G1 X47.53 Y56.15 E1221.43737
G1 X47.53 Y63.058 E1221.73653
G0 F960 X47.53 Y63.57
M204 S2000
M205 X30 Y30
G0 F3600 X47.28 Y63.57
G0 X46.53 Y62.717
G1 F2700 E1217.73653
G0 F3600 X47.01 Y60.029
G0 X48.445 Y60.029
G0 X72.475 Y60.029
G0 X73.91 Y60.029
G0 X74.589 Y60.029
M204 S500
M205 X10 Y10
;TYPE:FILL
G1 F2700 E1221.73653
G1 F2400 X76.929 Y62.37 E1221.87987
G1 X77.141 Y62.582
M204 S2000
M205 X30 Y30
G0 F3600 X79.287 Y62.37
M204 S500
M205 X10 Y10
G1 F2400 X74.589 Y57.672 E1222.16759
G1 X74.377 Y57.46
M204 S2000
M205 X30 Y30
G0 F3600 X76.624 Y57.349
M204 S500
M205 X10 Y10
G1 F2400 X79.609 Y60.335 E1222.35044
G1 X79.821 Y60.547
M204 S2000
M205 X30 Y30
G0 F3600 X79.609 Y57.977
M204 S500
M205 X10 Y10
G1 F2400 X78.981 Y57.349 E1222.3889
M204 S2000
M205 X30 Y30
G0 F3600 X79.81 Y62.57
M204 S500
M205 X10 Y10
;TYPE:WALL-INNER
G1 F2400 X74.39 Y62.57 E1222.62361
G1 X74.39 Y57.15 E1222.85833
G1 X79.81 Y57.15 E1223.09305
G1 X79.81 Y62.058 E1223.30559
G0 F1920 X79.81 Y62.57
M204 S2000
M205 X30 Y30
G0 F3600 X80.31 Y63.07
M204 S500
M205 X10 Y10
G1 F2400 X73.89 Y63.07 E1223.58362
G1 X73.89 Y56.65 E1223.86164
G1 X80.31 Y56.65 E1224.13966
G1 X80.31 Y62.558 E1224.39551
G0 F1920 X80.31 Y63.07
M204 S2000
M205 X30 Y30
G0 F3600 X80.81 Y63.57
M204 S500
M205 X10 Y10
;TYPE:WALL-OUTER
G1 F1200 X73.39 Y63.57 E1224.71684
G1 X73.39 Y56.15 E1225.03817
G1 X80.81 Y56.15 E1225.3595
G1 X80.81 Y63.058 E1225.65865
G0 F960 X80.81 Y63.57
M204 S2000
M205 X30 Y30
G0 F3600 X80.56 Y63.57
G0 X79.81 Y62.717
G1 F2700 E1221.65865
;MESH:NONMESH
G0 F600 X79.81 Y62.717 Z28.55
G0 F3600 X73.91 Y57.349
G0 X72.475 Y57.349
G0 X48.445 Y57.349
G0 X47.01 Y57.349
G0 X41.847 Y57.349
;TIME_ELAPSED:1486.439167
;LAYER:113
M204 S500
M205 X10 Y10
;TYPE:FILL
;MESH:PLATempTower
G1 F2700 E1225.65865
G1 F2400 X41.31 Y57.886 E1225.69154
M204 S2000
M205 X30 Y30
G0 F3600 X41.31 Y60.244
M204 S500
M205 X10 Y10
G1 F2400 X44.205 Y57.349 E1225.86884
G1 X44.417 Y57.137
M204 S2000
M205 X30 Y30
G0 F3600 X46.329 Y57.582
M204 S500
M205 X10 Y10
G1 F2400 X41.543 Y62.368 E1226.16195
G1 X41.331 Y62.58
M204 S2000
M205 X30 Y30
G0 F3600 X43.9 Y62.368
M204 S500
M205 X10 Y10
G1 F2400 X46.329 Y59.94 E1226.31068
G1 X46.541 Y59.728
M204 S2000
M205 X30 Y30
G0 F3600 X46.329 Y62.297
M204 S500
M205 X10 Y10
G1 F2400 X46.258 Y62.368 E1226.31503
M204 S2000
M205 X30 Y30
G0 F3600 X46.53 Y62.57
M204 S500
M205 X10 Y10
;TYPE:WALL-INNER
G1 F2400 X41.11 Y62.57 E1226.54975
G1 X41.11 Y57.15 E1226.78447
G1 X46.53 Y57.15 E1227.01918
G1 X46.53 Y62.058 E1227.23173
G0 F1920 X46.53 Y62.57
M204 S2000
M205 X30 Y30
G0 F3600 X47.03 Y63.07
M204 S500
M205 X10 Y10
G1 F2400 X40.61 Y63.07 E1227.50975
G1 X40.61 Y56.65 E1227.78777
G1 X47.03 Y56.65 E1228.0658
G1 X47.03 Y62.558 E1228.32165
G0 F1920 X47.03 Y63.07
M204 S2000
M205 X30 Y30
G0 F3600 X47.53 Y63.57
M204 S500
M205 X10 Y10
;TYPE:WALL-OUTER
G1 F1200 X40.11 Y63.57 E1228.64297
G1 X40.11 Y56.15 E1228.9643
G1 X47.53 Y56.15 E1229.28563
G1 X47.53 Y63.058 E1229.58479
G0 F960 X47.53 Y63.57
M204 S2000
M205 X30 Y30
G0 F3600 X47.28 Y63.57
G0 X46.53 Y62.717
G1 F2700 E1225.58479
G0 F3600 X48.445 Y62.327
G0 X72.475 Y62.327
G0 X73.91 Y62.327
G0 X74.589 Y62.327
M204 S500
M205 X10 Y10
;TYPE:FILL
G1 F2700 E1229.58479
G1 F2400 X79.567 Y57.349 E1229.88966
G1 X79.779 Y57.137
M204 S2000
M205 X30 Y30
G0 F3600 X79.609 Y59.664
M204 S500
M205 X10 Y10
G1 F2400 X76.904 Y62.37 E1230.05535
G1 X76.692 Y62.582
M204 S2000
M205 X30 Y30
G0 F3600 X79.261 Y62.37
M204 S500
M205 X10 Y10
G1 F2400 X79.609 Y62.022 E1230.07667
M204 S2000
M205 X30 Y30
G0 F3600 X77.209 Y57.349
M204 S500
M205 X10 Y10
G1 F2400 X74.589 Y59.97 E1230.23715
G1 X74.377 Y60.182
M204 S2000
M205 X30 Y30
G0 F3600 X74.589 Y57.612
M204 S500
M205 X10 Y10
G1 F2400 X74.852 Y57.349 E1230.25326
M204 S2000
M205 X30 Y30
G0 F3600 X79.81 Y62.57
M204 S500
M205 X10 Y10
;TYPE:WALL-INNER
G1 F2400 X74.39 Y62.57 E1230.48798
G1 X74.39 Y57.15 E1230.7227
G1 X79.81 Y57.15 E1230.95741
G1 X79.81 Y62.058 E1231.16996
G0 F1920 X79.81 Y62.57
M204 S2000
M205 X30 Y30
G0 F3600 X80.31 Y63.07
M204 S500
M205 X10 Y10
G1 F2400 X73.89 Y63.07 E1231.44798
G1 X73.89 Y56.65 E1231.726
G1 X80.31 Y56.65 E1232.00403
G1 X80.31 Y62.558 E1232.25988
G0 F1920 X80.31 Y63.07
M204 S2000
M205 X30 Y30
G0 F3600 X80.81 Y63.57
M204 S500
M205 X10 Y10
;TYPE:WALL-OUTER
G1 F1200 X73.39 Y63.57 E1232.5812
G1 X73.39 Y56.15 E1232.90253
G1 X80.81 Y56.15 E1233.22386
G1 X80.81 Y63.058 E1233.52302
G0 F960 X80.81 Y63.57
M204 S2000
M205 X30 Y30
G0 F3600 X80.56 Y63.57
G0 X79.81 Y62.717
G1 F2700 E1229.52302
;MESH:NONMESH
G0 F600 X79.81 Y62.717 Z28.8
G0 F3600 X73.91 Y57.397
G0 X72.475 Y57.397
G0 X48.445 Y57.397
G0 X47.01 Y57.397
G0 X41.309 Y57.397
;TIME_ELAPSED:1496.494442
;LAYER:114
M204 S500
M205 X10 Y10
;TYPE:FILL
;MESH:PLATempTower
G1 F2700 E1233.52302
G1 F2400 X46.28 Y62.368 E1233.82746
G1 X46.492 Y62.58
M204 S2000
M205 X30 Y30
G0 F3600 X46.33 Y60.06
M204 S500
M205 X10 Y10
G1 F2400 X44.008 Y57.739 E1233.96964
G1 X43.796 Y57.527
M204 S2000
M205 X30 Y30
G0 F3600 X41.309 Y59.755
M204 S500
M205 X10 Y10
G1 F2400 X43.923 Y62.368 E1234.1297
G1 X44.135 Y62.58
M204 S2000
M205 X30 Y30
G0 F3600 X41.565 Y62.368
M204 S500
M205 X10 Y10
G1 F2400 X41.309 Y62.112 E1234.14537
M204 S2000
M205 X30 Y30
G0 F3600 X42.148 Y57.54
M204 S500
M205 X10 Y10
;TYPE:WALL-INNER
G1 F2400 X46.53 Y57.54 E1234.33514
G1 X46.53 Y62.57 E1234.55297
G1 X41.11 Y62.57 E1234.78768
G1 X41.11 Y57.15 E1235.0224
G1 X42.027 Y57.15 E1235.06211
G0 F1920 X42.149 Y57.15
G0 X42.148 Y57.54
M204 S2000
M205 X30 Y30
G0 F3600 X42.649 Y57.04
M204 S500
M205 X10 Y10
G1 F2400 X46.929 Y57.04 E1235.24746
G1 X46.93 Y56.65 E1235.26435
G1 X47.03 Y56.65 E1235.26868
G1 X47.03 Y63.07 E1235.5467
G1 X40.61 Y63.07 E1235.82473
G1 X40.61 Y56.65 E1236.10275
G1 X42.528 Y56.65 E1236.18581
G0 F1920 X42.65 Y56.65
G0 X42.649 Y57.04
M204 S2000
M205 X30 Y30
G0 F3600 X43.15 Y56.54
M204 S500
M205 X10 Y10
;TYPE:WALL-OUTER
G1 F1200 X44.511 Y56.54 E1236.24475
G1 X44.512 Y56.15 E1236.26164
G1 X45.016 Y56.15 E1236.28347
G1 X45.016 Y56.54 E1236.30035
G1 X46.43 Y56.54 E1236.36159
G1 X46.431 Y56.15 E1236.37848
G1 X47.53 Y56.15 E1236.42607
G1 X47.53 Y63.57 E1236.7474
G1 X40.11 Y63.57 E1237.06873
G1 X40.11 Y56.15 E1237.39006
G1 X43.029 Y56.15 E1237.51647
G0 F960 X43.151 Y56.15
G0 X43.15 Y56.54
M204 S2000
M205 X30 Y30
G0 F3600 X43.4 Y56.54
G0 X43.4 Y57.29
G1 F2700 E1233.51647
G0 F3600 X47.26 Y57.672
G0 X48.445 Y57.672
G0 X72.475 Y57.672
G0 X73.91 Y57.672
G0 X74.589 Y57.672
M204 S500
M205 X10 Y10
;TYPE:FILL
G1 F2700 E1237.51647
G1 F2400 X79.287 Y62.37 E1237.80419
G1 X79.499 Y62.582
M204 S2000
M205 X30 Y30
G0 F3600 X79.609 Y60.335
M204 S500
M205 X10 Y10
G1 F2400 X76.624 Y57.349 E1237.98703
G1 X76.412 Y57.137
M204 S2000
M205 X30 Y30
G0 F3600 X78.981 Y57.349
M204 S500
M205 X10 Y10
G1 F2400 X79.609 Y57.977 E1238.02549
M204 S2000
M205 X30 Y30
G0 F3600 X76.929 Y62.37
M204 S500
M205 X10 Y10
G1 F2400 X74.589 Y60.029 E1238.16883
G1 X74.377 Y59.817
M204 S2000
M205 X30 Y30
G0 F3600 X79.81 Y62.57
M204 S500
M205 X10 Y10
;TYPE:WALL-INNER
G1 F2400 X74.39 Y62.57 E1238.40355
G1 X74.39 Y57.15 E1238.63827
G1 X79.81 Y57.15 E1238.87298
G1 X79.81 Y62.058 E1239.08553
G0 F1920 X79.81 Y62.57
M204 S2000
M205 X30 Y30
G0 F3600 X80.31 Y63.07
M204 S500
M205 X10 Y10
G1 F2400 X73.89 Y63.07 E1239.36355
G1 X73.89 Y56.65 E1239.64157
G1 X80.31 Y56.65 E1239.9196
G1 X80.31 Y62.558 E1240.17545
G0 F1920 X80.31 Y63.07
M204 S2000
M205 X30 Y30
G0 F3600 X80.81 Y63.57
M204 S500
M205 X10 Y10
;TYPE:WALL-OUTER
G1 F1200 X73.39 Y63.57 E1240.49678
G1 X73.39 Y56.15 E1240.8181
G1 X80.81 Y56.15 E1241.13943
G1 X80.81 Y63.058 E1241.43859
G0 F960 X80.81 Y63.57
M204 S2000
M205 X30 Y30
G0 F3600 X80.56 Y63.57
G0 X79.81 Y62.717
G1 F2700 E1237.43859
;MESH:NONMESH
G0 F600 X79.81 Y62.717 Z29.05
G0 F3600 X73.91 Y57.738
G0 X72.475 Y57.738
G0 X48.445 Y57.738
G0 X47.26 Y57.738
G0 X41.458 Y57.738
;TIME_ELAPSED:1506.910504
;LAYER:115
M204 S500
M205 X10 Y10
;TYPE:FILL
;MESH:PLATempTower
G1 F2700 E1241.43859
G1 F2400 X41.309 Y57.887 E1241.44771
M204 S2000
M205 X30 Y30
G0 F3600 X41.309 Y60.244
M204 S500
M205 X10 Y10
G1 F2400 X43.815 Y57.738 E1241.60119
G1 X44.027 Y57.526
M204 S2000
M205 X30 Y30
G0 F3600 X46.173 Y57.738
M204 S500
M205 X10 Y10
G1 F2400 X41.542 Y62.369 E1241.88481
G1 X41.33 Y62.581
M204 S2000
M205 X30 Y30
G0 F3600 X43.9 Y62.369
M204 S500
M205 X10 Y10
G1 F2400 X46.497 Y59.771 E1242.04389
G1 X46.709 Y59.559
M204 S2000
M205 X30 Y30
G0 F3600 X46.497 Y62.129
M204 S500
M205 X10 Y10
G1 F2400 X46.257 Y62.369 E1242.05859
M204 S2000
M205 X30 Y30
G0 F3600 X46.698 Y57.54
M204 S500
M205 X10 Y10
;TYPE:WALL-INNER
G1 F2400 X46.698 Y62.57 E1242.27642
G1 X41.11 Y62.57 E1242.51841
G1 X41.11 Y57.539 E1242.73628
G1 X46.186 Y57.54 E1242.9561
G0 F1920 X46.698 Y57.54
M204 S2000
M205 X30 Y30
G0 F3600 X47.198 Y57.04
M204 S500
M205 X10 Y10
G1 F2400 X47.198 Y63.07 E1243.21723
G1 X40.61 Y63.07 E1243.50253
G1 X40.61 Y57.039 E1243.76371
G1 X46.686 Y57.04 E1244.02683
G0 F1920 X47.198 Y57.04
M204 S2000
M205 X30 Y30
G0 F3600 X46.818 Y56.54
M204 S500
M205 X10 Y10
;TYPE:WALL-OUTER
G1 F1200 X46.818 Y56.15 E1244.04372
G1 X47.698 Y56.15 E1244.08183
G1 X47.698 Y63.57 E1244.40316
G1 X40.11 Y63.57 E1244.73176
G1 X40.11 Y56.15 E1245.05309
G1 X40.687 Y56.15 E1245.07808
G1 X40.687 Y56.539 E1245.09493
G1 X46.306 Y56.54 E1245.33826
G0 F960 X46.818 Y56.54
M204 S2000
M205 X30 Y30
G0 F3600 X46.818 Y56.29
G0 X47.318 Y56.65
G1 F2700 E1241.33826
G0 F3600 X48.613 Y56.521
G0 X72.475 Y56.664
G0 X73.904 Y56.664
G0 X74.589 Y57.612
M204 S500
M205 X10 Y10
;TYPE:FILL
G1 F2700 E1245.33826
G1 F2400 X74.852 Y57.349 E1245.35437
M204 S2000
M205 X30 Y30
G0 F3600 X77.209 Y57.349
M204 S500
M205 X10 Y10
G1 F2400 X74.589 Y59.97 E1245.51486
G1 X74.377 Y60.182
M204 S2000
M205 X30 Y30
G0 F3600 X74.589 Y62.327
M204 S500
M205 X10 Y10
G1 F2400 X79.567 Y57.349 E1245.81973
G1 X79.779 Y57.137
M204 S2000
M205 X30 Y30
G0 F3600 X79.609 Y59.664
M204 S500
M205 X10 Y10
G1 F2400 X76.904 Y62.37 E1245.98542
G1 X76.692 Y62.582
M204 S2000
M205 X30 Y30
G0 F3600 X79.261 Y62.37
M204 S500
M205 X10 Y10
G1 F2400 X79.609 Y62.022 E1246.00673
M204 S2000
M205 X30 Y30
G0 F3600 X79.81 Y62.57
M204 S500
M205 X10 Y10
;TYPE:WALL-INNER
G1 F2400 X74.39 Y62.57 E1246.24145
G1 X74.39 Y57.15 E1246.47617
G1 X79.81 Y57.15 E1246.71089
G1 X79.81 Y62.058 E1246.92343
G0 F1920 X79.81 Y62.57
M204 S2000
M205 X30 Y30
G0 F3600 X80.31 Y63.07
M204 S500
M205 X10 Y10
G1 F2400 X73.89 Y63.07 E1247.20145
G1 X73.89 Y56.65 E1247.47948
G1 X80.31 Y56.65 E1247.7575
G1 X80.31 Y62.558 E1248.01335
G0 F1920 X80.31 Y63.07
M204 S2000
M205 X30 Y30
G0 F3600 X80.81 Y63.57
M204 S500
M205 X10 Y10
;TYPE:WALL-OUTER
G1 F1200 X73.39 Y63.57 E1248.33468
G1 X73.39 Y56.15 E1248.65601
G1 X80.81 Y56.15 E1248.97733
G1 X80.81 Y63.058 E1249.27649
G0 F960 X80.81 Y63.57
M204 S2000
M205 X30 Y30
G0 F3600 X80.56 Y63.57
G0 X79.81 Y62.717
G1 F2700 E1245.27649
;MESH:NONMESH
G0 F600 X79.81 Y62.717 Z29.3
G0 F3600 X73.91 Y57.739
G0 X72.475 Y57.739
G0 X48.613 Y57.739
G0 X47.428 Y57.739
G0 X41.651 Y57.739
;TIME_ELAPSED:1516.936041
;LAYER:116
M204 S500
M205 X10 Y10
;TYPE:FILL
;MESH:PLATempTower
G1 F2700 E1249.27649
G1 F2400 X46.28 Y62.368 E1249.55999
G1 X46.492 Y62.58
M204 S2000
M205 X30 Y30
G0 F3600 X46.748 Y60.478
M204 S500
M205 X10 Y10
G1 F2400 X44.008 Y57.739 E1249.72776
G1 X43.796 Y57.527
M204 S2000
M205 X30 Y30
G0 F3600 X46.366 Y57.739
M204 S500
M205 X10 Y10
G1 F2400 X46.748 Y58.121 E1249.75116
M204 S2000
M205 X30 Y30
G0 F3600 X43.923 Y62.368
M204 S500
M205 X10 Y10
G1 F2400 X41.309 Y59.755 E1249.91122
G1 X41.097 Y59.543
M204 S2000
M205 X30 Y30
G0 F3600 X41.309 Y62.112
M204 S500
M205 X10 Y10
G1 F2400 X41.565 Y62.368 E1249.9269
M204 S2000
M205 X30 Y30
G0 F3600 X46.948 Y62.57
M204 S500
M205 X10 Y10
;TYPE:WALL-INNER
G1 F2400 X41.11 Y62.57 E1250.17972
G1 X41.11 Y57.54 E1250.39754
G1 X46.948 Y57.54 E1250.65036
G1 X46.948 Y62.058 E1250.84602
G0 F1920 X46.948 Y62.57
M204 S2000
M205 X30 Y30
G0 F3600 X47.448 Y63.07
M204 S500
M205 X10 Y10
G1 F2400 X40.61 Y63.07 E1251.14214
G1 X40.61 Y57.04 E1251.40328
G1 X47.448 Y57.04 E1251.6994
G1 X47.448 Y62.558 E1251.93836
G0 F1920 X47.448 Y63.07
M204 S2000
M205 X30 Y30
G1 F2700 E1247.93836
G0 F3600 X40.78 Y56.818
G0 X40.808 Y56.54
M204 S500
M205 X10 Y10
;TYPE:WALL-OUTER
G1 F2700 E1251.93836
G1 F1200 X42.288 Y56.54 E1252.00245
G1 X42.288 Y56.15 E1252.01934
G1 X42.672 Y56.15 E1252.03597
G1 X42.673 Y56.54 E1252.05286
G1 X46.969 Y56.54 E1252.2389
G1 X46.969 Y56.15 E1252.25579
G1 X47.948 Y56.15 E1252.29819
G1 X47.948 Y63.57 E1252.61952
G1 X40.11 Y63.57 E1252.95895
G1 X40.11 Y56.15 E1253.28028
G1 X40.686 Y56.15 E1253.30522
G0 F960 X40.808 Y56.15
G0 X40.808 Y56.54
M204 S2000
M205 X30 Y30
G0 F3600 X41.058 Y56.54
G1 F2700 E1249.30522
G0 F3600 X40.738 Y56.61
G0 X46.997 Y56.818
G0 X47.934 Y56.521
G0 X48.863 Y56.521
G0 X72.403 Y56.664
G0 X73.832 Y56.664
G0 X74.517 Y57.6
M204 S500
M205 X10 Y10
;TYPE:FILL
G1 F2700 E1253.30522
G1 F2400 X79.287 Y62.37 E1253.59735
G1 X79.499 Y62.582
M204 S2000
M205 X30 Y30
G0 F3600 X79.609 Y60.335
M204 S500
M205 X10 Y10
G1 F2400 X76.624 Y57.349 E1253.7802
G1 X76.412 Y57.137
M204 S2000
M205 X30 Y30
G0 F3600 X78.981 Y57.349
M204 S500
M205 X10 Y10
G1 F2400 X79.609 Y57.977 E1253.81866
M204 S2000
M205 X30 Y30
G0 F3600 X76.929 Y62.37
M204 S500
M205 X10 Y10
G1 F2400 X74.517 Y59.957 E1253.96641
G1 X74.305 Y59.745
M204 S2000
M205 X30 Y30
G0 F3600 X79.81 Y62.57
M204 S500
M205 X10 Y10
;TYPE:WALL-INNER
G1 F2400 X74.318 Y62.57 E1254.20424
G1 X74.318 Y57.15 E1254.43896
G1 X79.81 Y57.15 E1254.67679
G1 X79.81 Y62.058 E1254.88934
G0 F1920 X79.81 Y62.57
M204 S2000
M205 X30 Y30
G0 F3600 X80.31 Y63.07
M204 S500
M205 X10 Y10
G1 F2400 X73.818 Y63.07 E1255.17048
G1 X73.818 Y56.65 E1255.4485
G1 X80.31 Y56.65 E1255.72964
G1 X80.31 Y62.558 E1255.98549
G0 F1920 X80.31 Y63.07
M204 S2000
M205 X30 Y30
G0 F3600 X80.81 Y63.57
M204 S500
M205 X10 Y10
;TYPE:WALL-OUTER
G1 F1200 X73.318 Y63.57 E1256.30994
G1 X73.318 Y56.15 E1256.63127
G1 X80.81 Y56.15 E1256.95571
G1 X80.81 Y63.058 E1257.25487
G0 F960 X80.81 Y63.57
M204 S2000
M205 X30 Y30
G0 F3600 X80.56 Y63.57
G0 X79.81 Y62.717
G1 F2700 E1253.25487
;MESH:NONMESH
G0 F600 X79.81 Y62.717 Z29.55
G0 F3600 X73.838 Y57.738
G0 X72.403 Y57.738
G0 X48.863 Y57.738
G0 X47.678 Y57.738
G0 X41.458 Y57.738
;TIME_ELAPSED:1527.839307
;LAYER:117
M204 S500
M205 X10 Y10
;TYPE:FILL
;MESH:PLATempTower
G1 F2700 E1257.25487
G1 F2400 X41.309 Y57.887 E1257.264
M204 S2000
M205 X30 Y30
G0 F3600 X41.309 Y60.244
M204 S500
M205 X10 Y10
G1 F2400 X43.815 Y57.738 E1257.41747
G1 X44.027 Y57.526
M204 S2000
M205 X30 Y30
G0 F3600 X46.173 Y57.738
M204 S500
M205 X10 Y10
G1 F2400 X41.543 Y62.368 E1257.70103
G1 X41.331 Y62.58
M204 S2000
M205 X30 Y30
G0 F3600 X43.9 Y62.368
M204 S500
M205 X10 Y10
G1 F2400 X46.997 Y59.271 E1257.8907
G1 X47.209 Y59.059
M204 S2000
M205 X30 Y30
G0 F3600 X46.997 Y61.629
M204 S500
M205 X10 Y10
G1 F2400 X46.258 Y62.368 E1257.93596
G1 X46.046 Y62.58
M204 S2000
M205 X30 Y30
G0 F3600 X47.198 Y62.57
M204 S500
M205 X10 Y10
;TYPE:WALL-INNER
G1 F2400 X41.11 Y62.57 E1258.19961
G1 X41.11 Y57.54 E1258.41743
G1 X47.198 Y57.54 E1258.68108
G1 X47.198 Y62.058 E1258.87673
G0 F1920 X47.198 Y62.57
M204 S2000
M205 X30 Y30
G0 F3600 X47.527 Y57.04
M204 S500
M205 X10 Y10
G1 F2400 X47.527 Y56.65 E1258.89362
G1 X47.698 Y56.65 E1258.90103
G1 X47.698 Y63.07 E1259.17905
G1 X40.61 Y63.07 E1259.486
G1 X40.61 Y57.04 E1259.74714
G1 X47.015 Y57.04 E1260.02451
G0 F1920 X47.527 Y57.04
M204 S2000
M205 X30 Y30
G1 F2700 E1256.02451
G0 F3600 X45.609 Y56.818
G0 X45.638 Y56.54
M204 S500
M205 X10 Y10
;TYPE:WALL-OUTER
G1 F2700 E1260.02451
G1 F1200 X47.027 Y56.54 E1260.08466
G1 X47.027 Y56.15 E1260.10155
G1 X48.198 Y56.15 E1260.15226
G1 X48.198 Y63.57 E1260.47359
G1 X40.11 Y63.57 E1260.82385
G1 X40.11 Y56.15 E1261.14518
G1 X41.003 Y56.15 E1261.18385
G1 X41.003 Y56.54 E1261.20074
G1 X42.522 Y56.54 E1261.26652
G1 X42.523 Y56.15 E1261.28341
G1 X42.613 Y56.15 E1261.2873
G1 X42.614 Y56.54 E1261.30419
G1 X45.045 Y56.54 E1261.40947
G1 X45.045 Y56.15 E1261.42636
G1 X45.517 Y56.15 E1261.4468
G0 F960 X45.639 Y56.15
G0 X45.638 Y56.54
M204 S2000
M205 X30 Y30
G0 F3600 X45.888 Y56.54
G0 X45.888 Y57.29
G1 F2700 E1257.4468
G0 F3600 X47.928 Y57.765
G0 X49.113 Y57.765
G0 X72.322 Y57.765
G0 X73.757 Y57.765
G0 X74.436 Y57.765
M204 S500
M205 X10 Y10
;TYPE:FILL
G1 F2700 E1261.4468
G1 F2400 X74.852 Y57.349 E1261.47228
M204 S2000
M205 X30 Y30
G0 F3600 X77.209 Y57.349
M204 S500
M205 X10 Y10
G1 F2400 X74.436 Y60.123 E1261.64214
G1 X74.224 Y60.335
M204 S2000
M205 X30 Y30
G0 F3600 X74.546 Y62.37
M204 S500
M205 X10 Y10
G1 F2400 X79.567 Y57.349 E1261.94964
G1 X79.779 Y57.137
M204 S2000
M205 X30 Y30
G0 F3600 X79.609 Y59.664
M204 S500
M205 X10 Y10
G1 F2400 X76.904 Y62.37 E1262.11533
G1 X76.692 Y62.582
M204 S2000
M205 X30 Y30
G0 F3600 X79.261 Y62.37
M204 S500
M205 X10 Y10
G1 F2400 X79.609 Y62.022 E1262.13665
M204 S2000
M205 X30 Y30
G0 F3600 X79.81 Y62.57
M204 S500
M205 X10 Y10
;TYPE:WALL-INNER
G1 F2400 X74.237 Y62.57 E1262.37799
G1 X74.237 Y57.15 E1262.61271
G1 X79.81 Y57.15 E1262.85405
G1 X79.81 Y62.058 E1263.06659
G0 F1920 X79.81 Y62.57
M204 S2000
M205 X30 Y30
G0 F3600 X80.31 Y63.07
M204 S500
M205 X10 Y10
G1 F2400 X73.737 Y63.07 E1263.35124
G1 X73.737 Y56.65 E1263.62927
G1 X80.31 Y56.65 E1263.91391
G1 X80.31 Y62.558 E1264.16976
G0 F1920 X80.31 Y63.07
M204 S2000
M205 X30 Y30
G0 F3600 X80.81 Y63.57
M204 S500
M205 X10 Y10
;TYPE:WALL-OUTER
G1 F1200 X73.237 Y63.57 E1264.49772
G1 X73.237 Y56.15 E1264.81905
G1 X80.81 Y56.15 E1265.147
G1 X80.81 Y63.058 E1265.44616
G0 F960 X80.81 Y63.57
M204 S2000
M205 X30 Y30
G0 F3600 X80.56 Y63.57
G0 X79.81 Y62.717
G1 F2700 E1261.44616
;MESH:NONMESH
G0 F600 X79.81 Y62.717 Z29.8
G0 F3600 X73.757 Y57.738
G0 X72.322 Y57.738
G0 X49.113 Y57.738
G0 X47.928 Y57.738
G0 X41.65 Y57.738
;TIME_ELAPSED:1538.672391
;LAYER:118
M204 S500
M205 X10 Y10
;TYPE:FILL
;MESH:PLATempTower
G1 F2700 E1265.44616
G1 F2400 X46.28 Y62.368 E1265.72972
G1 X46.492 Y62.58
M204 S2000
M205 X30 Y30
G0 F3600 X47.248 Y60.978
M204 S500
M205 X10 Y10
G1 F2400 X44.008 Y57.738 E1265.92814
G1 X43.796 Y57.526
M204 S2000
M205 X30 Y30
G0 F3600 X46.365 Y57.738
M204 S500
M205 X10 Y10
G1 F2400 X47.248 Y58.621 E1265.98222
G1 X47.46 Y58.833
M204 S2000
M205 X30 Y30
G0 F3600 X43.923 Y62.368
M204 S500
M205 X10 Y10
G1 F2400 X41.309 Y59.755 E1266.14228
G1 X41.097 Y59.543
M204 S2000
M205 X30 Y30
G0 F3600 X41.309 Y62.112
M204 S500
M205 X10 Y10
G1 F2400 X41.565 Y62.368 E1266.15796
M204 S2000
M205 X30 Y30
G0 F3600 X47.448 Y62.57
M204 S500
M205 X10 Y10
;TYPE:WALL-INNER
G1 F2400 X41.11 Y62.57 E1266.43243
G1 X41.11 Y57.54 E1266.65026
G1 X47.448 Y57.54 E1266.92473
G1 X47.448 Y62.058 E1267.12039
G0 F1920 X47.448 Y62.57
M204 S2000
M205 X30 Y30
G0 F3600 X40.754 Y57.04
M204 S500
M205 X10 Y10
G1 F2400 X47.474 Y57.04 E1267.4114
G1 X47.494 Y56.65 E1267.42831
G1 X47.948 Y56.65 E1267.44797
G1 X47.948 Y63.07 E1267.726
G1 X40.61 Y63.07 E1268.04378
G1 X40.61 Y56.65 E1268.3218
G1 X40.631 Y56.65 E1268.32271
G0 F1920 X40.753 Y56.65
G0 X40.754 Y57.04
M204 S2000
M205 X30 Y30
G1 F2700 E1264.32271
G0 F3600 X45.102 Y56.818
G0 X45.627 Y56.54
M204 S500
M205 X10 Y10
;TYPE:WALL-OUTER
G1 F2700 E1268.32271
G1 F1200 X46.999 Y56.54 E1268.38212
G1 X47.019 Y56.15 E1268.39903
G1 X48.448 Y56.15 E1268.46092
G1 X48.448 Y63.57 E1268.78225
G1 X40.11 Y63.57 E1269.14333
G1 X40.11 Y56.15 E1269.46466
G1 X41.252 Y56.15 E1269.51411
G1 X41.253 Y56.54 E1269.531
G1 X45.074 Y56.54 E1269.69647
G1 X45.074 Y56.15 E1269.71336
G1 X45.505 Y56.15 E1269.73203
G0 F960 X45.627 Y56.15
G0 X45.627 Y56.54
M204 S2000
M205 X30 Y30
G0 F3600 X45.877 Y56.54
G0 X45.574 Y56.54
G1 F2700 E1265.73203
G0 F3600 X45.557 Y56.61
G0 X48.178 Y57.438
G0 X49.363 Y57.438
G0 X72.241 Y57.438
G0 X73.676 Y57.438
G0 X74.355 Y57.438
M204 S500
M205 X10 Y10
;TYPE:FILL
G1 F2700 E1269.73203
G1 F2400 X79.286 Y62.369 E1270.03402
G1 X79.498 Y62.581
M204 S2000
M205 X30 Y30
G0 F3600 X79.609 Y60.335
M204 S500
M205 X10 Y10
G1 F2400 X76.624 Y57.349 E1270.21686
G1 X76.412 Y57.137
M204 S2000
M205 X30 Y30
G0 F3600 X78.981 Y57.349
M204 S500
M205 X10 Y10
G1 F2400 X79.609 Y57.977 E1270.25532
M204 S2000
M205 X30 Y30
G0 F3600 X76.928 Y62.369
M204 S500
M205 X10 Y10
G1 F2400 X74.355 Y59.795 E1270.41293
G1 X74.143 Y59.583
M204 S2000
M205 X30 Y30
G0 F3600 X74.355 Y62.153
M204 S500
M205 X10 Y10
G1 F2400 X74.571 Y62.369 E1270.42616
M204 S2000
M205 X30 Y30
G0 F3600 X79.81 Y62.57
M204 S500
M205 X10 Y10
;TYPE:WALL-INNER
G1 F2400 X74.156 Y62.57 E1270.67101
G1 X74.156 Y57.15 E1270.90573
G1 X79.81 Y57.15 E1271.15058
G1 X79.81 Y62.058 E1271.36313
G0 F1920 X79.81 Y62.57
M204 S2000
M205 X30 Y30
G0 F3600 X80.31 Y63.07
M204 S500
M205 X10 Y10
G1 F2400 X73.656 Y63.07 E1271.65128
G1 X73.656 Y56.65 E1271.9293
G1 X80.31 Y56.65 E1272.21746
G1 X80.31 Y62.558 E1272.47331
G0 F1920 X80.31 Y63.07
M204 S2000
M205 X30 Y30
G0 F3600 X80.81 Y63.57
M204 S500
M205 X10 Y10
;TYPE:WALL-OUTER
G1 F1200 X73.156 Y63.57 E1272.80477
G1 X73.156 Y56.15 E1273.1261
G1 X80.81 Y56.15 E1273.45756
G1 X80.81 Y63.058 E1273.75672
G0 F960 X80.81 Y63.57
M204 S2000
M205 X30 Y30
G0 F3600 X80.56 Y63.57
G0 X79.81 Y62.717
G1 F2700 E1269.75672
;MESH:NONMESH
G0 F600 X79.81 Y62.717 Z30.05
G0 F3600 X73.676 Y57.738
G0 X72.241 Y57.738
G0 X49.363 Y57.738
G0 X48.178 Y57.738
G0 X41.458 Y57.738
;TIME_ELAPSED:1549.933170
;LAYER:119
M204 S500
M205 X10 Y10
;TYPE:FILL
;MESH:PLATempTower
G1 F2700 E1273.75672
G1 F2400 X41.309 Y57.887 E1273.76585
M204 S2000
M205 X30 Y30
G0 F3600 X41.309 Y60.244
M204 S500
M205 X10 Y10
G1 F2400 X43.815 Y57.738 E1273.91932
G1 X44.027 Y57.526
M204 S2000
M205 X30 Y30
G0 F3600 X46.173 Y57.738
M204 S500
M205 X10 Y10
G1 F2400 X41.542 Y62.369 E1274.20294
G1 X41.33 Y62.581
M204 S2000
M205 X30 Y30
G0 F3600 X43.9 Y62.369
M204 S500
M205 X10 Y10
G1 F2400 X47.497 Y58.771 E1274.42326
G1 X47.709 Y58.559
M204 S2000
M205 X30 Y30
G0 F3600 X47.497 Y61.129
M204 S500
M205 X10 Y10
G1 F2400 X46.257 Y62.369 E1274.49921
G1 X46.045 Y62.581
M204 S2000
M205 X30 Y30
G0 F3600 X47.698 Y62.57
M204 S500
M205 X10 Y10
;TYPE:WALL-INNER
G1 F2400 X41.11 Y62.57 E1274.7845
G1 X41.11 Y57.54 E1275.00233
G1 X47.698 Y57.54 E1275.28763
G1 X47.698 Y62.058 E1275.48329
G0 F1920 X47.698 Y62.57
M204 S2000
M205 X30 Y30
G0 F3600 X40.945 Y57.11
G0 X41.015 Y57.04
M204 S500
M205 X10 Y10
G1 F2400 X47.438 Y57.04 E1275.76144
G1 X47.439 Y56.65 E1275.77833
G1 X48.198 Y56.65 E1275.8112
G1 X48.198 Y63.07 E1276.08922
G1 X40.61 Y63.07 E1276.41782
G1 X40.61 Y56.65 E1276.69585
G1 X40.892 Y56.65 E1276.70806
G0 F1920 X41.014 Y56.65
G0 X41.015 Y57.04
M204 S2000
M205 X30 Y30
G0 F3600 X41.514 Y56.54
M204 S500
M205 X10 Y10
;TYPE:WALL-OUTER
G1 F1200 X46.939 Y56.54 E1276.94299
G1 X46.94 Y56.15 E1276.95988
G1 X48.698 Y56.15 E1277.03601
G1 X48.698 Y63.57 E1277.35734
G1 X40.11 Y63.57 E1277.72925
G1 X40.11 Y56.15 E1278.05058
G1 X41.391 Y56.15 E1278.10605
G0 F960 X41.513 Y56.15
G0 X41.514 Y56.54
M204 S2000
M205 X30 Y30
G0 F3600 X41.764 Y56.54
G0 X41.764 Y57.54
G1 F2700 E1274.10605
G0 F3600 X48.178 Y57.961
G0 X49.613 Y57.961
G0 X72.126 Y57.961
G0 X73.561 Y57.961
G0 X74.24 Y57.961
M204 S500
M205 X10 Y10
;TYPE:FILL
G1 F2700 E1278.10605
G1 F2400 X74.852 Y57.349 E1278.14354
M204 S2000
M205 X30 Y30
G0 F3600 X77.209 Y57.349
M204 S500
M205 X10 Y10
G1 F2400 X74.24 Y60.319 E1278.3254
G1 X74.028 Y60.531
M204 S2000
M205 X30 Y30
G0 F3600 X74.546 Y62.37
M204 S500
M205 X10 Y10
G1 F2400 X79.567 Y57.349 E1278.6329
G1 X79.779 Y57.137
M204 S2000
M205 X30 Y30
G0 F3600 X79.609 Y59.664
M204 S500
M205 X10 Y10
G1 F2400 X76.904 Y62.37 E1278.7986
G1 X76.692 Y62.582
M204 S2000
M205 X30 Y30
G0 F3600 X79.261 Y62.37
M204 S500
M205 X10 Y10
G1 F2400 X79.609 Y62.022 E1278.81991
M204 S2000
M205 X30 Y30
G0 F3600 X79.81 Y62.57
M204 S500
M205 X10 Y10
;TYPE:WALL-INNER
G1 F2400 X74.041 Y62.57 E1279.06974
G1 X74.041 Y57.15 E1279.30446
G1 X79.81 Y57.15 E1279.55429
G1 X79.81 Y62.058 E1279.76683
G0 F1920 X79.81 Y62.57
M204 S2000
M205 X30 Y30
G0 F3600 X80.31 Y63.07
M204 S500
M205 X10 Y10
G1 F2400 X73.541 Y63.07 E1280.05997
G1 X73.541 Y56.65 E1280.33799
G1 X80.31 Y56.65 E1280.63113
G1 X80.31 Y62.558 E1280.88698
G0 F1920 X80.31 Y63.07
M204 S2000
M205 X30 Y30
G0 F3600 X80.81 Y63.57
M204 S500
M205 X10 Y10
;TYPE:WALL-OUTER
G1 F1200 X73.041 Y63.57 E1281.22342
G1 X73.041 Y56.15 E1281.54475
G1 X80.81 Y56.15 E1281.88119
G1 X80.81 Y63.058 E1282.18035
G0 F960 X80.81 Y63.57
M204 S2000
M205 X30 Y30
G0 F3600 X80.56 Y63.57
G0 X79.81 Y62.717
G1 F2700 E1278.18035
;MESH:NONMESH
G0 F600 X79.81 Y62.717 Z30.3
G0 F3600 X73.561 Y57.739
G0 X72.126 Y57.739
G0 X49.613 Y57.739
G0 X48.178 Y57.739
G0 X41.651 Y57.739
;TIME_ELAPSED:1560.672116
;LAYER:120
M204 S500
M205 X10 Y10
;TYPE:FILL
;MESH:PLATempTower
G1 F2700 E1282.18035
G1 F2400 X46.28 Y62.368 E1282.46384
G1 X46.492 Y62.58
M204 S2000
M205 X30 Y30
G0 F3600 X47.748 Y61.478
M204 S500
M205 X10 Y10
G1 F2400 X44.008 Y57.739 E1282.69286
G1 X43.796 Y57.527
M204 S2000
M205 X30 Y30
G0 F3600 X46.366 Y57.739
M204 S500
M205 X10 Y10
G1 F2400 X47.748 Y59.121 E1282.7775
G1 X47.96 Y59.333
M204 S2000
M205 X30 Y30
G0 F3600 X43.923 Y62.368
M204 S500
M205 X10 Y10
G1 F2400 X41.309 Y59.755 E1282.93756
G1 X41.097 Y59.543
M204 S2000
M205 X30 Y30
G0 F3600 X41.309 Y62.112
M204 S500
M205 X10 Y10
G1 F2400 X41.565 Y62.368 E1282.95324
M204 S2000
M205 X30 Y30
G0 F3600 X47.74 Y57.54
M204 S500
M205 X10 Y10
;TYPE:WALL-INNER
G1 F2400 X47.74 Y57.15 E1282.97013
G1 X47.948 Y57.15 E1282.97914
G1 X47.948 Y62.57 E1283.21386
G1 X41.11 Y62.57 E1283.50998
G1 X41.11 Y57.54 E1283.72781
G1 X47.228 Y57.54 E1283.99275
G0 F1920 X47.74 Y57.54
M204 S2000
M205 X30 Y30
G0 F3600 X41.164 Y57.11
G0 X41.234 Y57.04
M204 S500
M205 X10 Y10
G1 F2400 X47.24 Y57.04 E1284.25285
G1 X47.24 Y56.65 E1284.26974
G1 X48.448 Y56.65 E1284.32205
G1 X48.448 Y63.07 E1284.60007
G1 X40.61 Y63.07 E1284.9395
G1 X40.61 Y56.65 E1285.21753
G1 X41.112 Y56.65 E1285.23926
G0 F1920 X41.234 Y56.65
G0 X41.234 Y57.04
M204 S2000
M205 X30 Y30
G0 F3600 X41.734 Y56.54
M204 S500
M205 X10 Y10
;TYPE:WALL-OUTER
G1 F1200 X46.74 Y56.54 E1285.45605
G1 X46.74 Y56.15 E1285.47294
G1 X48.948 Y56.15 E1285.56856
G1 X48.948 Y63.57 E1285.88989
G1 X40.11 Y63.57 E1286.27263
G1 X40.11 Y56.15 E1286.59395
G1 X41.612 Y56.15 E1286.659
G0 F960 X41.734 Y56.15
G0 X41.734 Y56.54
M204 S2000
M205 X30 Y30
G0 F3600 X41.984 Y56.54
G0 X41.984 Y57.54
G1 F2700 E1282.659
G0 F3600 X48.428 Y59.536
G0 X49.863 Y59.536
G0 X71.981 Y59.536
G0 X73.416 Y59.536
G0 X74.095 Y59.536
M204 S500
M205 X10 Y10
;TYPE:FILL
G1 F2700 E1286.659
G1 F2400 X76.929 Y62.37 E1286.83256
G1 X77.141 Y62.582
M204 S2000
M205 X30 Y30
G0 F3600 X74.572 Y62.37
M204 S500
M205 X10 Y10
G1 F2400 X74.095 Y61.893 E1286.86178
M204 S2000
M205 X30 Y30
G0 F3600 X74.266 Y57.349
M204 S500
M205 X10 Y10
G1 F2400 X79.287 Y62.37 E1287.16928
G1 X79.499 Y62.582
M204 S2000
M205 X30 Y30
G0 F3600 X79.609 Y60.335
M204 S500
M205 X10 Y10
G1 F2400 X76.624 Y57.349 E1287.35212
G1 X76.412 Y57.137
M204 S2000
M205 X30 Y30
G0 F3600 X78.981 Y57.349
M204 S500
M205 X10 Y10
G1 F2400 X79.609 Y57.977 E1287.39058
M204 S2000
M205 X30 Y30
G0 F3600 X79.81 Y62.57
M204 S500
M205 X10 Y10
;TYPE:WALL-INNER
G1 F2400 X73.896 Y62.57 E1287.6467
G1 X73.896 Y57.15 E1287.88141
G1 X79.81 Y57.15 E1288.13752
G1 X79.81 Y62.058 E1288.35007
G0 F1920 X79.81 Y62.57
M204 S2000
M205 X30 Y30
G0 F3600 X80.31 Y63.07
M204 S500
M205 X10 Y10
G1 F2400 X73.396 Y63.07 E1288.64948
G1 X73.396 Y56.65 E1288.92751
G1 X80.31 Y56.65 E1289.22692
G1 X80.31 Y62.558 E1289.48277
G0 F1920 X80.31 Y63.07
M204 S2000
M205 X30 Y30
G0 F3600 X80.81 Y63.57
M204 S500
M205 X10 Y10
;TYPE:WALL-OUTER
G1 F1200 X72.896 Y63.57 E1289.82549
G1 X72.896 Y56.15 E1290.14682
G1 X80.81 Y56.15 E1290.48954
G1 X80.81 Y63.058 E1290.7887
G0 F960 X80.81 Y63.57
M204 S2000
M205 X30 Y30
G0 F3600 X80.56 Y63.57
G0 X79.81 Y62.717
G1 F2700 E1286.7887
;MESH:NONMESH
G0 F600 X79.81 Y62.717 Z30.55
G0 F3600 X73.416 Y57.738
G0 X71.981 Y57.738
G0 X49.863 Y57.738
G0 X48.428 Y57.738
G0 X41.458 Y57.738
;TIME_ELAPSED:1571.814809
;LAYER:121
M204 S500
M205 X10 Y10
;TYPE:FILL
;MESH:PLATempTower
G1 F2700 E1290.7887
G1 F2400 X41.309 Y57.887 E1290.79782
M204 S2000
M205 X30 Y30
G0 F3600 X41.309 Y60.244
M204 S500
M205 X10 Y10
G1 F2400 X43.815 Y57.738 E1290.9513
G1 X44.027 Y57.526
M204 S2000
M205 X30 Y30
G0 F3600 X46.173 Y57.738
M204 S500
M205 X10 Y10
G1 F2400 X41.543 Y62.368 E1291.23486
G1 X41.331 Y62.58
M204 S2000
M205 X30 Y30
G0 F3600 X43.9 Y62.368
M204 S500
M205 X10 Y10
G1 F2400 X47.997 Y58.271 E1291.48577
G1 X48.209 Y58.059
M204 S2000
M205 X30 Y30
G0 F3600 X47.997 Y60.629
M204 S500
M205 X10 Y10
G1 F2400 X46.258 Y62.368 E1291.59228
G1 X46.046 Y62.58
M204 S2000
M205 X30 Y30
G0 F3600 X46.981 Y57.54
M204 S500
M205 X10 Y10
;TYPE:WALL-INNER
G1 F2400 X46.981 Y57.15 E1291.60917
G1 X48.198 Y57.15 E1291.66187
G1 X48.198 Y62.57 E1291.89659
G1 X41.11 Y62.57 E1292.20354
G1 X41.11 Y57.54 E1292.42136
G1 X46.469 Y57.54 E1292.65344
G0 F1920 X46.981 Y57.54
M204 S2000
M205 X30 Y30
G0 F3600 X46.481 Y57.04
M204 S500
M205 X10 Y10
G1 F2400 X46.481 Y56.65 E1292.67033
G1 X48.698 Y56.65 E1292.76634
G1 X48.698 Y63.07 E1293.04436
G1 X40.61 Y63.07 E1293.39462
G1 X40.61 Y57.04 E1293.65575
G1 X45.969 Y57.04 E1293.88783
G0 F1920 X46.481 Y57.04
M204 S2000
M205 X30 Y30
G1 F2700 E1289.88783
G0 F3600 X40.79 Y56.818
G0 X40.818 Y56.54
M204 S500
M205 X10 Y10
;TYPE:WALL-OUTER
G1 F2700 E1293.88783
G1 F1200 X45.981 Y56.54 E1294.11141
G1 X45.981 Y56.15 E1294.1283
G1 X49.198 Y56.15 E1294.26762
G1 X49.198 Y63.57 E1294.58895
G1 X40.11 Y63.57 E1294.98251
G1 X40.11 Y56.15 E1295.30384
G1 X40.696 Y56.15 E1295.32921
G0 F960 X40.818 Y56.15
G0 X40.818 Y56.54
M204 S2000
M205 X30 Y30
G0 F3600 X41.068 Y56.54
G1 F2700 E1291.32921
G0 F3600 X40.748 Y56.61
G0 X48.928 Y58.25
G0 X50.113 Y58.25
G0 X71.837 Y58.25
G0 X73.272 Y58.25
G0 X73.951 Y58.25
M204 S500
M205 X10 Y10
;TYPE:FILL
G1 F2700 E1295.32921
G1 F2400 X74.852 Y57.349 E1295.3844
G1 X75.064 Y57.137
M204 S2000
M205 X30 Y30
G0 F3600 X77.209 Y57.349
M204 S500
M205 X10 Y10
G1 F2400 X73.951 Y60.608 E1295.58396
G1 X73.739 Y60.82
M204 S2000
M205 X30 Y30
G0 F3600 X74.546 Y62.37
M204 S500
M205 X10 Y10
G1 F2400 X79.567 Y57.349 E1295.89146
G1 X79.779 Y57.137
M204 S2000
M205 X30 Y30
G0 F3600 X79.609 Y59.664
M204 S500
M205 X10 Y10
G1 F2400 X76.904 Y62.37 E1296.05716
G1 X76.692 Y62.582
M204 S2000
M205 X30 Y30
G0 F3600 X79.261 Y62.37
M204 S500
M205 X10 Y10
G1 F2400 X79.609 Y62.022 E1296.07847
M204 S2000
M205 X30 Y30
G0 F3600 X79.81 Y62.57
M204 S500
M205 X10 Y10
;TYPE:WALL-INNER
G1 F2400 X73.752 Y62.57 E1296.34081
G1 X73.752 Y57.15 E1296.57553
G1 X79.81 Y57.15 E1296.83788
G1 X79.81 Y62.058 E1297.05042
G0 F1920 X79.81 Y62.57
M204 S2000
M205 X30 Y30
G0 F3600 X80.31 Y63.07
M204 S500
M205 X10 Y10
G1 F2400 X73.252 Y63.07 E1297.35607
G1 X73.252 Y56.65 E1297.6341
G1 X80.31 Y56.65 E1297.93975
G1 X80.31 Y62.558 E1298.1956
G0 F1920 X80.31 Y63.07
M204 S2000
M205 X30 Y30
G0 F3600 X80.81 Y63.57
M204 S500
M205 X10 Y10
;TYPE:WALL-OUTER
G1 F1200 X72.752 Y63.57 E1298.54456
G1 X72.752 Y56.15 E1298.86589
G1 X80.81 Y56.15 E1299.21484
G1 X80.81 Y63.058 E1299.514
G0 F960 X80.81 Y63.57
M204 S2000
M205 X30 Y30
G0 F3600 X80.56 Y63.57
G0 X79.81 Y62.717
G1 F2700 E1295.514
;MESH:NONMESH
G0 F600 X79.81 Y62.717 Z30.8
G0 F3600 X73.272 Y57.739
G0 X71.837 Y57.739
G0 X50.113 Y57.739
G0 X48.928 Y57.739
G0 X41.651 Y57.739
;TIME_ELAPSED:1583.094875
;LAYER:122
M204 S500
M205 X10 Y10
;TYPE:FILL
;MESH:PLATempTower
G1 F2700 E1299.514
G1 F2400 X46.28 Y62.368 E1299.7975
G1 X46.492 Y62.58
M204 S2000
M205 X30 Y30
G0 F3600 X48.248 Y61.978
M204 S500
M205 X10 Y10
G1 F2400 X44.03 Y57.76 E1300.05582
G1 X43.818 Y57.548
M204 S2000
M205 X30 Y30
G0 F3600 X46.345 Y57.719
M204 S500
M205 X10 Y10
G1 F2400 X48.248 Y59.621 E1300.17234
G1 X48.46 Y59.833
M204 S2000
M205 X30 Y30
G0 F3600 X43.923 Y62.368
M204 S500
M205 X10 Y10
G1 F2400 X41.309 Y59.755 E1300.3324
G1 X41.097 Y59.543
M204 S2000
M205 X30 Y30
G0 F3600 X41.309 Y62.112
M204 S500
M205 X10 Y10
G1 F2400 X41.565 Y62.368 E1300.34807
M204 S2000
M205 X30 Y30
G0 F3600 X43.679 Y57.567
M204 S500
M205 X10 Y10
;TYPE:WALL-INNER
G1 F2400 X46.989 Y57.507 E1300.49144
G1 X46.999 Y57.15 E1300.50691
G1 X48.448 Y57.15 E1300.56966
G1 X48.448 Y62.57 E1300.80437
G1 X41.11 Y62.57 E1301.12215
G1 X41.11 Y57.54 E1301.33998
G1 X43.194 Y57.54 E1301.43023
G0 F1920 X43.679 Y57.54
G0 X43.679 Y57.567
M204 S2000
M205 X30 Y30
G0 F3600 X44.179 Y57.058
M204 S500
M205 X10 Y10
G1 F2400 X46.502 Y57.016 E1301.53084
G1 X46.512 Y56.65 E1301.5467
G1 X48.948 Y56.65 E1301.65219
G1 X48.948 Y63.07 E1301.93022
G1 X40.61 Y63.07 E1302.2913
G1 X40.61 Y57.04 E1302.55243
G1 X43.685 Y57.04 E1302.6856
G0 F1920 X44.179 Y57.04
G0 X44.179 Y57.058
M204 S2000
M205 X30 Y30
G0 F3600 X44.679 Y56.549
M204 S500
M205 X10 Y10
;TYPE:WALL-OUTER
G1 F1200 X46.015 Y56.525 E1302.74346
G1 X46.025 Y56.15 E1302.75971
G1 X49.448 Y56.15 E1302.90794
G1 X49.448 Y63.57 E1303.22927
G1 X40.11 Y63.57 E1303.63366
G1 X40.11 Y56.15 E1303.95499
G1 X40.739 Y56.15 E1303.98223
G1 X40.739 Y56.54 E1303.99912
G1 X44.176 Y56.54 E1304.14796
G0 F960 X44.679 Y56.54
G0 X44.679 Y56.549
M204 S2000
M205 X30 Y30
G0 F3600 X44.929 Y56.545
G0 X44.942 Y57.295
G1 F2700 E1300.14796
G0 F3600 X49.178 Y59.247
G0 X50.363 Y59.247
G0 X71.692 Y59.247
G0 X73.127 Y59.247
G0 X73.806 Y59.247
M204 S500
M205 X10 Y10
;TYPE:FILL
G1 F2700 E1304.14796
G1 F2400 X76.928 Y62.369 E1304.33916
G1 X77.14 Y62.581
M204 S2000
M205 X30 Y30
G0 F3600 X74.571 Y62.369
M204 S500
M205 X10 Y10
G1 F2400 X73.806 Y61.604 E1304.38601
G1 X73.594 Y61.392
M204 S2000
M205 X30 Y30
G0 F3600 X74.267 Y57.35
M204 S500
M205 X10 Y10
G1 F2400 X79.286 Y62.369 E1304.6934
G1 X79.498 Y62.581
M204 S2000
M205 X30 Y30
G0 F3600 X79.609 Y60.335
M204 S500
M205 X10 Y10
G1 F2400 X76.624 Y57.35 E1304.87621
G1 X76.412 Y57.138
M204 S2000
M205 X30 Y30
G0 F3600 X78.982 Y57.35
M204 S500
M205 X10 Y10
G1 F2400 X79.609 Y57.977 E1304.91461
M204 S2000
M205 X30 Y30
G0 F3600 X79.81 Y62.57
M204 S500
M205 X10 Y10
;TYPE:WALL-INNER
G1 F2400 X73.607 Y62.57 E1305.18323
G1 X73.607 Y57.15 E1305.41795
G1 X79.81 Y57.15 E1305.68658
G1 X79.81 Y62.058 E1305.89912
G0 F1920 X79.81 Y62.57
M204 S2000
M205 X30 Y30
G0 F3600 X80.31 Y63.07
M204 S500
M205 X10 Y10
G1 F2400 X73.107 Y63.07 E1306.21105
G1 X73.107 Y56.65 E1306.48907
G1 X80.31 Y56.65 E1306.80101
G1 X80.31 Y62.558 E1307.05686
G0 F1920 X80.31 Y63.07
M204 S2000
M205 X30 Y30
G0 F3600 X80.81 Y63.57
M204 S500
M205 X10 Y10
;TYPE:WALL-OUTER
G1 F1200 X72.607 Y63.57 E1307.41209
G1 X72.607 Y56.15 E1307.73342
G1 X80.81 Y56.15 E1308.08866
G1 X80.81 Y63.058 E1308.38781
G0 F960 X80.81 Y63.57
M204 S2000
M205 X30 Y30
G0 F3600 X80.56 Y63.57
G0 X79.81 Y62.717
G1 F2700 E1304.38781
;MESH:NONMESH
G0 F600 X79.81 Y62.717 Z31.05
G0 F3600 X73.127 Y57.738
G0 X71.692 Y57.738
G0 X50.363 Y57.738
G0 X49.178 Y57.738
G0 X41.458 Y57.738
;TIME_ELAPSED:1594.377250
;LAYER:123
M204 S500
M205 X10 Y10
;TYPE:FILL
;MESH:PLATempTower
G1 F2700 E1308.38781
G1 F2400 X41.309 Y57.887 E1308.39694
M204 S2000
M205 X30 Y30
G0 F3600 X41.309 Y60.244
M204 S500
M205 X10 Y10
G1 F2400 X43.815 Y57.738 E1308.55042
G1 X44.027 Y57.526
M204 S2000
M205 X30 Y30
G0 F3600 X46.173 Y57.738
M204 S500
M205 X10 Y10
G1 F2400 X41.543 Y62.368 E1308.83397
G1 X41.331 Y62.58
M204 S2000
M205 X30 Y30
G0 F3600 X43.9 Y62.368
M204 S500
M205 X10 Y10
G1 F2400 X48.497 Y57.772 E1309.11548
G1 X48.709 Y57.56
M204 S2000
M205 X30 Y30
G0 F3600 X48.497 Y60.129
M204 S500
M205 X10 Y10
G1 F2400 X46.258 Y62.368 E1309.2526
G1 X46.046 Y62.58
M204 S2000
M205 X30 Y30
G0 F3600 X47.924 Y57.54
M204 S500
M205 X10 Y10
;TYPE:WALL-INNER
G1 F2400 X47.924 Y57.15 E1309.26949
G1 X48.698 Y57.15 E1309.30301
G1 X48.698 Y62.57 E1309.53773
G1 X41.11 Y62.57 E1309.86633
G1 X41.11 Y57.54 E1310.08416
G1 X47.412 Y57.54 E1310.35707
G0 F1920 X47.924 Y57.54
M204 S2000
M205 X30 Y30
G0 F3600 X47.424 Y57.04
M204 S500
M205 X10 Y10
G1 F2400 X47.424 Y56.65 E1310.37396
G1 X49.198 Y56.65 E1310.45079
G1 X49.198 Y63.07 E1310.72881
G1 X40.61 Y63.07 E1311.10072
G1 X40.61 Y57.04 E1311.36185
G1 X46.912 Y57.04 E1311.63477
G0 F1920 X47.424 Y57.04
M204 S2000
M205 X30 Y30
G0 F3600 X46.924 Y56.54
M204 S500
M205 X10 Y10
;TYPE:WALL-OUTER
G1 F1200 X46.924 Y56.15 E1311.65165
G1 X49.698 Y56.15 E1311.77178
G1 X49.698 Y63.57 E1312.09311
G1 X40.11 Y63.57 E1312.50833
G1 X40.11 Y56.15 E1312.82966
G1 X40.877 Y56.15 E1312.86287
G1 X40.878 Y56.54 E1312.87976
G1 X46.412 Y56.54 E1313.11942
G0 F960 X46.924 Y56.54
M204 S2000
M205 X30 Y30
G0 F3600 X46.924 Y56.29
G0 X47.674 Y56.753
G1 F2700 E1309.11942
G0 F3600 X49.428 Y58.613
G0 X50.613 Y58.613
G0 X71.474 Y58.613
G0 X72.909 Y58.613
G0 X73.588 Y58.613
M204 S500
M205 X10 Y10
;TYPE:FILL
G1 F2700 E1313.11942
G1 F2400 X74.852 Y57.349 E1313.19683
G1 X75.064 Y57.137
M204 S2000
M205 X30 Y30
G0 F3600 X77.209 Y57.349
M204 S500
M205 X10 Y10
G1 F2400 X73.588 Y60.97 E1313.41859
G1 X73.376 Y61.182
M204 S2000
M205 X30 Y30
G0 F3600 X74.546 Y62.37
M204 S500
M205 X10 Y10
G1 F2400 X79.567 Y57.349 E1313.72609
G1 X79.779 Y57.137
M204 S2000
M205 X30 Y30
G0 F3600 X79.609 Y59.664
M204 S500
M205 X10 Y10
G1 F2400 X76.904 Y62.37 E1313.89179
G1 X76.692 Y62.582
M204 S2000
M205 X30 Y30
G0 F3600 X79.261 Y62.37
M204 S500
M205 X10 Y10
G1 F2400 X79.609 Y62.022 E1313.9131
M204 S2000
M205 X30 Y30
G0 F3600 X79.81 Y62.57
M204 S500
M205 X10 Y10
;TYPE:WALL-INNER
G1 F2400 X73.389 Y62.57 E1314.19117
G1 X73.389 Y57.15 E1314.42589
G1 X79.81 Y57.15 E1314.70395
G1 X79.81 Y62.058 E1314.9165
G0 F1920 X79.81 Y62.57
M204 S2000
M205 X30 Y30
G0 F3600 X80.31 Y63.07
M204 S500
M205 X10 Y10
G1 F2400 X72.889 Y63.07 E1315.23787
G1 X72.889 Y56.65 E1315.51589
G1 X80.31 Y56.65 E1315.83726
G1 X80.31 Y62.558 E1316.09311
G0 F1920 X80.31 Y63.07
M204 S2000
M205 X30 Y30
G0 F3600 X80.81 Y63.57
M204 S500
M205 X10 Y10
;TYPE:WALL-OUTER
G1 F1200 X72.389 Y63.57 E1316.45779
G1 X72.389 Y56.15 E1316.77912
G1 X80.81 Y56.15 E1317.1438
G1 X80.81 Y63.058 E1317.44295
G0 F960 X80.81 Y63.57
M204 S2000
M205 X30 Y30
G0 F3600 X80.56 Y63.57
G0 X79.81 Y62.717
G1 F2700 E1313.44295
;MESH:NONMESH
G0 F600 X79.81 Y62.717 Z31.3
G0 F3600 X72.909 Y57.397
G0 X71.474 Y57.397
G0 X50.613 Y57.397
G0 X49.428 Y57.397
G0 X41.309 Y57.397
;TIME_ELAPSED:1605.412056
;LAYER:124
M204 S500
M205 X10 Y10
;TYPE:FILL
;MESH:PLATempTower
G1 F2700 E1317.44295
G1 F2400 X46.28 Y62.368 E1317.74739
G1 X46.492 Y62.58
M204 S2000
M205 X30 Y30
G0 F3600 X43.923 Y62.368
M204 S500
M205 X10 Y10
G1 F2400 X41.309 Y59.755 E1317.90745
G1 X41.097 Y59.543
M204 S2000
M205 X30 Y30
G0 F3600 X41.309 Y62.112
M204 S500
M205 X10 Y10
G1 F2400 X41.565 Y62.368 E1317.92313
M204 S2000
M205 X30 Y30
G0 F3600 X43.618 Y57.349
M204 S500
M205 X10 Y10
G1 F2400 X48.638 Y62.368 E1318.23054
G1 X48.85 Y62.58
M204 S2000
M205 X30 Y30
G0 F3600 X48.748 Y60.121
M204 S500
M205 X10 Y10
G1 F2400 X45.976 Y57.349 E1318.40031
G1 X45.764 Y57.137
M204 S2000
M205 X30 Y30
G0 F3600 X48.333 Y57.349
M204 S500
M205 X10 Y10
G1 F2400 X48.749 Y57.764 E1318.42576
M204 S2000
M205 X30 Y30
G0 F3600 X48.948 Y62.57
M204 S500
M205 X10 Y10
;TYPE:WALL-INNER
G1 F2400 X41.11 Y62.57 E1318.76519
G1 X41.11 Y57.15 E1318.99991
G1 X48.949 Y57.15 E1319.33938
G1 X48.948 Y62.058 E1319.55192
G0 F1920 X48.948 Y62.57
M204 S2000
M205 X30 Y30
G0 F3600 X49.448 Y63.07
M204 S500
M205 X10 Y10
G1 F2400 X40.61 Y63.07 E1319.93466
G1 X40.61 Y56.65 E1320.21268
G1 X49.449 Y56.65 E1320.59546
G1 X49.448 Y62.558 E1320.85131
G0 F1920 X49.448 Y63.07
M204 S2000
M205 X30 Y30
G0 F3600 X49.948 Y63.57
M204 S500
M205 X10 Y10
;TYPE:WALL-OUTER
G1 F1200 X40.11 Y63.57 E1321.27735
G1 X40.11 Y56.15 E1321.59868
G1 X49.949 Y56.15 E1322.02477
G1 X49.948 Y63.058 E1322.32392
G0 F960 X49.948 Y63.57
M204 S2000
M205 X30 Y30
G0 F3600 X49.698 Y63.57
G0 X49.095 Y62.57
G1 F2700 E1318.32392
G0 F3600 X49.429 Y61.156
G0 X50.864 Y61.156
G0 X71.249 Y61.156
G0 X72.684 Y61.156
G0 X73.363 Y61.161
M204 S500
M205 X10 Y10
;TYPE:FILL
G1 F2700 E1322.32392
G1 F2400 X74.572 Y62.37 E1322.39797
G1 X74.784 Y62.582
M204 S2000
M205 X30 Y30
G0 F3600 X76.929 Y62.37
M204 S500
M205 X10 Y10
G1 F2400 X73.363 Y58.803 E1322.61639
G1 X73.151 Y58.591
M204 S2000
M205 X30 Y30
G0 F3600 X74.266 Y57.349
M204 S500
M205 X10 Y10
G1 F2400 X79.287 Y62.37 E1322.9239
G1 X79.499 Y62.582
M204 S2000
M205 X30 Y30
G0 F3600 X79.609 Y60.335
M204 S500
M205 X10 Y10
G1 F2400 X76.624 Y57.349 E1323.10674
G1 X76.412 Y57.137
M204 S2000
M205 X30 Y30
G0 F3600 X78.981 Y57.349
M204 S500
M205 X10 Y10
G1 F2400 X79.609 Y57.977 E1323.1452
M204 S2000
M205 X30 Y30
G0 F3600 X79.81 Y62.57
M204 S500
M205 X10 Y10
;TYPE:WALL-INNER
G1 F2400 X73.164 Y62.57 E1323.43301
G1 X73.164 Y57.15 E1323.66773
G1 X79.81 Y57.15 E1323.95554
G1 X79.81 Y62.058 E1324.16808
G0 F1920 X79.81 Y62.57
M204 S2000
M205 X30 Y30
G0 F3600 X80.31 Y63.07
M204 S500
M205 X10 Y10
G1 F2400 X72.664 Y63.07 E1324.4992
G1 X72.664 Y56.65 E1324.77722
G1 X80.31 Y56.65 E1325.10834
G1 X80.31 Y62.558 E1325.36419
G0 F1920 X80.31 Y63.07
M204 S2000
M205 X30 Y30
G0 F3600 X80.81 Y63.57
M204 S500
M205 X10 Y10
;TYPE:WALL-OUTER
G1 F1200 X72.164 Y63.57 E1325.73861
G1 X72.164 Y56.15 E1326.05994
G1 X80.81 Y56.15 E1326.43436
G1 X80.81 Y63.058 E1326.73351
G0 F960 X80.81 Y63.57
M204 S2000
M205 X30 Y30
G0 F3600 X80.56 Y63.57
G0 X79.81 Y62.717
G1 F2700 E1322.73351
;MESH:NONMESH
G0 F600 X79.81 Y62.717 Z31.55
G0 F3600 X72.684 Y57.349
G0 X71.249 Y57.349
G0 X50.864 Y57.344
G0 X49.429 Y57.344
G0 X41.847 Y57.349
;TIME_ELAPSED:1616.574501
;LAYER:125
M204 S500
M205 X10 Y10
;TYPE:FILL
;MESH:PLATempTower
G1 F2700 E1326.73351
G1 F2400 X41.31 Y57.886 E1326.7664
M204 S2000
M205 X30 Y30
G0 F3600 X41.31 Y60.244
M204 S500
M205 X10 Y10
G1 F2400 X44.205 Y57.349 E1326.9437
G1 X44.417 Y57.137
M204 S2000
M205 X30 Y30
G0 F3600 X46.562 Y57.349
M204 S500
M205 X10 Y10
G1 F2400 X41.542 Y62.369 E1327.25114
G1 X41.33 Y62.581
M204 S2000
M205 X30 Y30
G0 F3600 X43.9 Y62.369
M204 S500
M205 X10 Y10
G1 F2400 X48.92 Y57.349 E1327.55859
G1 X49.132 Y57.137
M204 S2000
M205 X30 Y30
G0 F3600 X48.998 Y59.628
M204 S500
M205 X10 Y10
G1 F2400 X46.257 Y62.369 E1327.72646
G1 X46.045 Y62.581
M204 S2000
M205 X30 Y30
G0 F3600 X48.615 Y62.369
M204 S500
M205 X10 Y10
G1 F2400 X48.998 Y61.986 E1327.74991
M204 S2000
M205 X30 Y30
G0 F3600 X49.198 Y62.57
M204 S500
M205 X10 Y10
;TYPE:WALL-INNER
G1 F2400 X41.11 Y62.57 E1328.10017
G1 X41.11 Y57.15 E1328.33489
G1 X49.199 Y57.15 E1328.68519
G1 X49.198 Y62.058 E1328.89773
G0 F1920 X49.198 Y62.57
M204 S2000
M205 X30 Y30
G0 F3600 X49.698 Y63.07
M204 S500
M205 X10 Y10
G1 F2400 X40.61 Y63.07 E1329.29129
G1 X40.61 Y56.65 E1329.56932
G1 X49.699 Y56.65 E1329.96292
G1 X49.698 Y62.558 E1330.21877
G0 F1920 X49.698 Y63.07
M204 S2000
M205 X30 Y30
G0 F3600 X50.198 Y63.57
M204 S500
M205 X10 Y10
;TYPE:WALL-OUTER
G1 F1200 X40.11 Y63.57 E1330.65564
G1 X40.11 Y56.15 E1330.97697
G1 X50.199 Y56.15 E1331.41388
G1 X50.198 Y63.058 E1331.71304
G0 F960 X50.198 Y63.57
M204 S2000
M205 X30 Y30
G0 F3600 X49.948 Y63.57
G0 X49.345 Y62.57
G1 F2700 E1327.71304
G0 F3600 X49.679 Y61.416
G0 X51.114 Y61.416
G0 X71.024 Y61.416
G0 X72.459 Y61.416
G0 X73.138 Y61.421
M204 S500
M205 X10 Y10
;TYPE:FILL
G1 F2700 E1331.71304
G1 F2400 X77.209 Y57.349 E1331.96239
G1 X77.421 Y57.137
M204 S2000
M205 X30 Y30
G0 F3600 X74.852 Y57.349
M204 S500
M205 X10 Y10
G1 F2400 X73.138 Y59.063 E1332.06736
G1 X72.926 Y59.275
M204 S2000
M205 X30 Y30
G0 F3600 X74.546 Y62.37
M204 S500
M205 X10 Y10
G1 F2400 X79.567 Y57.349 E1332.37486
G1 X79.779 Y57.137
M204 S2000
M205 X30 Y30
G0 F3600 X79.609 Y59.664
M204 S500
M205 X10 Y10
G1 F2400 X76.904 Y62.37 E1332.54056
G1 X76.692 Y62.582
M204 S2000
M205 X30 Y30
G0 F3600 X79.261 Y62.37
M204 S500
M205 X10 Y10
G1 F2400 X79.609 Y62.022 E1332.56187
M204 S2000
M205 X30 Y30
G0 F3600 X79.81 Y62.57
M204 S500
M205 X10 Y10
;TYPE:WALL-INNER
G1 F2400 X72.939 Y62.57 E1332.85943
G1 X72.939 Y57.15 E1333.09414
G1 X79.81 Y57.15 E1333.3917
G1 X79.81 Y62.058 E1333.60424
G0 F1920 X79.81 Y62.57
M204 S2000
M205 X30 Y30
G0 F3600 X80.31 Y63.07
M204 S500
M205 X10 Y10
G1 F2400 X72.439 Y63.07 E1333.9451
G1 X72.439 Y56.65 E1334.22312
G1 X80.31 Y56.65 E1334.56398
G1 X80.31 Y62.558 E1334.81983
G0 F1920 X80.31 Y63.07
M204 S2000
M205 X30 Y30
G0 F3600 X80.81 Y63.57
M204 S500
M205 X10 Y10
;TYPE:WALL-OUTER
G1 F1200 X71.939 Y63.57 E1335.204
G1 X71.939 Y56.15 E1335.52533
G1 X80.81 Y56.15 E1335.90949
G1 X80.81 Y63.058 E1336.20865
G0 F960 X80.81 Y63.57
M204 S2000
M205 X30 Y30
G0 F3600 X80.56 Y63.57
G0 X79.81 Y62.717
G1 F2700 E1332.20865
;MESH:NONMESH
G0 F600 X79.81 Y62.717 Z31.8
G0 F3600 X72.459 Y57.397
G0 X71.024 Y57.397
G0 X51.114 Y57.392
G0 X49.679 Y57.392
G0 X41.309 Y57.397
;TIME_ELAPSED:1627.704392
;LAYER:126
M204 S500
M205 X10 Y10
;TYPE:FILL
;MESH:PLATempTower
G1 F2700 E1336.20865
G1 F2400 X46.28 Y62.368 E1336.51309
G1 X46.492 Y62.58
M204 S2000
M205 X30 Y30
G0 F3600 X43.923 Y62.368
M204 S500
M205 X10 Y10
G1 F2400 X41.309 Y59.755 E1336.67315
G1 X41.097 Y59.543
M204 S2000
M205 X30 Y30
G0 F3600 X41.309 Y62.112
M204 S500
M205 X10 Y10
G1 F2400 X41.565 Y62.368 E1336.68883
M204 S2000
M205 X30 Y30
G0 F3600 X43.618 Y57.349
M204 S500
M205 X10 Y10
G1 F2400 X48.638 Y62.368 E1336.99624
G1 X48.85 Y62.58
M204 S2000
M205 X30 Y30
G0 F3600 X49.248 Y60.621
M204 S500
M205 X10 Y10
G1 F2400 X45.976 Y57.349 E1337.19663
G1 X45.764 Y57.137
M204 S2000
M205 X30 Y30
G0 F3600 X48.333 Y57.349
M204 S500
M205 X10 Y10
G1 F2400 X49.248 Y58.264 E1337.25267
G1 X49.46 Y58.476
M204 S2000
M205 X30 Y30
G0 F3600 X49.448 Y62.57
M204 S500
M205 X10 Y10
;TYPE:WALL-INNER
G1 F2400 X41.11 Y62.57 E1337.61375
G1 X41.11 Y57.15 E1337.84847
G1 X49.449 Y57.15 E1338.20959
G1 X49.448 Y62.058 E1338.42214
G0 F1920 X49.448 Y62.57
M204 S2000
M205 X30 Y30
G0 F3600 X49.948 Y63.07
M204 S500
M205 X10 Y10
G1 F2400 X40.61 Y63.07 E1338.82653
G1 X40.61 Y56.65 E1339.10455
G1 X49.949 Y56.65 E1339.50898
G1 X49.948 Y62.558 E1339.76483
G0 F1920 X49.948 Y63.07
M204 S2000
M205 X30 Y30
G0 F3600 X50.448 Y63.57
M204 S500
M205 X10 Y10
;TYPE:WALL-OUTER
G1 F1200 X40.11 Y63.57 E1340.21253
G1 X40.11 Y56.15 E1340.53386
G1 X50.449 Y56.15 E1340.98159
G1 X50.448 Y63.058 E1341.28075
G0 F960 X50.448 Y63.57
M204 S2000
M205 X30 Y30
G0 F3600 X50.198 Y63.57
G0 X49.595 Y62.57
G1 F2700 E1337.28075
G0 F3600 X49.929 Y60.609
G0 X51.364 Y60.609
G0 X70.703 Y60.607
G0 X72.118 Y60.606
G0 X72.816 Y60.614
M204 S500
M205 X10 Y10
;TYPE:FILL
G1 F2700 E1341.28075
G1 F2400 X74.572 Y62.37 E1341.38829
G1 X74.784 Y62.582
M204 S2000
M205 X30 Y30
G0 F3600 X76.929 Y62.37
M204 S500
M205 X10 Y10
G1 F2400 X72.815 Y58.256 E1341.64025
G1 X72.603 Y58.044
M204 S2000
M205 X30 Y30
G0 F3600 X74.266 Y57.349
M204 S500
M205 X10 Y10
G1 F2400 X79.287 Y62.37 E1341.94775
G1 X79.499 Y62.582
M204 S2000
M205 X30 Y30
G0 F3600 X79.609 Y60.335
M204 S500
M205 X10 Y10
G1 F2400 X76.624 Y57.349 E1342.1306
G1 X76.412 Y57.137
M204 S2000
M205 X30 Y30
G0 F3600 X78.981 Y57.349
M204 S500
M205 X10 Y10
G1 F2400 X79.609 Y57.977 E1342.16906
M204 S2000
M205 X30 Y30
G0 F3600 X79.81 Y62.57
M204 S500
M205 X10 Y10
;TYPE:WALL-INNER
G1 F2400 X72.618 Y62.57 E1342.48051
G1 X72.617 Y57.15 E1342.71523
G1 X79.81 Y57.15 E1343.02673
G1 X79.81 Y62.058 E1343.23927
G0 F1920 X79.81 Y62.57
M204 S2000
M205 X30 Y30
G0 F3600 X80.31 Y63.07
M204 S500
M205 X10 Y10
G1 F2400 X72.118 Y63.07 E1343.59403
G1 X72.117 Y56.65 E1343.87205
G1 X80.31 Y56.65 E1344.22686
G1 X80.31 Y62.558 E1344.48271
G0 F1920 X80.31 Y63.07
M204 S2000
M205 X30 Y30
G0 F3600 X80.81 Y63.57
M204 S500
M205 X10 Y10
;TYPE:WALL-OUTER
G1 F1200 X71.618 Y63.57 E1344.88078
G1 X71.617 Y56.15 E1345.2021
G1 X80.81 Y56.15 E1345.60021
G1 X80.81 Y63.058 E1345.89937
G0 F960 X80.81 Y63.57
M204 S2000
M205 X30 Y30
G0 F3600 X80.56 Y63.57
G0 X79.81 Y62.717
G1 F2700 E1341.89937
;MESH:NONMESH
G0 F600 X79.81 Y62.717 Z32.05
G0 F3600 X72.118 Y57.345
G0 X70.703 Y57.346
G0 X51.364 Y57.34
G0 X49.929 Y57.34
G0 X41.847 Y57.349
;TIME_ELAPSED:1639.135335
;LAYER:127
M204 S500
M205 X10 Y10
;TYPE:FILL
;MESH:PLATempTower
G1 F2700 E1345.89937
G1 F2400 X41.31 Y57.886 E1345.93226
M204 S2000
M205 X30 Y30
G0 F3600 X41.31 Y60.244
M204 S500
M205 X10 Y10
G1 F2400 X44.205 Y57.349 E1346.10956
G1 X44.417 Y57.137
M204 S2000
M205 X30 Y30
G0 F3600 X46.562 Y57.349
M204 S500
M205 X10 Y10
G1 F2400 X41.543 Y62.368 E1346.41694
G1 X41.331 Y62.58
M204 S2000
M205 X30 Y30
G0 F3600 X43.9 Y62.368
M204 S500
M205 X10 Y10
G1 F2400 X48.92 Y57.349 E1346.72435
G1 X49.132 Y57.137
M204 S2000
M205 X30 Y30
G0 F3600 X49.498 Y59.128
M204 S500
M205 X10 Y10
G1 F2400 X46.258 Y62.368 E1346.92278
G1 X46.046 Y62.58
M204 S2000
M205 X30 Y30
G0 F3600 X48.615 Y62.368
M204 S500
M205 X10 Y10
G1 F2400 X49.498 Y61.486 E1346.97683
G1 X49.71 Y61.274
M204 S2000
M205 X30 Y30
G0 F3600 X49.698 Y62.57
M204 S500
M205 X10 Y10
;TYPE:WALL-INNER
G1 F2400 X41.11 Y62.57 E1347.34874
G1 X41.11 Y57.15 E1347.58345
G1 X49.699 Y57.15 E1347.95541
G1 X49.698 Y62.058 E1348.16795
G0 F1920 X49.698 Y62.57
M204 S2000
M205 X30 Y30
G0 F3600 X50.198 Y63.07
M204 S500
M205 X10 Y10
G1 F2400 X40.61 Y63.07 E1348.58317
G1 X40.61 Y56.65 E1348.86119
G1 X50.199 Y56.65 E1349.27645
G1 X50.198 Y62.558 E1349.5323
G0 F1920 X50.198 Y63.07
M204 S2000
M205 X30 Y30
G0 F3600 X50.698 Y63.57
M204 S500
M205 X10 Y10
;TYPE:WALL-OUTER
G1 F1200 X40.11 Y63.57 E1349.99082
G1 X40.11 Y56.15 E1350.31215
G1 X50.699 Y56.15 E1350.77071
G1 X50.698 Y63.058 E1351.06987
G0 F960 X50.698 Y63.57
M204 S2000
M205 X30 Y30
G0 F3600 X50.448 Y63.57
G0 X49.845 Y62.57
G1 F2700 E1347.06987
G0 F3600 X51.614 Y62.082
G0 X70.358 Y62.08
G0 X71.773 Y62.079
G0 X72.472 Y62.087
M204 S500
M205 X10 Y10
;TYPE:FILL
G1 F2700 E1351.06987
G1 F2400 X77.209 Y57.349 E1351.36001
G1 X77.421 Y57.137
M204 S2000
M205 X30 Y30
G0 F3600 X74.852 Y57.349
M204 S500
M205 X10 Y10
G1 F2400 X72.472 Y59.73 E1351.5058
G1 X72.26 Y59.942
M204 S2000
M205 X30 Y30
G0 F3600 X74.546 Y62.37
M204 S500
M205 X10 Y10
G1 F2400 X79.567 Y57.349 E1351.8133
G1 X79.779 Y57.137
M204 S2000
M205 X30 Y30
G0 F3600 X79.609 Y59.664
M204 S500
M205 X10 Y10
G1 F2400 X76.904 Y62.37 E1351.979
G1 X76.692 Y62.582
M204 S2000
M205 X30 Y30
G0 F3600 X79.261 Y62.37
M204 S500
M205 X10 Y10
G1 F2400 X79.609 Y62.022 E1352.00031
M204 S2000
M205 X30 Y30
G0 F3600 X79.81 Y62.57
M204 S500
M205 X10 Y10
;TYPE:WALL-INNER
G1 F2400 X72.273 Y62.57 E1352.32671
G1 X72.272 Y57.15 E1352.56142
G1 X79.81 Y57.15 E1352.88786
G1 X79.81 Y62.058 E1353.10041
G0 F1920 X79.81 Y62.57
M204 S2000
M205 X30 Y30
G0 F3600 X80.31 Y63.07
M204 S500
M205 X10 Y10
G1 F2400 X71.773 Y63.07 E1353.47011
G1 X71.772 Y56.65 E1353.74813
G1 X80.31 Y56.65 E1354.11788
G1 X80.31 Y62.558 E1354.37373
G0 F1920 X80.31 Y63.07
M204 S2000
M205 X30 Y30
G0 F3600 X80.81 Y63.57
M204 S500
M205 X10 Y10
;TYPE:WALL-OUTER
G1 F1200 X71.273 Y63.57 E1354.78673
G1 X71.272 Y56.15 E1355.10806
G1 X80.81 Y56.15 E1355.52111
G1 X80.81 Y63.058 E1355.82027
G0 F960 X80.81 Y63.57
M204 S2000
M205 X30 Y30
G0 F3600 X80.56 Y63.57
G0 X79.81 Y62.717
G1 F2700 E1351.82027
;MESH:NONMESH
G0 F600 X79.81 Y62.717 Z32.3
G0 F3600 X71.773 Y57.393
G0 X70.358 Y57.394
G0 X51.614 Y57.388
G0 X50.179 Y57.388
G0 X41.309 Y57.397
;TIME_ELAPSED:1650.563598
;LAYER:128
M204 S500
M205 X10 Y10
;TYPE:FILL
;MESH:PLATempTower
G1 F2700 E1355.82027
G1 F2400 X46.28 Y62.368 E1356.12471
G1 X46.492 Y62.58
M204 S2000
M205 X30 Y30
G0 F3600 X43.923 Y62.368
M204 S500
M205 X10 Y10
G1 F2400 X41.309 Y59.755 E1356.28477
G1 X41.097 Y59.543
M204 S2000
M205 X30 Y30
G0 F3600 X41.309 Y62.112
M204 S500
M205 X10 Y10
G1 F2400 X41.565 Y62.368 E1356.30045
M204 S2000
M205 X30 Y30
G0 F3600 X43.618 Y57.349
M204 S500
M205 X10 Y10
G1 F2400 X48.638 Y62.368 E1356.60786
G1 X48.85 Y62.58
M204 S2000
M205 X30 Y30
G0 F3600 X49.748 Y61.121
M204 S500
M205 X10 Y10
G1 F2400 X45.976 Y57.349 E1356.83887
G1 X45.764 Y57.137
M204 S2000
M205 X30 Y30
G0 F3600 X48.333 Y57.349
M204 S500
M205 X10 Y10
G1 F2400 X49.749 Y58.764 E1356.92556
G1 X49.961 Y58.976
M204 S2000
M205 X30 Y30
G0 F3600 X49.948 Y62.57
M204 S500
M205 X10 Y10
;TYPE:WALL-INNER
G1 F2400 X41.11 Y62.57 E1357.3083
G1 X41.11 Y57.15 E1357.54301
G1 X49.949 Y57.15 E1357.92579
G1 X49.948 Y62.058 E1358.13834
G0 F1920 X49.948 Y62.57
M204 S2000
M205 X30 Y30
G0 F3600 X50.448 Y63.07
M204 S500
M205 X10 Y10
G1 F2400 X40.61 Y63.07 E1358.56438
G1 X40.61 Y56.65 E1358.8424
G1 X50.449 Y56.65 E1359.26849
G1 X50.448 Y62.558 E1359.52434
G0 F1920 X50.448 Y63.07
M204 S2000
M205 X30 Y30
G0 F3600 X50.948 Y63.57
M204 S500
M205 X10 Y10
;TYPE:WALL-OUTER
G1 F1200 X40.11 Y63.57 E1359.99369
G1 X40.11 Y56.15 E1360.31501
G1 X50.949 Y56.15 E1360.7844
G1 X50.948 Y63.058 E1361.08356
G0 F960 X50.948 Y63.57
M204 S2000
M205 X30 Y30
G0 F3600 X50.698 Y63.57
G0 X50.095 Y62.57
G1 F2700 E1357.08356
G0 F3600 X51.864 Y62.202
G0 X69.938 Y62.2
G0 X71.353 Y62.199
G0 X72.051 Y62.207
M204 S500
M205 X10 Y10
;TYPE:FILL
G1 F2700 E1361.08356
G1 F2400 X72.214 Y62.37 E1361.09354
M204 S2000
M205 X30 Y30
G0 F3600 X74.572 Y62.37
M204 S500
M205 X10 Y10
G1 F2400 X72.051 Y59.849 E1361.24794
G1 X71.839 Y59.637
M204 S2000
M205 X30 Y30
G0 F3600 X72.051 Y57.492
M204 S500
M205 X10 Y10
G1 F2400 X76.929 Y62.37 E1361.54668
G1 X77.141 Y62.582
M204 S2000
M205 X30 Y30
G0 F3600 X79.287 Y62.37
M204 S500
M205 X10 Y10
G1 F2400 X74.267 Y57.35 E1361.85413
G1 X74.055 Y57.138
M204 S2000
M205 X30 Y30
G0 F3600 X76.624 Y57.35
M204 S500
M205 X10 Y10
G1 F2400 X79.609 Y60.335 E1362.03694
G1 X79.821 Y60.547
M204 S2000
M205 X30 Y30
G0 F3600 X79.609 Y57.977
M204 S500
M205 X10 Y10
G1 F2400 X78.982 Y57.35 E1362.07534
M204 S2000
M205 X30 Y30
G0 F3600 X79.81 Y62.57
M204 S500
M205 X10 Y10
;TYPE:WALL-INNER
G1 F2400 X71.853 Y62.57 E1362.41992
G1 X71.852 Y57.15 E1362.65464
G1 X79.81 Y57.15 E1362.99927
G1 X79.81 Y62.058 E1363.21181
G0 F1920 X79.81 Y62.57
M204 S2000
M205 X30 Y30
G0 F3600 X80.31 Y63.07
M204 S500
M205 X10 Y10
G1 F2400 X71.353 Y63.07 E1363.5997
G1 X71.352 Y56.65 E1363.87772
G1 X80.31 Y56.65 E1364.26566
G1 X80.31 Y62.558 E1364.52151
G0 F1920 X80.31 Y63.07
M204 S2000
M205 X30 Y30
G0 F3600 X80.81 Y63.57
M204 S500
M205 X10 Y10
;TYPE:WALL-OUTER
G1 F1200 X70.853 Y63.57 E1364.9527
G1 X70.852 Y56.15 E1365.27403
G1 X80.81 Y56.15 E1365.70527
G1 X80.81 Y63.058 E1366.00442
G0 F960 X80.81 Y63.57
M204 S2000
M205 X30 Y30
G0 F3600 X80.56 Y63.57
G0 X79.81 Y62.717
G1 F2700 E1362.00442
;MESH:NONMESH
G0 F600 X79.81 Y62.717 Z32.55
G0 F3600 X71.353 Y57.345
G0 X69.938 Y57.346
G0 X51.864 Y57.34
G0 X50.429 Y57.34
G0 X41.847 Y57.349
;TIME_ELAPSED:1662.366808
;LAYER:129
M204 S500
M205 X10 Y10
;TYPE:FILL
;MESH:PLATempTower
G1 F2700 E1366.00442
G1 F2400 X41.31 Y57.886 E1366.03731
M204 S2000
M205 X30 Y30
G0 F3600 X41.31 Y60.244
M204 S500
M205 X10 Y10
G1 F2400 X44.205 Y57.349 E1366.21461
G1 X44.417 Y57.137
M204 S2000
M205 X30 Y30
G0 F3600 X46.562 Y57.349
M204 S500
M205 X10 Y10
G1 F2400 X41.542 Y62.369 E1366.52206
G1 X41.33 Y62.581
M204 S2000
M205 X30 Y30
G0 F3600 X43.9 Y62.369
M204 S500
M205 X10 Y10
G1 F2400 X48.92 Y57.349 E1366.8295
G1 X49.132 Y57.137
M204 S2000
M205 X30 Y30
G0 F3600 X49.998 Y58.628
M204 S500
M205 X10 Y10
G1 F2400 X46.257 Y62.369 E1367.05861
G1 X46.045 Y62.581
M204 S2000
M205 X30 Y30
G0 F3600 X48.615 Y62.369
M204 S500
M205 X10 Y10
G1 F2400 X49.998 Y60.986 E1367.14331
G1 X50.21 Y60.774
M204 S2000
M205 X30 Y30
G0 F3600 X50.198 Y62.57
M204 S500
M205 X10 Y10
;TYPE:WALL-INNER
G1 F2400 X41.11 Y62.57 E1367.53687
G1 X41.11 Y57.15 E1367.77159
G1 X50.199 Y57.15 E1368.1652
G1 X50.198 Y62.058 E1368.37774
G0 F1920 X50.198 Y62.57
M204 S2000
M205 X30 Y30
G0 F3600 X50.698 Y63.07
M204 S500
M205 X10 Y10
G1 F2400 X40.61 Y63.07 E1368.81461
G1 X40.61 Y56.65 E1369.09263
G1 X50.699 Y56.65 E1369.52954
G1 X50.698 Y62.558 E1369.78539
G0 F1920 X50.698 Y63.07
M204 S2000
M205 X30 Y30
G0 F3600 X51.198 Y63.57
M204 S500
M205 X10 Y10
;TYPE:WALL-OUTER
G1 F1200 X40.11 Y63.57 E1370.26557
G1 X40.11 Y56.15 E1370.5869
G1 X51.199 Y56.15 E1371.06711
G1 X51.198 Y63.058 E1371.36627
G0 F960 X51.198 Y63.57
M204 S2000
M205 X30 Y30
G0 F3600 X50.948 Y63.57
G0 X50.345 Y62.57
G1 F2700 E1367.36627
G0 F3600 X50.679 Y60.706
G0 X52.114 Y60.706
G0 X69.376 Y60.704
G0 X70.791 Y60.703
G0 X71.49 Y60.711
M204 S500
M205 X10 Y10
;TYPE:FILL
G1 F2700 E1371.36627
G1 F2400 X74.852 Y57.349 E1371.57217
G1 X75.064 Y57.137
M204 S2000
M205 X30 Y30
G0 F3600 X77.209 Y57.349
M204 S500
M205 X10 Y10
G1 F2400 X72.189 Y62.37 E1371.87964
G1 X71.977 Y62.582
M204 S2000
M205 X30 Y30
G0 F3600 X74.546 Y62.37
M204 S500
M205 X10 Y10
G1 F2400 X79.567 Y57.349 E1372.18715
G1 X79.779 Y57.137
M204 S2000
M205 X30 Y30
G0 F3600 X79.609 Y59.664
M204 S500
M205 X10 Y10
G1 F2400 X76.904 Y62.37 E1372.35284
G1 X76.692 Y62.582
M204 S2000
M205 X30 Y30
G0 F3600 X79.261 Y62.37
M204 S500
M205 X10 Y10
G1 F2400 X79.609 Y62.022 E1372.37415
M204 S2000
M205 X30 Y30
G0 F3600 X72.494 Y57.349
M204 S500
M205 X10 Y10
G1 F2400 X71.489 Y58.354 E1372.4357
G1 X71.277 Y58.566
M204 S2000
M205 X30 Y30
G0 F3600 X79.81 Y62.57
M204 S500
M205 X10 Y10
;TYPE:WALL-INNER
G1 F2400 X71.291 Y62.57 E1372.80463
G1 X71.29 Y57.15 E1373.03934
G1 X79.81 Y57.15 E1373.40831
G1 X79.81 Y62.058 E1373.62085
G0 F1920 X79.81 Y62.57
M204 S2000
M205 X30 Y30
G0 F3600 X80.31 Y63.07
M204 S500
M205 X10 Y10
G1 F2400 X70.791 Y63.07 E1374.03308
G1 X70.79 Y56.65 E1374.3111
G1 X80.31 Y56.65 E1374.72337
G1 X80.31 Y62.558 E1374.97922
G0 F1920 X80.31 Y63.07
M204 S2000
M205 X30 Y30
G0 F3600 X80.81 Y63.57
M204 S500
M205 X10 Y10
;TYPE:WALL-OUTER
G1 F1200 X70.291 Y63.57 E1375.43476
G1 X70.29 Y56.15 E1375.75608
G1 X80.81 Y56.15 E1376.21166
G1 X80.81 Y63.058 E1376.51082
G0 F960 X80.81 Y63.57
M204 S2000
M205 X30 Y30
G0 F3600 X80.56 Y63.57
G0 X79.81 Y62.717
G1 F2700 E1372.51082
;MESH:NONMESH
G0 F600 X79.81 Y62.717 Z32.8
G0 F3600 X70.791 Y57.393
G0 X69.376 Y57.394
G0 X52.114 Y57.388
G0 X50.679 Y57.388
G0 X41.309 Y57.397
;TIME_ELAPSED:1674.552045
;LAYER:130
M204 S500
M205 X10 Y10
;TYPE:FILL
;MESH:PLATempTower
G1 F2700 E1376.51082
G1 F2400 X46.13 Y62.218 E1376.80607
G1 X46.342 Y62.43
M204 S2000
M205 X30 Y30
G0 F3600 X43.923 Y62.368
M204 S500
M205 X10 Y10
G1 F2400 X41.309 Y59.755 E1376.96613
G1 X41.097 Y59.543
M204 S2000
M205 X30 Y30
G0 F3600 X41.309 Y62.112
M204 S500
M205 X10 Y10
G1 F2400 X41.565 Y62.368 E1376.98181
M204 S2000
M205 X30 Y30
G0 F3600 X46.13 Y59.86
M204 S500
M205 X10 Y10
G1 F2400 X43.618 Y57.349 E1377.13562
G1 X43.406 Y57.137
M204 S2000
M205 X30 Y30
G0 F3600 X45.976 Y57.349
M204 S500
M205 X10 Y10
G1 F2400 X46.13 Y57.503 E1377.14506
M204 S2000
M205 X30 Y30
G0 F3600 X74.789 Y57.872
M204 S500
M205 X10 Y10
G1 F2400 X79.286 Y62.369 E1377.42047
G1 X79.498 Y62.581
M204 S2000
M205 X30 Y30
G0 F3600 X79.609 Y60.335
M204 S500
M205 X10 Y10
G1 F2400 X76.624 Y57.35 E1377.60328
G1 X76.412 Y57.138
M204 S2000
M205 X30 Y30
G0 F3600 X78.982 Y57.35
M204 S500
M205 X10 Y10
G1 F2400 X79.609 Y57.977 E1377.64168
M204 S2000
M205 X30 Y30
G0 F3600 X76.928 Y62.369
M204 S500
M205 X10 Y10
G1 F2400 X74.789 Y60.229 E1377.77271
G1 X74.577 Y60.017
M204 S2000
M205 X30 Y30
G0 F3600 X79.81 Y62.57
M204 S500
M205 X10 Y10
;TYPE:WALL-INNER
G1 F2400 X41.11 Y62.57 E1379.44864
G1 X41.11 Y57.15 E1379.68336
G1 X79.81 Y57.15 E1381.35929
G1 X79.81 Y62.058 E1381.57184
G0 F1920 X79.81 Y62.57
M204 S2000
M205 X30 Y30
G0 F3600 X80.31 Y63.07
M204 S500
M205 X10 Y10
G1 F2400 X40.61 Y63.07 E1383.29107
G1 X40.61 Y56.65 E1383.5691
G1 X80.31 Y56.65 E1385.28833
G1 X80.31 Y62.558 E1385.54418
G0 F1920 X80.31 Y63.07
M204 S2000
M205 X30 Y30
G0 F3600 X80.81 Y63.57
M204 S500
M205 X10 Y10
;TYPE:WALL-OUTER
G1 F1200 X40.11 Y63.57 E1387.30673
G1 X40.11 Y56.15 E1387.62806
G1 X80.81 Y56.15 E1389.3906
G1 X80.81 Y63.058 E1389.68976
G0 F960 X80.81 Y63.57
M204 S2000
M205 X30 Y30
G0 F3600 X80.56 Y63.57
G0 X80.24 Y63
G0 X74.6 Y62.08
M204 S500
M205 X10 Y10
;TYPE:SKIN
G1 F1200 X46.32 Y62.08 E1391.15944
G1 X46.32 Y57.64 E1391.39018
G1 X74.6 Y57.64 E1392.85986
G1 X74.6 Y61.568 E1393.064
G0 F960 X74.6 Y62.08
M204 S2000
M205 X30 Y30
G0 F3600 X74.375 Y61.5
M204 S500
M205 X10 Y10
G1 F1200 X46.544 Y61.5 E1394.51034
M204 S2000
M205 X30 Y30
G0 F3600 X46.544 Y61
M204 S500
M205 X10 Y10
G1 F1200 X74.375 Y61 E1395.95669
M204 S2000
M205 X30 Y30
G0 F3600 X74.375 Y60.5
M204 S500
M205 X10 Y10
G1 F1200 X46.544 Y60.5 E1397.40304
M204 S2000
M205 X30 Y30
G0 F3600 X46.544 Y60
M204 S500
M205 X10 Y10
G1 F1200 X74.375 Y60 E1398.84939
M204 S2000
M205 X30 Y30
G0 F3600 X74.375 Y59.5
M204 S500
M205 X10 Y10
G1 F1200 X46.544 Y59.5 E1400.29574
M204 S2000
M205 X30 Y30
G0 F3600 X46.545 Y59
M204 S500
M205 X10 Y10
G1 F1200 X74.375 Y59 E1401.74203
M204 S2000
M205 X30 Y30
G0 F3600 X74.375 Y58.5
M204 S500
M205 X10 Y10
G1 F1200 X46.545 Y58.5 E1403.18833
M204 S2000
M205 X30 Y30
G0 F3600 X46.545 Y58
M204 S500
M205 X10 Y10
G1 F1200 X74.375 Y58 E1404.63463
G1 X74.675 Y58
M204 S2000
M205 X30 Y30
;MESH:NONMESH
G0 F600 X74.675 Y58 Z33.05
G0 F3600 X41.847 Y57.349
;TIME_ELAPSED:1702.325832
;LAYER:131
M204 S500
M205 X10 Y10
;TYPE:FILL
;MESH:PLATempTower
G1 F2400 X41.31 Y57.886 E1404.66751
M204 S2000
M205 X30 Y30
G0 F3600 X41.31 Y60.244
M204 S500
M205 X10 Y10
G1 F2400 X44.205 Y57.349 E1404.84481
G1 X44.417 Y57.137
M204 S2000
M205 X30 Y30
G0 F3600 X46.13 Y57.781
M204 S500
M205 X10 Y10
G1 F2400 X41.542 Y62.369 E1405.1258
G1 X41.33 Y62.581
M204 S2000
M205 X30 Y30
G0 F3600 X43.9 Y62.369
M204 S500
M205 X10 Y10
G1 F2400 X46.13 Y60.139 E1405.26237
G1 X46.342 Y59.927
M204 S2000
M205 X30 Y30
G0 F3600 X74.789 Y59.77
M204 S500
M205 X10 Y10
G1 F2400 X77.209 Y57.349 E1405.41061
G1 X77.421 Y57.137
M204 S2000
M205 X30 Y30
G0 F3600 X79.567 Y57.349
M204 S500
M205 X10 Y10
G1 F2400 X74.789 Y62.127 E1405.70323
G1 X74.577 Y62.339
M204 S2000
M205 X30 Y30
G0 F3600 X76.904 Y62.37
M204 S500
M205 X10 Y10
G1 F2400 X79.609 Y59.664 E1405.86893
G1 X79.821 Y59.452
M204 S2000
M205 X30 Y30
G0 F3600 X79.609 Y62.022
M204 S500
M205 X10 Y10
G1 F2400 X79.261 Y62.37 E1405.89024
M204 S2000
M205 X30 Y30
G0 F3600 X79.81 Y62.57
M204 S500
M205 X10 Y10
;TYPE:WALL-INNER
G1 F2400 X41.11 Y62.57 E1407.56617
G1 X41.11 Y57.15 E1407.80089
G1 X79.81 Y57.15 E1409.47682
G1 X79.81 Y62.058 E1409.68937
G0 F1920 X79.81 Y62.57
M204 S2000
M205 X30 Y30
G0 F3600 X80.31 Y63.07
M204 S500
M205 X10 Y10
G1 F2400 X40.61 Y63.07 E1411.4086
G1 X40.61 Y56.65 E1411.68663
G1 X80.31 Y56.65 E1413.40586
G1 X80.31 Y62.558 E1413.66171
G0 F1920 X80.31 Y63.07
M204 S2000
M205 X30 Y30
G0 F3600 X80.81 Y63.57
M204 S500
M205 X10 Y10
;TYPE:WALL-OUTER
G1 F1200 X40.11 Y63.57 E1415.42426
G1 X40.11 Y56.15 E1415.74559
G1 X80.81 Y56.15 E1417.50813
G1 X80.81 Y63.058 E1417.80729
G0 F960 X80.81 Y63.57
M204 S2000
M205 X30 Y30
G0 F3600 X80.56 Y63.57
G0 X80.24 Y63
G0 X74.6 Y62.08
M204 S500
M205 X10 Y10
;TYPE:SKIN
G1 F1200 X46.32 Y62.08 E1419.27697
G1 X46.32 Y57.64 E1419.50771
G1 X74.6 Y57.64 E1420.97739
G1 X74.6 Y61.568 E1421.18153
G0 F960 X74.6 Y62.08
M204 S2000
M205 X30 Y30
G0 F3600 X74.374 Y61.39
M204 S500
M205 X10 Y10
G1 F1200 X73.908 Y61.855 E1421.21574
M204 S2000
M205 X30 Y30
G0 F3600 X73.201 Y61.855
M204 S500
M205 X10 Y10
G1 F1200 X74.374 Y60.683 E1421.30191
M204 S2000
M205 X30 Y30
G0 F3600 X74.374 Y59.976
M204 S500
M205 X10 Y10
G1 F1200 X72.494 Y61.855 E1421.44005
M204 S2000
M205 X30 Y30
G0 F3600 X71.787 Y61.855
M204 S500
M205 X10 Y10
G1 F1200 X74.374 Y59.268 E1421.63018
M204 S2000
M205 X30 Y30
G0 F3600 X74.374 Y58.561
M204 S500
M205 X10 Y10
G1 F1200 X71.08 Y61.855 E1421.87227
M204 S2000
M205 X30 Y30
G0 F3600 X70.373 Y61.855
M204 S500
M205 X10 Y10
G1 F1200 X74.364 Y57.864 E1422.16559
M204 S2000
M205 X30 Y30
G0 F3600 X73.657 Y57.864
M204 S500
M205 X10 Y10
G1 F1200 X69.666 Y61.855 E1422.45891
M204 S2000
M205 X30 Y30
G0 F3600 X68.959 Y61.855
M204 S500
M205 X10 Y10
G1 F1200 X72.95 Y57.864 E1422.75223
M204 S2000
M205 X30 Y30
G0 F3600 X72.242 Y57.864
M204 S500
M205 X10 Y10
G1 F1200 X68.252 Y61.855 E1423.04551
M204 S2000
M205 X30 Y30
G0 F3600 X67.544 Y61.855
M204 S500
M205 X10 Y10
G1 F1200 X71.535 Y57.864 E1423.33883
M204 S2000
M205 X30 Y30
G0 F3600 X70.828 Y57.864
M204 S500
M205 X10 Y10
G1 F1200 X66.837 Y61.855 E1423.63215
M204 S2000
M205 X30 Y30
G0 F3600 X66.13 Y61.855
M204 S500
M205 X10 Y10
G1 F1200 X70.121 Y57.864 E1423.92547
M204 S2000
M205 X30 Y30
G0 F3600 X69.414 Y57.864
M204 S500
M205 X10 Y10
G1 F1200 X65.423 Y61.855 E1424.21879
M204 S2000
M205 X30 Y30
G0 F3600 X64.716 Y61.855
M204 S500
M205 X10 Y10
G1 F1200 X68.707 Y57.864 E1424.51211
M204 S2000
M205 X30 Y30
G0 F3600 X68 Y57.864
M204 S500
M205 X10 Y10
G1 F1200 X64.009 Y61.855 E1424.80543
M204 S2000
M205 X30 Y30
G0 F3600 X63.302 Y61.855
M204 S500
M205 X10 Y10
G1 F1200 X67.293 Y57.864 E1425.09875
M204 S2000
M205 X30 Y30
G0 F3600 X66.586 Y57.864
M204 S500
M205 X10 Y10
G1 F1200 X62.595 Y61.855 E1425.39207
M204 S2000
M205 X30 Y30
G0 F3600 X61.888 Y61.855
M204 S500
M205 X10 Y10
G1 F1200 X65.879 Y57.864 E1425.68539
M204 S2000
M205 X30 Y30
G0 F3600 X65.171 Y57.864
M204 S500
M205 X10 Y10
G1 F1200 X61.181 Y61.855 E1425.97867
M204 S2000
M205 X30 Y30
G0 F3600 X60.473 Y61.855
M204 S500
M205 X10 Y10
G1 F1200 X64.464 Y57.864 E1426.27199
M204 S2000
M205 X30 Y30
G0 F3600 X63.757 Y57.864
M204 S500
M205 X10 Y10
G1 F1200 X59.767 Y61.854 E1426.56523
M204 S2000
M205 X30 Y30
G0 F3600 X59.06 Y61.854
M204 S500
M205 X10 Y10
G1 F1200 X63.05 Y57.864 E1426.85848
M204 S2000
M205 X30 Y30
G0 F3600 X62.343 Y57.864
M204 S500
M205 X10 Y10
G1 F1200 X58.353 Y61.854 E1427.15173
M204 S2000
M205 X30 Y30
G0 F3600 X57.646 Y61.854
M204 S500
M205 X10 Y10
G1 F1200 X61.636 Y57.864 E1427.44497
M204 S2000
M205 X30 Y30
G0 F3600 X60.929 Y57.864
M204 S500
M205 X10 Y10
G1 F1200 X56.939 Y61.854 E1427.73822
M204 S2000
M205 X30 Y30
G0 F3600 X56.231 Y61.854
M204 S500
M205 X10 Y10
G1 F1200 X60.222 Y57.864 E1428.0315
M204 S2000
M205 X30 Y30
G0 F3600 X59.515 Y57.864
M204 S500
M205 X10 Y10
G1 F1200 X55.524 Y61.854 E1428.32478
M204 S2000
M205 X30 Y30
G0 F3600 X54.817 Y61.854
M204 S500
M205 X10 Y10
G1 F1200 X58.807 Y57.864 E1428.61803
M204 S2000
M205 X30 Y30
G0 F3600 X58.1 Y57.864
M204 S500
M205 X10 Y10
G1 F1200 X54.11 Y61.854 E1428.91128
M204 S2000
M205 X30 Y30
G0 F3600 X53.403 Y61.854
M204 S500
M205 X10 Y10
G1 F1200 X57.393 Y57.864 E1429.20452
M204 S2000
M205 X30 Y30
G0 F3600 X56.686 Y57.864
M204 S500
M205 X10 Y10
G1 F1200 X52.696 Y61.854 E1429.49777
M204 S2000
M205 X30 Y30
G0 F3600 X51.989 Y61.854
M204 S500
M205 X10 Y10
G1 F1200 X55.979 Y57.864 E1429.79101
M204 S2000
M205 X30 Y30
G0 F3600 X55.272 Y57.864
M204 S500
M205 X10 Y10
G1 F1200 X51.282 Y61.854 E1430.08426
M204 S2000
M205 X30 Y30
G0 F3600 X50.575 Y61.854
M204 S500
M205 X10 Y10
G1 F1200 X54.565 Y57.864 E1430.3775
M204 S2000
M205 X30 Y30
G0 F3600 X53.858 Y57.864
M204 S500
M205 X10 Y10
G1 F1200 X49.867 Y61.854 E1430.67079
M204 S2000
M205 X30 Y30
G0 F3600 X49.16 Y61.854
M204 S500
M205 X10 Y10
G1 F1200 X53.151 Y57.864 E1430.96407
M204 S2000
M205 X30 Y30
G0 F3600 X52.443 Y57.864
M204 S500
M205 X10 Y10
G1 F1200 X48.453 Y61.854 E1431.25732
M204 S2000
M205 X30 Y30
G0 F3600 X47.746 Y61.854
M204 S500
M205 X10 Y10
G1 F1200 X51.736 Y57.864 E1431.55056
M204 S2000
M205 X30 Y30
G0 F3600 X51.029 Y57.864
M204 S500
M205 X10 Y10
G1 F1200 X47.039 Y61.854 E1431.84381
M204 S2000
M205 X30 Y30
G0 F3600 X46.545 Y61.642
M204 S500
M205 X10 Y10
G1 F1200 X50.322 Y57.864 E1432.12144
M204 S2000
M205 X30 Y30
G0 F3600 X49.615 Y57.864
M204 S500
M205 X10 Y10
G1 F1200 X46.545 Y60.934 E1432.34707
M204 S2000
M205 X30 Y30
G0 F3600 X46.545 Y60.227
M204 S500
M205 X10 Y10
G1 F1200 X48.908 Y57.864 E1432.52074
M204 S2000
M205 X30 Y30
G0 F3600 X48.201 Y57.864
M204 S500
M205 X10 Y10
G1 F1200 X46.545 Y59.52 E1432.64244
M204 S2000
M205 X30 Y30
G0 F3600 X46.545 Y58.813
M204 S500
M205 X10 Y10
G1 F1200 X47.494 Y57.864 E1432.71219
M204 S2000
M205 X30 Y30
G0 F3600 X46.787 Y57.864
M204 S500
M205 X10 Y10
G1 F1200 X46.545 Y58.106 E1432.72998
M204 S2000
M205 X30 Y30
;MESH:NONMESH
G0 F600 X46.545 Y58.106 Z33.3
G0 F3600 X41.309 Y57.397
;TIME_ELAPSED:1730.727681
;LAYER:132
M204 S500
M205 X10 Y10
;TYPE:FILL
;MESH:PLATempTower
G1 F2400 X46.13 Y62.218 E1433.02523
G1 X46.342 Y62.43
M204 S2000
M205 X30 Y30
G0 F3600 X43.923 Y62.368
M204 S500
M205 X10 Y10
G1 F2400 X41.309 Y59.755 E1433.18529
G1 X41.097 Y59.543
M204 S2000
M205 X30 Y30
G0 F3600 X41.309 Y62.112
M204 S500
M205 X10 Y10
G1 F2400 X41.565 Y62.368 E1433.20097
M204 S2000
M205 X30 Y30
G0 F3600 X46.13 Y59.86
M204 S500
M205 X10 Y10
G1 F2400 X43.618 Y57.349 E1433.35478
G1 X43.406 Y57.137
M204 S2000
M205 X30 Y30
G0 F3600 X45.976 Y57.349
M204 S500
M205 X10 Y10
G1 F2400 X46.13 Y57.503 E1433.36421
M204 S2000
M205 X30 Y30
G0 F3600 X74.789 Y57.872
M204 S500
M205 X10 Y10
G1 F2400 X79.286 Y62.369 E1433.63963
G1 X79.498 Y62.581
M204 S2000
M205 X30 Y30
G0 F3600 X79.609 Y60.335
M204 S500
M205 X10 Y10
G1 F2400 X76.624 Y57.35 E1433.82244
G1 X76.412 Y57.138
M204 S2000
M205 X30 Y30
G0 F3600 X78.982 Y57.35
M204 S500
M205 X10 Y10
G1 F2400 X79.609 Y57.977 E1433.86084
M204 S2000
M205 X30 Y30
G0 F3600 X76.928 Y62.369
M204 S500
M205 X10 Y10
G1 F2400 X74.789 Y60.229 E1433.99187
G1 X74.577 Y60.017
M204 S2000
M205 X30 Y30
G0 F3600 X79.81 Y62.57
M204 S500
M205 X10 Y10
;TYPE:WALL-INNER
G1 F2400 X41.11 Y62.57 E1435.6678
G1 X41.11 Y57.15 E1435.90252
G1 X79.81 Y57.15 E1437.57845
G1 X79.81 Y62.058 E1437.79099
G0 F1920 X79.81 Y62.57
M204 S2000
M205 X30 Y30
G0 F3600 X80.31 Y63.07
M204 S500
M205 X10 Y10
G1 F2400 X40.61 Y63.07 E1439.51023
G1 X40.61 Y56.65 E1439.78826
G1 X80.31 Y56.65 E1441.50749
G1 X80.31 Y62.558 E1441.76334
G0 F1920 X80.31 Y63.07
M204 S2000
M205 X30 Y30
G0 F3600 X80.81 Y63.57
M204 S500
M205 X10 Y10
;TYPE:WALL-OUTER
G1 F1200 X40.11 Y63.57 E1443.52589
G1 X40.11 Y56.15 E1443.84721
G1 X80.81 Y56.15 E1445.60976
G1 X80.81 Y63.058 E1445.90891
G0 F960 X80.81 Y63.57
M204 S2000
M205 X30 Y30
G0 F3600 X80.56 Y63.57
G0 X80.24 Y63
G0 X74.6 Y62.08
M204 S500
M205 X10 Y10
;TYPE:SKIN
G1 F1200 X46.32 Y62.08 E1447.3786
G1 X46.32 Y57.64 E1447.60934
G1 X74.6 Y57.64 E1449.07902
G1 X74.6 Y61.568 E1449.28316
G0 F960 X74.6 Y62.08
M204 S2000
M205 X30 Y30
G0 F3600 X74.374 Y58.11
M204 S500
M205 X10 Y10
G1 F1200 X74.128 Y57.864 E1449.30123
M204 S2000
M205 X30 Y30
G0 F3600 X73.421 Y57.864
M204 S500
M205 X10 Y10
G1 F1200 X74.374 Y58.817 E1449.37128
M204 S2000
M205 X30 Y30
G0 F3600 X74.374 Y59.524
M204 S500
M205 X10 Y10
G1 F1200 X72.713 Y57.864 E1449.49331
M204 S2000
M205 X30 Y30
G0 F3600 X72.006 Y57.864
M204 S500
M205 X10 Y10
G1 F1200 X74.374 Y60.232 E1449.66735
M204 S2000
M205 X30 Y30
G0 F3600 X74.374 Y60.939
M204 S500
M205 X10 Y10
G1 F1200 X71.299 Y57.864 E1449.89335
M204 S2000
M205 X30 Y30
G0 F3600 X70.592 Y57.864
M204 S500
M205 X10 Y10
G1 F1200 X74.374 Y61.646 E1450.17131
M204 S2000
M205 X30 Y30
G0 F3600 X73.875 Y61.854
M204 S500
M205 X10 Y10
G1 F1200 X69.885 Y57.864 E1450.46455
M204 S2000
M205 X30 Y30
G0 F3600 X69.178 Y57.864
M204 S500
M205 X10 Y10
G1 F1200 X73.168 Y61.854 E1450.7578
M204 S2000
M205 X30 Y30
G0 F3600 X72.461 Y61.854
M204 S500
M205 X10 Y10
G1 F1200 X68.471 Y57.864 E1451.05105
M204 S2000
M205 X30 Y30
G0 F3600 X67.764 Y57.864
M204 S500
M205 X10 Y10
G1 F1200 X71.754 Y61.854 E1451.34429
M204 S2000
M205 X30 Y30
G0 F3600 X71.047 Y61.854
M204 S500
M205 X10 Y10
G1 F1200 X67.057 Y57.864 E1451.63754
M204 S2000
M205 X30 Y30
G0 F3600 X66.349 Y57.864
M204 S500
M205 X10 Y10
G1 F1200 X70.34 Y61.854 E1451.93082
M204 S2000
M205 X30 Y30
G0 F3600 X69.633 Y61.854
M204 S500
M205 X10 Y10
G1 F1200 X65.642 Y57.864 E1452.2241
M204 S2000
M205 X30 Y30
G0 F3600 X64.935 Y57.864
M204 S500
M205 X10 Y10
G1 F1200 X68.925 Y61.854 E1452.51735
M204 S2000
M205 X30 Y30
G0 F3600 X68.218 Y61.854
M204 S500
M205 X10 Y10
G1 F1200 X64.228 Y57.864 E1452.81059
M204 S2000
M205 X30 Y30
G0 F3600 X63.521 Y57.864
M204 S500
M205 X10 Y10
G1 F1200 X67.511 Y61.854 E1453.10384
M204 S2000
M205 X30 Y30
G0 F3600 X66.804 Y61.854
M204 S500
M205 X10 Y10
G1 F1200 X62.814 Y57.864 E1453.39709
M204 S2000
M205 X30 Y30
G0 F3600 X62.107 Y57.864
M204 S500
M205 X10 Y10
G1 F1200 X66.097 Y61.854 E1453.69033
M204 S2000
M205 X30 Y30
G0 F3600 X65.39 Y61.854
M204 S500
M205 X10 Y10
G1 F1200 X61.4 Y57.864 E1453.98358
M204 S2000
M205 X30 Y30
G0 F3600 X60.693 Y57.864
M204 S500
M205 X10 Y10
G1 F1200 X64.683 Y61.854 E1454.27682
M204 S2000
M205 X30 Y30
G0 F3600 X63.976 Y61.854
M204 S500
M205 X10 Y10
G1 F1200 X59.985 Y57.864 E1454.57011
M204 S2000
M205 X30 Y30
G0 F3600 X59.278 Y57.864
M204 S500
M205 X10 Y10
G1 F1200 X63.269 Y61.854 E1454.86339
M204 S2000
M205 X30 Y30
G0 F3600 X62.561 Y61.854
M204 S500
M205 X10 Y10
G1 F1200 X58.571 Y57.864 E1455.15664
M204 S2000
M205 X30 Y30
G0 F3600 X57.864 Y57.864
M204 S500
M205 X10 Y10
G1 F1200 X61.854 Y61.854 E1455.44988
M204 S2000
M205 X30 Y30
G0 F3600 X61.147 Y61.854
M204 S500
M205 X10 Y10
G1 F1200 X57.157 Y57.864 E1455.74313
M204 S2000
M205 X30 Y30
G0 F3600 X56.45 Y57.864
M204 S500
M205 X10 Y10
G1 F1200 X60.439 Y61.854 E1456.03634
M204 S2000
M205 X30 Y30
G0 F3600 X59.732 Y61.854
M204 S500
M205 X10 Y10
G1 F1200 X55.743 Y57.864 E1456.32955
M204 S2000
M205 X30 Y30
G0 F3600 X55.036 Y57.864
M204 S500
M205 X10 Y10
G1 F1200 X59.025 Y61.854 E1456.62275
M204 S2000
M205 X30 Y30
G0 F3600 X58.318 Y61.854
M204 S500
M205 X10 Y10
G1 F1200 X54.329 Y57.864 E1456.91596
M204 S2000
M205 X30 Y30
G0 F3600 X53.622 Y57.864
M204 S500
M205 X10 Y10
G1 F1200 X57.611 Y61.854 E1457.20917
M204 S2000
M205 X30 Y30
G0 F3600 X56.904 Y61.854
M204 S500
M205 X10 Y10
G1 F1200 X52.914 Y57.864 E1457.50242
M204 S2000
M205 X30 Y30
G0 F3600 X52.207 Y57.864
M204 S500
M205 X10 Y10
G1 F1200 X56.197 Y61.854 E1457.79566
M204 S2000
M205 X30 Y30
G0 F3600 X55.49 Y61.854
M204 S500
M205 X10 Y10
G1 F1200 X51.5 Y57.864 E1458.08891
M204 S2000
M205 X30 Y30
G0 F3600 X50.793 Y57.864
M204 S500
M205 X10 Y10
G1 F1200 X54.783 Y61.854 E1458.38216
M204 S2000
M205 X30 Y30
G0 F3600 X54.075 Y61.854
M204 S500
M205 X10 Y10
G1 F1200 X50.086 Y57.864 E1458.67537
M204 S2000
M205 X30 Y30
G0 F3600 X49.379 Y57.864
M204 S500
M205 X10 Y10
G1 F1200 X53.368 Y61.854 E1458.96857
M204 S2000
M205 X30 Y30
G0 F3600 X52.661 Y61.854
M204 S500
M205 X10 Y10
G1 F1200 X48.672 Y57.864 E1459.26178
M204 S2000
M205 X30 Y30
G0 F3600 X47.965 Y57.864
M204 S500
M205 X10 Y10
G1 F1200 X51.954 Y61.854 E1459.55499
M204 S2000
M205 X30 Y30
G0 F3600 X51.247 Y61.854
M204 S500
M205 X10 Y10
G1 F1200 X47.258 Y57.864 E1459.8482
M204 S2000
M205 X30 Y30
G0 F3600 X46.55 Y57.864
M204 S500
M205 X10 Y10
G1 F1200 X50.54 Y61.854 E1460.14145
M204 S2000
M205 X30 Y30
G0 F3600 X49.833 Y61.854
M204 S500
M205 X10 Y10
G1 F1200 X46.545 Y58.566 E1460.3831
M204 S2000
M205 X30 Y30
G0 F3600 X46.545 Y59.273
M204 S500
M205 X10 Y10
G1 F1200 X49.126 Y61.854 E1460.57279
M204 S2000
M205 X30 Y30
G0 F3600 X48.419 Y61.854
M204 S500
M205 X10 Y10
G1 F1200 X46.545 Y59.98 E1460.71052
M204 S2000
M205 X30 Y30
G0 F3600 X46.545 Y60.687
M204 S500
M205 X10 Y10
G1 F1200 X47.712 Y61.854 E1460.79629
M204 S2000
M205 X30 Y30
G0 F3600 X47.004 Y61.854
M204 S500
M205 X10 Y10
G1 F1200 X46.545 Y61.394 E1460.83006
M204 S2000
M205 X30 Y30
;MESH:NONMESH
G0 F600 X46.545 Y61.394 Z33.55
G0 F3600 X41.648 Y57.548
;TIME_ELAPSED:1759.511668
;LAYER:133
M204 S500
M205 X10 Y10
;TYPE:FILL
;MESH:PLATempTower
G1 F2400 X41.509 Y57.687 E1460.83857
M204 S2000
M205 X30 Y30
G0 F3600 X41.509 Y60.044
M204 S500
M205 X10 Y10
G1 F2400 X44.006 Y57.548 E1460.99147
G1 X44.218 Y57.336
M204 S2000
M205 X30 Y30
G0 F3600 X46.129 Y57.782
M204 S500
M205 X10 Y10
G1 F2400 X41.743 Y62.168 E1461.26008
G1 X41.531 Y62.38
M204 S2000
M205 X30 Y30
G0 F3600 X44.1 Y62.168
M204 S500
M205 X10 Y10
G1 F2400 X46.129 Y60.14 E1461.38432
G1 X46.341 Y59.928
M204 S2000
M205 X30 Y30
G0 F3600 X46.33 Y62.37
M204 S500
M205 X10 Y10
;TYPE:WALL-INNER
G1 F2400 X41.31 Y62.37 E1461.60171
G1 X41.31 Y57.35 E1461.8191
G1 X46.33 Y57.35 E1462.0365
G1 X46.33 Y61.858 E1462.23172
G0 F1920 X46.33 Y62.37
M204 S2000
M205 X30 Y30
G0 F3600 X46.83 Y62.87
M204 S500
M205 X10 Y10
G1 F2400 X40.81 Y62.87 E1462.49242
G1 X40.81 Y56.85 E1462.75312
G1 X46.83 Y56.85 E1463.01382
G1 X46.83 Y62.358 E1463.25235
G0 F1920 X46.83 Y62.87
M204 S2000
M205 X30 Y30
G0 F3600 X47.33 Y63.37
M204 S500
M205 X10 Y10
;TYPE:WALL-OUTER
G1 F1200 X40.31 Y63.37 E1463.55636
G1 X40.31 Y56.35 E1463.86036
G1 X47.33 Y56.35 E1464.16437
G1 X47.33 Y62.858 E1464.4462
G0 F960 X47.33 Y63.37
M204 S2000
M205 X30 Y30
G0 F3600 X47.08 Y63.37
G0 X46.33 Y62.517
G1 F2700 E1460.4462
G0 F3600 X48.245 Y62.127
G0 X72.675 Y62.127
G0 X74.11 Y62.127
G0 X74.789 Y62.127
M204 S500
M205 X10 Y10
;TYPE:FILL
G1 F2700 E1464.4462
G1 F2400 X79.367 Y57.55 E1464.72655
G1 X79.579 Y57.338
M204 S2000
M205 X30 Y30
G0 F3600 X79.409 Y59.865
M204 S500
M205 X10 Y10
G1 F2400 X77.104 Y62.17 E1464.86771
G1 X76.892 Y62.382
M204 S2000
M205 X30 Y30
G0 F3600 X74.789 Y59.77
M204 S500
M205 X10 Y10
G1 F2400 X77.009 Y57.55 E1465.00367
G1 X77.221 Y57.338
M204 S2000
M205 X30 Y30
G0 F3600 X79.61 Y62.37
M204 S500
M205 X10 Y10
;TYPE:WALL-INNER
G1 F2400 X74.59 Y62.37 E1465.22107
G1 X74.59 Y57.35 E1465.43846
G1 X79.61 Y57.35 E1465.65586
G1 X79.61 Y61.858 E1465.85108
G0 F1920 X79.61 Y62.37
M204 S2000
M205 X30 Y30
G0 F3600 X80.11 Y62.87
M204 S500
M205 X10 Y10
G1 F2400 X74.09 Y62.87 E1466.11178
G1 X74.09 Y56.85 E1466.37248
G1 X80.11 Y56.85 E1466.63318
G1 X80.11 Y62.358 E1466.87171
G0 F1920 X80.11 Y62.87
M204 S2000
M205 X30 Y30
G0 F3600 X80.61 Y63.37
M204 S500
M205 X10 Y10
;TYPE:WALL-OUTER
G1 F1200 X73.59 Y63.37 E1467.17572
G1 X73.59 Y56.35 E1467.47972
G1 X80.61 Y56.35 E1467.78373
G1 X80.61 Y62.858 E1468.06556
G0 F960 X80.61 Y63.37
M204 S2000
M205 X30 Y30
G0 F3600 X80.36 Y63.37
G0 X79.61 Y62.517
G1 F2700 E1464.06556
;MESH:NONMESH
G0 F600 X79.61 Y62.517 Z33.8
G0 F3600 X74.11 Y57.598
G0 X72.675 Y57.598
G0 X48.245 Y57.598
G0 X46.81 Y57.598
G0 X41.509 Y57.598
;TIME_ELAPSED:1768.700586
;LAYER:134
;[CAZD:
M104 S195.0 T0
;:CAZD]
M204 S500
M205 X10 Y10
;TYPE:FILL
;MESH:PLATempTower
G1 F2700 E1468.06556
G1 F2400 X46.08 Y62.168 E1468.34548
G1 X46.292 Y62.38
M204 S2000
M205 X30 Y30
G0 F3600 X46.13 Y59.86
M204 S500
M205 X10 Y10
G1 F2400 X43.818 Y57.549 E1468.48704
G1 X43.606 Y57.337
M204 S2000
M205 X30 Y30
G0 F3600 X41.509 Y59.955
M204 S500
M205 X10 Y10
G1 F2400 X43.723 Y62.168 E1468.6226
G1 X43.935 Y62.38
M204 S2000
M205 X30 Y30
G0 F3600 X46.33 Y62.37
M204 S500
M205 X10 Y10
;TYPE:WALL-INNER
G1 F2400 X41.31 Y62.37 E1468.84
G1 X41.31 Y57.35 E1469.05739
G1 X46.33 Y57.35 E1469.27479
G1 X46.33 Y61.858 E1469.47001
G0 F1920 X46.33 Y62.37
M204 S2000
M205 X30 Y30
G0 F3600 X46.83 Y62.87
M204 S500
M205 X10 Y10
G1 F2400 X40.81 Y62.87 E1469.73071
G1 X40.81 Y56.85 E1469.99141
G1 X46.83 Y56.85 E1470.25211
G1 X46.83 Y62.358 E1470.49064
G0 F1920 X46.83 Y62.87
M204 S2000
M205 X30 Y30
G0 F3600 X47.33 Y63.37
M204 S500
M205 X10 Y10
;TYPE:WALL-OUTER
G1 F1200 X40.31 Y63.37 E1470.79465
G1 X40.31 Y56.35 E1471.09865
G1 X47.33 Y56.35 E1471.40266
G1 X47.33 Y62.858 E1471.68449
G0 F960 X47.33 Y63.37
M204 S2000
M205 X30 Y30
G0 F3600 X47.08 Y63.37
G0 X46.33 Y62.517
G1 F2700 E1467.68449
G0 F3600 X46.81 Y60.229
G0 X48.245 Y60.229
G0 X72.675 Y60.229
G0 X74.11 Y60.229
G0 X74.789 Y60.229
M204 S500
M205 X10 Y10
;TYPE:FILL
G1 F2700 E1471.68449
G1 F2400 X76.729 Y62.17 E1471.80333
G1 X76.941 Y62.382
M204 S2000
M205 X30 Y30
G0 F3600 X79.087 Y62.17
M204 S500
M205 X10 Y10
G1 F2400 X74.789 Y57.872 E1472.06656
G1 X74.577 Y57.66
M204 S2000
M205 X30 Y30
G0 F3600 X76.824 Y57.55
M204 S500
M205 X10 Y10
G1 F2400 X79.409 Y60.135 E1472.22487
G1 X79.621 Y60.347
M204 S2000
M205 X30 Y30
G0 F3600 X79.409 Y57.777
M204 S500
M205 X10 Y10
G1 F2400 X79.181 Y57.55 E1472.23881
M204 S2000
M205 X30 Y30
G0 F3600 X79.61 Y62.37
M204 S500
M205 X10 Y10
;TYPE:WALL-INNER
G1 F2400 X74.59 Y62.37 E1472.4562
G1 X74.59 Y57.35 E1472.6736
G1 X79.61 Y57.35 E1472.89099
G1 X79.61 Y61.858 E1473.08621
G0 F1920 X79.61 Y62.37
M204 S2000
M205 X30 Y30
G0 F3600 X80.11 Y62.87
M204 S500
M205 X10 Y10
G1 F2400 X74.09 Y62.87 E1473.34691
G1 X74.09 Y56.85 E1473.60761
G1 X80.11 Y56.85 E1473.86832
G1 X80.11 Y62.358 E1474.10684
G0 F1920 X80.11 Y62.87
M204 S2000
M205 X30 Y30
G0 F3600 X80.61 Y63.37
M204 S500
M205 X10 Y10
;TYPE:WALL-OUTER
G1 F1200 X73.59 Y63.37 E1474.41085
G1 X73.59 Y56.35 E1474.71486
G1 X80.61 Y56.35 E1475.01886
G1 X80.61 Y62.858 E1475.3007
G0 F960 X80.61 Y63.37
M204 S2000
M205 X30 Y30
G0 F3600 X80.36 Y63.37
G0 X79.61 Y62.517
G1 F2700 E1471.3007
;MESH:NONMESH
G0 F600 X79.61 Y62.517 Z34.05
G0 F3600 X74.11 Y57.548
G0 X72.675 Y57.548
G0 X48.245 Y57.548
G0 X46.81 Y57.548
G0 X41.648 Y57.548
;TIME_ELAPSED:1778.066320
;LAYER:135
M204 S500
M205 X10 Y10
;TYPE:FILL
;MESH:PLATempTower
G1 F2700 E1475.3007
G1 F2400 X41.509 Y57.687 E1475.30921
M204 S2000
M205 X30 Y30
G0 F3600 X41.509 Y60.044
M204 S500
M205 X10 Y10
G1 F2400 X44.006 Y57.548 E1475.4621
G1 X44.218 Y57.336
M204 S2000
M205 X30 Y30
G0 F3600 X46.129 Y57.782
M204 S500
M205 X10 Y10
G1 F2400 X41.743 Y62.168 E1475.73072
G1 X41.531 Y62.38
M204 S2000
M205 X30 Y30
G0 F3600 X44.1 Y62.168
M204 S500
M205 X10 Y10
G1 F2400 X46.129 Y60.14 E1475.85495
G1 X46.341 Y59.928
M204 S2000
M205 X30 Y30
G0 F3600 X46.33 Y62.37
M204 S500
M205 X10 Y10
;TYPE:WALL-INNER
G1 F2400 X41.31 Y62.37 E1476.07234
G1 X41.31 Y57.35 E1476.28974
G1 X46.33 Y57.35 E1476.50713
G1 X46.33 Y61.858 E1476.70236
G0 F1920 X46.33 Y62.37
M204 S2000
M205 X30 Y30
G0 F3600 X46.83 Y62.87
M204 S500
M205 X10 Y10
G1 F2400 X40.81 Y62.87 E1476.96306
G1 X40.81 Y56.85 E1477.22376
G1 X46.83 Y56.85 E1477.48446
G1 X46.83 Y62.358 E1477.72299
G0 F1920 X46.83 Y62.87
M204 S2000
M205 X30 Y30
G0 F3600 X47.33 Y63.37
M204 S500
M205 X10 Y10
;TYPE:WALL-OUTER
G1 F1200 X40.31 Y63.37 E1478.02699
G1 X40.31 Y56.35 E1478.331
G1 X47.33 Y56.35 E1478.63501
G1 X47.33 Y62.858 E1478.91684
G0 F960 X47.33 Y63.37
M204 S2000
M205 X30 Y30
G0 F3600 X47.08 Y63.37
G0 X46.33 Y62.517
G1 F2700 E1474.91684
G0 F3600 X48.245 Y62.127
G0 X72.675 Y62.127
G0 X74.11 Y62.127
G0 X74.789 Y62.127
M204 S500
M205 X10 Y10
;TYPE:FILL
G1 F2700 E1478.91684
G1 F2400 X79.367 Y57.55 E1479.19718
G1 X79.579 Y57.338
M204 S2000
M205 X30 Y30
G0 F3600 X79.409 Y59.865
M204 S500
M205 X10 Y10
G1 F2400 X77.104 Y62.17 E1479.33835
G1 X76.892 Y62.382
M204 S2000
M205 X30 Y30
G0 F3600 X74.789 Y59.77
M204 S500
M205 X10 Y10
G1 F2400 X77.009 Y57.55 E1479.47431
G1 X77.221 Y57.338
M204 S2000
M205 X30 Y30
G0 F3600 X79.61 Y62.37
M204 S500
M205 X10 Y10
;TYPE:WALL-INNER
G1 F2400 X74.59 Y62.37 E1479.6917
G1 X74.59 Y57.35 E1479.9091
G1 X79.61 Y57.35 E1480.12649
G1 X79.61 Y61.858 E1480.32171
G0 F1920 X79.61 Y62.37
M204 S2000
M205 X30 Y30
G0 F3600 X80.11 Y62.87
M204 S500
M205 X10 Y10
G1 F2400 X74.09 Y62.87 E1480.58242
G1 X74.09 Y56.85 E1480.84312
G1 X80.11 Y56.85 E1481.10382
G1 X80.11 Y62.358 E1481.34234
G0 F1920 X80.11 Y62.87
M204 S2000
M205 X30 Y30
G0 F3600 X80.61 Y63.37
M204 S500
M205 X10 Y10
;TYPE:WALL-OUTER
G1 F1200 X73.59 Y63.37 E1481.64635
G1 X73.59 Y56.35 E1481.95036
G1 X80.61 Y56.35 E1482.25436
G1 X80.61 Y62.858 E1482.5362
G0 F960 X80.61 Y63.37
M204 S2000
M205 X30 Y30
G0 F3600 X80.36 Y63.37
G0 X79.61 Y62.517
G1 F2700 E1478.5362
;MESH:NONMESH
G0 F600 X79.61 Y62.517 Z34.3
G0 F3600 X74.11 Y57.397
G0 X72.675 Y57.397
G0 X48.245 Y57.397
G0 X46.81 Y57.397
G0 X41.309 Y57.397
;TIME_ELAPSED:1787.426971
;LAYER:136
M204 S500
M205 X10 Y10
;TYPE:FILL
;MESH:PLATempTower
G1 F2700 E1482.5362
G1 F2400 X46.28 Y62.368 E1482.84064
G1 X46.492 Y62.58
M204 S2000
M205 X30 Y30
G0 F3600 X46.33 Y60.06
M204 S500
M205 X10 Y10
G1 F2400 X43.618 Y57.349 E1483.0067
G1 X43.406 Y57.137
M204 S2000
M205 X30 Y30
G0 F3600 X45.976 Y57.349
M204 S500
M205 X10 Y10
G1 F2400 X46.33 Y57.703 E1483.02838
M204 S2000
M205 X30 Y30
G0 F3600 X43.923 Y62.368
M204 S500
M205 X10 Y10
G1 F2400 X41.309 Y59.755 E1483.18844
G1 X41.097 Y59.543
M204 S2000
M205 X30 Y30
G0 F3600 X41.309 Y62.112
M204 S500
M205 X10 Y10
G1 F2400 X41.565 Y62.368 E1483.20412
M204 S2000
M205 X30 Y30
G0 F3600 X46.53 Y62.57
M204 S500
M205 X10 Y10
;TYPE:WALL-INNER
G1 F2400 X41.11 Y62.57 E1483.43884
G1 X41.11 Y57.15 E1483.67355
G1 X46.53 Y57.15 E1483.90827
G1 X46.53 Y62.058 E1484.12081
G0 F1920 X46.53 Y62.57
M204 S2000
M205 X30 Y30
G0 F3600 X47.03 Y63.07
M204 S500
M205 X10 Y10
G1 F2400 X40.61 Y63.07 E1484.39884
G1 X40.61 Y56.65 E1484.67686
G1 X47.03 Y56.65 E1484.95488
G1 X47.03 Y62.558 E1485.21073
G0 F1920 X47.03 Y63.07
M204 S2000
M205 X30 Y30
G0 F3600 X47.53 Y63.57
M204 S500
M205 X10 Y10
;TYPE:WALL-OUTER
G1 F1200 X40.11 Y63.57 E1485.53206
G1 X40.11 Y56.15 E1485.85339
G1 X47.53 Y56.15 E1486.17472
G1 X47.53 Y63.058 E1486.47388
G0 F960 X47.53 Y63.57
M204 S2000
M205 X30 Y30
G0 F3600 X47.28 Y63.57
G0 X46.53 Y62.717
G1 F2700 E1482.47388
G0 F3600 X47.01 Y60.029
G0 X48.445 Y60.029
G0 X72.475 Y60.029
G0 X73.91 Y60.029
G0 X74.589 Y60.029
M204 S500
M205 X10 Y10
;TYPE:FILL
G1 F2700 E1486.47388
G1 F2400 X76.929 Y62.37 E1486.61722
G1 X77.141 Y62.582
M204 S2000
M205 X30 Y30
G0 F3600 X79.287 Y62.37
M204 S500
M205 X10 Y10
G1 F2400 X74.589 Y57.672 E1486.90494
G1 X74.377 Y57.46
M204 S2000
M205 X30 Y30
G0 F3600 X76.624 Y57.349
M204 S500
M205 X10 Y10
G1 F2400 X79.609 Y60.335 E1487.08778
G1 X79.821 Y60.547
M204 S2000
M205 X30 Y30
G0 F3600 X79.609 Y57.977
M204 S500
M205 X10 Y10
G1 F2400 X78.981 Y57.349 E1487.12624
M204 S2000
M205 X30 Y30
G0 F3600 X79.81 Y62.57
M204 S500
M205 X10 Y10
;TYPE:WALL-INNER
G1 F2400 X74.39 Y62.57 E1487.36096
G1 X74.39 Y57.15 E1487.59568
G1 X79.81 Y57.15 E1487.83039
G1 X79.81 Y62.058 E1488.04294
G0 F1920 X79.81 Y62.57
M204 S2000
M205 X30 Y30
G0 F3600 X80.31 Y63.07
M204 S500
M205 X10 Y10
G1 F2400 X73.89 Y63.07 E1488.32096
G1 X73.89 Y56.65 E1488.59898
G1 X80.31 Y56.65 E1488.87701
G1 X80.31 Y62.558 E1489.13286
G0 F1920 X80.31 Y63.07
M204 S2000
M205 X30 Y30
G0 F3600 X80.81 Y63.57
M204 S500
M205 X10 Y10
;TYPE:WALL-OUTER
G1 F1200 X73.39 Y63.57 E1489.45418
G1 X73.39 Y56.15 E1489.77551
G1 X80.81 Y56.15 E1490.09684
G1 X80.81 Y63.058 E1490.396
G0 F960 X80.81 Y63.57
M204 S2000
M205 X30 Y30
G0 F3600 X80.56 Y63.57
G0 X79.81 Y62.717
G1 F2700 E1486.396
;MESH:NONMESH
G0 F600 X79.81 Y62.717 Z34.55
G0 F3600 X73.91 Y57.349
G0 X72.475 Y57.349
G0 X48.445 Y57.349
G0 X47.01 Y57.349
G0 X41.847 Y57.349
;TIME_ELAPSED:1797.501279
;LAYER:137
M204 S500
M205 X10 Y10
;TYPE:FILL
;MESH:PLATempTower
G1 F2700 E1490.396
G1 F2400 X41.31 Y57.886 E1490.42889
M204 S2000
M205 X30 Y30
G0 F3600 X41.31 Y60.244
M204 S500
M205 X10 Y10
G1 F2400 X44.205 Y57.349 E1490.60619
G1 X44.417 Y57.137
M204 S2000
M205 X30 Y30
G0 F3600 X46.329 Y57.582
M204 S500
M205 X10 Y10
G1 F2400 X41.543 Y62.368 E1490.8993
G1 X41.331 Y62.58
M204 S2000
M205 X30 Y30
G0 F3600 X43.9 Y62.368
M204 S500
M205 X10 Y10
G1 F2400 X46.329 Y59.94 E1491.04803
G1 X46.541 Y59.728
M204 S2000
M205 X30 Y30
G0 F3600 X46.329 Y62.297
M204 S500
M205 X10 Y10
G1 F2400 X46.258 Y62.368 E1491.05238
M204 S2000
M205 X30 Y30
G0 F3600 X46.53 Y62.57
M204 S500
M205 X10 Y10
;TYPE:WALL-INNER
G1 F2400 X41.11 Y62.57 E1491.28709
G1 X41.11 Y57.15 E1491.52181
G1 X46.53 Y57.15 E1491.75653
G1 X46.53 Y62.058 E1491.96907
G0 F1920 X46.53 Y62.57
M204 S2000
M205 X30 Y30
G0 F3600 X47.03 Y63.07
M204 S500
M205 X10 Y10
G1 F2400 X40.61 Y63.07 E1492.24709
G1 X40.61 Y56.65 E1492.52512
G1 X47.03 Y56.65 E1492.80314
G1 X47.03 Y62.558 E1493.05899
G0 F1920 X47.03 Y63.07
M204 S2000
M205 X30 Y30
G0 F3600 X47.53 Y63.57
M204 S500
M205 X10 Y10
;TYPE:WALL-OUTER
G1 F1200 X40.11 Y63.57 E1493.38032
G1 X40.11 Y56.15 E1493.70165
G1 X47.53 Y56.15 E1494.02298
G1 X47.53 Y63.058 E1494.32213
G0 F960 X47.53 Y63.57
M204 S2000
M205 X30 Y30
G0 F3600 X47.28 Y63.57
G0 X46.53 Y62.717
G1 F2700 E1490.32213
G0 F3600 X48.445 Y62.327
G0 X72.475 Y62.327
G0 X73.91 Y62.327
G0 X74.589 Y62.327
M204 S500
M205 X10 Y10
;TYPE:FILL
G1 F2700 E1494.32213
G1 F2400 X79.567 Y57.349 E1494.627
G1 X79.779 Y57.137
M204 S2000
M205 X30 Y30
G0 F3600 X79.609 Y59.664
M204 S500
M205 X10 Y10
G1 F2400 X76.904 Y62.37 E1494.7927
G1 X76.692 Y62.582
M204 S2000
M205 X30 Y30
G0 F3600 X79.261 Y62.37
M204 S500
M205 X10 Y10
G1 F2400 X79.609 Y62.022 E1494.81401
M204 S2000
M205 X30 Y30
G0 F3600 X77.209 Y57.349
M204 S500
M205 X10 Y10
G1 F2400 X74.589 Y59.97 E1494.9745
G1 X74.377 Y60.182
M204 S2000
M205 X30 Y30
G0 F3600 X74.589 Y57.612
M204 S500
M205 X10 Y10
G1 F2400 X74.852 Y57.349 E1494.99061
M204 S2000
M205 X30 Y30
G0 F3600 X79.81 Y62.57
M204 S500
M205 X10 Y10
;TYPE:WALL-INNER
G1 F2400 X74.39 Y62.57 E1495.22532
G1 X74.39 Y57.15 E1495.46004
G1 X79.81 Y57.15 E1495.69476
G1 X79.81 Y62.058 E1495.9073
G0 F1920 X79.81 Y62.57
M204 S2000
M205 X30 Y30
G0 F3600 X80.31 Y63.07
M204 S500
M205 X10 Y10
G1 F2400 X73.89 Y63.07 E1496.18532
G1 X73.89 Y56.65 E1496.46335
G1 X80.31 Y56.65 E1496.74137
G1 X80.31 Y62.558 E1496.99722
G0 F1920 X80.31 Y63.07
M204 S2000
M205 X30 Y30
G0 F3600 X80.81 Y63.57
M204 S500
M205 X10 Y10
;TYPE:WALL-OUTER
G1 F1200 X73.39 Y63.57 E1497.31855
G1 X73.39 Y56.15 E1497.63988
G1 X80.81 Y56.15 E1497.96121
G1 X80.81 Y63.058 E1498.26036
G0 F960 X80.81 Y63.57
M204 S2000
M205 X30 Y30
G0 F3600 X80.56 Y63.57
G0 X79.81 Y62.717
G1 F2700 E1494.26036
;MESH:NONMESH
G0 F600 X79.81 Y62.717 Z34.8
G0 F3600 X73.91 Y57.397
G0 X72.475 Y57.397
G0 X48.445 Y57.397
G0 X47.01 Y57.397
G0 X41.309 Y57.397
;TIME_ELAPSED:1807.556555
;LAYER:138
M204 S500
M205 X10 Y10
;TYPE:FILL
;MESH:PLATempTower
G1 F2700 E1498.26036
G1 F2400 X46.28 Y62.368 E1498.5648
G1 X46.492 Y62.58
M204 S2000
M205 X30 Y30
G0 F3600 X46.33 Y60.06
M204 S500
M205 X10 Y10
G1 F2400 X43.618 Y57.349 E1498.73087
G1 X43.406 Y57.137
M204 S2000
M205 X30 Y30
G0 F3600 X45.976 Y57.349
M204 S500
M205 X10 Y10
G1 F2400 X46.33 Y57.703 E1498.75255
M204 S2000
M205 X30 Y30
G0 F3600 X43.923 Y62.368
M204 S500
M205 X10 Y10
G1 F2400 X41.309 Y59.755 E1498.91261
G1 X41.097 Y59.543
M204 S2000
M205 X30 Y30
G0 F3600 X41.309 Y62.112
M204 S500
M205 X10 Y10
G1 F2400 X41.565 Y62.368 E1498.92828
M204 S2000
M205 X30 Y30
G0 F3600 X46.53 Y62.57
M204 S500
M205 X10 Y10
;TYPE:WALL-INNER
G1 F2400 X41.11 Y62.57 E1499.163
G1 X41.11 Y57.15 E1499.39772
G1 X46.53 Y57.15 E1499.63244
G1 X46.53 Y62.058 E1499.84498
G0 F1920 X46.53 Y62.57
M204 S2000
M205 X30 Y30
G0 F3600 X47.03 Y63.07
M204 S500
M205 X10 Y10
G1 F2400 X40.61 Y63.07 E1500.123
G1 X40.61 Y56.65 E1500.40103
G1 X47.03 Y56.65 E1500.67905
G1 X47.03 Y62.558 E1500.9349
G0 F1920 X47.03 Y63.07
M204 S2000
M205 X30 Y30
G0 F3600 X47.53 Y63.57
M204 S500
M205 X10 Y10
;TYPE:WALL-OUTER
G1 F1200 X40.11 Y63.57 E1501.25623
G1 X40.11 Y56.15 E1501.57756
G1 X47.53 Y56.15 E1501.89888
G1 X47.53 Y63.058 E1502.19804
G0 F960 X47.53 Y63.57
M204 S2000
M205 X30 Y30
G0 F3600 X47.28 Y63.57
G0 X46.53 Y62.717
G1 F2700 E1498.19804
G0 F3600 X47.01 Y60.029
G0 X48.445 Y60.029
G0 X72.475 Y60.029
G0 X73.91 Y60.029
G0 X74.589 Y60.029
M204 S500
M205 X10 Y10
;TYPE:FILL
G1 F2700 E1502.19804
G1 F2400 X76.929 Y62.37 E1502.34138
G1 X77.141 Y62.582
M204 S2000
M205 X30 Y30
G0 F3600 X79.287 Y62.37
M204 S500
M205 X10 Y10
G1 F2400 X74.589 Y57.672 E1502.6291
G1 X74.377 Y57.46
M204 S2000
M205 X30 Y30
G0 F3600 X76.624 Y57.349
M204 S500
M205 X10 Y10
G1 F2400 X79.609 Y60.335 E1502.81195
G1 X79.821 Y60.547
M204 S2000
M205 X30 Y30
G0 F3600 X79.609 Y57.977
M204 S500
M205 X10 Y10
G1 F2400 X78.981 Y57.349 E1502.85041
M204 S2000
M205 X30 Y30
G0 F3600 X79.81 Y62.57
M204 S500
M205 X10 Y10
;TYPE:WALL-INNER
G1 F2400 X74.39 Y62.57 E1503.08512
G1 X74.39 Y57.15 E1503.31984
G1 X79.81 Y57.15 E1503.55456
G1 X79.81 Y62.058 E1503.7671
G0 F1920 X79.81 Y62.57
M204 S2000
M205 X30 Y30
G0 F3600 X80.31 Y63.07
M204 S500
M205 X10 Y10
G1 F2400 X73.89 Y63.07 E1504.04513
G1 X73.89 Y56.65 E1504.32315
G1 X80.31 Y56.65 E1504.60117
G1 X80.31 Y62.558 E1504.85702
G0 F1920 X80.31 Y63.07
M204 S2000
M205 X30 Y30
G0 F3600 X80.81 Y63.57
M204 S500
M205 X10 Y10
;TYPE:WALL-OUTER
G1 F1200 X73.39 Y63.57 E1505.17835
G1 X73.39 Y56.15 E1505.49968
G1 X80.81 Y56.15 E1505.82101
G1 X80.81 Y63.058 E1506.12016
G0 F960 X80.81 Y63.57
M204 S2000
M205 X30 Y30
G0 F3600 X80.56 Y63.57
G0 X79.81 Y62.717
G1 F2700 E1502.12016
;MESH:NONMESH
G0 F600 X79.81 Y62.717 Z35.05
G0 F3600 X73.91 Y57.349
G0 X72.475 Y57.349
G0 X48.445 Y57.349
G0 X47.01 Y57.349
G0 X41.847 Y57.349
;TIME_ELAPSED:1817.630863
;LAYER:139
M204 S500
M205 X10 Y10
;TYPE:FILL
;MESH:PLATempTower
G1 F2700 E1506.12016
G1 F2400 X41.31 Y57.886 E1506.15305
M204 S2000
M205 X30 Y30
G0 F3600 X41.31 Y60.244
M204 S500
M205 X10 Y10
G1 F2400 X44.205 Y57.349 E1506.33035
G1 X44.417 Y57.137
M204 S2000
M205 X30 Y30
G0 F3600 X46.329 Y57.582
M204 S500
M205 X10 Y10
G1 F2400 X41.543 Y62.368 E1506.62346
G1 X41.331 Y62.58
M204 S2000
M205 X30 Y30
G0 F3600 X43.9 Y62.368
M204 S500
M205 X10 Y10
G1 F2400 X46.329 Y59.94 E1506.77219
G1 X46.541 Y59.728
M204 S2000
M205 X30 Y30
G0 F3600 X46.329 Y62.297
M204 S500
M205 X10 Y10
G1 F2400 X46.258 Y62.368 E1506.77654
M204 S2000
M205 X30 Y30
G0 F3600 X46.53 Y62.57
M204 S500
M205 X10 Y10
;TYPE:WALL-INNER
G1 F2400 X41.11 Y62.57 E1507.01126
G1 X41.11 Y57.15 E1507.24597
G1 X46.53 Y57.15 E1507.48069
G1 X46.53 Y62.058 E1507.69324
G0 F1920 X46.53 Y62.57
M204 S2000
M205 X30 Y30
G0 F3600 X47.03 Y63.07
M204 S500
M205 X10 Y10
G1 F2400 X40.61 Y63.07 E1507.97126
G1 X40.61 Y56.65 E1508.24928
G1 X47.03 Y56.65 E1508.5273
G1 X47.03 Y62.558 E1508.78316
G0 F1920 X47.03 Y63.07
M204 S2000
M205 X30 Y30
G0 F3600 X47.53 Y63.57
M204 S500
M205 X10 Y10
;TYPE:WALL-OUTER
G1 F1200 X40.11 Y63.57 E1509.10448
G1 X40.11 Y56.15 E1509.42581
G1 X47.53 Y56.15 E1509.74714
G1 X47.53 Y63.058 E1510.0463
G0 F960 X47.53 Y63.57
M204 S2000
M205 X30 Y30
G0 F3600 X47.28 Y63.57
G0 X46.53 Y62.717
G1 F2700 E1506.0463
G0 F3600 X48.445 Y62.327
G0 X72.475 Y62.327
G0 X73.91 Y62.327
G0 X74.589 Y62.327
M204 S500
M205 X10 Y10
;TYPE:FILL
G1 F2700 E1510.0463
G1 F2400 X79.567 Y57.349 E1510.35117
G1 X79.779 Y57.137
M204 S2000
M205 X30 Y30
G0 F3600 X79.609 Y59.664
M204 S500
M205 X10 Y10
G1 F2400 X76.904 Y62.37 E1510.51686
G1 X76.692 Y62.582
M204 S2000
M205 X30 Y30
G0 F3600 X79.261 Y62.37
M204 S500
M205 X10 Y10
G1 F2400 X79.609 Y62.022 E1510.53817
M204 S2000
M205 X30 Y30
G0 F3600 X77.209 Y57.349
M204 S500
M205 X10 Y10
G1 F2400 X74.589 Y59.97 E1510.69866
G1 X74.377 Y60.182
M204 S2000
M205 X30 Y30
G0 F3600 X74.589 Y57.612
M204 S500
M205 X10 Y10
G1 F2400 X74.852 Y57.349 E1510.71477
M204 S2000
M205 X30 Y30
G0 F3600 X79.81 Y62.57
M204 S500
M205 X10 Y10
;TYPE:WALL-INNER
G1 F2400 X74.39 Y62.57 E1510.94949
G1 X74.39 Y57.15 E1511.1842
G1 X79.81 Y57.15 E1511.41892
G1 X79.81 Y62.058 E1511.63147
G0 F1920 X79.81 Y62.57
M204 S2000
M205 X30 Y30
G0 F3600 X80.31 Y63.07
M204 S500
M205 X10 Y10
G1 F2400 X73.89 Y63.07 E1511.90949
G1 X73.89 Y56.65 E1512.18751
G1 X80.31 Y56.65 E1512.46553
G1 X80.31 Y62.558 E1512.72138
G0 F1920 X80.31 Y63.07
M204 S2000
M205 X30 Y30
G0 F3600 X80.81 Y63.57
M204 S500
M205 X10 Y10
;TYPE:WALL-OUTER
G1 F1200 X73.39 Y63.57 E1513.04271
G1 X73.39 Y56.15 E1513.36404
G1 X80.81 Y56.15 E1513.68537
G1 X80.81 Y63.058 E1513.98453
G0 F960 X80.81 Y63.57
M204 S2000
M205 X30 Y30
G0 F3600 X80.56 Y63.57
G0 X79.81 Y62.717
G1 F2700 E1509.98453
;MESH:NONMESH
G0 F600 X79.81 Y62.717 Z35.3
G0 F3600 X73.91 Y57.397
G0 X72.475 Y57.397
G0 X48.445 Y57.397
G0 X47.01 Y57.397
G0 X41.309 Y57.397
;TIME_ELAPSED:1827.686138
;LAYER:140
M204 S500
M205 X10 Y10
;TYPE:FILL
;MESH:PLATempTower
G1 F2700 E1513.98453
G1 F2400 X46.28 Y62.368 E1514.28897
G1 X46.492 Y62.58
M204 S2000
M205 X30 Y30
G0 F3600 X46.33 Y60.06
M204 S500
M205 X10 Y10
G1 F2400 X43.618 Y57.349 E1514.45503
G1 X43.406 Y57.137
M204 S2000
M205 X30 Y30
G0 F3600 X45.976 Y57.349
M204 S500
M205 X10 Y10
G1 F2400 X46.33 Y57.703 E1514.47671
M204 S2000
M205 X30 Y30
G0 F3600 X43.923 Y62.368
M204 S500
M205 X10 Y10
G1 F2400 X41.309 Y59.755 E1514.63677
G1 X41.097 Y59.543
M204 S2000
M205 X30 Y30
G0 F3600 X41.309 Y62.112
M204 S500
M205 X10 Y10
G1 F2400 X41.565 Y62.368 E1514.65245
M204 S2000
M205 X30 Y30
G0 F3600 X46.53 Y62.57
M204 S500
M205 X10 Y10
;TYPE:WALL-INNER
G1 F2400 X41.11 Y62.57 E1514.88717
G1 X41.11 Y57.15 E1515.12188
G1 X46.53 Y57.15 E1515.3566
G1 X46.53 Y62.058 E1515.56914
G0 F1920 X46.53 Y62.57
M204 S2000
M205 X30 Y30
G0 F3600 X47.03 Y63.07
M204 S500
M205 X10 Y10
G1 F2400 X40.61 Y63.07 E1515.84717
G1 X40.61 Y56.65 E1516.12519
G1 X47.03 Y56.65 E1516.40321
G1 X47.03 Y62.558 E1516.65906
G0 F1920 X47.03 Y63.07
M204 S2000
M205 X30 Y30
G0 F3600 X47.53 Y63.57
M204 S500
M205 X10 Y10
;TYPE:WALL-OUTER
G1 F1200 X40.11 Y63.57 E1516.98039
G1 X40.11 Y56.15 E1517.30172
G1 X47.53 Y56.15 E1517.62305
G1 X47.53 Y63.058 E1517.92221
G0 F960 X47.53 Y63.57
M204 S2000
M205 X30 Y30
G0 F3600 X47.28 Y63.57
G0 X46.53 Y62.717
G1 F2700 E1513.92221
G0 F3600 X47.01 Y60.029
G0 X48.445 Y60.029
G0 X72.475 Y60.029
G0 X73.91 Y60.029
G0 X74.589 Y60.029
M204 S500
M205 X10 Y10
;TYPE:FILL
G1 F2700 E1517.92221
G1 F2400 X76.929 Y62.37 E1518.06555
G1 X77.141 Y62.582
M204 S2000
M205 X30 Y30
G0 F3600 X79.287 Y62.37
M204 S500
M205 X10 Y10
G1 F2400 X74.589 Y57.672 E1518.35327
G1 X74.377 Y57.46
M204 S2000
M205 X30 Y30
G0 F3600 X76.624 Y57.349
M204 S500
M205 X10 Y10
G1 F2400 X79.609 Y60.335 E1518.53611
G1 X79.821 Y60.547
M204 S2000
M205 X30 Y30
G0 F3600 X79.609 Y57.977
M204 S500
M205 X10 Y10
G1 F2400 X78.981 Y57.349 E1518.57457
M204 S2000
M205 X30 Y30
G0 F3600 X79.81 Y62.57
M204 S500
M205 X10 Y10
;TYPE:WALL-INNER
G1 F2400 X74.39 Y62.57 E1518.80929
G1 X74.39 Y57.15 E1519.04401
G1 X79.81 Y57.15 E1519.27872
G1 X79.81 Y62.058 E1519.49127
G0 F1920 X79.81 Y62.57
M204 S2000
M205 X30 Y30
G0 F3600 X80.31 Y63.07
M204 S500
M205 X10 Y10
G1 F2400 X73.89 Y63.07 E1519.76929
G1 X73.89 Y56.65 E1520.04731
G1 X80.31 Y56.65 E1520.32534
G1 X80.31 Y62.558 E1520.58119
G0 F1920 X80.31 Y63.07
M204 S2000
M205 X30 Y30
G0 F3600 X80.81 Y63.57
M204 S500
M205 X10 Y10
;TYPE:WALL-OUTER
G1 F1200 X73.39 Y63.57 E1520.90251
G1 X73.39 Y56.15 E1521.22384
G1 X80.81 Y56.15 E1521.54517
G1 X80.81 Y63.058 E1521.84433
G0 F960 X80.81 Y63.57
M204 S2000
M205 X30 Y30
G0 F3600 X80.56 Y63.57
G0 X79.81 Y62.717
G1 F2700 E1517.84433
;MESH:NONMESH
G0 F600 X79.81 Y62.717 Z35.55
G0 F3600 X73.91 Y57.349
G0 X72.475 Y57.349
G0 X48.445 Y57.349
G0 X47.01 Y57.349
G0 X41.847 Y57.349
;TIME_ELAPSED:1837.760447
;LAYER:141
M204 S500
M205 X10 Y10
;TYPE:FILL
;MESH:PLATempTower
G1 F2700 E1521.84433
G1 F2400 X41.31 Y57.886 E1521.87722
M204 S2000
M205 X30 Y30
G0 F3600 X41.31 Y60.244
M204 S500
M205 X10 Y10
G1 F2400 X44.205 Y57.349 E1522.05452
G1 X44.417 Y57.137
M204 S2000
M205 X30 Y30
G0 F3600 X46.329 Y57.582
M204 S500
M205 X10 Y10
G1 F2400 X41.543 Y62.368 E1522.34763
G1 X41.331 Y62.58
M204 S2000
M205 X30 Y30
G0 F3600 X43.9 Y62.368
M204 S500
M205 X10 Y10
G1 F2400 X46.329 Y59.94 E1522.49636
G1 X46.541 Y59.728
M204 S2000
M205 X30 Y30
G0 F3600 X46.329 Y62.297
M204 S500
M205 X10 Y10
G1 F2400 X46.258 Y62.368 E1522.50071
M204 S2000
M205 X30 Y30
G0 F3600 X46.53 Y62.57
M204 S500
M205 X10 Y10
;TYPE:WALL-INNER
G1 F2400 X41.11 Y62.57 E1522.73542
G1 X41.11 Y57.15 E1522.97014
G1 X46.53 Y57.15 E1523.20486
G1 X46.53 Y62.058 E1523.4174
G0 F1920 X46.53 Y62.57
M204 S2000
M205 X30 Y30
G0 F3600 X47.03 Y63.07
M204 S500
M205 X10 Y10
G1 F2400 X40.61 Y63.07 E1523.69542
G1 X40.61 Y56.65 E1523.97345
G1 X47.03 Y56.65 E1524.25147
G1 X47.03 Y62.558 E1524.50732
G0 F1920 X47.03 Y63.07
M204 S2000
M205 X30 Y30
G0 F3600 X47.53 Y63.57
M204 S500
M205 X10 Y10
;TYPE:WALL-OUTER
G1 F1200 X40.11 Y63.57 E1524.82865
G1 X40.11 Y56.15 E1525.14998
G1 X47.53 Y56.15 E1525.47131
G1 X47.53 Y63.058 E1525.77046
G0 F960 X47.53 Y63.57
M204 S2000
M205 X30 Y30
G0 F3600 X47.28 Y63.57
G0 X46.53 Y62.717
G1 F2700 E1521.77046
G0 F3600 X48.445 Y62.327
G0 X72.475 Y62.327
G0 X73.91 Y62.327
G0 X74.589 Y62.327
M204 S500
M205 X10 Y10
;TYPE:FILL
G1 F2700 E1525.77046
G1 F2400 X79.567 Y57.349 E1526.07533
G1 X79.779 Y57.137
M204 S2000
M205 X30 Y30
G0 F3600 X79.609 Y59.664
M204 S500
M205 X10 Y10
G1 F2400 X76.904 Y62.37 E1526.24103
G1 X76.692 Y62.582
M204 S2000
M205 X30 Y30
G0 F3600 X79.261 Y62.37
M204 S500
M205 X10 Y10
G1 F2400 X79.609 Y62.022 E1526.26234
M204 S2000
M205 X30 Y30
G0 F3600 X77.209 Y57.349
M204 S500
M205 X10 Y10
G1 F2400 X74.589 Y59.97 E1526.42283
G1 X74.377 Y60.182
M204 S2000
M205 X30 Y30
G0 F3600 X74.589 Y57.612
M204 S500
M205 X10 Y10
G1 F2400 X74.852 Y57.349 E1526.43894
M204 S2000
M205 X30 Y30
G0 F3600 X79.81 Y62.57
M204 S500
M205 X10 Y10
;TYPE:WALL-INNER
G1 F2400 X74.39 Y62.57 E1526.67365
G1 X74.39 Y57.15 E1526.90837
G1 X79.81 Y57.15 E1527.14309
G1 X79.81 Y62.058 E1527.35563
G0 F1920 X79.81 Y62.57
M204 S2000
M205 X30 Y30
G0 F3600 X80.31 Y63.07
M204 S500
M205 X10 Y10
G1 F2400 X73.89 Y63.07 E1527.63365
G1 X73.89 Y56.65 E1527.91168
G1 X80.31 Y56.65 E1528.1897
G1 X80.31 Y62.558 E1528.44555
G0 F1920 X80.31 Y63.07
M204 S2000
M205 X30 Y30
G0 F3600 X80.81 Y63.57
M204 S500
M205 X10 Y10
;TYPE:WALL-OUTER
G1 F1200 X73.39 Y63.57 E1528.76688
G1 X73.39 Y56.15 E1529.08821
G1 X80.81 Y56.15 E1529.40954
G1 X80.81 Y63.058 E1529.70869
G0 F960 X80.81 Y63.57
M204 S2000
M205 X30 Y30
G0 F3600 X80.56 Y63.57
G0 X79.81 Y62.717
G1 F2700 E1525.70869
;MESH:NONMESH
G0 F600 X79.81 Y62.717 Z35.8
G0 F3600 X73.91 Y57.397
G0 X72.475 Y57.397
G0 X48.445 Y57.397
G0 X47.01 Y57.397
G0 X41.309 Y57.397
;TIME_ELAPSED:1847.815722
;LAYER:142
M204 S500
M205 X10 Y10
;TYPE:FILL
;MESH:PLATempTower
G1 F2700 E1529.70869
G1 F2400 X46.28 Y62.368 E1530.01313
G1 X46.492 Y62.58
M204 S2000
M205 X30 Y30
G0 F3600 X46.33 Y60.06
M204 S500
M205 X10 Y10
G1 F2400 X43.618 Y57.349 E1530.1792
G1 X43.406 Y57.137
M204 S2000
M205 X30 Y30
G0 F3600 X45.976 Y57.349
M204 S500
M205 X10 Y10
G1 F2400 X46.33 Y57.703 E1530.20088
M204 S2000
M205 X30 Y30
G0 F3600 X43.923 Y62.368
M204 S500
M205 X10 Y10
G1 F2400 X41.309 Y59.755 E1530.36094
G1 X41.097 Y59.543
M204 S2000
M205 X30 Y30
G0 F3600 X41.309 Y62.112
M204 S500
M205 X10 Y10
G1 F2400 X41.565 Y62.368 E1530.37661
M204 S2000
M205 X30 Y30
G0 F3600 X46.53 Y62.57
M204 S500
M205 X10 Y10
;TYPE:WALL-INNER
G1 F2400 X41.11 Y62.57 E1530.61133
G1 X41.11 Y57.15 E1530.84605
G1 X46.53 Y57.15 E1531.08076
G1 X46.53 Y62.058 E1531.29331
G0 F1920 X46.53 Y62.57
M204 S2000
M205 X30 Y30
G0 F3600 X47.03 Y63.07
M204 S500
M205 X10 Y10
G1 F2400 X40.61 Y63.07 E1531.57133
G1 X40.61 Y56.65 E1531.84936
G1 X47.03 Y56.65 E1532.12738
G1 X47.03 Y62.558 E1532.38323
G0 F1920 X47.03 Y63.07
M204 S2000
M205 X30 Y30
G0 F3600 X47.53 Y63.57
M204 S500
M205 X10 Y10
;TYPE:WALL-OUTER
G1 F1200 X40.11 Y63.57 E1532.70456
G1 X40.11 Y56.15 E1533.02589
G1 X47.53 Y56.15 E1533.34721
G1 X47.53 Y63.058 E1533.64637
G0 F960 X47.53 Y63.57
M204 S2000
M205 X30 Y30
G0 F3600 X47.28 Y63.57
G0 X46.53 Y62.717
G1 F2700 E1529.64637
G0 F3600 X47.01 Y60.029
G0 X48.445 Y60.029
G0 X72.475 Y60.029
G0 X73.91 Y60.029
G0 X74.589 Y60.029
M204 S500
M205 X10 Y10
;TYPE:FILL
G1 F2700 E1533.64637
G1 F2400 X76.929 Y62.37 E1533.78971
G1 X77.141 Y62.582
M204 S2000
M205 X30 Y30
G0 F3600 X79.287 Y62.37
M204 S500
M205 X10 Y10
G1 F2400 X74.589 Y57.672 E1534.07743
G1 X74.377 Y57.46
M204 S2000
M205 X30 Y30
G0 F3600 X76.624 Y57.349
M204 S500
M205 X10 Y10
G1 F2400 X79.609 Y60.335 E1534.26028
G1 X79.821 Y60.547
M204 S2000
M205 X30 Y30
G0 F3600 X79.609 Y57.977
M204 S500
M205 X10 Y10
G1 F2400 X78.981 Y57.349 E1534.29874
M204 S2000
M205 X30 Y30
G0 F3600 X79.81 Y62.57
M204 S500
M205 X10 Y10
;TYPE:WALL-INNER
G1 F2400 X74.39 Y62.57 E1534.53345
G1 X74.39 Y57.15 E1534.76817
G1 X79.81 Y57.15 E1535.00289
G1 X79.81 Y62.058 E1535.21543
G0 F1920 X79.81 Y62.57
M204 S2000
M205 X30 Y30
G0 F3600 X80.31 Y63.07
M204 S500
M205 X10 Y10
G1 F2400 X73.89 Y63.07 E1535.49345
G1 X73.89 Y56.65 E1535.77148
G1 X80.31 Y56.65 E1536.0495
G1 X80.31 Y62.558 E1536.30535
G0 F1920 X80.31 Y63.07
M204 S2000
M205 X30 Y30
G0 F3600 X80.81 Y63.57
M204 S500
M205 X10 Y10
;TYPE:WALL-OUTER
G1 F1200 X73.39 Y63.57 E1536.62668
G1 X73.39 Y56.15 E1536.94801
G1 X80.81 Y56.15 E1537.26934
G1 X80.81 Y63.058 E1537.56849
G0 F960 X80.81 Y63.57
M204 S2000
M205 X30 Y30
G0 F3600 X80.56 Y63.57
G0 X79.81 Y62.717
G1 F2700 E1533.56849
;MESH:NONMESH
G0 F600 X79.81 Y62.717 Z36.05
G0 F3600 X73.91 Y57.349
G0 X72.475 Y57.349
G0 X48.445 Y57.349
G0 X47.01 Y57.349
G0 X41.847 Y57.349
;TIME_ELAPSED:1857.890030
;LAYER:143
M204 S500
M205 X10 Y10
;TYPE:FILL
;MESH:PLATempTower
G1 F2700 E1537.56849
G1 F2400 X41.31 Y57.886 E1537.60138
M204 S2000
M205 X30 Y30
G0 F3600 X41.31 Y60.244
M204 S500
M205 X10 Y10
G1 F2400 X44.205 Y57.349 E1537.77868
G1 X44.417 Y57.137
M204 S2000
M205 X30 Y30
G0 F3600 X46.329 Y57.582
M204 S500
M205 X10 Y10
G1 F2400 X41.543 Y62.368 E1538.07179
G1 X41.331 Y62.58
M204 S2000
M205 X30 Y30
G0 F3600 X43.9 Y62.368
M204 S500
M205 X10 Y10
G1 F2400 X46.329 Y59.94 E1538.22052
G1 X46.541 Y59.728
M204 S2000
M205 X30 Y30
G0 F3600 X46.329 Y62.297
M204 S500
M205 X10 Y10
G1 F2400 X46.258 Y62.368 E1538.22487
M204 S2000
M205 X30 Y30
G0 F3600 X46.53 Y62.57
M204 S500
M205 X10 Y10
;TYPE:WALL-INNER
G1 F2400 X41.11 Y62.57 E1538.45959
G1 X41.11 Y57.15 E1538.6943
G1 X46.53 Y57.15 E1538.92902
G1 X46.53 Y62.058 E1539.14157
G0 F1920 X46.53 Y62.57
M204 S2000
M205 X30 Y30
G0 F3600 X47.03 Y63.07
M204 S500
M205 X10 Y10
G1 F2400 X40.61 Y63.07 E1539.41959
G1 X40.61 Y56.65 E1539.69761
G1 X47.03 Y56.65 E1539.97563
G1 X47.03 Y62.558 E1540.23148
G0 F1920 X47.03 Y63.07
M204 S2000
M205 X30 Y30
G0 F3600 X47.53 Y63.57
M204 S500
M205 X10 Y10
;TYPE:WALL-OUTER
G1 F1200 X40.11 Y63.57 E1540.55281
G1 X40.11 Y56.15 E1540.87414
G1 X47.53 Y56.15 E1541.19547
G1 X47.53 Y63.058 E1541.49463
G0 F960 X47.53 Y63.57
M204 S2000
M205 X30 Y30
G0 F3600 X47.28 Y63.57
G0 X46.53 Y62.717
G1 F2700 E1537.49463
G0 F3600 X48.445 Y62.327
G0 X72.475 Y62.327
G0 X73.91 Y62.327
G0 X74.589 Y62.327
M204 S500
M205 X10 Y10
;TYPE:FILL
G1 F2700 E1541.49463
G1 F2400 X79.567 Y57.349 E1541.7995
G1 X79.779 Y57.137
M204 S2000
M205 X30 Y30
G0 F3600 X79.609 Y59.664
M204 S500
M205 X10 Y10
G1 F2400 X76.904 Y62.37 E1541.96519
G1 X76.692 Y62.582
M204 S2000
M205 X30 Y30
G0 F3600 X79.261 Y62.37
M204 S500
M205 X10 Y10
G1 F2400 X79.609 Y62.022 E1541.9865
M204 S2000
M205 X30 Y30
G0 F3600 X77.209 Y57.349
M204 S500
M205 X10 Y10
G1 F2400 X74.589 Y59.97 E1542.14699
G1 X74.377 Y60.182
M204 S2000
M205 X30 Y30
G0 F3600 X74.589 Y57.612
M204 S500
M205 X10 Y10
G1 F2400 X74.852 Y57.349 E1542.1631
M204 S2000
M205 X30 Y30
G0 F3600 X79.81 Y62.57
M204 S500
M205 X10 Y10
;TYPE:WALL-INNER
G1 F2400 X74.39 Y62.57 E1542.39782
G1 X74.39 Y57.15 E1542.63253
G1 X79.81 Y57.15 E1542.86725
G1 X79.81 Y62.058 E1543.0798
G0 F1920 X79.81 Y62.57
M204 S2000
M205 X30 Y30
G0 F3600 X80.31 Y63.07
M204 S500
M205 X10 Y10
G1 F2400 X73.89 Y63.07 E1543.35782
G1 X73.89 Y56.65 E1543.63584
G1 X80.31 Y56.65 E1543.91386
G1 X80.31 Y62.558 E1544.16971
G0 F1920 X80.31 Y63.07
M204 S2000
M205 X30 Y30
G0 F3600 X80.81 Y63.57
M204 S500
M205 X10 Y10
;TYPE:WALL-OUTER
G1 F1200 X73.39 Y63.57 E1544.49104
G1 X73.39 Y56.15 E1544.81237
G1 X80.81 Y56.15 E1545.1337
G1 X80.81 Y63.058 E1545.43286
G0 F960 X80.81 Y63.57
M204 S2000
M205 X30 Y30
G0 F3600 X80.56 Y63.57
G0 X79.81 Y62.717
G1 F2700 E1541.43286
;MESH:NONMESH
G0 F600 X79.81 Y62.717 Z36.3
G0 F3600 X73.91 Y57.397
G0 X72.475 Y57.397
G0 X48.445 Y57.397
G0 X47.01 Y57.397
G0 X41.309 Y57.397
;TIME_ELAPSED:1867.945306
;LAYER:144
M204 S500
M205 X10 Y10
;TYPE:FILL
;MESH:PLATempTower
G1 F2700 E1545.43286
G1 F2400 X46.28 Y62.368 E1545.7373
G1 X46.492 Y62.58
M204 S2000
M205 X30 Y30
G0 F3600 X46.33 Y60.06
M204 S500
M205 X10 Y10
G1 F2400 X43.618 Y57.349 E1545.90336
G1 X43.406 Y57.137
M204 S2000
M205 X30 Y30
G0 F3600 X45.976 Y57.349
M204 S500
M205 X10 Y10
G1 F2400 X46.33 Y57.703 E1545.92504
M204 S2000
M205 X30 Y30
G0 F3600 X43.923 Y62.368
M204 S500
M205 X10 Y10
G1 F2400 X41.309 Y59.755 E1546.0851
G1 X41.097 Y59.543
M204 S2000
M205 X30 Y30
G0 F3600 X41.309 Y62.112
M204 S500
M205 X10 Y10
G1 F2400 X41.565 Y62.368 E1546.10078
M204 S2000
M205 X30 Y30
G0 F3600 X46.53 Y62.57
M204 S500
M205 X10 Y10
;TYPE:WALL-INNER
G1 F2400 X41.11 Y62.57 E1546.3355
G1 X41.11 Y57.15 E1546.57021
G1 X46.53 Y57.15 E1546.80493
G1 X46.53 Y62.058 E1547.01747
G0 F1920 X46.53 Y62.57
M204 S2000
M205 X30 Y30
G0 F3600 X47.03 Y63.07
M204 S500
M205 X10 Y10
G1 F2400 X40.61 Y63.07 E1547.2955
G1 X40.61 Y56.65 E1547.57352
G1 X47.03 Y56.65 E1547.85154
G1 X47.03 Y62.558 E1548.10739
G0 F1920 X47.03 Y63.07
M204 S2000
M205 X30 Y30
G0 F3600 X47.53 Y63.57
M204 S500
M205 X10 Y10
;TYPE:WALL-OUTER
G1 F1200 X40.11 Y63.57 E1548.42872
G1 X40.11 Y56.15 E1548.75005
G1 X47.53 Y56.15 E1549.07138
G1 X47.53 Y63.058 E1549.37053
G0 F960 X47.53 Y63.57
M204 S2000
M205 X30 Y30
G0 F3600 X47.28 Y63.57
G0 X46.53 Y62.717
G1 F2700 E1545.37053
G0 F3600 X47.01 Y60.029
G0 X48.445 Y60.029
G0 X72.475 Y60.029
G0 X73.91 Y60.029
G0 X74.589 Y60.029
M204 S500
M205 X10 Y10
;TYPE:FILL
G1 F2700 E1549.37053
G1 F2400 X76.929 Y62.37 E1549.51388
G1 X77.141 Y62.582
M204 S2000
M205 X30 Y30
G0 F3600 X79.287 Y62.37
M204 S500
M205 X10 Y10
G1 F2400 X74.589 Y57.672 E1549.8016
G1 X74.377 Y57.46
M204 S2000
M205 X30 Y30
G0 F3600 X76.624 Y57.349
M204 S500
M205 X10 Y10
G1 F2400 X79.609 Y60.335 E1549.98444
G1 X79.821 Y60.547
M204 S2000
M205 X30 Y30
G0 F3600 X79.609 Y57.977
M204 S500
M205 X10 Y10
G1 F2400 X78.981 Y57.349 E1550.0229
M204 S2000
M205 X30 Y30
G0 F3600 X79.81 Y62.57
M204 S500
M205 X10 Y10
;TYPE:WALL-INNER
G1 F2400 X74.39 Y62.57 E1550.25762
G1 X74.39 Y57.15 E1550.49234
G1 X79.81 Y57.15 E1550.72705
G1 X79.81 Y62.058 E1550.9396
G0 F1920 X79.81 Y62.57
M204 S2000
M205 X30 Y30
G0 F3600 X80.31 Y63.07
M204 S500
M205 X10 Y10
G1 F2400 X73.89 Y63.07 E1551.21762
G1 X73.89 Y56.65 E1551.49564
G1 X80.31 Y56.65 E1551.77367
G1 X80.31 Y62.558 E1552.02952
G0 F1920 X80.31 Y63.07
M204 S2000
M205 X30 Y30
G0 F3600 X80.81 Y63.57
M204 S500
M205 X10 Y10
;TYPE:WALL-OUTER
G1 F1200 X73.39 Y63.57 E1552.35084
G1 X73.39 Y56.15 E1552.67217
G1 X80.81 Y56.15 E1552.9935
G1 X80.81 Y63.058 E1553.29266
G0 F960 X80.81 Y63.57
M204 S2000
M205 X30 Y30
G0 F3600 X80.56 Y63.57
G0 X79.81 Y62.717
G1 F2700 E1549.29266
;MESH:NONMESH
G0 F600 X79.81 Y62.717 Z36.55
G0 F3600 X73.91 Y57.349
G0 X72.475 Y57.349
G0 X48.445 Y57.349
G0 X47.01 Y57.349
G0 X41.847 Y57.349
;TIME_ELAPSED:1878.019614
;LAYER:145
M204 S500
M205 X10 Y10
;TYPE:FILL
;MESH:PLATempTower
G1 F2700 E1553.29266
G1 F2400 X41.31 Y57.886 E1553.32555
M204 S2000
M205 X30 Y30
G0 F3600 X41.31 Y60.244
M204 S500
M205 X10 Y10
G1 F2400 X44.205 Y57.349 E1553.50285
G1 X44.417 Y57.137
M204 S2000
M205 X30 Y30
G0 F3600 X46.329 Y57.582
M204 S500
M205 X10 Y10
G1 F2400 X41.543 Y62.368 E1553.79596
G1 X41.331 Y62.58
M204 S2000
M205 X30 Y30
G0 F3600 X43.9 Y62.368
M204 S500
M205 X10 Y10
G1 F2400 X46.329 Y59.94 E1553.94469
G1 X46.541 Y59.728
M204 S2000
M205 X30 Y30
G0 F3600 X46.329 Y62.297
M204 S500
M205 X10 Y10
G1 F2400 X46.258 Y62.368 E1553.94904
M204 S2000
M205 X30 Y30
G0 F3600 X46.53 Y62.57
M204 S500
M205 X10 Y10
;TYPE:WALL-INNER
G1 F2400 X41.11 Y62.57 E1554.18375
G1 X41.11 Y57.15 E1554.41847
G1 X46.53 Y57.15 E1554.65319
G1 X46.53 Y62.058 E1554.86573
G0 F1920 X46.53 Y62.57
M204 S2000
M205 X30 Y30
G0 F3600 X47.03 Y63.07
M204 S500
M205 X10 Y10
G1 F2400 X40.61 Y63.07 E1555.14375
G1 X40.61 Y56.65 E1555.42178
G1 X47.03 Y56.65 E1555.6998
G1 X47.03 Y62.558 E1555.95565
G0 F1920 X47.03 Y63.07
M204 S2000
M205 X30 Y30
G0 F3600 X47.53 Y63.57
M204 S500
M205 X10 Y10
;TYPE:WALL-OUTER
G1 F1200 X40.11 Y63.57 E1556.27698
G1 X40.11 Y56.15 E1556.59831
G1 X47.53 Y56.15 E1556.91964
G1 X47.53 Y63.058 E1557.21879
G0 F960 X47.53 Y63.57
M204 S2000
M205 X30 Y30
G0 F3600 X47.28 Y63.57
G0 X46.53 Y62.717
G1 F2700 E1553.21879
G0 F3600 X48.445 Y62.327
G0 X72.475 Y62.327
G0 X73.91 Y62.327
G0 X74.589 Y62.327
M204 S500
M205 X10 Y10
;TYPE:FILL
G1 F2700 E1557.21879
G1 F2400 X79.567 Y57.349 E1557.52366
G1 X79.779 Y57.137
M204 S2000
M205 X30 Y30
G0 F3600 X79.609 Y59.664
M204 S500
M205 X10 Y10
G1 F2400 X76.904 Y62.37 E1557.68936
G1 X76.692 Y62.582
M204 S2000
M205 X30 Y30
G0 F3600 X79.261 Y62.37
M204 S500
M205 X10 Y10
G1 F2400 X79.609 Y62.022 E1557.71067
M204 S2000
M205 X30 Y30
G0 F3600 X77.209 Y57.349
M204 S500
M205 X10 Y10
G1 F2400 X74.589 Y59.97 E1557.87116
G1 X74.377 Y60.182
M204 S2000
M205 X30 Y30
G0 F3600 X74.589 Y57.612
M204 S500
M205 X10 Y10
G1 F2400 X74.852 Y57.349 E1557.88726
M204 S2000
M205 X30 Y30
G0 F3600 X79.81 Y62.57
M204 S500
M205 X10 Y10
;TYPE:WALL-INNER
G1 F2400 X74.39 Y62.57 E1558.12198
G1 X74.39 Y57.15 E1558.3567
G1 X79.81 Y57.15 E1558.59142
G1 X79.81 Y62.058 E1558.80396
G0 F1920 X79.81 Y62.57
M204 S2000
M205 X30 Y30
G0 F3600 X80.31 Y63.07
M204 S500
M205 X10 Y10
G1 F2400 X73.89 Y63.07 E1559.08198
G1 X73.89 Y56.65 E1559.36001
G1 X80.31 Y56.65 E1559.63803
G1 X80.31 Y62.558 E1559.89388
G0 F1920 X80.31 Y63.07
M204 S2000
M205 X30 Y30
G0 F3600 X80.81 Y63.57
M204 S500
M205 X10 Y10
;TYPE:WALL-OUTER
G1 F1200 X73.39 Y63.57 E1560.21521
G1 X73.39 Y56.15 E1560.53654
G1 X80.81 Y56.15 E1560.85787
G1 X80.81 Y63.058 E1561.15702
G0 F960 X80.81 Y63.57
M204 S2000
M205 X30 Y30
G0 F3600 X80.56 Y63.57
G0 X79.81 Y62.717
G1 F2700 E1557.15702
;MESH:NONMESH
G0 F600 X79.81 Y62.717 Z36.8
G0 F3600 X73.91 Y57.397
G0 X72.475 Y57.397
G0 X48.445 Y57.397
G0 X47.01 Y57.397
G0 X41.309 Y57.397
;TIME_ELAPSED:1888.074889
;LAYER:146
M204 S500
M205 X10 Y10
;TYPE:FILL
;MESH:PLATempTower
G1 F2700 E1561.15702
G1 F2400 X46.28 Y62.368 E1561.46146
G1 X46.492 Y62.58
M204 S2000
M205 X30 Y30
G0 F3600 X46.33 Y60.06
M204 S500
M205 X10 Y10
G1 F2400 X43.618 Y57.349 E1561.62752
G1 X43.406 Y57.137
M204 S2000
M205 X30 Y30
G0 F3600 X45.976 Y57.349
M204 S500
M205 X10 Y10
G1 F2400 X46.33 Y57.703 E1561.6492
M204 S2000
M205 X30 Y30
G0 F3600 X43.923 Y62.368
M204 S500
M205 X10 Y10
G1 F2400 X41.309 Y59.755 E1561.80927
G1 X41.097 Y59.543
M204 S2000
M205 X30 Y30
G0 F3600 X41.309 Y62.112
M204 S500
M205 X10 Y10
G1 F2400 X41.565 Y62.368 E1561.82494
M204 S2000
M205 X30 Y30
G0 F3600 X46.53 Y62.57
M204 S500
M205 X10 Y10
;TYPE:WALL-INNER
G1 F2400 X41.11 Y62.57 E1562.05966
G1 X41.11 Y57.15 E1562.29438
G1 X46.53 Y57.15 E1562.52909
G1 X46.53 Y62.058 E1562.74164
G0 F1920 X46.53 Y62.57
M204 S2000
M205 X30 Y30
G0 F3600 X47.03 Y63.07
M204 S500
M205 X10 Y10
G1 F2400 X40.61 Y63.07 E1563.01966
G1 X40.61 Y56.65 E1563.29768
G1 X47.03 Y56.65 E1563.57571
G1 X47.03 Y62.558 E1563.83156
G0 F1920 X47.03 Y63.07
M204 S2000
M205 X30 Y30
G0 F3600 X47.53 Y63.57
M204 S500
M205 X10 Y10
;TYPE:WALL-OUTER
G1 F1200 X40.11 Y63.57 E1564.15289
G1 X40.11 Y56.15 E1564.47422
G1 X47.53 Y56.15 E1564.79554
G1 X47.53 Y63.058 E1565.0947
G0 F960 X47.53 Y63.57
M204 S2000
M205 X30 Y30
G0 F3600 X47.28 Y63.57
G0 X46.53 Y62.717
G1 F2700 E1561.0947
G0 F3600 X47.01 Y60.029
G0 X48.445 Y60.029
G0 X72.475 Y60.029
G0 X73.91 Y60.029
G0 X74.589 Y60.029
M204 S500
M205 X10 Y10
;TYPE:FILL
G1 F2700 E1565.0947
G1 F2400 X76.929 Y62.37 E1565.23804
G1 X77.141 Y62.582
M204 S2000
M205 X30 Y30
G0 F3600 X79.287 Y62.37
M204 S500
M205 X10 Y10
G1 F2400 X74.589 Y57.672 E1565.52576
G1 X74.377 Y57.46
M204 S2000
M205 X30 Y30
G0 F3600 X76.624 Y57.349
M204 S500
M205 X10 Y10
G1 F2400 X79.609 Y60.335 E1565.70861
G1 X79.821 Y60.547
M204 S2000
M205 X30 Y30
G0 F3600 X79.609 Y57.977
M204 S500
M205 X10 Y10
G1 F2400 X78.981 Y57.349 E1565.74707
M204 S2000
M205 X30 Y30
G0 F3600 X79.81 Y62.57
M204 S500
M205 X10 Y10
;TYPE:WALL-INNER
G1 F2400 X74.39 Y62.57 E1565.98178
G1 X74.39 Y57.15 E1566.2165
G1 X79.81 Y57.15 E1566.45122
G1 X79.81 Y62.058 E1566.66376
G0 F1920 X79.81 Y62.57
M204 S2000
M205 X30 Y30
G0 F3600 X80.31 Y63.07
M204 S500
M205 X10 Y10
G1 F2400 X73.89 Y63.07 E1566.94178
G1 X73.89 Y56.65 E1567.21981
G1 X80.31 Y56.65 E1567.49783
G1 X80.31 Y62.558 E1567.75368
G0 F1920 X80.31 Y63.07
M204 S2000
M205 X30 Y30
G0 F3600 X80.81 Y63.57
M204 S500
M205 X10 Y10
;TYPE:WALL-OUTER
G1 F1200 X73.39 Y63.57 E1568.07501
G1 X73.39 Y56.15 E1568.39634
G1 X80.81 Y56.15 E1568.71767
G1 X80.81 Y63.058 E1569.01682
G0 F960 X80.81 Y63.57
M204 S2000
M205 X30 Y30
G0 F3600 X80.56 Y63.57
G0 X79.81 Y62.717
G1 F2700 E1565.01682
;MESH:NONMESH
G0 F600 X79.81 Y62.717 Z37.05
G0 F3600 X73.91 Y57.349
G0 X72.475 Y57.349
G0 X48.445 Y57.349
G0 X47.01 Y57.349
G0 X41.847 Y57.349
;TIME_ELAPSED:1898.149198
;LAYER:147
M204 S500
M205 X10 Y10
;TYPE:FILL
;MESH:PLATempTower
G1 F2700 E1569.01682
G1 F2400 X41.31 Y57.886 E1569.04971
M204 S2000
M205 X30 Y30
G0 F3600 X41.31 Y60.244
M204 S500
M205 X10 Y10
G1 F2400 X44.205 Y57.349 E1569.22701
G1 X44.417 Y57.137
M204 S2000
M205 X30 Y30
G0 F3600 X46.329 Y57.582
M204 S500
M205 X10 Y10
G1 F2400 X41.543 Y62.368 E1569.52012
G1 X41.331 Y62.58
M204 S2000
M205 X30 Y30
G0 F3600 X43.9 Y62.368
M204 S500
M205 X10 Y10
G1 F2400 X46.329 Y59.94 E1569.66885
G1 X46.541 Y59.728
M204 S2000
M205 X30 Y30
G0 F3600 X46.329 Y62.297
M204 S500
M205 X10 Y10
G1 F2400 X46.258 Y62.368 E1569.6732
M204 S2000
M205 X30 Y30
G0 F3600 X46.53 Y62.57
M204 S500
M205 X10 Y10
;TYPE:WALL-INNER
G1 F2400 X41.11 Y62.57 E1569.90792
G1 X41.11 Y57.15 E1570.14263
G1 X46.53 Y57.15 E1570.37735
G1 X46.53 Y62.058 E1570.5899
G0 F1920 X46.53 Y62.57
M204 S2000
M205 X30 Y30
G0 F3600 X47.03 Y63.07
M204 S500
M205 X10 Y10
G1 F2400 X40.61 Y63.07 E1570.86792
G1 X40.61 Y56.65 E1571.14594
G1 X47.03 Y56.65 E1571.42396
G1 X47.03 Y62.558 E1571.67981
G0 F1920 X47.03 Y63.07
M204 S2000
M205 X30 Y30
G0 F3600 X47.53 Y63.57
M204 S500
M205 X10 Y10
;TYPE:WALL-OUTER
G1 F1200 X40.11 Y63.57 E1572.00114
G1 X40.11 Y56.15 E1572.32247
G1 X47.53 Y56.15 E1572.6438
G1 X47.53 Y63.058 E1572.94296
G0 F960 X47.53 Y63.57
M204 S2000
M205 X30 Y30
G0 F3600 X47.28 Y63.57
G0 X46.53 Y62.717
G1 F2700 E1568.94296
G0 F3600 X48.445 Y62.327
G0 X72.475 Y62.327
G0 X73.91 Y62.327
G0 X74.589 Y62.327
M204 S500
M205 X10 Y10
;TYPE:FILL
G1 F2700 E1572.94296
G1 F2400 X79.567 Y57.349 E1573.24783
G1 X79.779 Y57.137
M204 S2000
M205 X30 Y30
G0 F3600 X79.609 Y59.664
M204 S500
M205 X10 Y10
G1 F2400 X76.904 Y62.37 E1573.41352
G1 X76.692 Y62.582
M204 S2000
M205 X30 Y30
G0 F3600 X79.261 Y62.37
M204 S500
M205 X10 Y10
G1 F2400 X79.609 Y62.022 E1573.43483
M204 S2000
M205 X30 Y30
G0 F3600 X77.209 Y57.349
M204 S500
M205 X10 Y10
G1 F2400 X74.589 Y59.97 E1573.59532
G1 X74.377 Y60.182
M204 S2000
M205 X30 Y30
G0 F3600 X74.589 Y57.612
M204 S500
M205 X10 Y10
G1 F2400 X74.852 Y57.349 E1573.61143
M204 S2000
M205 X30 Y30
G0 F3600 X79.81 Y62.57
M204 S500
M205 X10 Y10
;TYPE:WALL-INNER
G1 F2400 X74.39 Y62.57 E1573.84615
G1 X74.39 Y57.15 E1574.08086
G1 X79.81 Y57.15 E1574.31558
G1 X79.81 Y62.058 E1574.52813
G0 F1920 X79.81 Y62.57
M204 S2000
M205 X30 Y30
G0 F3600 X80.31 Y63.07
M204 S500
M205 X10 Y10
G1 F2400 X73.89 Y63.07 E1574.80615
G1 X73.89 Y56.65 E1575.08417
G1 X80.31 Y56.65 E1575.36219
G1 X80.31 Y62.558 E1575.61804
G0 F1920 X80.31 Y63.07
M204 S2000
M205 X30 Y30
G0 F3600 X80.81 Y63.57
M204 S500
M205 X10 Y10
;TYPE:WALL-OUTER
G1 F1200 X73.39 Y63.57 E1575.93937
G1 X73.39 Y56.15 E1576.2607
G1 X80.81 Y56.15 E1576.58203
G1 X80.81 Y63.058 E1576.88119
G0 F960 X80.81 Y63.57
M204 S2000
M205 X30 Y30
G0 F3600 X80.56 Y63.57
G0 X79.81 Y62.717
G1 F2700 E1572.88119
;MESH:NONMESH
G0 F600 X79.81 Y62.717 Z37.3
G0 F3600 X73.91 Y57.738
G0 X72.475 Y57.738
G0 X48.445 Y57.738
G0 X47.01 Y57.738
G0 X41.65 Y57.738
;TIME_ELAPSED:1908.194515
;LAYER:148
M204 S500
M205 X10 Y10
;TYPE:FILL
;MESH:PLATempTower
G1 F2700 E1576.88119
G1 F2400 X46.28 Y62.368 E1577.16474
G1 X46.492 Y62.58
M204 S2000
M205 X30 Y30
G0 F3600 X46.429 Y60.159
M204 S500
M205 X10 Y10
G1 F2400 X44.008 Y57.738 E1577.31301
G1 X43.796 Y57.526
M204 S2000
M205 X30 Y30
G0 F3600 X41.309 Y59.755
M204 S500
M205 X10 Y10
G1 F2400 X43.923 Y62.368 E1577.47307
G1 X44.135 Y62.58
M204 S2000
M205 X30 Y30
G0 F3600 X41.565 Y62.368
M204 S500
M205 X10 Y10
G1 F2400 X41.309 Y62.112 E1577.48875
M204 S2000
M205 X30 Y30
G0 F3600 X46.629 Y62.57
M204 S500
M205 X10 Y10
;TYPE:WALL-INNER
G1 F2400 X41.11 Y62.57 E1577.72776
G1 X41.11 Y57.54 E1577.94558
G1 X46.628 Y57.54 E1578.18455
G1 X46.629 Y62.058 E1578.3802
G0 F1920 X46.629 Y62.57
M204 S2000
M205 X30 Y30
G0 F3600 X47.129 Y63.07
M204 S500
M205 X10 Y10
G1 F2400 X40.61 Y63.07 E1578.66251
G1 X40.61 Y57.04 E1578.92364
G1 X47.128 Y57.04 E1579.20591
G1 X47.129 Y62.558 E1579.44487
G0 F1920 X47.129 Y63.07
M204 S2000
M205 X30 Y30
G1 F2700 E1575.44487
G0 F3600 X40.638 Y56.818
G0 X40.666 Y56.54
M204 S500
M205 X10 Y10
;TYPE:WALL-OUTER
G1 F2700 E1579.44487
G1 F1200 X46.687 Y56.54 E1579.70562
G1 X46.687 Y56.15 E1579.72251
G1 X47.628 Y56.15 E1579.76326
G1 X47.629 Y63.57 E1580.08459
G1 X40.11 Y63.57 E1580.4102
G1 X40.11 Y56.15 E1580.73153
G1 X40.544 Y56.15 E1580.75032
G0 F960 X40.666 Y56.15
G0 X40.666 Y56.54
M204 S2000
M205 X30 Y30
G0 F3600 X40.916 Y56.54
G1 F2700 E1576.75032
G0 F3600 X40.596 Y56.61
G0 X46.715 Y56.818
G0 X47.614 Y56.521
G0 X48.543 Y56.52
G0 X72.475 Y56.664
G0 X73.904 Y56.664
G0 X74.589 Y57.672
M204 S500
M205 X10 Y10
;TYPE:FILL
G1 F2700 E1580.75032
G1 F2400 X79.287 Y62.37 E1581.03805
G1 X79.499 Y62.582
M204 S2000
M205 X30 Y30
G0 F3600 X79.609 Y60.335
M204 S500
M205 X10 Y10
G1 F2400 X76.624 Y57.349 E1581.22089
G1 X76.412 Y57.137
M204 S2000
M205 X30 Y30
G0 F3600 X78.981 Y57.349
M204 S500
M205 X10 Y10
G1 F2400 X79.609 Y57.977 E1581.25935
M204 S2000
M205 X30 Y30
G0 F3600 X76.929 Y62.37
M204 S500
M205 X10 Y10
G1 F2400 X74.589 Y60.029 E1581.40269
G1 X74.377 Y59.817
M204 S2000
M205 X30 Y30
G0 F3600 X79.81 Y62.57
M204 S500
M205 X10 Y10
;TYPE:WALL-INNER
G1 F2400 X74.39 Y62.57 E1581.63741
G1 X74.39 Y57.15 E1581.87212
G1 X79.81 Y57.15 E1582.10684
G1 X79.81 Y62.058 E1582.31939
G0 F1920 X79.81 Y62.57
M204 S2000
M205 X30 Y30
G0 F3600 X80.31 Y63.07
M204 S500
M205 X10 Y10
G1 F2400 X73.89 Y63.07 E1582.59741
G1 X73.89 Y56.65 E1582.87543
G1 X80.31 Y56.65 E1583.15345
G1 X80.31 Y62.558 E1583.40931
G0 F1920 X80.31 Y63.07
M204 S2000
M205 X30 Y30
G0 F3600 X80.81 Y63.57
M204 S500
M205 X10 Y10
;TYPE:WALL-OUTER
G1 F1200 X73.39 Y63.57 E1583.73063
G1 X73.39 Y56.15 E1584.05196
G1 X80.81 Y56.15 E1584.37329
G1 X80.81 Y63.058 E1584.67245
G0 F960 X80.81 Y63.57
M204 S2000
M205 X30 Y30
G0 F3600 X80.56 Y63.57
G0 X79.81 Y62.717
G1 F2700 E1580.67245
;MESH:NONMESH
G0 F600 X79.81 Y62.717 Z37.55
G0 F3600 X73.91 Y57.738
G0 X72.475 Y57.738
G0 X48.543 Y57.74
G0 X47.378 Y57.741
G0 X41.458 Y57.738
;TIME_ELAPSED:1918.781822
;LAYER:149
M204 S500
M205 X10 Y10
;TYPE:FILL
;MESH:PLATempTower
G1 F2700 E1584.67245
G1 F2400 X41.309 Y57.887 E1584.68157
M204 S2000
M205 X30 Y30
G0 F3600 X41.309 Y60.244
M204 S500
M205 X10 Y10
G1 F2400 X43.815 Y57.738 E1584.83505
G1 X44.027 Y57.526
M204 S2000
M205 X30 Y30
G0 F3600 X46.173 Y57.738
M204 S500
M205 X10 Y10
G1 F2400 X41.542 Y62.369 E1585.11867
G1 X41.33 Y62.581
M204 S2000
M205 X30 Y30
G0 F3600 X43.9 Y62.369
M204 S500
M205 X10 Y10
G1 F2400 X46.677 Y59.592 E1585.28874
G1 X46.889 Y59.38
M204 S2000
M205 X30 Y30
G0 F3600 X46.678 Y61.948
M204 S500
M205 X10 Y10
G1 F2400 X46.257 Y62.369 E1585.31452
M204 S2000
M205 X30 Y30
G0 F3600 X46.879 Y62.57
M204 S500
M205 X10 Y10
;TYPE:WALL-INNER
G1 F2400 X41.11 Y62.57 E1585.56436
G1 X41.11 Y57.54 E1585.78218
G1 X46.878 Y57.54 E1586.03197
G1 X46.879 Y62.058 E1586.22763
G0 F1920 X46.879 Y62.57
M204 S2000
M205 X30 Y30
G0 F3600 X47.342 Y57.04
M204 S500
M205 X10 Y10
G1 F2400 X47.342 Y56.65 E1586.24451
G1 X47.378 Y56.65 E1586.24607
G1 X47.379 Y63.07 E1586.5241
G1 X40.61 Y63.07 E1586.81723
G1 X40.61 Y57.04 E1587.07837
G1 X46.83 Y57.04 E1587.34773
G0 F1920 X47.342 Y57.04
M204 S2000
M205 X30 Y30
G1 F2700 E1583.34773
G0 F3600 X40.739 Y56.818
G0 X40.767 Y56.54
M204 S500
M205 X10 Y10
;TYPE:WALL-OUTER
G1 F2700 E1587.34773
G1 F1200 X46.842 Y56.54 E1587.61081
G1 X46.842 Y56.15 E1587.6277
G1 X47.878 Y56.15 E1587.67256
G1 X47.879 Y63.57 E1587.99389
G1 X40.11 Y63.57 E1588.33034
G1 X40.11 Y56.15 E1588.65166
G1 X40.645 Y56.15 E1588.67483
G0 F960 X40.767 Y56.15
G0 X40.767 Y56.54
M204 S2000
M205 X30 Y30
G0 F3600 X41.017 Y56.54
G1 F2700 E1584.67483
G0 F3600 X40.697 Y56.61
G0 X41.916 Y56.795
G0 X47.628 Y57.664
G0 X48.793 Y57.663
G0 X72.426 Y57.664
G0 X73.861 Y57.664
G0 X74.54 Y57.661
M204 S500
M205 X10 Y10
;TYPE:FILL
G1 F2700 E1588.67483
G1 F2400 X74.852 Y57.349 E1588.69394
M204 S2000
M205 X30 Y30
G0 F3600 X77.209 Y57.349
M204 S500
M205 X10 Y10
G1 F2400 X74.54 Y60.019 E1588.85743
G1 X74.328 Y60.231
M204 S2000
M205 X30 Y30
G0 F3600 X74.546 Y62.37
M204 S500
M205 X10 Y10
G1 F2400 X79.567 Y57.349 E1589.16493
G1 X79.779 Y57.137
M204 S2000
M205 X30 Y30
G0 F3600 X79.609 Y59.664
M204 S500
M205 X10 Y10
G1 F2400 X76.904 Y62.37 E1589.33063
G1 X76.692 Y62.582
M204 S2000
M205 X30 Y30
G0 F3600 X79.261 Y62.37
M204 S500
M205 X10 Y10
G1 F2400 X79.609 Y62.022 E1589.35194
M204 S2000
M205 X30 Y30
G0 F3600 X79.81 Y62.57
M204 S500
M205 X10 Y10
;TYPE:WALL-INNER
G1 F2400 X74.341 Y62.57 E1589.58878
G1 X74.341 Y57.15 E1589.8235
G1 X79.81 Y57.15 E1590.06034
G1 X79.81 Y62.058 E1590.27288
G0 F1920 X79.81 Y62.57
M204 S2000
M205 X30 Y30
G0 F3600 X80.31 Y63.07
M204 S500
M205 X10 Y10
G1 F2400 X73.841 Y63.07 E1590.55303
G1 X73.841 Y56.65 E1590.83105
G1 X80.31 Y56.65 E1591.11119
G1 X80.31 Y62.558 E1591.36704
G0 F1920 X80.31 Y63.07
M204 S2000
M205 X30 Y30
G0 F3600 X80.81 Y63.57
M204 S500
M205 X10 Y10
;TYPE:WALL-OUTER
G1 F1200 X73.341 Y63.57 E1591.69049
G1 X73.341 Y56.15 E1592.01182
G1 X80.81 Y56.15 E1592.33527
G1 X80.81 Y63.058 E1592.63443
G0 F960 X80.81 Y63.57
M204 S2000
M205 X30 Y30
G0 F3600 X80.56 Y63.57
G0 X79.81 Y62.717
G1 F2700 E1588.63443
;MESH:NONMESH
G0 F600 X79.81 Y62.717 Z37.8
G0 F3600 X73.861 Y57.739
G0 X72.426 Y57.739
G0 X48.793 Y57.741
G0 X47.628 Y57.742
G0 X41.651 Y57.739
;TIME_ELAPSED:1929.424153
;LAYER:150
M204 S500
M205 X10 Y10
;TYPE:FILL
;MESH:PLATempTower
G1 F2700 E1592.63443
G1 F2400 X46.28 Y62.368 E1592.91793
G1 X46.492 Y62.58
M204 S2000
M205 X30 Y30
G0 F3600 X46.929 Y60.659
M204 S500
M205 X10 Y10
G1 F2400 X44.008 Y57.739 E1593.09679
G1 X43.796 Y57.527
M204 S2000
M205 X30 Y30
G0 F3600 X46.366 Y57.739
M204 S500
M205 X10 Y10
G1 F2400 X46.928 Y58.301 E1593.13121
M204 S2000
M205 X30 Y30
G0 F3600 X43.923 Y62.368
M204 S500
M205 X10 Y10
G1 F2400 X41.309 Y59.755 E1593.29127
G1 X41.097 Y59.543
M204 S2000
M205 X30 Y30
G0 F3600 X41.309 Y62.112
M204 S500
M205 X10 Y10
G1 F2400 X41.565 Y62.368 E1593.30695
M204 S2000
M205 X30 Y30
G0 F3600 X47.129 Y62.57
M204 S500
M205 X10 Y10
;TYPE:WALL-INNER
G1 F2400 X41.11 Y62.57 E1593.5676
G1 X41.11 Y57.54 E1593.78543
G1 X47.128 Y57.54 E1594.04604
G1 X47.129 Y62.058 E1594.2417
G0 F1920 X47.129 Y62.57
M204 S2000
M205 X30 Y30
G0 F3600 X47.416 Y57.04
M204 S500
M205 X10 Y10
G1 F2400 X47.416 Y56.65 E1594.25859
G1 X47.628 Y56.65 E1594.26777
G1 X47.629 Y63.07 E1594.54579
G1 X40.61 Y63.07 E1594.84976
G1 X40.61 Y57.04 E1595.11089
G1 X46.904 Y57.04 E1595.38346
G0 F1920 X47.416 Y57.04
M204 S2000
M205 X30 Y30
G1 F2700 E1591.38346
G0 F3600 X40.916 Y56.818
G0 X40.944 Y56.54
M204 S500
M205 X10 Y10
;TYPE:WALL-OUTER
G1 F2700 E1595.38346
G1 F1200 X42.437 Y56.54 E1595.44811
G1 X42.449 Y56.15 E1595.46501
G1 X42.624 Y56.15 E1595.47259
G1 X42.625 Y56.54 E1595.48948
G1 X46.916 Y56.54 E1595.6753
G1 X46.916 Y56.15 E1595.69219
G1 X48.128 Y56.15 E1595.74468
G1 X48.129 Y63.57 E1596.066
G1 X40.11 Y63.57 E1596.41327
G1 X40.11 Y56.15 E1596.7346
G1 X40.822 Y56.15 E1596.76544
G0 F960 X40.944 Y56.15
G0 X40.944 Y56.54
M204 S2000
M205 X30 Y30
G0 F3600 X41.194 Y56.54
G0 X40.86 Y56.54
G1 F2700 E1592.76544
G0 F3600 X40.874 Y56.61
G0 X42.263 Y56.794
G0 X47.878 Y57.545
G0 X49.043 Y57.544
G0 X72.345 Y57.545
G0 X73.78 Y57.545
G0 X74.459 Y57.542
M204 S500
M205 X10 Y10
;TYPE:FILL
G1 F2700 E1596.76544
G1 F2400 X79.287 Y62.37 E1597.06112
G1 X79.499 Y62.582
M204 S2000
M205 X30 Y30
G0 F3600 X79.609 Y60.335
M204 S500
M205 X10 Y10
G1 F2400 X76.624 Y57.349 E1597.24396
G1 X76.412 Y57.137
M204 S2000
M205 X30 Y30
G0 F3600 X78.981 Y57.349
M204 S500
M205 X10 Y10
G1 F2400 X79.609 Y57.977 E1597.28242
M204 S2000
M205 X30 Y30
G0 F3600 X76.929 Y62.37
M204 S500
M205 X10 Y10
G1 F2400 X74.459 Y59.899 E1597.43373
G1 X74.247 Y59.687
M204 S2000
M205 X30 Y30
G0 F3600 X74.459 Y62.257
M204 S500
M205 X10 Y10
G1 F2400 X74.572 Y62.37 E1597.44065
M204 S2000
M205 X30 Y30
G0 F3600 X79.81 Y62.57
M204 S500
M205 X10 Y10
;TYPE:WALL-INNER
G1 F2400 X74.26 Y62.57 E1597.68099
G1 X74.26 Y57.15 E1597.91571
G1 X79.81 Y57.15 E1598.15606
G1 X79.81 Y62.058 E1598.3686
G0 F1920 X79.81 Y62.57
M204 S2000
M205 X30 Y30
G0 F3600 X80.31 Y63.07
M204 S500
M205 X10 Y10
G1 F2400 X73.76 Y63.07 E1598.65225
G1 X73.76 Y56.65 E1598.93028
G1 X80.31 Y56.65 E1599.21393
G1 X80.31 Y62.558 E1599.46978
G0 F1920 X80.31 Y63.07
M204 S2000
M205 X30 Y30
G0 F3600 X80.81 Y63.57
M204 S500
M205 X10 Y10
;TYPE:WALL-OUTER
G1 F1200 X73.26 Y63.57 E1599.79674
G1 X73.26 Y56.15 E1600.11807
G1 X80.81 Y56.15 E1600.44502
G1 X80.81 Y63.058 E1600.74418
G0 F960 X80.81 Y63.57
M204 S2000
M205 X30 Y30
G0 F3600 X80.56 Y63.57
G0 X79.81 Y62.717
G1 F2700 E1596.74418
;MESH:NONMESH
G0 F600 X79.81 Y62.717 Z38.05
G0 F3600 X73.78 Y57.738
G0 X72.345 Y57.738
G0 X49.043 Y57.74
G0 X47.878 Y57.741
G0 X41.458 Y57.738
;TIME_ELAPSED:1940.526386
;LAYER:151
M204 S500
M205 X10 Y10
;TYPE:FILL
;MESH:PLATempTower
G1 F2700 E1600.74418
G1 F2400 X41.309 Y57.887 E1600.75331
M204 S2000
M205 X30 Y30
G0 F3600 X41.309 Y60.244
M204 S500
M205 X10 Y10
G1 F2400 X43.815 Y57.738 E1600.90678
G1 X44.027 Y57.526
M204 S2000
M205 X30 Y30
G0 F3600 X46.173 Y57.738
M204 S500
M205 X10 Y10
G1 F2400 X41.543 Y62.368 E1601.19034
G1 X41.331 Y62.58
M204 S2000
M205 X30 Y30
G0 F3600 X43.9 Y62.368
M204 S500
M205 X10 Y10
G1 F2400 X47.178 Y59.091 E1601.39107
G1 X47.39 Y58.879
M204 S2000
M205 X30 Y30
G0 F3600 X47.178 Y61.448
M204 S500
M205 X10 Y10
G1 F2400 X46.258 Y62.368 E1601.44741
G1 X46.046 Y62.58
M204 S2000
M205 X30 Y30
G0 F3600 X47.379 Y62.57
M204 S500
M205 X10 Y10
;TYPE:WALL-INNER
G1 F2400 X41.11 Y62.57 E1601.71889
G1 X41.11 Y57.54 E1601.93672
G1 X47.378 Y57.54 E1602.20816
G1 X47.379 Y62.058 E1602.40382
G0 F1920 X47.379 Y62.57
M204 S2000
M205 X30 Y30
G0 F3600 X47.524 Y57.11
G0 X47.454 Y57.04
M204 S500
M205 X10 Y10
G1 F2400 X47.454 Y56.65 E1602.42071
G1 X47.878 Y56.65 E1602.43907
G1 X47.879 Y63.07 E1602.71709
G1 X40.61 Y63.07 E1603.03188
G1 X40.61 Y56.65 E1603.3099
G1 X40.68 Y56.65 E1603.31293
G1 X40.681 Y57.04 E1603.32982
G1 X46.942 Y57.04 E1603.60096
G0 F1920 X47.454 Y57.04
M204 S2000
M205 X30 Y30
G0 F3600 X46.954 Y56.54
M204 S500
M205 X10 Y10
;TYPE:WALL-OUTER
G1 F1200 X46.954 Y56.15 E1603.61785
G1 X48.378 Y56.15 E1603.67952
G1 X48.379 Y63.57 E1604.00085
G1 X40.11 Y63.57 E1604.35894
G1 X40.11 Y56.15 E1604.68027
G1 X41.179 Y56.15 E1604.72656
G1 X41.18 Y56.54 E1604.74345
G1 X46.442 Y56.54 E1604.97133
G0 F960 X46.954 Y56.54
M204 S2000
M205 X30 Y30
G0 F3600 X46.954 Y56.29
G1 F2700 E1600.97133
G0 F3600 X47.524 Y56.72
G0 X47.878 Y57.827
G0 X49.293 Y57.826
G0 X72.264 Y57.827
G0 X73.699 Y57.827
G0 X74.378 Y57.823
M204 S500
M205 X10 Y10
;TYPE:FILL
G1 F2700 E1604.97133
G1 F2400 X74.852 Y57.349 E1605.00036
M204 S2000
M205 X30 Y30
G0 F3600 X77.209 Y57.349
M204 S500
M205 X10 Y10
G1 F2400 X74.378 Y60.181 E1605.17377
G1 X74.166 Y60.393
M204 S2000
M205 X30 Y30
G0 F3600 X74.546 Y62.37
M204 S500
M205 X10 Y10
G1 F2400 X79.567 Y57.349 E1605.48127
G1 X79.779 Y57.137
M204 S2000
M205 X30 Y30
G0 F3600 X79.609 Y59.664
M204 S500
M205 X10 Y10
G1 F2400 X76.904 Y62.37 E1605.64697
G1 X76.692 Y62.582
M204 S2000
M205 X30 Y30
G0 F3600 X79.261 Y62.37
M204 S500
M205 X10 Y10
G1 F2400 X79.609 Y62.022 E1605.66828
M204 S2000
M205 X30 Y30
G0 F3600 X79.81 Y62.57
M204 S500
M205 X10 Y10
;TYPE:WALL-INNER
G1 F2400 X74.179 Y62.57 E1605.91213
G1 X74.179 Y57.15 E1606.14685
G1 X79.81 Y57.15 E1606.39071
G1 X79.81 Y62.058 E1606.60325
G0 F1920 X79.81 Y62.57
M204 S2000
M205 X30 Y30
G0 F3600 X80.31 Y63.07
M204 S500
M205 X10 Y10
G1 F2400 X73.679 Y63.07 E1606.89041
G1 X73.679 Y56.65 E1607.16843
G1 X80.31 Y56.65 E1607.45559
G1 X80.31 Y62.558 E1607.71144
G0 F1920 X80.31 Y63.07
M204 S2000
M205 X30 Y30
G0 F3600 X80.81 Y63.57
M204 S500
M205 X10 Y10
;TYPE:WALL-OUTER
G1 F1200 X73.179 Y63.57 E1608.04191
G1 X73.179 Y56.15 E1608.36324
G1 X80.81 Y56.15 E1608.6937
G1 X80.81 Y63.058 E1608.99286
G0 F960 X80.81 Y63.57
M204 S2000
M205 X30 Y30
G0 F3600 X80.56 Y63.57
G0 X79.81 Y62.717
G1 F2700 E1604.99286
;MESH:NONMESH
G0 F600 X79.81 Y62.717 Z38.3
G0 F3600 X73.699 Y57.739
G0 X72.264 Y57.739
G0 X49.293 Y57.742
G0 X47.878 Y57.743
G0 X41.651 Y57.739
;TIME_ELAPSED:1950.959262
;LAYER:152
M204 S500
M205 X10 Y10
;TYPE:FILL
;MESH:PLATempTower
G1 F2700 E1608.99286
G1 F2400 X46.28 Y62.368 E1609.27636
G1 X46.492 Y62.58
M204 S2000
M205 X30 Y30
G0 F3600 X47.429 Y61.159
M204 S500
M205 X10 Y10
G1 F2400 X44.008 Y57.739 E1609.48584
G1 X43.796 Y57.527
M204 S2000
M205 X30 Y30
G0 F3600 X46.366 Y57.739
M204 S500
M205 X10 Y10
G1 F2400 X47.429 Y58.802 E1609.55094
G1 X47.641 Y59.014
M204 S2000
M205 X30 Y30
G0 F3600 X43.923 Y62.368
M204 S500
M205 X10 Y10
G1 F2400 X41.309 Y59.755 E1609.711
G1 X41.097 Y59.543
M204 S2000
M205 X30 Y30
G0 F3600 X41.309 Y62.112
M204 S500
M205 X10 Y10
G1 F2400 X41.565 Y62.368 E1609.72668
M204 S2000
M205 X30 Y30
G0 F3600 X47.629 Y62.57
M204 S500
M205 X10 Y10
;TYPE:WALL-INNER
G1 F2400 X41.11 Y62.57 E1610.00899
G1 X41.11 Y57.54 E1610.22682
G1 X47.628 Y57.54 E1610.50909
G1 X47.629 Y62.058 E1610.70474
G0 F1920 X47.629 Y62.57
M204 S2000
M205 X30 Y30
G0 F3600 X47.539 Y57.11
G0 X47.469 Y57.04
M204 S500
M205 X10 Y10
G1 F2400 X47.468 Y56.65 E1610.72163
G1 X48.128 Y56.65 E1610.75021
G1 X48.129 Y63.07 E1611.02823
G1 X40.61 Y63.07 E1611.35385
G1 X40.61 Y56.65 E1611.63187
G1 X40.942 Y56.65 E1611.64625
G1 X40.943 Y57.04 E1611.66314
G1 X46.957 Y57.04 E1611.92358
G0 F1920 X47.469 Y57.04
M204 S2000
M205 X30 Y30
G0 F3600 X46.968 Y56.54
M204 S500
M205 X10 Y10
;TYPE:WALL-OUTER
G1 F1200 X46.967 Y56.15 E1611.94047
G1 X48.628 Y56.15 E1612.0124
G1 X48.629 Y63.57 E1612.33373
G1 X40.11 Y63.57 E1612.70265
G1 X40.11 Y56.15 E1613.02398
G1 X41.441 Y56.15 E1613.08162
G1 X41.442 Y56.54 E1613.09851
G1 X46.456 Y56.54 E1613.31564
G0 F960 X46.968 Y56.54
M204 S2000
M205 X30 Y30
G0 F3600 X46.968 Y56.29
G0 X47.628 Y57.002
G1 F2700 E1609.31564
G0 F3600 X49.543 Y57.366
G0 X72.166 Y57.367
G0 X73.601 Y57.367
G0 X74.28 Y57.363
M204 S500
M205 X10 Y10
;TYPE:FILL
G1 F2700 E1613.31564
G1 F2400 X79.286 Y62.369 E1613.62223
G1 X79.498 Y62.581
M204 S2000
M205 X30 Y30
G0 F3600 X79.609 Y60.335
M204 S500
M205 X10 Y10
G1 F2400 X76.624 Y57.349 E1613.80507
G1 X76.412 Y57.137
M204 S2000
M205 X30 Y30
G0 F3600 X78.981 Y57.349
M204 S500
M205 X10 Y10
G1 F2400 X79.609 Y57.977 E1613.84353
M204 S2000
M205 X30 Y30
G0 F3600 X76.928 Y62.369
M204 S500
M205 X10 Y10
G1 F2400 X74.28 Y59.72 E1614.00574
G1 X74.068 Y59.508
M204 S2000
M205 X30 Y30
G0 F3600 X74.28 Y62.078
M204 S500
M205 X10 Y10
G1 F2400 X74.571 Y62.369 E1614.02356
M204 S2000
M205 X30 Y30
G0 F3600 X79.81 Y62.57
M204 S500
M205 X10 Y10
;TYPE:WALL-INNER
G1 F2400 X74.081 Y62.57 E1614.27166
G1 X74.081 Y57.15 E1614.50637
G1 X79.81 Y57.15 E1614.75447
G1 X79.81 Y62.058 E1614.96702
G0 F1920 X79.81 Y62.57
M204 S2000
M205 X30 Y30
G0 F3600 X80.31 Y63.07
M204 S500
M205 X10 Y10
G1 F2400 X73.581 Y63.07 E1615.25842
G1 X73.581 Y56.65 E1615.53644
G1 X80.31 Y56.65 E1615.82785
G1 X80.31 Y62.558 E1616.0837
G0 F1920 X80.31 Y63.07
M204 S2000
M205 X30 Y30
G0 F3600 X80.81 Y63.57
M204 S500
M205 X10 Y10
;TYPE:WALL-OUTER
G1 F1200 X73.081 Y63.57 E1616.41841
G1 X73.081 Y56.15 E1616.73974
G1 X80.81 Y56.15 E1617.07445
G1 X80.81 Y63.058 E1617.3736
G0 F960 X80.81 Y63.57
M204 S2000
M205 X30 Y30
G0 F3600 X80.56 Y63.57
G0 X79.81 Y62.717
G1 F2700 E1613.3736
;MESH:NONMESH
G0 F600 X79.81 Y62.717 Z38.55
G0 F3600 X73.601 Y57.75
G0 X72.166 Y57.75
G0 X49.543 Y57.752
G0 X48.128 Y57.753
G0 X41.447 Y57.75
;TIME_ELAPSED:1961.763613
;LAYER:153
M204 S500
M205 X10 Y10
;TYPE:FILL
;MESH:PLATempTower
G1 F2700 E1617.3736
G1 F2400 X41.309 Y57.887 E1617.38202
M204 S2000
M205 X30 Y30
G0 F3600 X41.309 Y60.244
M204 S500
M205 X10 Y10
G1 F2400 X43.804 Y57.75 E1617.5348
G1 X44.016 Y57.538
M204 S2000
M205 X30 Y30
G0 F3600 X46.174 Y57.737
M204 S500
M205 X10 Y10
G1 F2400 X41.542 Y62.369 E1617.81848
G1 X41.33 Y62.581
M204 S2000
M205 X30 Y30
G0 F3600 X43.9 Y62.369
M204 S500
M205 X10 Y10
G1 F2400 X47.678 Y58.591 E1618.04985
G1 X47.89 Y58.379
M204 S2000
M205 X30 Y30
G0 F3600 X47.678 Y60.949
M204 S500
M205 X10 Y10
G1 F2400 X46.257 Y62.369 E1618.13685
G1 X46.045 Y62.581
M204 S2000
M205 X30 Y30
G0 F3600 X43.466 Y57.555
M204 S500
M205 X10 Y10
;TYPE:WALL-INNER
G1 F2400 X45.077 Y57.538 E1618.20662
G1 X47.878 Y57.54 E1618.32792
G1 X47.879 Y62.57 E1618.54575
G1 X41.11 Y62.57 E1618.83888
G1 X41.11 Y57.54 E1619.05671
G1 X41.583 Y57.555 E1619.07721
G1 X42.954 Y57.54 E1619.13658
G0 F1920 X43.193 Y57.538
G0 X43.466 Y57.555
M204 S2000
M205 X30 Y30
G0 F3600 X42.013 Y57.121
G0 X42.083 Y57.05
M204 S500
M205 X10 Y10
G1 F2400 X43.189 Y57.038 E1619.18448
G1 X43.966 Y57.04 E1619.21813
G1 X43.966 Y57.05 E1619.21856
G1 X45.072 Y57.038 E1619.26646
G1 X47.459 Y57.04 E1619.36983
G1 X47.459 Y56.65 E1619.38672
G1 X48.378 Y56.65 E1619.42652
G1 X48.379 Y63.07 E1619.70454
G1 X40.61 Y63.07 E1620.04098
G1 X40.61 Y56.65 E1620.31901
G1 X41.182 Y56.65 E1620.34378
G1 X41.182 Y57.04 E1620.36067
G1 X41.581 Y57.04 E1620.37795
G0 F1920 X42.083 Y57.04
G0 X42.083 Y57.05
M204 S2000
M205 X30 Y30
G0 F3600 X42.583 Y56.545
M204 S500
M205 X10 Y10
;TYPE:WALL-OUTER
G1 F1200 X43.689 Y56.533 E1620.42585
G1 X43.689 Y56.54 E1620.42615
G1 X44.466 Y56.54 E1620.4598
G1 X44.466 Y56.545 E1620.46001
G1 X45.572 Y56.533 E1620.50791
G1 X45.572 Y56.54 E1620.50822
G1 X46.959 Y56.54 E1620.56828
G1 X46.959 Y56.15 E1620.58517
G1 X48.878 Y56.15 E1620.66827
G1 X48.879 Y63.57 E1620.9896
G1 X40.11 Y63.57 E1621.36935
G1 X40.11 Y56.15 E1621.69068
G1 X41.682 Y56.15 E1621.75876
G1 X41.682 Y56.54 E1621.77564
G1 X42.076 Y56.54 E1621.79271
G0 F960 X42.583 Y56.54
G0 X42.583 Y56.545
M204 S2000
M205 X30 Y30
G0 F3600 X42.833 Y56.543
G0 X42.843 Y57.542
G1 F2700 E1617.79271
G0 F3600 X48.378 Y58.069
G0 X49.793 Y58.068
G0 X72.022 Y58.069
G0 X73.457 Y58.069
G0 X74.136 Y58.065
M204 S500
M205 X10 Y10
;TYPE:FILL
G1 F2700 E1621.79271
G1 F2400 X74.852 Y57.349 E1621.83656
G1 X75.064 Y57.137
M204 S2000
M205 X30 Y30
G0 F3600 X77.209 Y57.349
M204 S500
M205 X10 Y10
G1 F2400 X74.136 Y60.422 E1622.02476
G1 X73.924 Y60.634
M204 S2000
M205 X30 Y30
G0 F3600 X74.546 Y62.37
M204 S500
M205 X10 Y10
G1 F2400 X79.567 Y57.349 E1622.33226
G1 X79.779 Y57.137
M204 S2000
M205 X30 Y30
G0 F3600 X79.609 Y59.664
M204 S500
M205 X10 Y10
G1 F2400 X76.904 Y62.37 E1622.49796
G1 X76.692 Y62.582
M204 S2000
M205 X30 Y30
G0 F3600 X79.261 Y62.37
M204 S500
M205 X10 Y10
G1 F2400 X79.609 Y62.022 E1622.51927
M204 S2000
M205 X30 Y30
G0 F3600 X79.81 Y62.57
M204 S500
M205 X10 Y10
;TYPE:WALL-INNER
G1 F2400 X73.937 Y62.57 E1622.7736
G1 X73.937 Y57.15 E1623.00832
G1 X79.81 Y57.15 E1623.26266
G1 X79.81 Y62.058 E1623.4752
G0 F1920 X79.81 Y62.57
M204 S2000
M205 X30 Y30
G0 F3600 X80.31 Y63.07
M204 S500
M205 X10 Y10
G1 F2400 X73.437 Y63.07 E1623.77284
G1 X73.437 Y56.65 E1624.05086
G1 X80.31 Y56.65 E1624.3485
G1 X80.31 Y62.558 E1624.60435
G0 F1920 X80.31 Y63.07
M204 S2000
M205 X30 Y30
G0 F3600 X80.81 Y63.57
M204 S500
M205 X10 Y10
;TYPE:WALL-OUTER
G1 F1200 X72.937 Y63.57 E1624.9453
G1 X72.937 Y56.15 E1625.26663
G1 X80.81 Y56.15 E1625.60758
G1 X80.81 Y63.058 E1625.90673
G0 F960 X80.81 Y63.57
M204 S2000
M205 X30 Y30
G0 F3600 X80.56 Y63.57
G0 X79.81 Y62.717
G1 F2700 E1621.90673
;MESH:NONMESH
G0 F600 X79.81 Y62.717 Z38.8
G0 F3600 X73.457 Y57.739
G0 X72.022 Y57.739
G0 X49.793 Y57.741
G0 X48.378 Y57.742
G0 X41.651 Y57.739
;TIME_ELAPSED:1972.757159
;LAYER:154
M204 S500
M205 X10 Y10
;TYPE:FILL
;MESH:PLATempTower
G1 F2700 E1625.90673
G1 F2400 X46.28 Y62.368 E1626.19023
G1 X46.492 Y62.58
M204 S2000
M205 X30 Y30
G0 F3600 X47.929 Y61.659
M204 S500
M205 X10 Y10
G1 F2400 X44.008 Y57.739 E1626.43033
G1 X43.796 Y57.527
M204 S2000
M205 X30 Y30
G0 F3600 X46.366 Y57.739
M204 S500
M205 X10 Y10
G1 F2400 X47.928 Y59.301 E1626.526
G1 X48.14 Y59.513
M204 S2000
M205 X30 Y30
G0 F3600 X43.923 Y62.368
M204 S500
M205 X10 Y10
G1 F2400 X41.309 Y59.755 E1626.68606
G1 X41.097 Y59.543
M204 S2000
M205 X30 Y30
G0 F3600 X41.309 Y62.112
M204 S500
M205 X10 Y10
G1 F2400 X41.565 Y62.368 E1626.70173
M204 S2000
M205 X30 Y30
G0 F3600 X47.929 Y57.54
M204 S500
M205 X10 Y10
;TYPE:WALL-INNER
G1 F2400 X47.93 Y57.15 E1626.71862
G1 X48.128 Y57.15 E1626.7272
G1 X48.129 Y62.57 E1626.96192
G1 X41.11 Y62.57 E1627.26588
G1 X41.11 Y57.54 E1627.48371
G1 X47.417 Y57.54 E1627.75684
G0 F1920 X47.929 Y57.54
M204 S2000
M205 X30 Y30
G0 F3600 X41.241 Y57.11
G0 X41.311 Y57.04
M204 S500
M205 X10 Y10
G1 F2400 X47.43 Y57.04 E1628.02182
G1 X47.431 Y56.65 E1628.03871
G1 X48.628 Y56.65 E1628.09055
G1 X48.629 Y63.07 E1628.36857
G1 X40.61 Y63.07 E1628.71584
G1 X40.61 Y56.65 E1628.99386
G1 X41.189 Y56.65 E1629.01894
G0 F1920 X41.311 Y56.65
G0 X41.311 Y57.04
M204 S2000
M205 X30 Y30
G0 F3600 X41.811 Y56.54
M204 S500
M205 X10 Y10
;TYPE:WALL-OUTER
G1 F1200 X46.931 Y56.54 E1629.24066
G1 X46.932 Y56.15 E1629.25755
G1 X49.128 Y56.15 E1629.35265
G1 X49.129 Y63.57 E1629.67398
G1 X40.11 Y63.57 E1630.06455
G1 X40.11 Y56.15 E1630.38588
G1 X41.689 Y56.15 E1630.45426
G0 F960 X41.811 Y56.15
G0 X41.811 Y56.54
M204 S2000
M205 X30 Y30
G0 F3600 X42.061 Y56.54
G0 X42.061 Y57.54
G1 F2700 E1626.45426
G0 F3600 X48.628 Y59.434
G0 X50.043 Y59.433
G0 X71.877 Y59.434
G0 X73.312 Y59.434
G0 X73.99 Y59.431
M204 S500
M205 X10 Y10
;TYPE:FILL
G1 F2700 E1630.45426
G1 F2400 X76.929 Y62.37 E1630.63426
G1 X77.141 Y62.582
M204 S2000
M205 X30 Y30
G0 F3600 X74.572 Y62.37
M204 S500
M205 X10 Y10
G1 F2400 X73.99 Y61.789 E1630.66987
M204 S2000
M205 X30 Y30
G0 F3600 X74.266 Y57.349
M204 S500
M205 X10 Y10
G1 F2400 X79.287 Y62.37 E1630.97737
G1 X79.499 Y62.582
M204 S2000
M205 X30 Y30
G0 F3600 X79.609 Y60.335
M204 S500
M205 X10 Y10
G1 F2400 X76.624 Y57.349 E1631.16022
G1 X76.412 Y57.137
M204 S2000
M205 X30 Y30
G0 F3600 X78.981 Y57.349
M204 S500
M205 X10 Y10
G1 F2400 X79.609 Y57.977 E1631.19868
M204 S2000
M205 X30 Y30
G0 F3600 X79.81 Y62.57
M204 S500
M205 X10 Y10
;TYPE:WALL-INNER
G1 F2400 X73.792 Y62.57 E1631.45929
G1 X73.792 Y57.15 E1631.69401
G1 X79.81 Y57.15 E1631.95462
G1 X79.81 Y62.058 E1632.16717
G0 F1920 X79.81 Y62.57
M204 S2000
M205 X30 Y30
G0 F3600 X80.31 Y63.07
M204 S500
M205 X10 Y10
G1 F2400 X73.292 Y63.07 E1632.47109
G1 X73.292 Y56.65 E1632.74911
G1 X80.31 Y56.65 E1633.05303
G1 X80.31 Y62.558 E1633.30888
G0 F1920 X80.31 Y63.07
M204 S2000
M205 X30 Y30
G0 F3600 X80.81 Y63.57
M204 S500
M205 X10 Y10
;TYPE:WALL-OUTER
G1 F1200 X72.792 Y63.57 E1633.65611
G1 X72.792 Y56.15 E1633.97743
G1 X80.81 Y56.15 E1634.32466
G1 X80.81 Y63.058 E1634.62382
G0 F960 X80.81 Y63.57
M204 S2000
M205 X30 Y30
G0 F3600 X80.56 Y63.57
G0 X79.81 Y62.717
G1 F2700 E1630.62382
;MESH:NONMESH
G0 F600 X79.81 Y62.717 Z39.05
G0 F3600 X73.312 Y57.738
G0 X71.877 Y57.738
G0 X50.043 Y57.74
G0 X48.628 Y57.741
G0 X41.458 Y57.738
;TIME_ELAPSED:1983.977772
;LAYER:155
M204 S500
M205 X10 Y10
;TYPE:FILL
;MESH:PLATempTower
G1 F2700 E1634.62382
G1 F2400 X41.309 Y57.887 E1634.63294
M204 S2000
M205 X30 Y30
G0 F3600 X41.309 Y60.244
M204 S500
M205 X10 Y10
G1 F2400 X43.815 Y57.738 E1634.78642
G1 X44.027 Y57.526
M204 S2000
M205 X30 Y30
G0 F3600 X46.173 Y57.738
M204 S500
M205 X10 Y10
G1 F2400 X41.543 Y62.368 E1635.06997
G1 X41.331 Y62.58
M204 S2000
M205 X30 Y30
G0 F3600 X43.9 Y62.368
M204 S500
M205 X10 Y10
G1 F2400 X48.178 Y58.09 E1635.33197
G1 X48.39 Y57.878
M204 S2000
M205 X30 Y30
G0 F3600 X48.178 Y60.448
M204 S500
M205 X10 Y10
G1 F2400 X46.258 Y62.368 E1635.44956
G1 X46.046 Y62.58
M204 S2000
M205 X30 Y30
G0 F3600 X47.872 Y57.54
M204 S500
M205 X10 Y10
;TYPE:WALL-INNER
G1 F2400 X47.873 Y57.15 E1635.46645
G1 X48.379 Y57.15 E1635.48836
G1 X48.379 Y62.57 E1635.72308
G1 X41.11 Y62.57 E1636.03787
G1 X41.11 Y57.54 E1636.2557
G1 X47.36 Y57.54 E1636.52636
G0 F1920 X47.872 Y57.54
M204 S2000
M205 X30 Y30
G0 F3600 X47.373 Y57.04
M204 S500
M205 X10 Y10
G1 F2400 X47.374 Y56.65 E1636.54325
G1 X48.879 Y56.65 E1636.60842
G1 X48.879 Y63.07 E1636.88645
G1 X40.61 Y63.07 E1637.24454
G1 X40.61 Y57.04 E1637.50568
G1 X46.861 Y57.04 E1637.77638
G0 F1920 X47.373 Y57.04
M204 S2000
M205 X30 Y30
G1 F2700 E1633.77638
G0 F3600 X40.689 Y56.818
G0 X40.717 Y56.54
M204 S500
M205 X10 Y10
;TYPE:WALL-OUTER
G1 F2700 E1637.77638
G1 F1200 X46.874 Y56.54 E1638.04301
G1 X46.875 Y56.15 E1638.0599
G1 X49.379 Y56.15 E1638.16834
G1 X49.379 Y63.57 E1638.48967
G1 X40.11 Y63.57 E1638.89107
G1 X40.11 Y56.15 E1639.2124
G1 X40.595 Y56.15 E1639.2334
G0 F960 X40.717 Y56.15
G0 X40.717 Y56.54
M204 S2000
M205 X30 Y30
G0 F3600 X40.967 Y56.54
G1 F2700 E1635.2334
G0 F3600 X40.647 Y56.61
G0 X49.109 Y58.354
G0 X50.294 Y58.354
G0 X71.733 Y58.354
G0 X73.168 Y58.354
G0 X73.847 Y58.354
M204 S500
M205 X10 Y10
;TYPE:FILL
G1 F2700 E1639.2334
G1 F2400 X74.852 Y57.349 E1639.29495
G1 X75.064 Y57.137
M204 S2000
M205 X30 Y30
G0 F3600 X77.209 Y57.349
M204 S500
M205 X10 Y10
G1 F2400 X73.847 Y60.712 E1639.50088
G1 X73.635 Y60.924
M204 S2000
M205 X30 Y30
G0 F3600 X74.546 Y62.37
M204 S500
M205 X10 Y10
G1 F2400 X79.567 Y57.349 E1639.80839
G1 X79.779 Y57.137
M204 S2000
M205 X30 Y30
G0 F3600 X79.609 Y59.664
M204 S500
M205 X10 Y10
G1 F2400 X76.904 Y62.37 E1639.97408
G1 X76.692 Y62.582
M204 S2000
M205 X30 Y30
G0 F3600 X79.261 Y62.37
M204 S500
M205 X10 Y10
G1 F2400 X79.609 Y62.022 E1639.99539
M204 S2000
M205 X30 Y30
G0 F3600 X79.81 Y62.57
M204 S500
M205 X10 Y10
;TYPE:WALL-INNER
G1 F2400 X73.648 Y62.57 E1640.26224
G1 X73.648 Y57.15 E1640.49696
G1 X79.81 Y57.15 E1640.76381
G1 X79.81 Y62.058 E1640.97636
G0 F1920 X79.81 Y62.57
M204 S2000
M205 X30 Y30
G0 F3600 X80.31 Y63.07
M204 S500
M205 X10 Y10
G1 F2400 X73.148 Y63.07 E1641.28651
G1 X73.148 Y56.65 E1641.56453
G1 X80.31 Y56.65 E1641.87469
G1 X80.31 Y62.558 E1642.13054
G0 F1920 X80.31 Y63.07
M204 S2000
M205 X30 Y30
G0 F3600 X80.81 Y63.57
M204 S500
M205 X10 Y10
;TYPE:WALL-OUTER
G1 F1200 X72.648 Y63.57 E1642.484
G1 X72.648 Y56.15 E1642.80533
G1 X80.81 Y56.15 E1643.15879
G1 X80.81 Y63.058 E1643.45795
G0 F960 X80.81 Y63.57
M204 S2000
M205 X30 Y30
G0 F3600 X80.56 Y63.57
G0 X79.81 Y62.717
G1 F2700 E1639.45795
;MESH:NONMESH
G0 F600 X79.81 Y62.717 Z39.3
G0 F3600 X73.168 Y57.739
G0 X71.733 Y57.739
G0 X50.294 Y57.739
G0 X49.109 Y57.739
G0 X41.651 Y57.739
;TIME_ELAPSED:1995.337084
;LAYER:156
M204 S500
M205 X10 Y10
;TYPE:FILL
;MESH:PLATempTower
G1 F2700 E1643.45795
G1 F2400 X46.28 Y62.368 E1643.74144
G1 X46.492 Y62.58
M204 S2000
M205 X30 Y30
G0 F3600 X48.429 Y62.159
M204 S500
M205 X10 Y10
G1 F2400 X44.008 Y57.739 E1644.01217
G1 X43.796 Y57.527
M204 S2000
M205 X30 Y30
G0 F3600 X46.366 Y57.739
M204 S500
M205 X10 Y10
G1 F2400 X48.429 Y59.802 E1644.13852
G1 X48.641 Y60.014
M204 S2000
M205 X30 Y30
G0 F3600 X48.429 Y57.444
M204 S500
M205 X10 Y10
G1 F2400 X48.334 Y57.349 E1644.14433
M204 S2000
M205 X30 Y30
G0 F3600 X43.923 Y62.368
M204 S500
M205 X10 Y10
G1 F2400 X41.309 Y59.755 E1644.30439
G1 X41.097 Y59.543
M204 S2000
M205 X30 Y30
G0 F3600 X41.309 Y62.112
M204 S500
M205 X10 Y10
G1 F2400 X41.565 Y62.368 E1644.32007
M204 S2000
M205 X30 Y30
G0 F3600 X47.758 Y57.54
M204 S500
M205 X10 Y10
;TYPE:WALL-INNER
G1 F2400 X47.759 Y57.15 E1644.33696
G1 X48.629 Y57.15 E1644.37464
G1 X48.629 Y62.57 E1644.60935
G1 X41.11 Y62.57 E1644.93497
G1 X41.11 Y57.54 E1645.1528
G1 X47.246 Y57.54 E1645.41852
G0 F1920 X47.758 Y57.54
M204 S2000
M205 X30 Y30
G0 F3600 X47.259 Y57.04
M204 S500
M205 X10 Y10
G1 F2400 X47.26 Y56.65 E1645.43541
G1 X49.129 Y56.65 E1645.51635
G1 X49.129 Y63.07 E1645.79437
G1 X40.61 Y63.07 E1646.16329
G1 X40.61 Y57.04 E1646.42443
G1 X46.747 Y57.04 E1646.6902
G0 F1920 X47.259 Y57.04
M204 S2000
M205 X30 Y30
G1 F2700 E1642.6902
G0 F3600 X40.796 Y56.818
G0 X40.824 Y56.54
M204 S500
M205 X10 Y10
;TYPE:WALL-OUTER
G1 F2700 E1646.6902
G1 F1200 X46.76 Y56.54 E1646.94726
G1 X46.761 Y56.15 E1646.96415
G1 X49.629 Y56.15 E1647.08835
G1 X49.629 Y63.57 E1647.40968
G1 X40.11 Y63.57 E1647.8219
G1 X40.11 Y56.15 E1648.14323
G1 X40.702 Y56.15 E1648.16887
G0 F960 X40.824 Y56.15
G0 X40.824 Y56.54
M204 S2000
M205 X30 Y30
G0 F3600 X41.074 Y56.54
G1 F2700 E1644.16887
G0 F3600 X40.754 Y56.61
G0 X49.359 Y59.092
G0 X50.544 Y59.092
G0 X71.537 Y59.092
G0 X72.972 Y59.092
G0 X73.651 Y59.092
M204 S500
M205 X10 Y10
;TYPE:FILL
G1 F2700 E1648.16887
G1 F2400 X76.929 Y62.37 E1648.36963
G1 X77.141 Y62.582
M204 S2000
M205 X30 Y30
G0 F3600 X74.572 Y62.37
M204 S500
M205 X10 Y10
G1 F2400 X73.651 Y61.449 E1648.42603
G1 X73.439 Y61.237
M204 S2000
M205 X30 Y30
G0 F3600 X74.266 Y57.349
M204 S500
M205 X10 Y10
G1 F2400 X79.287 Y62.37 E1648.73354
G1 X79.499 Y62.582
M204 S2000
M205 X30 Y30
G0 F3600 X79.609 Y60.335
M204 S500
M205 X10 Y10
G1 F2400 X76.624 Y57.349 E1648.91638
G1 X76.412 Y57.137
M204 S2000
M205 X30 Y30
G0 F3600 X78.981 Y57.349
M204 S500
M205 X10 Y10
G1 F2400 X79.609 Y57.977 E1648.95484
M204 S2000
M205 X30 Y30
G0 F3600 X79.81 Y62.57
M204 S500
M205 X10 Y10
;TYPE:WALL-INNER
G1 F2400 X73.452 Y62.57 E1649.23018
G1 X73.452 Y57.15 E1649.46489
G1 X79.81 Y57.15 E1649.74023
G1 X79.81 Y62.058 E1649.95278
G0 F1920 X79.81 Y62.57
M204 S2000
M205 X30 Y30
G0 F3600 X80.31 Y63.07
M204 S500
M205 X10 Y10
G1 F2400 X72.952 Y63.07 E1650.27142
G1 X72.952 Y56.65 E1650.54944
G1 X80.31 Y56.65 E1650.86809
G1 X80.31 Y62.558 E1651.12394
G0 F1920 X80.31 Y63.07
M204 S2000
M205 X30 Y30
G0 F3600 X80.81 Y63.57
M204 S500
M205 X10 Y10
;TYPE:WALL-OUTER
G1 F1200 X72.452 Y63.57 E1651.48589
G1 X72.452 Y56.15 E1651.80721
G1 X80.81 Y56.15 E1652.16916
G1 X80.81 Y63.058 E1652.46832
G0 F960 X80.81 Y63.57
M204 S2000
M205 X30 Y30
G0 F3600 X80.56 Y63.57
G0 X79.81 Y62.717
G1 F2700 E1648.46832
;MESH:NONMESH
G0 F600 X79.81 Y62.717 Z39.55
G0 F3600 X72.972 Y57.738
G0 X71.537 Y57.738
G0 X50.544 Y57.738
G0 X49.359 Y57.738
G0 X41.458 Y57.738
;TIME_ELAPSED:2007.130699
;LAYER:157
M204 S500
M205 X10 Y10
;TYPE:FILL
;MESH:PLATempTower
G1 F2700 E1652.46832
G1 F2400 X41.309 Y57.887 E1652.47745
M204 S2000
M205 X30 Y30
G0 F3600 X41.309 Y60.244
M204 S500
M205 X10 Y10
G1 F2400 X43.815 Y57.738 E1652.63092
G1 X44.027 Y57.526
M204 S2000
M205 X30 Y30
G0 F3600 X46.173 Y57.738
M204 S500
M205 X10 Y10
G1 F2400 X41.543 Y62.368 E1652.91448
G1 X41.331 Y62.58
M204 S2000
M205 X30 Y30
G0 F3600 X43.9 Y62.368
M204 S500
M205 X10 Y10
G1 F2400 X48.678 Y57.591 E1653.20707
G1 X48.89 Y57.379
M204 S2000
M205 X30 Y30
G0 F3600 X48.678 Y59.948
M204 S500
M205 X10 Y10
G1 F2400 X46.258 Y62.368 E1653.35528
G1 X46.046 Y62.58
M204 S2000
M205 X30 Y30
G0 F3600 X47.49 Y57.54
M204 S500
M205 X10 Y10
;TYPE:WALL-INNER
G1 F2400 X47.49 Y57.15 E1653.37217
G1 X48.879 Y57.15 E1653.43232
G1 X48.879 Y62.57 E1653.66704
G1 X41.11 Y62.57 E1654.00348
G1 X41.11 Y57.54 E1654.22131
G1 X46.978 Y57.54 E1654.47543
G0 F1920 X47.49 Y57.54
M204 S2000
M205 X30 Y30
G0 F3600 X46.99 Y57.04
M204 S500
M205 X10 Y10
G1 F2400 X46.99 Y56.65 E1654.49232
G1 X49.379 Y56.65 E1654.59577
G1 X49.379 Y63.07 E1654.8738
G1 X40.61 Y63.07 E1655.25354
G1 X40.61 Y56.65 E1655.53157
G1 X40.645 Y56.65 E1655.53308
G1 X40.646 Y57.04 E1655.54997
G1 X46.478 Y57.04 E1655.80253
G0 F1920 X46.99 Y57.04
M204 S2000
M205 X30 Y30
G1 F2700 E1651.80253
G0 F3600 X44.934 Y56.818
G0 X44.607 Y56.54
M204 S500
M205 X10 Y10
;TYPE:WALL-OUTER
G1 F2700 E1655.80253
G1 F1200 X44.607 Y56.15 E1655.81942
G1 X44.946 Y56.15 E1655.8341
G1 X44.955 Y56.54 E1655.85099
G1 X46.49 Y56.54 E1655.91747
G1 X46.49 Y56.15 E1655.93436
G1 X49.879 Y56.15 E1656.08112
G1 X49.879 Y63.57 E1656.40245
G1 X40.11 Y63.57 E1656.8255
G1 X40.11 Y56.15 E1657.14683
G1 X41.144 Y56.15 E1657.19161
G1 X41.145 Y56.54 E1657.2085
G1 X42.779 Y56.54 E1657.27926
G1 X42.779 Y56.15 E1657.29615
G1 X43.062 Y56.15 E1657.30841
G1 X43.07 Y56.54 E1657.3253
G1 X44.095 Y56.54 E1657.36969
G0 F960 X44.607 Y56.54
M204 S2000
M205 X30 Y30
G0 F3600 X44.607 Y56.29
G1 F2700 E1653.36969
G0 F3600 X44.707 Y56.29
G0 X49.609 Y58.775
G0 X50.794 Y58.775
G0 X71.312 Y58.775
G0 X72.747 Y58.775
G0 X73.426 Y58.775
M204 S500
M205 X10 Y10
;TYPE:FILL
G1 F2700 E1657.36969
G1 F2400 X74.852 Y57.349 E1657.45702
G1 X75.064 Y57.137
M204 S2000
M205 X30 Y30
G0 F3600 X77.209 Y57.349
M204 S500
M205 X10 Y10
G1 F2400 X73.426 Y61.132 E1657.6887
G1 X73.214 Y61.344
M204 S2000
M205 X30 Y30
G0 F3600 X74.546 Y62.37
M204 S500
M205 X10 Y10
G1 F2400 X79.567 Y57.349 E1657.99621
G1 X79.779 Y57.137
M204 S2000
M205 X30 Y30
G0 F3600 X79.609 Y59.664
M204 S500
M205 X10 Y10
G1 F2400 X76.904 Y62.37 E1658.1619
G1 X76.692 Y62.582
M204 S2000
M205 X30 Y30
G0 F3600 X79.261 Y62.37
M204 S500
M205 X10 Y10
G1 F2400 X79.609 Y62.022 E1658.18322
M204 S2000
M205 X30 Y30
G0 F3600 X79.81 Y62.57
M204 S500
M205 X10 Y10
;TYPE:WALL-INNER
G1 F2400 X73.227 Y62.57 E1658.4683
G1 X73.227 Y57.15 E1658.70301
G1 X79.81 Y57.15 E1658.9881
G1 X79.81 Y62.058 E1659.20064
G0 F1920 X79.81 Y62.57
M204 S2000
M205 X30 Y30
G0 F3600 X80.31 Y63.07
M204 S500
M205 X10 Y10
G1 F2400 X72.727 Y63.07 E1659.52903
G1 X72.727 Y56.65 E1659.80705
G1 X80.31 Y56.65 E1660.13544
G1 X80.31 Y62.558 E1660.39129
G0 F1920 X80.31 Y63.07
M204 S2000
M205 X30 Y30
G0 F3600 X80.81 Y63.57
M204 S500
M205 X10 Y10
;TYPE:WALL-OUTER
G1 F1200 X72.227 Y63.57 E1660.76298
G1 X72.227 Y56.15 E1661.08431
G1 X80.81 Y56.15 E1661.456
G1 X80.81 Y63.058 E1661.75516
G0 F960 X80.81 Y63.57
M204 S2000
M205 X30 Y30
G0 F3600 X80.56 Y63.57
G0 X79.81 Y62.717
G1 F2700 E1657.75516
;MESH:NONMESH
G0 F600 X79.81 Y62.717 Z39.8
G0 F3600 X72.747 Y57.397
G0 X71.312 Y57.397
G0 X50.794 Y57.397
G0 X49.609 Y57.397
G0 X41.309 Y57.397
;TIME_ELAPSED:2018.857791
;LAYER:158
M204 S500
M205 X10 Y10
;TYPE:FILL
;MESH:PLATempTower
G1 F2700 E1661.75516
G1 F2400 X46.28 Y62.368 E1662.0596
G1 X46.492 Y62.58
M204 S2000
M205 X30 Y30
G0 F3600 X43.923 Y62.368
M204 S500
M205 X10 Y10
G1 F2400 X41.309 Y59.755 E1662.21966
G1 X41.097 Y59.543
M204 S2000
M205 X30 Y30
G0 F3600 X41.309 Y62.112
M204 S500
M205 X10 Y10
G1 F2400 X41.565 Y62.368 E1662.23534
M204 S2000
M205 X30 Y30
G0 F3600 X43.618 Y57.349
M204 S500
M205 X10 Y10
G1 F2400 X48.638 Y62.368 E1662.54275
G1 X48.85 Y62.58
M204 S2000
M205 X30 Y30
G0 F3600 X48.928 Y60.302
M204 S500
M205 X10 Y10
G1 F2400 X45.976 Y57.349 E1662.72357
G1 X45.764 Y57.137
M204 S2000
M205 X30 Y30
G0 F3600 X48.333 Y57.349
M204 S500
M205 X10 Y10
G1 F2400 X48.928 Y57.944 E1662.76001
M204 S2000
M205 X30 Y30
G0 F3600 X49.129 Y62.57
M204 S500
M205 X10 Y10
;TYPE:WALL-INNER
G1 F2400 X41.11 Y62.57 E1663.10728
G1 X41.11 Y57.15 E1663.342
G1 X49.129 Y57.15 E1663.68927
G1 X49.129 Y62.058 E1663.90181
G0 F1920 X49.129 Y62.57
M204 S2000
M205 X30 Y30
G0 F3600 X49.629 Y63.07
M204 S500
M205 X10 Y10
G1 F2400 X40.61 Y63.07 E1664.29239
G1 X40.61 Y56.65 E1664.57041
G1 X49.629 Y56.65 E1664.96098
G1 X49.629 Y62.558 E1665.21683
G0 F1920 X49.629 Y63.07
M204 S2000
M205 X30 Y30
G0 F3600 X50.129 Y63.57
M204 S500
M205 X10 Y10
;TYPE:WALL-OUTER
G1 F1200 X40.11 Y63.57 E1665.65071
G1 X40.11 Y56.15 E1665.97204
G1 X50.129 Y56.15 E1666.40592
G1 X50.129 Y63.058 E1666.70508
G0 F960 X50.129 Y63.57
M204 S2000
M205 X30 Y30
G0 F3600 X49.879 Y63.57
G0 X49.129 Y62.717
G1 F2700 E1662.70508
G0 F3600 X49.609 Y60.999
G0 X51.044 Y60.999
G0 X71.087 Y60.999
G0 X72.522 Y60.999
G0 X73.201 Y60.999
M204 S500
M205 X10 Y10
;TYPE:FILL
G1 F2700 E1666.70508
G1 F2400 X74.571 Y62.369 E1666.78898
G1 X74.783 Y62.581
M204 S2000
M205 X30 Y30
G0 F3600 X76.928 Y62.369
M204 S500
M205 X10 Y10
G1 F2400 X73.201 Y58.641 E1667.01727
G1 X72.989 Y58.429
M204 S2000
M205 X30 Y30
G0 F3600 X74.266 Y57.349
M204 S500
M205 X10 Y10
G1 F2400 X79.286 Y62.369 E1667.32471
G1 X79.498 Y62.581
M204 S2000
M205 X30 Y30
G0 F3600 X79.609 Y60.335
M204 S500
M205 X10 Y10
G1 F2400 X76.624 Y57.349 E1667.50755
G1 X76.412 Y57.137
M204 S2000
M205 X30 Y30
G0 F3600 X78.981 Y57.349
M204 S500
M205 X10 Y10
G1 F2400 X79.609 Y57.977 E1667.54601
M204 S2000
M205 X30 Y30
G0 F3600 X79.81 Y62.57
M204 S500
M205 X10 Y10
;TYPE:WALL-INNER
G1 F2400 X73.002 Y62.57 E1667.84084
G1 X73.002 Y57.15 E1668.07556
G1 X79.81 Y57.15 E1668.37038
G1 X79.81 Y62.058 E1668.58293
G0 F1920 X79.81 Y62.57
M204 S2000
M205 X30 Y30
G0 F3600 X80.31 Y63.07
M204 S500
M205 X10 Y10
G1 F2400 X72.502 Y63.07 E1668.92106
G1 X72.502 Y56.65 E1669.19908
G1 X80.31 Y56.65 E1669.53721
G1 X80.31 Y62.558 E1669.79306
G0 F1920 X80.31 Y63.07
M204 S2000
M205 X30 Y30
G0 F3600 X80.81 Y63.57
M204 S500
M205 X10 Y10
;TYPE:WALL-OUTER
G1 F1200 X72.002 Y63.57 E1670.1745
G1 X72.002 Y56.15 E1670.49583
G1 X80.81 Y56.15 E1670.87726
G1 X80.81 Y63.058 E1671.17642
G0 F960 X80.81 Y63.57
M204 S2000
M205 X30 Y30
G0 F3600 X80.56 Y63.57
G0 X79.81 Y62.717
G1 F2700 E1667.17642
;MESH:NONMESH
G0 F600 X79.81 Y62.717 Z40.05
G0 F3600 X72.522 Y57.349
G0 X71.087 Y57.349
G0 X51.044 Y57.349
G0 X49.609 Y57.349
G0 X41.847 Y57.349
;TIME_ELAPSED:2030.107209
;LAYER:159
M204 S500
M205 X10 Y10
;TYPE:FILL
;MESH:PLATempTower
G1 F2700 E1671.17642
G1 F2400 X41.31 Y57.886 E1671.20931
M204 S2000
M205 X30 Y30
G0 F3600 X41.31 Y60.244
M204 S500
M205 X10 Y10
G1 F2400 X44.205 Y57.349 E1671.38661
G1 X44.417 Y57.137
M204 S2000
M205 X30 Y30
G0 F3600 X46.562 Y57.349
M204 S500
M205 X10 Y10
G1 F2400 X41.542 Y62.369 E1671.69405
G1 X41.33 Y62.581
M204 S2000
M205 X30 Y30
G0 F3600 X43.9 Y62.369
M204 S500
M205 X10 Y10
G1 F2400 X48.92 Y57.349 E1672.00149
G1 X49.132 Y57.137
M204 S2000
M205 X30 Y30
G0 F3600 X49.179 Y59.447
M204 S500
M205 X10 Y10
G1 F2400 X46.257 Y62.369 E1672.18045
G1 X46.045 Y62.581
M204 S2000
M205 X30 Y30
G0 F3600 X48.615 Y62.369
M204 S500
M205 X10 Y10
G1 F2400 X49.179 Y61.805 E1672.21499
M204 S2000
M205 X30 Y30
G0 F3600 X49.379 Y62.57
M204 S500
M205 X10 Y10
;TYPE:WALL-INNER
G1 F2400 X41.11 Y62.57 E1672.57308
G1 X41.11 Y57.15 E1672.8078
G1 X49.379 Y57.15 E1673.1659
G1 X49.379 Y62.058 E1673.37844
G0 F1920 X49.379 Y62.57
M204 S2000
M205 X30 Y30
G0 F3600 X49.879 Y63.07
M204 S500
M205 X10 Y10
G1 F2400 X40.61 Y63.07 E1673.77984
G1 X40.61 Y56.65 E1674.05786
G1 X49.879 Y56.65 E1674.45926
G1 X49.879 Y62.558 E1674.71512
G0 F1920 X49.879 Y63.07
M204 S2000
M205 X30 Y30
G0 F3600 X50.379 Y63.57
M204 S500
M205 X10 Y10
;TYPE:WALL-OUTER
G1 F1200 X40.11 Y63.57 E1675.15982
G1 X40.11 Y56.15 E1675.48115
G1 X50.379 Y56.15 E1675.92586
G1 X50.379 Y63.058 E1676.22501
G0 F960 X50.379 Y63.57
M204 S2000
M205 X30 Y30
G0 F3600 X50.129 Y63.57
G0 X49.379 Y62.717
G1 F2700 E1672.22501
G0 F3600 X49.859 Y61.646
G0 X51.294 Y61.646
G0 X70.799 Y61.644
G0 X72.214 Y61.643
G0 X72.913 Y61.646
M204 S500
M205 X10 Y10
;TYPE:FILL
G1 F2700 E1676.22501
G1 F2400 X77.209 Y57.349 E1676.48815
G1 X77.421 Y57.137
M204 S2000
M205 X30 Y30
G0 F3600 X74.852 Y57.349
M204 S500
M205 X10 Y10
G1 F2400 X72.912 Y59.289 E1676.60696
G1 X72.7 Y59.501
M204 S2000
M205 X30 Y30
G0 F3600 X74.546 Y62.37
M204 S500
M205 X10 Y10
G1 F2400 X79.567 Y57.349 E1676.91446
G1 X79.779 Y57.137
M204 S2000
M205 X30 Y30
G0 F3600 X79.609 Y59.664
M204 S500
M205 X10 Y10
G1 F2400 X76.904 Y62.37 E1677.08016
G1 X76.692 Y62.582
M204 S2000
M205 X30 Y30
G0 F3600 X79.261 Y62.37
M204 S500
M205 X10 Y10
G1 F2400 X79.609 Y62.022 E1677.10147
M204 S2000
M205 X30 Y30
G0 F3600 X79.81 Y62.57
M204 S500
M205 X10 Y10
;TYPE:WALL-INNER
G1 F2400 X72.714 Y62.57 E1677.40877
G1 X72.713 Y57.15 E1677.64348
G1 X79.81 Y57.15 E1677.95082
G1 X79.81 Y62.058 E1678.16337
G0 F1920 X79.81 Y62.57
M204 S2000
M205 X30 Y30
G0 F3600 X80.31 Y63.07
M204 S500
M205 X10 Y10
G1 F2400 X72.214 Y63.07 E1678.51397
G1 X72.213 Y56.65 E1678.792
G1 X80.31 Y56.65 E1679.14264
G1 X80.31 Y62.558 E1679.39849
G0 F1920 X80.31 Y63.07
M204 S2000
M205 X30 Y30
G0 F3600 X80.81 Y63.57
M204 S500
M205 X10 Y10
;TYPE:WALL-OUTER
G1 F1200 X71.714 Y63.57 E1679.7924
G1 X71.713 Y56.15 E1680.11373
G1 X80.81 Y56.15 E1680.50768
G1 X80.81 Y63.058 E1680.80684
G0 F960 X80.81 Y63.57
M204 S2000
M205 X30 Y30
G0 F3600 X80.56 Y63.57
G0 X79.81 Y62.717
G1 F2700 E1676.80684
;MESH:NONMESH
G0 F600 X79.81 Y62.717 Z40.3
G0 F3600 X72.214 Y57.393
G0 X70.799 Y57.394
G0 X51.294 Y57.393
G0 X49.859 Y57.393
G0 X41.309 Y57.397
;TIME_ELAPSED:2041.341483
;LAYER:160
M204 S500
M205 X10 Y10
;TYPE:FILL
;MESH:PLATempTower
G1 F2700 E1680.80684
G1 F2400 X46.28 Y62.368 E1681.11128
G1 X46.492 Y62.58
M204 S2000
M205 X30 Y30
G0 F3600 X43.923 Y62.368
M204 S500
M205 X10 Y10
G1 F2400 X41.309 Y59.755 E1681.27134
G1 X41.097 Y59.543
M204 S2000
M205 X30 Y30
G0 F3600 X41.309 Y62.112
M204 S500
M205 X10 Y10
G1 F2400 X41.565 Y62.368 E1681.28702
M204 S2000
M205 X30 Y30
G0 F3600 X43.618 Y57.349
M204 S500
M205 X10 Y10
G1 F2400 X48.638 Y62.368 E1681.59443
G1 X48.85 Y62.58
M204 S2000
M205 X30 Y30
G0 F3600 X49.429 Y60.802
M204 S500
M205 X10 Y10
G1 F2400 X45.976 Y57.349 E1681.8059
G1 X45.764 Y57.137
M204 S2000
M205 X30 Y30
G0 F3600 X48.333 Y57.349
M204 S500
M205 X10 Y10
G1 F2400 X49.429 Y58.445 E1681.87303
G1 X49.641 Y58.657
M204 S2000
M205 X30 Y30
G0 F3600 X49.629 Y62.57
M204 S500
M205 X10 Y10
;TYPE:WALL-INNER
G1 F2400 X41.11 Y62.57 E1682.24195
G1 X41.11 Y57.15 E1682.47667
G1 X49.629 Y57.15 E1682.84559
G1 X49.629 Y62.058 E1683.05813
G0 F1920 X49.629 Y62.57
M204 S2000
M205 X30 Y30
G0 F3600 X50.129 Y63.07
M204 S500
M205 X10 Y10
G1 F2400 X40.61 Y63.07 E1683.47036
G1 X40.61 Y56.65 E1683.74838
G1 X50.129 Y56.65 E1684.16061
G1 X50.129 Y62.558 E1684.41646
G0 F1920 X50.129 Y63.07
M204 S2000
M205 X30 Y30
G0 F3600 X50.629 Y63.57
M204 S500
M205 X10 Y10
;TYPE:WALL-OUTER
G1 F1200 X40.11 Y63.57 E1684.87199
G1 X40.11 Y56.15 E1685.19332
G1 X50.629 Y56.15 E1685.64885
G1 X50.629 Y63.058 E1685.94801
G0 F960 X50.629 Y63.57
M204 S2000
M205 X30 Y30
G0 F3600 X50.379 Y63.57
G0 X49.629 Y62.717
G1 F2700 E1681.94801
G0 F3600 X50.109 Y60.366
G0 X51.544 Y60.366
G0 X70.455 Y60.364
G0 X71.87 Y60.363
G0 X72.568 Y60.366
M204 S500
M205 X10 Y10
;TYPE:FILL
G1 F2700 E1685.94801
G1 F2400 X74.571 Y62.369 E1686.07068
G1 X74.783 Y62.581
M204 S2000
M205 X30 Y30
G0 F3600 X76.928 Y62.369
M204 S500
M205 X10 Y10
G1 F2400 X72.568 Y58.008 E1686.33773
G1 X72.356 Y57.796
M204 S2000
M205 X30 Y30
G0 F3600 X74.266 Y57.349
M204 S500
M205 X10 Y10
G1 F2400 X79.286 Y62.369 E1686.64518
G1 X79.498 Y62.581
M204 S2000
M205 X30 Y30
G0 F3600 X79.609 Y60.335
M204 S500
M205 X10 Y10
G1 F2400 X76.624 Y57.349 E1686.82802
G1 X76.412 Y57.137
M204 S2000
M205 X30 Y30
G0 F3600 X78.981 Y57.349
M204 S500
M205 X10 Y10
G1 F2400 X79.609 Y57.977 E1686.86648
M204 S2000
M205 X30 Y30
G0 F3600 X79.81 Y62.57
M204 S500
M205 X10 Y10
;TYPE:WALL-INNER
G1 F2400 X72.37 Y62.57 E1687.18867
G1 X72.369 Y57.15 E1687.42339
G1 X79.81 Y57.15 E1687.74563
G1 X79.81 Y62.058 E1687.95817
G0 F1920 X79.81 Y62.57
M204 S2000
M205 X30 Y30
G0 F3600 X80.31 Y63.07
M204 S500
M205 X10 Y10
G1 F2400 X71.87 Y63.07 E1688.32367
G1 X71.869 Y56.65 E1688.6017
G1 X80.31 Y56.65 E1688.96724
G1 X80.31 Y62.558 E1689.22309
G0 F1920 X80.31 Y63.07
M204 S2000
M205 X30 Y30
G0 F3600 X80.81 Y63.57
M204 S500
M205 X10 Y10
;TYPE:WALL-OUTER
G1 F1200 X71.37 Y63.57 E1689.6319
G1 X71.369 Y56.15 E1689.95323
G1 X80.81 Y56.15 E1690.36208
G1 X80.81 Y63.058 E1690.66123
G0 F960 X80.81 Y63.57
M204 S2000
M205 X30 Y30
G0 F3600 X80.56 Y63.57
G0 X79.81 Y62.717
G1 F2700 E1686.66123
;MESH:NONMESH
G0 F600 X79.81 Y62.717 Z40.55
G0 F3600 X71.87 Y57.345
G0 X70.455 Y57.346
G0 X51.544 Y57.345
G0 X50.109 Y57.345
G0 X41.847 Y57.349
;TIME_ELAPSED:2052.882675
;LAYER:161
M204 S500
M205 X10 Y10
;TYPE:FILL
;MESH:PLATempTower
G1 F2700 E1690.66123
G1 F2400 X41.31 Y57.886 E1690.69412
M204 S2000
M205 X30 Y30
G0 F3600 X41.31 Y60.244
M204 S500
M205 X10 Y10
G1 F2400 X44.205 Y57.349 E1690.87142
G1 X44.417 Y57.137
M204 S2000
M205 X30 Y30
G0 F3600 X46.562 Y57.349
M204 S500
M205 X10 Y10
G1 F2400 X41.543 Y62.368 E1691.1788
G1 X41.331 Y62.58
M204 S2000
M205 X30 Y30
G0 F3600 X43.9 Y62.368
M204 S500
M205 X10 Y10
G1 F2400 X48.92 Y57.349 E1691.48621
G1 X49.132 Y57.137
M204 S2000
M205 X30 Y30
G0 F3600 X49.678 Y58.948
M204 S500
M205 X10 Y10
G1 F2400 X46.258 Y62.368 E1691.69567
G1 X46.046 Y62.58
M204 S2000
M205 X30 Y30
G0 F3600 X48.615 Y62.368
M204 S500
M205 X10 Y10
G1 F2400 X49.678 Y61.306 E1691.76074
G1 X49.89 Y61.094
M204 S2000
M205 X30 Y30
G0 F3600 X49.879 Y62.57
M204 S500
M205 X10 Y10
;TYPE:WALL-INNER
G1 F2400 X41.11 Y62.57 E1692.14049
G1 X41.11 Y57.15 E1692.3752
G1 X49.879 Y57.15 E1692.75495
G1 X49.879 Y62.058 E1692.96749
G0 F1920 X49.879 Y62.57
M204 S2000
M205 X30 Y30
G0 F3600 X50.379 Y63.07
M204 S500
M205 X10 Y10
G1 F2400 X40.61 Y63.07 E1693.39055
G1 X40.61 Y56.65 E1693.66857
G1 X50.379 Y56.65 E1694.09162
G1 X50.379 Y62.558 E1694.34748
G0 F1920 X50.379 Y63.07
M204 S2000
M205 X30 Y30
G0 F3600 X50.879 Y63.57
M204 S500
M205 X10 Y10
;TYPE:WALL-OUTER
G1 F1200 X40.11 Y63.57 E1694.81383
G1 X40.11 Y56.15 E1695.13516
G1 X50.879 Y56.15 E1695.60152
G1 X50.879 Y63.058 E1695.90068
G0 F960 X50.879 Y63.57
M204 S2000
M205 X30 Y30
G0 F3600 X50.629 Y63.57
G0 X49.879 Y62.717
G1 F2700 E1691.90068
G0 F3600 X51.794 Y62.35
G0 X70.095 Y62.348
G0 X71.51 Y62.347
G0 X72.209 Y62.35
M204 S500
M205 X10 Y10
;TYPE:FILL
G1 F2700 E1695.90068
G1 F2400 X77.209 Y57.349 E1696.20693
G1 X77.421 Y57.137
M204 S2000
M205 X30 Y30
G0 F3600 X74.852 Y57.349
M204 S500
M205 X10 Y10
G1 F2400 X72.209 Y59.993 E1696.36882
G1 X71.997 Y60.205
M204 S2000
M205 X30 Y30
G0 F3600 X72.209 Y57.635
M204 S500
M205 X10 Y10
G1 F2400 X72.494 Y57.349 E1696.38631
M204 S2000
M205 X30 Y30
G0 F3600 X74.546 Y62.37
M204 S500
M205 X10 Y10
G1 F2400 X79.567 Y57.349 E1696.69381
G1 X79.779 Y57.137
M204 S2000
M205 X30 Y30
G0 F3600 X79.609 Y59.664
M204 S500
M205 X10 Y10
G1 F2400 X76.904 Y62.37 E1696.85951
G1 X76.692 Y62.582
M204 S2000
M205 X30 Y30
G0 F3600 X79.261 Y62.37
M204 S500
M205 X10 Y10
G1 F2400 X79.609 Y62.022 E1696.88082
M204 S2000
M205 X30 Y30
G0 F3600 X79.81 Y62.57
M204 S500
M205 X10 Y10
;TYPE:WALL-INNER
G1 F2400 X72.01 Y62.57 E1697.21861
G1 X72.009 Y57.15 E1697.45332
G1 X79.81 Y57.15 E1697.79115
G1 X79.81 Y62.058 E1698.0037
G0 F1920 X79.81 Y62.57
M204 S2000
M205 X30 Y30
G0 F3600 X80.31 Y63.07
M204 S500
M205 X10 Y10
G1 F2400 X71.51 Y63.07 E1698.38479
G1 X71.509 Y56.65 E1698.66281
G1 X80.31 Y56.65 E1699.04394
G1 X80.31 Y62.558 E1699.29979
G0 F1920 X80.31 Y63.07
M204 S2000
M205 X30 Y30
G0 F3600 X80.81 Y63.57
M204 S500
M205 X10 Y10
;TYPE:WALL-OUTER
G1 F1200 X71.01 Y63.57 E1699.72419
G1 X71.009 Y56.15 E1700.04552
G1 X80.81 Y56.15 E1700.46996
G1 X80.81 Y63.058 E1700.76911
G0 F960 X80.81 Y63.57
M204 S2000
M205 X30 Y30
G0 F3600 X80.56 Y63.57
G0 X79.81 Y62.717
G1 F2700 E1696.76911
;MESH:NONMESH
G0 F600 X79.81 Y62.717 Z40.8
G0 F3600 X71.51 Y57.393
G0 X70.095 Y57.394
G0 X51.794 Y57.393
G0 X50.359 Y57.393
G0 X41.309 Y57.397
;TIME_ELAPSED:2064.554038
;LAYER:162
M204 S500
M205 X10 Y10
;TYPE:FILL
;MESH:PLATempTower
G1 F2700 E1700.76911
G1 F2400 X46.28 Y62.368 E1701.07355
G1 X46.492 Y62.58
M204 S2000
M205 X30 Y30
G0 F3600 X43.923 Y62.368
M204 S500
M205 X10 Y10
G1 F2400 X41.309 Y59.755 E1701.23361
G1 X41.097 Y59.543
M204 S2000
M205 X30 Y30
G0 F3600 X41.309 Y62.112
M204 S500
M205 X10 Y10
G1 F2400 X41.565 Y62.368 E1701.24929
M204 S2000
M205 X30 Y30
G0 F3600 X43.618 Y57.349
M204 S500
M205 X10 Y10
G1 F2400 X48.638 Y62.368 E1701.5567
G1 X48.85 Y62.58
M204 S2000
M205 X30 Y30
G0 F3600 X49.928 Y61.301
M204 S500
M205 X10 Y10
G1 F2400 X45.976 Y57.349 E1701.79874
G1 X45.764 Y57.137
M204 S2000
M205 X30 Y30
G0 F3600 X48.333 Y57.349
M204 S500
M205 X10 Y10
G1 F2400 X49.928 Y58.944 E1701.89642
G1 X50.14 Y59.156
M204 S2000
M205 X30 Y30
G0 F3600 X50.129 Y62.57
M204 S500
M205 X10 Y10
;TYPE:WALL-INNER
G1 F2400 X41.11 Y62.57 E1702.287
G1 X41.11 Y57.15 E1702.52171
G1 X50.129 Y57.15 E1702.91229
G1 X50.129 Y62.058 E1703.12483
G0 F1920 X50.129 Y62.57
M204 S2000
M205 X30 Y30
G0 F3600 X50.629 Y63.07
M204 S500
M205 X10 Y10
G1 F2400 X40.61 Y63.07 E1703.55871
G1 X40.61 Y56.65 E1703.83674
G1 X50.629 Y56.65 E1704.27062
G1 X50.629 Y62.558 E1704.52647
G0 F1920 X50.629 Y63.07
M204 S2000
M205 X30 Y30
G0 F3600 X51.129 Y63.57
M204 S500
M205 X10 Y10
;TYPE:WALL-OUTER
G1 F1200 X40.11 Y63.57 E1705.00365
G1 X40.11 Y56.15 E1705.32498
G1 X51.129 Y56.15 E1705.80217
G1 X51.129 Y63.058 E1706.10132
G0 F960 X51.129 Y63.57
M204 S2000
M205 X30 Y30
G0 F3600 X50.879 Y63.57
G0 X50.129 Y62.717
G1 F2700 E1702.10132
G0 F3600 X50.609 Y61.802
G0 X52.044 Y61.802
G0 X69.533 Y61.8
G0 X70.948 Y61.799
G0 X71.646 Y61.802
M204 S500
M205 X10 Y10
;TYPE:FILL
G1 F2700 E1706.10132
G1 F2400 X72.214 Y62.37 E1706.13611
M204 S2000
M205 X30 Y30
G0 F3600 X74.572 Y62.37
M204 S500
M205 X10 Y10
G1 F2400 X71.646 Y59.444 E1706.31531
G1 X71.434 Y59.232
M204 S2000
M205 X30 Y30
G0 F3600 X71.909 Y57.349
M204 S500
M205 X10 Y10
G1 F2400 X76.929 Y62.37 E1706.62278
G1 X77.141 Y62.582
M204 S2000
M205 X30 Y30
G0 F3600 X79.287 Y62.37
M204 S500
M205 X10 Y10
G1 F2400 X74.266 Y57.349 E1706.93029
G1 X74.054 Y57.137
M204 S2000
M205 X30 Y30
G0 F3600 X76.624 Y57.349
M204 S500
M205 X10 Y10
G1 F2400 X79.609 Y60.335 E1707.11313
G1 X79.821 Y60.547
M204 S2000
M205 X30 Y30
G0 F3600 X79.609 Y57.977
M204 S500
M205 X10 Y10
G1 F2400 X78.981 Y57.349 E1707.15159
M204 S2000
M205 X30 Y30
G0 F3600 X79.81 Y62.57
M204 S500
M205 X10 Y10
;TYPE:WALL-INNER
G1 F2400 X71.448 Y62.57 E1707.51371
G1 X71.447 Y57.15 E1707.74843
G1 X79.81 Y57.15 E1708.11059
G1 X79.81 Y62.058 E1708.32314
G0 F1920 X79.81 Y62.57
M204 S2000
M205 X30 Y30
G0 F3600 X80.31 Y63.07
M204 S500
M205 X10 Y10
G1 F2400 X70.948 Y63.07 E1708.72857
G1 X70.947 Y56.65 E1709.00659
G1 X80.31 Y56.65 E1709.41206
G1 X80.31 Y62.558 E1709.66791
G0 F1920 X80.31 Y63.07
M204 S2000
M205 X30 Y30
G0 F3600 X80.81 Y63.57
M204 S500
M205 X10 Y10
;TYPE:WALL-OUTER
G1 F1200 X70.448 Y63.57 E1710.11665
G1 X70.447 Y56.15 E1710.43797
G1 X80.81 Y56.15 E1710.88675
G1 X80.81 Y63.058 E1711.18591
G0 F960 X80.81 Y63.57
M204 S2000
M205 X30 Y30
G0 F3600 X80.56 Y63.57
G0 X79.81 Y62.717
G1 F2700 E1707.18591
;MESH:NONMESH
G0 F600 X79.81 Y62.717 Z41.05
G0 F3600 X70.948 Y57.345
G0 X69.533 Y57.346
G0 X52.044 Y57.345
G0 X50.609 Y57.345
G0 X41.847 Y57.349
;TIME_ELAPSED:2076.527317
;LAYER:163
M204 S500
M205 X10 Y10
;TYPE:FILL
;MESH:PLATempTower
G1 F2700 E1711.18591
G1 F2400 X41.31 Y57.886 E1711.2188
M204 S2000
M205 X30 Y30
G0 F3600 X41.31 Y60.244
M204 S500
M205 X10 Y10
G1 F2400 X44.205 Y57.349 E1711.3961
G1 X44.417 Y57.137
M204 S2000
M205 X30 Y30
G0 F3600 X46.13 Y57.781
M204 S500
M205 X10 Y10
G1 F2400 X41.542 Y62.369 E1711.67708
G1 X41.33 Y62.581
M204 S2000
M205 X30 Y30
G0 F3600 X43.9 Y62.369
M204 S500
M205 X10 Y10
G1 F2400 X46.13 Y60.139 E1711.81365
G1 X46.342 Y59.927
M204 S2000
M205 X30 Y30
G0 F3600 X74.789 Y59.77
M204 S500
M205 X10 Y10
G1 F2400 X77.209 Y57.349 E1711.96189
G1 X77.421 Y57.137
M204 S2000
M205 X30 Y30
G0 F3600 X79.567 Y57.349
M204 S500
M205 X10 Y10
G1 F2400 X74.789 Y62.127 E1712.25452
G1 X74.577 Y62.339
M204 S2000
M205 X30 Y30
G0 F3600 X76.904 Y62.37
M204 S500
M205 X10 Y10
G1 F2400 X79.609 Y59.664 E1712.42021
G1 X79.821 Y59.452
M204 S2000
M205 X30 Y30
G0 F3600 X79.609 Y62.022
M204 S500
M205 X10 Y10
G1 F2400 X79.261 Y62.37 E1712.44152
M204 S2000
M205 X30 Y30
G0 F3600 X79.81 Y62.57
M204 S500
M205 X10 Y10
;TYPE:WALL-INNER
G1 F2400 X41.11 Y62.57 E1714.11746
G1 X41.11 Y57.15 E1714.35217
G1 X79.81 Y57.15 E1716.0281
G1 X79.81 Y62.058 E1716.24065
G0 F1920 X79.81 Y62.57
M204 S2000
M205 X30 Y30
G0 F3600 X80.31 Y63.07
M204 S500
M205 X10 Y10
G1 F2400 X40.61 Y63.07 E1717.95989
G1 X40.61 Y56.65 E1718.23791
G1 X80.31 Y56.65 E1719.95715
G1 X80.31 Y62.558 E1720.213
G0 F1920 X80.31 Y63.07
M204 S2000
M205 X30 Y30
G0 F3600 X80.81 Y63.57
M204 S500
M205 X10 Y10
;TYPE:WALL-OUTER
G1 F1200 X40.11 Y63.57 E1721.97554
G1 X40.11 Y56.15 E1722.29687
G1 X80.81 Y56.15 E1724.05941
G1 X80.81 Y63.058 E1724.35857
G0 F960 X80.81 Y63.57
M204 S2000
M205 X30 Y30
G0 F3600 X80.56 Y63.57
G0 X80.24 Y63
G0 X74.6 Y62.08
M204 S500
M205 X10 Y10
;TYPE:SKIN
G1 F1200 X46.32 Y62.08 E1725.82825
G1 X46.32 Y57.64 E1726.05899
G1 X74.6 Y57.64 E1727.52868
G1 X74.6 Y61.568 E1727.73281
G0 F960 X74.6 Y62.08
M204 S2000
M205 X30 Y30
G0 F3600 X74.375 Y61.5
M204 S500
M205 X10 Y10
G1 F1200 X46.544 Y61.5 E1729.17916
M204 S2000
M205 X30 Y30
G0 F3600 X46.544 Y61
M204 S500
M205 X10 Y10
G1 F1200 X74.375 Y61 E1730.62551
M204 S2000
M205 X30 Y30
G0 F3600 X74.375 Y60.5
M204 S500
M205 X10 Y10
G1 F1200 X46.544 Y60.5 E1732.07185
M204 S2000
M205 X30 Y30
G0 F3600 X46.544 Y60
M204 S500
M205 X10 Y10
G1 F1200 X74.375 Y60 E1733.5182
M204 S2000
M205 X30 Y30
G0 F3600 X74.375 Y59.5
M204 S500
M205 X10 Y10
G1 F1200 X46.544 Y59.5 E1734.96455
M204 S2000
M205 X30 Y30
G0 F3600 X46.545 Y59
M204 S500
M205 X10 Y10
G1 F1200 X74.375 Y59 E1736.41085
M204 S2000
M205 X30 Y30
G0 F3600 X74.375 Y58.5
M204 S500
M205 X10 Y10
G1 F1200 X46.545 Y58.5 E1737.85714
M204 S2000
M205 X30 Y30
G0 F3600 X46.545 Y58
M204 S500
M205 X10 Y10
G1 F1200 X74.375 Y58 E1739.30344
G1 X74.675 Y58
M204 S2000
M205 X30 Y30
;MESH:NONMESH
G0 F600 X74.675 Y58 Z41.3
G0 F3600 X41.309 Y57.397
;TIME_ELAPSED:2104.002552
;LAYER:164
M204 S500
M205 X10 Y10
;TYPE:FILL
;MESH:PLATempTower
G1 F2400 X46.13 Y62.218 E1739.59869
G1 X46.342 Y62.43
M204 S2000
M205 X30 Y30
G0 F3600 X43.923 Y62.368
M204 S500
M205 X10 Y10
G1 F2400 X41.309 Y59.755 E1739.75875
G1 X41.097 Y59.543
M204 S2000
M205 X30 Y30
G0 F3600 X41.309 Y62.112
M204 S500
M205 X10 Y10
G1 F2400 X41.565 Y62.368 E1739.77443
M204 S2000
M205 X30 Y30
G0 F3600 X46.13 Y59.86
M204 S500
M205 X10 Y10
G1 F2400 X43.618 Y57.349 E1739.92825
G1 X43.406 Y57.137
M204 S2000
M205 X30 Y30
G0 F3600 X45.976 Y57.349
M204 S500
M205 X10 Y10
G1 F2400 X46.13 Y57.503 E1739.93768
M204 S2000
M205 X30 Y30
G0 F3600 X74.789 Y57.872
M204 S500
M205 X10 Y10
G1 F2400 X79.286 Y62.369 E1740.21309
G1 X79.498 Y62.581
M204 S2000
M205 X30 Y30
G0 F3600 X79.609 Y60.335
M204 S500
M205 X10 Y10
G1 F2400 X76.624 Y57.35 E1740.3959
G1 X76.412 Y57.138
M204 S2000
M205 X30 Y30
G0 F3600 X78.982 Y57.35
M204 S500
M205 X10 Y10
G1 F2400 X79.609 Y57.977 E1740.4343
M204 S2000
M205 X30 Y30
G0 F3600 X76.928 Y62.369
M204 S500
M205 X10 Y10
G1 F2400 X74.789 Y60.229 E1740.56533
G1 X74.577 Y60.017
M204 S2000
M205 X30 Y30
G0 F3600 X79.81 Y62.57
M204 S500
M205 X10 Y10
;TYPE:WALL-INNER
G1 F2400 X41.11 Y62.57 E1742.24126
G1 X41.11 Y57.15 E1742.47598
G1 X79.81 Y57.15 E1744.15191
G1 X79.81 Y62.058 E1744.36446
G0 F1920 X79.81 Y62.57
M204 S2000
M205 X30 Y30
G0 F3600 X80.31 Y63.07
M204 S500
M205 X10 Y10
G1 F2400 X40.61 Y63.07 E1746.0837
G1 X40.61 Y56.65 E1746.36172
G1 X80.31 Y56.65 E1748.08096
G1 X80.31 Y62.558 E1748.33681
G0 F1920 X80.31 Y63.07
M204 S2000
M205 X30 Y30
G0 F3600 X80.81 Y63.57
M204 S500
M205 X10 Y10
;TYPE:WALL-OUTER
G1 F1200 X40.11 Y63.57 E1750.09935
G1 X40.11 Y56.15 E1750.42068
G1 X80.81 Y56.15 E1752.18322
G1 X80.81 Y63.058 E1752.48238
G0 F960 X80.81 Y63.57
M204 S2000
M205 X30 Y30
G0 F3600 X80.56 Y63.57
G0 X80.24 Y63
G0 X74.6 Y62.08
M204 S500
M205 X10 Y10
;TYPE:SKIN
G1 F1200 X46.32 Y62.08 E1753.95206
G1 X46.32 Y57.64 E1754.1828
G1 X74.6 Y57.64 E1755.65248
G1 X74.6 Y61.568 E1755.85662
G0 F960 X74.6 Y62.08
M204 S2000
M205 X30 Y30
G0 F3600 X74.374 Y58.11
M204 S500
M205 X10 Y10
G1 F1200 X74.128 Y57.864 E1755.8747
M204 S2000
M205 X30 Y30
G0 F3600 X73.421 Y57.864
M204 S500
M205 X10 Y10
G1 F1200 X74.374 Y58.817 E1755.94474
M204 S2000
M205 X30 Y30
G0 F3600 X74.374 Y59.524
M204 S500
M205 X10 Y10
G1 F1200 X72.713 Y57.864 E1756.06678
M204 S2000
M205 X30 Y30
G0 F3600 X72.006 Y57.864
M204 S500
M205 X10 Y10
G1 F1200 X74.374 Y60.232 E1756.24081
M204 S2000
M205 X30 Y30
G0 F3600 X74.374 Y60.939
M204 S500
M205 X10 Y10
G1 F1200 X71.299 Y57.864 E1756.46681
M204 S2000
M205 X30 Y30
G0 F3600 X70.592 Y57.864
M204 S500
M205 X10 Y10
G1 F1200 X74.374 Y61.646 E1756.74477
M204 S2000
M205 X30 Y30
G0 F3600 X73.875 Y61.854
M204 S500
M205 X10 Y10
G1 F1200 X69.885 Y57.864 E1757.03802
M204 S2000
M205 X30 Y30
G0 F3600 X69.178 Y57.864
M204 S500
M205 X10 Y10
G1 F1200 X73.168 Y61.854 E1757.33126
M204 S2000
M205 X30 Y30
G0 F3600 X72.461 Y61.854
M204 S500
M205 X10 Y10
G1 F1200 X68.471 Y57.864 E1757.62451
M204 S2000
M205 X30 Y30
G0 F3600 X67.764 Y57.864
M204 S500
M205 X10 Y10
G1 F1200 X71.754 Y61.854 E1757.91775
M204 S2000
M205 X30 Y30
G0 F3600 X71.047 Y61.854
M204 S500
M205 X10 Y10
G1 F1200 X67.057 Y57.864 E1758.211
M204 S2000
M205 X30 Y30
G0 F3600 X66.349 Y57.864
M204 S500
M205 X10 Y10
G1 F1200 X70.34 Y61.854 E1758.50428
M204 S2000
M205 X30 Y30
G0 F3600 X69.633 Y61.854
M204 S500
M205 X10 Y10
G1 F1200 X65.642 Y57.864 E1758.79757
M204 S2000
M205 X30 Y30
G0 F3600 X64.935 Y57.864
M204 S500
M205 X10 Y10
G1 F1200 X68.925 Y61.854 E1759.09081
M204 S2000
M205 X30 Y30
G0 F3600 X68.218 Y61.854
M204 S500
M205 X10 Y10
G1 F1200 X64.228 Y57.864 E1759.38406
M204 S2000
M205 X30 Y30
G0 F3600 X63.521 Y57.864
M204 S500
M205 X10 Y10
G1 F1200 X67.511 Y61.854 E1759.6773
M204 S2000
M205 X30 Y30
G0 F3600 X66.804 Y61.854
M204 S500
M205 X10 Y10
G1 F1200 X62.814 Y57.864 E1759.97055
M204 S2000
M205 X30 Y30
G0 F3600 X62.107 Y57.864
M204 S500
M205 X10 Y10
G1 F1200 X66.097 Y61.854 E1760.26379
M204 S2000
M205 X30 Y30
G0 F3600 X65.39 Y61.854
M204 S500
M205 X10 Y10
G1 F1200 X61.4 Y57.864 E1760.55704
M204 S2000
M205 X30 Y30
G0 F3600 X60.693 Y57.864
M204 S500
M205 X10 Y10
G1 F1200 X64.683 Y61.854 E1760.85029
M204 S2000
M205 X30 Y30
G0 F3600 X63.976 Y61.854
M204 S500
M205 X10 Y10
G1 F1200 X59.985 Y57.864 E1761.14357
M204 S2000
M205 X30 Y30
G0 F3600 X59.278 Y57.864
M204 S500
M205 X10 Y10
G1 F1200 X63.269 Y61.854 E1761.43685
M204 S2000
M205 X30 Y30
G0 F3600 X62.561 Y61.854
M204 S500
M205 X10 Y10
G1 F1200 X58.571 Y57.864 E1761.7301
M204 S2000
M205 X30 Y30
G0 F3600 X57.864 Y57.864
M204 S500
M205 X10 Y10
G1 F1200 X61.854 Y61.854 E1762.02334
M204 S2000
M205 X30 Y30
G0 F3600 X61.147 Y61.854
M204 S500
M205 X10 Y10
G1 F1200 X57.157 Y57.864 E1762.31659
M204 S2000
M205 X30 Y30
G0 F3600 X56.45 Y57.864
M204 S500
M205 X10 Y10
G1 F1200 X60.439 Y61.854 E1762.6098
M204 S2000
M205 X30 Y30
G0 F3600 X59.732 Y61.854
M204 S500
M205 X10 Y10
G1 F1200 X55.743 Y57.864 E1762.90301
M204 S2000
M205 X30 Y30
G0 F3600 X55.036 Y57.864
M204 S500
M205 X10 Y10
G1 F1200 X59.025 Y61.854 E1763.19622
M204 S2000
M205 X30 Y30
G0 F3600 X58.318 Y61.854
M204 S500
M205 X10 Y10
G1 F1200 X54.329 Y57.864 E1763.48943
M204 S2000
M205 X30 Y30
G0 F3600 X53.622 Y57.864
M204 S500
M205 X10 Y10
G1 F1200 X57.611 Y61.854 E1763.78264
M204 S2000
M205 X30 Y30
G0 F3600 X56.904 Y61.854
M204 S500
M205 X10 Y10
G1 F1200 X52.914 Y57.864 E1764.07588
M204 S2000
M205 X30 Y30
G0 F3600 X52.207 Y57.864
M204 S500
M205 X10 Y10
G1 F1200 X56.197 Y61.854 E1764.36913
M204 S2000
M205 X30 Y30
G0 F3600 X55.49 Y61.854
M204 S500
M205 X10 Y10
G1 F1200 X51.5 Y57.864 E1764.66237
M204 S2000
M205 X30 Y30
G0 F3600 X50.793 Y57.864
M204 S500
M205 X10 Y10
G1 F1200 X54.783 Y61.854 E1764.95562
M204 S2000
M205 X30 Y30
G0 F3600 X54.075 Y61.854
M204 S500
M205 X10 Y10
G1 F1200 X50.086 Y57.864 E1765.24883
M204 S2000
M205 X30 Y30
G0 F3600 X49.379 Y57.864
M204 S500
M205 X10 Y10
G1 F1200 X53.368 Y61.854 E1765.54204
M204 S2000
M205 X30 Y30
G0 F3600 X52.661 Y61.854
M204 S500
M205 X10 Y10
G1 F1200 X48.672 Y57.864 E1765.83525
M204 S2000
M205 X30 Y30
G0 F3600 X47.965 Y57.864
M204 S500
M205 X10 Y10
G1 F1200 X51.954 Y61.854 E1766.12846
M204 S2000
M205 X30 Y30
G0 F3600 X51.247 Y61.854
M204 S500
M205 X10 Y10
G1 F1200 X47.258 Y57.864 E1766.42166
M204 S2000
M205 X30 Y30
G0 F3600 X46.55 Y57.864
M204 S500
M205 X10 Y10
G1 F1200 X50.54 Y61.854 E1766.71491
M204 S2000
M205 X30 Y30
G0 F3600 X49.833 Y61.854
M204 S500
M205 X10 Y10
G1 F1200 X46.545 Y58.566 E1766.95656
M204 S2000
M205 X30 Y30
G0 F3600 X46.545 Y59.273
M204 S500
M205 X10 Y10
G1 F1200 X49.126 Y61.854 E1767.14625
M204 S2000
M205 X30 Y30
G0 F3600 X48.419 Y61.854
M204 S500
M205 X10 Y10
G1 F1200 X46.545 Y59.98 E1767.28398
M204 S2000
M205 X30 Y30
G0 F3600 X46.545 Y60.687
M204 S500
M205 X10 Y10
G1 F1200 X47.712 Y61.854 E1767.36975
M204 S2000
M205 X30 Y30
G0 F3600 X47.004 Y61.854
M204 S500
M205 X10 Y10
G1 F1200 X46.545 Y61.394 E1767.40352
M204 S2000
M205 X30 Y30
;MESH:NONMESH
G0 F600 X46.545 Y61.394 Z41.55
G0 F3600 X41.847 Y57.349
;TIME_ELAPSED:2132.786085
;LAYER:165
M204 S500
M205 X10 Y10
;TYPE:FILL
;MESH:PLATempTower
G1 F2400 X41.31 Y57.886 E1767.43641
M204 S2000
M205 X30 Y30
G0 F3600 X41.31 Y60.244
M204 S500
M205 X10 Y10
G1 F2400 X44.205 Y57.349 E1767.61371
G1 X44.417 Y57.137
M204 S2000
M205 X30 Y30
G0 F3600 X46.13 Y57.781
M204 S500
M205 X10 Y10
G1 F2400 X41.542 Y62.369 E1767.8947
G1 X41.33 Y62.581
M204 S2000
M205 X30 Y30
G0 F3600 X43.9 Y62.369
M204 S500
M205 X10 Y10
G1 F2400 X46.13 Y60.139 E1768.03127
G1 X46.342 Y59.927
M204 S2000
M205 X30 Y30
G0 F3600 X74.789 Y59.77
M204 S500
M205 X10 Y10
G1 F2400 X77.209 Y57.349 E1768.17951
G1 X77.421 Y57.137
M204 S2000
M205 X30 Y30
G0 F3600 X79.567 Y57.349
M204 S500
M205 X10 Y10
G1 F2400 X74.789 Y62.127 E1768.47213
G1 X74.577 Y62.339
M204 S2000
M205 X30 Y30
G0 F3600 X76.904 Y62.37
M204 S500
M205 X10 Y10
G1 F2400 X79.609 Y59.664 E1768.63783
G1 X79.821 Y59.452
M204 S2000
M205 X30 Y30
G0 F3600 X79.609 Y62.022
M204 S500
M205 X10 Y10
G1 F2400 X79.261 Y62.37 E1768.65914
M204 S2000
M205 X30 Y30
G0 F3600 X79.81 Y62.57
M204 S500
M205 X10 Y10
;TYPE:WALL-INNER
G1 F2400 X41.11 Y62.57 E1770.33507
G1 X41.11 Y57.15 E1770.56979
G1 X79.81 Y57.15 E1772.24572
G1 X79.81 Y62.058 E1772.45826
G0 F1920 X79.81 Y62.57
M204 S2000
M205 X30 Y30
G0 F3600 X80.31 Y63.07
M204 S500
M205 X10 Y10
G1 F2400 X40.61 Y63.07 E1774.1775
G1 X40.61 Y56.65 E1774.45553
G1 X80.31 Y56.65 E1776.17476
G1 X80.31 Y62.558 E1776.43061
G0 F1920 X80.31 Y63.07
M204 S2000
M205 X30 Y30
G0 F3600 X80.81 Y63.57
M204 S500
M205 X10 Y10
;TYPE:WALL-OUTER
G1 F1200 X40.11 Y63.57 E1778.19316
G1 X40.11 Y56.15 E1778.51449
G1 X80.81 Y56.15 E1780.27703
G1 X80.81 Y63.058 E1780.57618
G0 F960 X80.81 Y63.57
M204 S2000
M205 X30 Y30
G0 F3600 X80.56 Y63.57
G0 X80.24 Y63
G0 X74.6 Y62.08
M204 S500
M205 X10 Y10
;TYPE:SKIN
G1 F1200 X46.32 Y62.08 E1782.04587
G1 X46.32 Y57.64 E1782.27661
G1 X74.6 Y57.64 E1783.74629
G1 X74.6 Y61.568 E1783.95043
G0 F960 X74.6 Y62.08
M204 S2000
M205 X30 Y30
G0 F3600 X74.374 Y61.39
M204 S500
M205 X10 Y10
G1 F1200 X73.908 Y61.855 E1783.98464
M204 S2000
M205 X30 Y30
G0 F3600 X73.201 Y61.855
M204 S500
M205 X10 Y10
G1 F1200 X74.374 Y60.683 E1784.07081
M204 S2000
M205 X30 Y30
G0 F3600 X74.374 Y59.976
M204 S500
M205 X10 Y10
G1 F1200 X72.494 Y61.855 E1784.20894
M204 S2000
M205 X30 Y30
G0 F3600 X71.787 Y61.855
M204 S500
M205 X10 Y10
G1 F1200 X74.374 Y59.268 E1784.39908
M204 S2000
M205 X30 Y30
G0 F3600 X74.374 Y58.561
M204 S500
M205 X10 Y10
G1 F1200 X71.08 Y61.855 E1784.64117
M204 S2000
M205 X30 Y30
G0 F3600 X70.373 Y61.855
M204 S500
M205 X10 Y10
G1 F1200 X74.364 Y57.864 E1784.93449
M204 S2000
M205 X30 Y30
G0 F3600 X73.657 Y57.864
M204 S500
M205 X10 Y10
G1 F1200 X69.666 Y61.855 E1785.22781
M204 S2000
M205 X30 Y30
G0 F3600 X68.959 Y61.855
M204 S500
M205 X10 Y10
G1 F1200 X72.95 Y57.864 E1785.52113
M204 S2000
M205 X30 Y30
G0 F3600 X72.242 Y57.864
M204 S500
M205 X10 Y10
G1 F1200 X68.252 Y61.855 E1785.81441
M204 S2000
M205 X30 Y30
G0 F3600 X67.544 Y61.855
M204 S500
M205 X10 Y10
G1 F1200 X71.535 Y57.864 E1786.10773
M204 S2000
M205 X30 Y30
G0 F3600 X70.828 Y57.864
M204 S500
M205 X10 Y10
G1 F1200 X66.837 Y61.855 E1786.40105
M204 S2000
M205 X30 Y30
G0 F3600 X66.13 Y61.855
M204 S500
M205 X10 Y10
G1 F1200 X70.121 Y57.864 E1786.69437
M204 S2000
M205 X30 Y30
G0 F3600 X69.414 Y57.864
M204 S500
M205 X10 Y10
G1 F1200 X65.423 Y61.855 E1786.98769
M204 S2000
M205 X30 Y30
G0 F3600 X64.716 Y61.855
M204 S500
M205 X10 Y10
G1 F1200 X68.707 Y57.864 E1787.28101
M204 S2000
M205 X30 Y30
G0 F3600 X68 Y57.864
M204 S500
M205 X10 Y10
G1 F1200 X64.009 Y61.855 E1787.57433
M204 S2000
M205 X30 Y30
G0 F3600 X63.302 Y61.855
M204 S500
M205 X10 Y10
G1 F1200 X67.293 Y57.864 E1787.86765
M204 S2000
M205 X30 Y30
G0 F3600 X66.586 Y57.864
M204 S500
M205 X10 Y10
G1 F1200 X62.595 Y61.855 E1788.16097
M204 S2000
M205 X30 Y30
G0 F3600 X61.888 Y61.855
M204 S500
M205 X10 Y10
G1 F1200 X65.879 Y57.864 E1788.45429
M204 S2000
M205 X30 Y30
G0 F3600 X65.171 Y57.864
M204 S500
M205 X10 Y10
G1 F1200 X61.181 Y61.855 E1788.74757
M204 S2000
M205 X30 Y30
G0 F3600 X60.473 Y61.855
M204 S500
M205 X10 Y10
G1 F1200 X64.464 Y57.864 E1789.04089
M204 S2000
M205 X30 Y30
G0 F3600 X63.757 Y57.864
M204 S500
M205 X10 Y10
G1 F1200 X59.767 Y61.854 E1789.33413
M204 S2000
M205 X30 Y30
G0 F3600 X59.06 Y61.854
M204 S500
M205 X10 Y10
G1 F1200 X63.05 Y57.864 E1789.62738
M204 S2000
M205 X30 Y30
G0 F3600 X62.343 Y57.864
M204 S500
M205 X10 Y10
G1 F1200 X58.353 Y61.854 E1789.92063
M204 S2000
M205 X30 Y30
G0 F3600 X57.646 Y61.854
M204 S500
M205 X10 Y10
G1 F1200 X61.636 Y57.864 E1790.21387
M204 S2000
M205 X30 Y30
G0 F3600 X60.929 Y57.864
M204 S500
M205 X10 Y10
G1 F1200 X56.939 Y61.854 E1790.50712
M204 S2000
M205 X30 Y30
G0 F3600 X56.231 Y61.854
M204 S500
M205 X10 Y10
G1 F1200 X60.222 Y57.864 E1790.8004
M204 S2000
M205 X30 Y30
G0 F3600 X59.515 Y57.864
M204 S500
M205 X10 Y10
G1 F1200 X55.524 Y61.854 E1791.09368
M204 S2000
M205 X30 Y30
G0 F3600 X54.817 Y61.854
M204 S500
M205 X10 Y10
G1 F1200 X58.807 Y57.864 E1791.38693
M204 S2000
M205 X30 Y30
G0 F3600 X58.1 Y57.864
M204 S500
M205 X10 Y10
G1 F1200 X54.11 Y61.854 E1791.68017
M204 S2000
M205 X30 Y30
G0 F3600 X53.403 Y61.854
M204 S500
M205 X10 Y10
G1 F1200 X57.393 Y57.864 E1791.97342
M204 S2000
M205 X30 Y30
G0 F3600 X56.686 Y57.864
M204 S500
M205 X10 Y10
G1 F1200 X52.696 Y61.854 E1792.26667
M204 S2000
M205 X30 Y30
G0 F3600 X51.989 Y61.854
M204 S500
M205 X10 Y10
G1 F1200 X55.979 Y57.864 E1792.55991
M204 S2000
M205 X30 Y30
G0 F3600 X55.272 Y57.864
M204 S500
M205 X10 Y10
G1 F1200 X51.282 Y61.854 E1792.85316
M204 S2000
M205 X30 Y30
G0 F3600 X50.575 Y61.854
M204 S500
M205 X10 Y10
G1 F1200 X54.565 Y57.864 E1793.1464
M204 S2000
M205 X30 Y30
G0 F3600 X53.858 Y57.864
M204 S500
M205 X10 Y10
G1 F1200 X49.867 Y61.854 E1793.43969
M204 S2000
M205 X30 Y30
G0 F3600 X49.16 Y61.854
M204 S500
M205 X10 Y10
G1 F1200 X53.151 Y57.864 E1793.73297
M204 S2000
M205 X30 Y30
G0 F3600 X52.443 Y57.864
M204 S500
M205 X10 Y10
G1 F1200 X48.453 Y61.854 E1794.02621
M204 S2000
M205 X30 Y30
G0 F3600 X47.746 Y61.854
M204 S500
M205 X10 Y10
G1 F1200 X51.736 Y57.864 E1794.31946
M204 S2000
M205 X30 Y30
G0 F3600 X51.029 Y57.864
M204 S500
M205 X10 Y10
G1 F1200 X47.039 Y61.854 E1794.61271
M204 S2000
M205 X30 Y30
G0 F3600 X46.545 Y61.642
M204 S500
M205 X10 Y10
G1 F1200 X50.322 Y57.864 E1794.89033
M204 S2000
M205 X30 Y30
G0 F3600 X49.615 Y57.864
M204 S500
M205 X10 Y10
G1 F1200 X46.545 Y60.934 E1795.11596
M204 S2000
M205 X30 Y30
G0 F3600 X46.545 Y60.227
M204 S500
M205 X10 Y10
G1 F1200 X48.908 Y57.864 E1795.28963
M204 S2000
M205 X30 Y30
G0 F3600 X48.201 Y57.864
M204 S500
M205 X10 Y10
G1 F1200 X46.545 Y59.52 E1795.41134
M204 S2000
M205 X30 Y30
G0 F3600 X46.545 Y58.813
M204 S500
M205 X10 Y10
G1 F1200 X47.494 Y57.864 E1795.48109
M204 S2000
M205 X30 Y30
G0 F3600 X46.787 Y57.864
M204 S500
M205 X10 Y10
G1 F1200 X46.545 Y58.106 E1795.49887
M204 S2000
M205 X30 Y30
;MESH:NONMESH
G0 F600 X46.545 Y58.106 Z41.8
G0 F3600 X41.509 Y57.598
;TIME_ELAPSED:2161.184229
;LAYER:166
M204 S500
M205 X10 Y10
;TYPE:FILL
;MESH:PLATempTower
G1 F2400 X46.08 Y62.168 E1795.77879
G1 X46.292 Y62.38
M204 S2000
M205 X30 Y30
G0 F3600 X46.13 Y59.86
M204 S500
M205 X10 Y10
G1 F2400 X43.818 Y57.549 E1795.92035
G1 X43.606 Y57.337
M204 S2000
M205 X30 Y30
G0 F3600 X41.509 Y59.955
M204 S500
M205 X10 Y10
G1 F2400 X43.723 Y62.168 E1796.05592
G1 X43.935 Y62.38
M204 S2000
M205 X30 Y30
G0 F3600 X46.33 Y62.37
M204 S500
M205 X10 Y10
;TYPE:WALL-INNER
G1 F2400 X41.31 Y62.37 E1796.27331
G1 X41.31 Y57.35 E1796.49071
G1 X46.33 Y57.35 E1796.7081
G1 X46.33 Y61.858 E1796.90332
G0 F1920 X46.33 Y62.37
M204 S2000
M205 X30 Y30
G0 F3600 X46.83 Y62.87
M204 S500
M205 X10 Y10
G1 F2400 X40.81 Y62.87 E1797.16402
G1 X40.81 Y56.85 E1797.42472
G1 X46.83 Y56.85 E1797.68542
G1 X46.83 Y62.358 E1797.92395
G0 F1920 X46.83 Y62.87
M204 S2000
M205 X30 Y30
G0 F3600 X47.33 Y63.37
M204 S500
M205 X10 Y10
;TYPE:WALL-OUTER
G1 F1200 X40.31 Y63.37 E1798.22796
G1 X40.31 Y56.35 E1798.53196
G1 X47.33 Y56.35 E1798.83597
G1 X47.33 Y62.858 E1799.1178
G0 F960 X47.33 Y63.37
M204 S2000
M205 X30 Y30
G0 F3600 X47.08 Y63.37
G0 X46.33 Y62.517
G1 F2700 E1795.1178
G0 F3600 X46.81 Y60.229
G0 X48.245 Y60.229
G0 X72.675 Y60.229
G0 X74.11 Y60.229
G0 X74.789 Y60.229
M204 S500
M205 X10 Y10
;TYPE:FILL
G1 F2700 E1799.1178
G1 F2400 X76.729 Y62.17 E1799.23665
G1 X76.941 Y62.382
M204 S2000
M205 X30 Y30
G0 F3600 X79.087 Y62.17
M204 S500
M205 X10 Y10
G1 F2400 X74.789 Y57.872 E1799.49987
G1 X74.577 Y57.66
M204 S2000
M205 X30 Y30
G0 F3600 X76.824 Y57.55
M204 S500
M205 X10 Y10
G1 F2400 X79.409 Y60.135 E1799.65819
G1 X79.621 Y60.347
M204 S2000
M205 X30 Y30
G0 F3600 X79.409 Y57.777
M204 S500
M205 X10 Y10
G1 F2400 X79.181 Y57.55 E1799.67212
M204 S2000
M205 X30 Y30
G0 F3600 X79.61 Y62.37
M204 S500
M205 X10 Y10
;TYPE:WALL-INNER
G1 F2400 X74.59 Y62.37 E1799.88951
G1 X74.59 Y57.35 E1800.10691
G1 X79.61 Y57.35 E1800.3243
G1 X79.61 Y61.858 E1800.51953
G0 F1920 X79.61 Y62.37
M204 S2000
M205 X30 Y30
G0 F3600 X80.11 Y62.87
M204 S500
M205 X10 Y10
G1 F2400 X74.09 Y62.87 E1800.78023
G1 X74.09 Y56.85 E1801.04093
G1 X80.11 Y56.85 E1801.30163
G1 X80.11 Y62.358 E1801.54016
G0 F1920 X80.11 Y62.87
M204 S2000
M205 X30 Y30
G0 F3600 X80.61 Y63.37
M204 S500
M205 X10 Y10
;TYPE:WALL-OUTER
G1 F1200 X73.59 Y63.37 E1801.84416
G1 X73.59 Y56.35 E1802.14817
G1 X80.61 Y56.35 E1802.45217
G1 X80.61 Y62.858 E1802.73401
G0 F960 X80.61 Y63.37
M204 S2000
M205 X30 Y30
G0 F3600 X80.36 Y63.37
G0 X79.61 Y62.517
G1 F2700 E1798.73401
;MESH:NONMESH
G0 F600 X79.61 Y62.517 Z42.05
G0 F3600 X74.11 Y57.548
G0 X72.675 Y57.548
G0 X48.245 Y57.548
G0 X46.81 Y57.548
G0 X41.648 Y57.548
;TIME_ELAPSED:2170.384042
;LAYER:167
;[CAZD:
M104 S190.0 T0
;:CAZD]
M204 S500
M205 X10 Y10
;TYPE:FILL
;MESH:PLATempTower
G1 F2700 E1802.73401
G1 F2400 X41.509 Y57.687 E1802.74252
M204 S2000
M205 X30 Y30
G0 F3600 X41.509 Y60.044
M204 S500
M205 X10 Y10
G1 F2400 X44.006 Y57.548 E1802.89542
G1 X44.218 Y57.336
M204 S2000
M205 X30 Y30
G0 F3600 X46.129 Y57.782
M204 S500
M205 X10 Y10
G1 F2400 X41.743 Y62.168 E1803.16403
G1 X41.531 Y62.38
M204 S2000
M205 X30 Y30
G0 F3600 X44.1 Y62.168
M204 S500
M205 X10 Y10
G1 F2400 X46.129 Y60.14 E1803.28826
G1 X46.341 Y59.928
M204 S2000
M205 X30 Y30
G0 F3600 X46.33 Y62.37
M204 S500
M205 X10 Y10
;TYPE:WALL-INNER
G1 F2400 X41.31 Y62.37 E1803.50566
G1 X41.31 Y57.35 E1803.72305
G1 X46.33 Y57.35 E1803.94045
G1 X46.33 Y61.858 E1804.13567
G0 F1920 X46.33 Y62.37
M204 S2000
M205 X30 Y30
G0 F3600 X46.83 Y62.87
M204 S500
M205 X10 Y10
G1 F2400 X40.81 Y62.87 E1804.39637
G1 X40.81 Y56.85 E1804.65707
G1 X46.83 Y56.85 E1804.91777
G1 X46.83 Y62.358 E1805.1563
G0 F1920 X46.83 Y62.87
M204 S2000
M205 X30 Y30
G0 F3600 X47.33 Y63.37
M204 S500
M205 X10 Y10
;TYPE:WALL-OUTER
G1 F1200 X40.31 Y63.37 E1805.46031
G1 X40.31 Y56.35 E1805.76431
G1 X47.33 Y56.35 E1806.06832
G1 X47.33 Y62.858 E1806.35015
G0 F960 X47.33 Y63.37
M204 S2000
M205 X30 Y30
G0 F3600 X47.08 Y63.37
G0 X46.33 Y62.517
G1 F2700 E1802.35015
G0 F3600 X48.245 Y62.127
G0 X72.675 Y62.127
G0 X74.11 Y62.127
G0 X74.789 Y62.127
M204 S500
M205 X10 Y10
;TYPE:FILL
G1 F2700 E1806.35015
G1 F2400 X79.367 Y57.55 E1806.63049
G1 X79.579 Y57.338
M204 S2000
M205 X30 Y30
G0 F3600 X79.409 Y59.865
M204 S500
M205 X10 Y10
G1 F2400 X77.104 Y62.17 E1806.77166
G1 X76.892 Y62.382
M204 S2000
M205 X30 Y30
G0 F3600 X74.789 Y59.77
M204 S500
M205 X10 Y10
G1 F2400 X77.009 Y57.55 E1806.90762
G1 X77.221 Y57.338
M204 S2000
M205 X30 Y30
G0 F3600 X79.61 Y62.37
M204 S500
M205 X10 Y10
;TYPE:WALL-INNER
G1 F2400 X74.59 Y62.37 E1807.12502
G1 X74.59 Y57.35 E1807.34241
G1 X79.61 Y57.35 E1807.55981
G1 X79.61 Y61.858 E1807.75503
G0 F1920 X79.61 Y62.37
M204 S2000
M205 X30 Y30
G0 F3600 X80.11 Y62.87
M204 S500
M205 X10 Y10
G1 F2400 X74.09 Y62.87 E1808.01573
G1 X74.09 Y56.85 E1808.27643
G1 X80.11 Y56.85 E1808.53713
G1 X80.11 Y62.358 E1808.77566
G0 F1920 X80.11 Y62.87
M204 S2000
M205 X30 Y30
G0 F3600 X80.61 Y63.37
M204 S500
M205 X10 Y10
;TYPE:WALL-OUTER
G1 F1200 X73.59 Y63.37 E1809.07966
G1 X73.59 Y56.35 E1809.38367
G1 X80.61 Y56.35 E1809.68768
G1 X80.61 Y62.858 E1809.96951
G0 F960 X80.61 Y63.37
M204 S2000
M205 X30 Y30
G0 F3600 X80.36 Y63.37
G0 X79.61 Y62.517
G1 F2700 E1805.96951
;MESH:NONMESH
G0 F600 X79.61 Y62.517 Z42.3
G0 F3600 X74.11 Y57.598
G0 X72.675 Y57.598
G0 X48.245 Y57.598
G0 X46.81 Y57.598
G0 X41.509 Y57.598
;TIME_ELAPSED:2179.738773
;LAYER:168
M204 S500
M205 X10 Y10
;TYPE:FILL
;MESH:PLATempTower
G1 F2700 E1809.96951
G1 F2400 X46.08 Y62.168 E1810.24942
G1 X46.292 Y62.38
M204 S2000
M205 X30 Y30
G0 F3600 X46.13 Y59.86
M204 S500
M205 X10 Y10
G1 F2400 X43.818 Y57.549 E1810.39099
G1 X43.606 Y57.337
M204 S2000
M205 X30 Y30
G0 F3600 X41.509 Y59.955
M204 S500
M205 X10 Y10
G1 F2400 X43.723 Y62.168 E1810.52655
G1 X43.935 Y62.38
M204 S2000
M205 X30 Y30
G0 F3600 X46.33 Y62.37
M204 S500
M205 X10 Y10
;TYPE:WALL-INNER
G1 F2400 X41.31 Y62.37 E1810.74395
G1 X41.31 Y57.35 E1810.96134
G1 X46.33 Y57.35 E1811.17873
G1 X46.33 Y61.858 E1811.37396
G0 F1920 X46.33 Y62.37
M204 S2000
M205 X30 Y30
G0 F3600 X46.83 Y62.87
M204 S500
M205 X10 Y10
G1 F2400 X40.81 Y62.87 E1811.63466
G1 X40.81 Y56.85 E1811.89536
G1 X46.83 Y56.85 E1812.15606
G1 X46.83 Y62.358 E1812.39459
G0 F1920 X46.83 Y62.87
M204 S2000
M205 X30 Y30
G0 F3600 X47.33 Y63.37
M204 S500
M205 X10 Y10
;TYPE:WALL-OUTER
G1 F1200 X40.31 Y63.37 E1812.69859
G1 X40.31 Y56.35 E1813.0026
G1 X47.33 Y56.35 E1813.30661
G1 X47.33 Y62.858 E1813.58844
G0 F960 X47.33 Y63.37
M204 S2000
M205 X30 Y30
G0 F3600 X47.08 Y63.37
G0 X46.33 Y62.517
G1 F2700 E1809.58844
G0 F3600 X46.81 Y60.229
G0 X48.245 Y60.229
G0 X72.675 Y60.229
G0 X74.11 Y60.229
G0 X74.789 Y60.229
M204 S500
M205 X10 Y10
;TYPE:FILL
G1 F2700 E1813.58844
G1 F2400 X76.729 Y62.17 E1813.70728
G1 X76.941 Y62.382
M204 S2000
M205 X30 Y30
G0 F3600 X79.087 Y62.17
M204 S500
M205 X10 Y10
G1 F2400 X74.789 Y57.872 E1813.97051
G1 X74.577 Y57.66
M204 S2000
M205 X30 Y30
G0 F3600 X76.824 Y57.55
M204 S500
M205 X10 Y10
G1 F2400 X79.409 Y60.135 E1814.12882
G1 X79.621 Y60.347
M204 S2000
M205 X30 Y30
G0 F3600 X79.409 Y57.777
M204 S500
M205 X10 Y10
G1 F2400 X79.181 Y57.55 E1814.14275
M204 S2000
M205 X30 Y30
G0 F3600 X79.61 Y62.37
M204 S500
M205 X10 Y10
;TYPE:WALL-INNER
G1 F2400 X74.59 Y62.37 E1814.36015
G1 X74.59 Y57.35 E1814.57754
G1 X79.61 Y57.35 E1814.79494
G1 X79.61 Y61.858 E1814.99016
G0 F1920 X79.61 Y62.37
M204 S2000
M205 X30 Y30
G0 F3600 X80.11 Y62.87
M204 S500
M205 X10 Y10
G1 F2400 X74.09 Y62.87 E1815.25086
G1 X74.09 Y56.85 E1815.51156
G1 X80.11 Y56.85 E1815.77226
G1 X80.11 Y62.358 E1816.01079
G0 F1920 X80.11 Y62.87
M204 S2000
M205 X30 Y30
G0 F3600 X80.61 Y63.37
M204 S500
M205 X10 Y10
;TYPE:WALL-OUTER
G1 F1200 X73.59 Y63.37 E1816.3148
G1 X73.59 Y56.35 E1816.6188
G1 X80.61 Y56.35 E1816.92281
G1 X80.61 Y62.858 E1817.20464
G0 F960 X80.61 Y63.37
M204 S2000
M205 X30 Y30
G0 F3600 X80.36 Y63.37
G0 X79.61 Y62.517
G1 F2700 E1813.20464
;MESH:NONMESH
G0 F600 X79.61 Y62.517 Z42.55
G0 F3600 X74.11 Y57.349
G0 X72.675 Y57.349
G0 X48.245 Y57.349
G0 X46.81 Y57.349
G0 X41.847 Y57.349
;TIME_ELAPSED:2189.103760
;LAYER:169
M204 S500
M205 X10 Y10
;TYPE:FILL
;MESH:PLATempTower
G1 F2700 E1817.20464
G1 F2400 X41.31 Y57.886 E1817.23753
M204 S2000
M205 X30 Y30
G0 F3600 X41.31 Y60.244
M204 S500
M205 X10 Y10
G1 F2400 X44.205 Y57.349 E1817.41483
G1 X44.417 Y57.137
M204 S2000
M205 X30 Y30
G0 F3600 X46.329 Y57.582
M204 S500
M205 X10 Y10
G1 F2400 X41.543 Y62.368 E1817.70794
G1 X41.331 Y62.58
M204 S2000
M205 X30 Y30
G0 F3600 X43.9 Y62.368
M204 S500
M205 X10 Y10
G1 F2400 X46.329 Y59.94 E1817.85667
G1 X46.541 Y59.728
M204 S2000
M205 X30 Y30
G0 F3600 X46.329 Y62.297
M204 S500
M205 X10 Y10
G1 F2400 X46.258 Y62.368 E1817.86102
M204 S2000
M205 X30 Y30
G0 F3600 X46.53 Y62.57
M204 S500
M205 X10 Y10
;TYPE:WALL-INNER
G1 F2400 X41.11 Y62.57 E1818.09574
G1 X41.11 Y57.15 E1818.33046
G1 X46.53 Y57.15 E1818.56517
G1 X46.53 Y62.058 E1818.77772
G0 F1920 X46.53 Y62.57
M204 S2000
M205 X30 Y30
G0 F3600 X47.03 Y63.07
M204 S500
M205 X10 Y10
G1 F2400 X40.61 Y63.07 E1819.05574
G1 X40.61 Y56.65 E1819.33376
G1 X47.03 Y56.65 E1819.61179
G1 X47.03 Y62.558 E1819.86764
G0 F1920 X47.03 Y63.07
M204 S2000
M205 X30 Y30
G0 F3600 X47.53 Y63.57
M204 S500
M205 X10 Y10
;TYPE:WALL-OUTER
G1 F1200 X40.11 Y63.57 E1820.18896
G1 X40.11 Y56.15 E1820.51029
G1 X47.53 Y56.15 E1820.83162
G1 X47.53 Y63.058 E1821.13078
G0 F960 X47.53 Y63.57
M204 S2000
M205 X30 Y30
G0 F3600 X47.28 Y63.57
G0 X46.53 Y62.717
G1 F2700 E1817.13078
G0 F3600 X48.445 Y62.327
G0 X72.475 Y62.327
G0 X73.91 Y62.327
G0 X74.589 Y62.327
M204 S500
M205 X10 Y10
;TYPE:FILL
G1 F2700 E1821.13078
G1 F2400 X79.567 Y57.349 E1821.43565
G1 X79.779 Y57.137
M204 S2000
M205 X30 Y30
G0 F3600 X79.609 Y59.664
M204 S500
M205 X10 Y10
G1 F2400 X76.904 Y62.37 E1821.60134
G1 X76.692 Y62.582
M204 S2000
M205 X30 Y30
G0 F3600 X79.261 Y62.37
M204 S500
M205 X10 Y10
G1 F2400 X79.609 Y62.022 E1821.62265
M204 S2000
M205 X30 Y30
G0 F3600 X77.209 Y57.349
M204 S500
M205 X10 Y10
G1 F2400 X74.589 Y59.97 E1821.78314
G1 X74.377 Y60.182
M204 S2000
M205 X30 Y30
G0 F3600 X74.589 Y57.612
M204 S500
M205 X10 Y10
G1 F2400 X74.852 Y57.349 E1821.79925
M204 S2000
M205 X30 Y30
G0 F3600 X79.81 Y62.57
M204 S500
M205 X10 Y10
;TYPE:WALL-INNER
G1 F2400 X74.39 Y62.57 E1822.03397
G1 X74.39 Y57.15 E1822.26868
G1 X79.81 Y57.15 E1822.5034
G1 X79.81 Y62.058 E1822.71595
G0 F1920 X79.81 Y62.57
M204 S2000
M205 X30 Y30
G0 F3600 X80.31 Y63.07
M204 S500
M205 X10 Y10
G1 F2400 X73.89 Y63.07 E1822.99397
G1 X73.89 Y56.65 E1823.27199
G1 X80.31 Y56.65 E1823.55001
G1 X80.31 Y62.558 E1823.80587
G0 F1920 X80.31 Y63.07
M204 S2000
M205 X30 Y30
G0 F3600 X80.81 Y63.57
M204 S500
M205 X10 Y10
;TYPE:WALL-OUTER
G1 F1200 X73.39 Y63.57 E1824.12719
G1 X73.39 Y56.15 E1824.44852
G1 X80.81 Y56.15 E1824.76985
G1 X80.81 Y63.058 E1825.06901
G0 F960 X80.81 Y63.57
M204 S2000
M205 X30 Y30
G0 F3600 X80.56 Y63.57
G0 X79.81 Y62.717
G1 F2700 E1821.06901
;MESH:NONMESH
G0 F600 X79.81 Y62.717 Z42.8
G0 F3600 X73.91 Y57.397
G0 X72.475 Y57.397
G0 X48.445 Y57.397
G0 X47.01 Y57.397
G0 X41.309 Y57.397
;TIME_ELAPSED:2199.159036
;LAYER:170
M204 S500
M205 X10 Y10
;TYPE:FILL
;MESH:PLATempTower
G1 F2700 E1825.06901
G1 F2400 X46.28 Y62.368 E1825.37345
G1 X46.492 Y62.58
M204 S2000
M205 X30 Y30
G0 F3600 X46.33 Y60.06
M204 S500
M205 X10 Y10
G1 F2400 X43.618 Y57.349 E1825.53951
G1 X43.406 Y57.137
M204 S2000
M205 X30 Y30
G0 F3600 X45.976 Y57.349
M204 S500
M205 X10 Y10
G1 F2400 X46.33 Y57.703 E1825.56119
M204 S2000
M205 X30 Y30
G0 F3600 X43.923 Y62.368
M204 S500
M205 X10 Y10
G1 F2400 X41.309 Y59.755 E1825.72125
G1 X41.097 Y59.543
M204 S2000
M205 X30 Y30
G0 F3600 X41.309 Y62.112
M204 S500
M205 X10 Y10
G1 F2400 X41.565 Y62.368 E1825.73693
M204 S2000
M205 X30 Y30
G0 F3600 X46.53 Y62.57
M204 S500
M205 X10 Y10
;TYPE:WALL-INNER
G1 F2400 X41.11 Y62.57 E1825.97165
G1 X41.11 Y57.15 E1826.20636
G1 X46.53 Y57.15 E1826.44108
G1 X46.53 Y62.058 E1826.65362
G0 F1920 X46.53 Y62.57
M204 S2000
M205 X30 Y30
G0 F3600 X47.03 Y63.07
M204 S500
M205 X10 Y10
G1 F2400 X40.61 Y63.07 E1826.93165
G1 X40.61 Y56.65 E1827.20967
G1 X47.03 Y56.65 E1827.48769
G1 X47.03 Y62.558 E1827.74354
G0 F1920 X47.03 Y63.07
M204 S2000
M205 X30 Y30
G0 F3600 X47.53 Y63.57
M204 S500
M205 X10 Y10
;TYPE:WALL-OUTER
G1 F1200 X40.11 Y63.57 E1828.06487
G1 X40.11 Y56.15 E1828.3862
G1 X47.53 Y56.15 E1828.70753
G1 X47.53 Y63.058 E1829.00669
G0 F960 X47.53 Y63.57
M204 S2000
M205 X30 Y30
G0 F3600 X47.28 Y63.57
G0 X46.53 Y62.717
G1 F2700 E1825.00669
G0 F3600 X47.01 Y60.029
G0 X48.445 Y60.029
G0 X72.475 Y60.029
G0 X73.91 Y60.029
G0 X74.589 Y60.029
M204 S500
M205 X10 Y10
;TYPE:FILL
G1 F2700 E1829.00669
G1 F2400 X76.929 Y62.37 E1829.15003
G1 X77.141 Y62.582
M204 S2000
M205 X30 Y30
G0 F3600 X79.287 Y62.37
M204 S500
M205 X10 Y10
G1 F2400 X74.589 Y57.672 E1829.43775
G1 X74.377 Y57.46
M204 S2000
M205 X30 Y30
G0 F3600 X76.624 Y57.349
M204 S500
M205 X10 Y10
G1 F2400 X79.609 Y60.335 E1829.62059
G1 X79.821 Y60.547
M204 S2000
M205 X30 Y30
G0 F3600 X79.609 Y57.977
M204 S500
M205 X10 Y10
G1 F2400 X78.981 Y57.349 E1829.65905
M204 S2000
M205 X30 Y30
G0 F3600 X79.81 Y62.57
M204 S500
M205 X10 Y10
;TYPE:WALL-INNER
G1 F2400 X74.39 Y62.57 E1829.89377
G1 X74.39 Y57.15 E1830.12849
G1 X79.81 Y57.15 E1830.3632
G1 X79.81 Y62.058 E1830.57575
G0 F1920 X79.81 Y62.57
M204 S2000
M205 X30 Y30
G0 F3600 X80.31 Y63.07
M204 S500
M205 X10 Y10
G1 F2400 X73.89 Y63.07 E1830.85377
G1 X73.89 Y56.65 E1831.13179
G1 X80.31 Y56.65 E1831.40982
G1 X80.31 Y62.558 E1831.66567
G0 F1920 X80.31 Y63.07
M204 S2000
M205 X30 Y30
G0 F3600 X80.81 Y63.57
M204 S500
M205 X10 Y10
;TYPE:WALL-OUTER
G1 F1200 X73.39 Y63.57 E1831.98699
G1 X73.39 Y56.15 E1832.30832
G1 X80.81 Y56.15 E1832.62965
G1 X80.81 Y63.058 E1832.92881
G0 F960 X80.81 Y63.57
M204 S2000
M205 X30 Y30
G0 F3600 X80.56 Y63.57
G0 X79.81 Y62.717
G1 F2700 E1828.92881
;MESH:NONMESH
G0 F600 X79.81 Y62.717 Z43.05
G0 F3600 X73.91 Y57.349
G0 X72.475 Y57.349
G0 X48.445 Y57.349
G0 X47.01 Y57.349
G0 X41.847 Y57.349
;TIME_ELAPSED:2209.233344
;LAYER:171
M204 S500
M205 X10 Y10
;TYPE:FILL
;MESH:PLATempTower
G1 F2700 E1832.92881
G1 F2400 X41.31 Y57.886 E1832.9617
M204 S2000
M205 X30 Y30
G0 F3600 X41.31 Y60.244
M204 S500
M205 X10 Y10
G1 F2400 X44.205 Y57.349 E1833.139
G1 X44.417 Y57.137
M204 S2000
M205 X30 Y30
G0 F3600 X46.329 Y57.582
M204 S500
M205 X10 Y10
G1 F2400 X41.543 Y62.368 E1833.43211
G1 X41.331 Y62.58
M204 S2000
M205 X30 Y30
G0 F3600 X43.9 Y62.368
M204 S500
M205 X10 Y10
G1 F2400 X46.329 Y59.94 E1833.58084
G1 X46.541 Y59.728
M204 S2000
M205 X30 Y30
G0 F3600 X46.329 Y62.297
M204 S500
M205 X10 Y10
G1 F2400 X46.258 Y62.368 E1833.58519
M204 S2000
M205 X30 Y30
G0 F3600 X46.53 Y62.57
M204 S500
M205 X10 Y10
;TYPE:WALL-INNER
G1 F2400 X41.11 Y62.57 E1833.8199
G1 X41.11 Y57.15 E1834.05462
G1 X46.53 Y57.15 E1834.28934
G1 X46.53 Y62.058 E1834.50188
G0 F1920 X46.53 Y62.57
M204 S2000
M205 X30 Y30
G0 F3600 X47.03 Y63.07
M204 S500
M205 X10 Y10
G1 F2400 X40.61 Y63.07 E1834.7799
G1 X40.61 Y56.65 E1835.05793
G1 X47.03 Y56.65 E1835.33595
G1 X47.03 Y62.558 E1835.5918
G0 F1920 X47.03 Y63.07
M204 S2000
M205 X30 Y30
G0 F3600 X47.53 Y63.57
M204 S500
M205 X10 Y10
;TYPE:WALL-OUTER
G1 F1200 X40.11 Y63.57 E1835.91313
G1 X40.11 Y56.15 E1836.23446
G1 X47.53 Y56.15 E1836.55579
G1 X47.53 Y63.058 E1836.85494
G0 F960 X47.53 Y63.57
M204 S2000
M205 X30 Y30
G0 F3600 X47.28 Y63.57
G0 X46.53 Y62.717
G1 F2700 E1832.85494
G0 F3600 X48.445 Y62.327
G0 X72.475 Y62.327
G0 X73.91 Y62.327
G0 X74.589 Y62.327
M204 S500
M205 X10 Y10
;TYPE:FILL
G1 F2700 E1836.85494
G1 F2400 X79.567 Y57.349 E1837.15981
G1 X79.779 Y57.137
M204 S2000
M205 X30 Y30
G0 F3600 X79.609 Y59.664
M204 S500
M205 X10 Y10
G1 F2400 X76.904 Y62.37 E1837.32551
G1 X76.692 Y62.582
M204 S2000
M205 X30 Y30
G0 F3600 X79.261 Y62.37
M204 S500
M205 X10 Y10
G1 F2400 X79.609 Y62.022 E1837.34682
M204 S2000
M205 X30 Y30
G0 F3600 X77.209 Y57.349
M204 S500
M205 X10 Y10
G1 F2400 X74.589 Y59.97 E1837.50731
G1 X74.377 Y60.182
M204 S2000
M205 X30 Y30
G0 F3600 X74.589 Y57.612
M204 S500
M205 X10 Y10
G1 F2400 X74.852 Y57.349 E1837.52342
M204 S2000
M205 X30 Y30
G0 F3600 X79.81 Y62.57
M204 S500
M205 X10 Y10
;TYPE:WALL-INNER
G1 F2400 X74.39 Y62.57 E1837.75813
G1 X74.39 Y57.15 E1837.99285
G1 X79.81 Y57.15 E1838.22757
G1 X79.81 Y62.058 E1838.44011
G0 F1920 X79.81 Y62.57
M204 S2000
M205 X30 Y30
G0 F3600 X80.31 Y63.07
M204 S500
M205 X10 Y10
G1 F2400 X73.89 Y63.07 E1838.71813
G1 X73.89 Y56.65 E1838.99616
G1 X80.31 Y56.65 E1839.27418
G1 X80.31 Y62.558 E1839.53003
G0 F1920 X80.31 Y63.07
M204 S2000
M205 X30 Y30
G0 F3600 X80.81 Y63.57
M204 S500
M205 X10 Y10
;TYPE:WALL-OUTER
G1 F1200 X73.39 Y63.57 E1839.85136
G1 X73.39 Y56.15 E1840.17269
G1 X80.81 Y56.15 E1840.49402
G1 X80.81 Y63.058 E1840.79317
G0 F960 X80.81 Y63.57
M204 S2000
M205 X30 Y30
G0 F3600 X80.56 Y63.57
G0 X79.81 Y62.717
G1 F2700 E1836.79317
;MESH:NONMESH
G0 F600 X79.81 Y62.717 Z43.3
G0 F3600 X73.91 Y57.397
G0 X72.475 Y57.397
G0 X48.445 Y57.397
G0 X47.01 Y57.397
G0 X41.309 Y57.397
;TIME_ELAPSED:2219.288619
;LAYER:172
M204 S500
M205 X10 Y10
;TYPE:FILL
;MESH:PLATempTower
G1 F2700 E1840.79317
G1 F2400 X46.28 Y62.368 E1841.09761
G1 X46.492 Y62.58
M204 S2000
M205 X30 Y30
G0 F3600 X46.33 Y60.06
M204 S500
M205 X10 Y10
G1 F2400 X43.618 Y57.349 E1841.26368
G1 X43.406 Y57.137
M204 S2000
M205 X30 Y30
G0 F3600 X45.976 Y57.349
M204 S500
M205 X10 Y10
G1 F2400 X46.33 Y57.703 E1841.28536
M204 S2000
M205 X30 Y30
G0 F3600 X43.923 Y62.368
M204 S500
M205 X10 Y10
G1 F2400 X41.309 Y59.755 E1841.44542
G1 X41.097 Y59.543
M204 S2000
M205 X30 Y30
G0 F3600 X41.309 Y62.112
M204 S500
M205 X10 Y10
G1 F2400 X41.565 Y62.368 E1841.46109
M204 S2000
M205 X30 Y30
G0 F3600 X46.53 Y62.57
M204 S500
M205 X10 Y10
;TYPE:WALL-INNER
G1 F2400 X41.11 Y62.57 E1841.69581
G1 X41.11 Y57.15 E1841.93053
G1 X46.53 Y57.15 E1842.16525
G1 X46.53 Y62.058 E1842.37779
G0 F1920 X46.53 Y62.57
M204 S2000
M205 X30 Y30
G0 F3600 X47.03 Y63.07
M204 S500
M205 X10 Y10
G1 F2400 X40.61 Y63.07 E1842.65581
G1 X40.61 Y56.65 E1842.93384
G1 X47.03 Y56.65 E1843.21186
G1 X47.03 Y62.558 E1843.46771
G0 F1920 X47.03 Y63.07
M204 S2000
M205 X30 Y30
G0 F3600 X47.53 Y63.57
M204 S500
M205 X10 Y10
;TYPE:WALL-OUTER
G1 F1200 X40.11 Y63.57 E1843.78904
G1 X40.11 Y56.15 E1844.11037
G1 X47.53 Y56.15 E1844.43169
G1 X47.53 Y63.058 E1844.73085
G0 F960 X47.53 Y63.57
M204 S2000
M205 X30 Y30
G0 F3600 X47.28 Y63.57
G0 X46.53 Y62.717
G1 F2700 E1840.73085
G0 F3600 X47.01 Y60.029
G0 X48.445 Y60.029
G0 X72.475 Y60.029
G0 X73.91 Y60.029
G0 X74.589 Y60.029
M204 S500
M205 X10 Y10
;TYPE:FILL
G1 F2700 E1844.73085
G1 F2400 X76.929 Y62.37 E1844.87419
G1 X77.141 Y62.582
M204 S2000
M205 X30 Y30
G0 F3600 X79.287 Y62.37
M204 S500
M205 X10 Y10
G1 F2400 X74.589 Y57.672 E1845.16191
G1 X74.377 Y57.46
M204 S2000
M205 X30 Y30
G0 F3600 X76.624 Y57.349
M204 S500
M205 X10 Y10
G1 F2400 X79.609 Y60.335 E1845.34476
G1 X79.821 Y60.547
M204 S2000
M205 X30 Y30
G0 F3600 X79.609 Y57.977
M204 S500
M205 X10 Y10
G1 F2400 X78.981 Y57.349 E1845.38322
M204 S2000
M205 X30 Y30
G0 F3600 X79.81 Y62.57
M204 S500
M205 X10 Y10
;TYPE:WALL-INNER
G1 F2400 X74.39 Y62.57 E1845.61793
G1 X74.39 Y57.15 E1845.85265
G1 X79.81 Y57.15 E1846.08737
G1 X79.81 Y62.058 E1846.29991
G0 F1920 X79.81 Y62.57
M204 S2000
M205 X30 Y30
G0 F3600 X80.31 Y63.07
M204 S500
M205 X10 Y10
G1 F2400 X73.89 Y63.07 E1846.57794
G1 X73.89 Y56.65 E1846.85596
G1 X80.31 Y56.65 E1847.13398
G1 X80.31 Y62.558 E1847.38983
G0 F1920 X80.31 Y63.07
M204 S2000
M205 X30 Y30
G0 F3600 X80.81 Y63.57
M204 S500
M205 X10 Y10
;TYPE:WALL-OUTER
G1 F1200 X73.39 Y63.57 E1847.71116
G1 X73.39 Y56.15 E1848.03249
G1 X80.81 Y56.15 E1848.35382
G1 X80.81 Y63.058 E1848.65297
G0 F960 X80.81 Y63.57
M204 S2000
M205 X30 Y30
G0 F3600 X80.56 Y63.57
G0 X79.81 Y62.717
G1 F2700 E1844.65297
;MESH:NONMESH
G0 F600 X79.81 Y62.717 Z43.55
G0 F3600 X73.91 Y57.349
G0 X72.475 Y57.349
G0 X48.445 Y57.349
G0 X47.01 Y57.349
G0 X41.847 Y57.349
;TIME_ELAPSED:2229.362928
;LAYER:173
M204 S500
M205 X10 Y10
;TYPE:FILL
;MESH:PLATempTower
G1 F2700 E1848.65297
G1 F2400 X41.31 Y57.886 E1848.68586
M204 S2000
M205 X30 Y30
G0 F3600 X41.31 Y60.244
M204 S500
M205 X10 Y10
G1 F2400 X44.205 Y57.349 E1848.86316
G1 X44.417 Y57.137
M204 S2000
M205 X30 Y30
G0 F3600 X46.329 Y57.582
M204 S500
M205 X10 Y10
G1 F2400 X41.543 Y62.368 E1849.15627
G1 X41.331 Y62.58
M204 S2000
M205 X30 Y30
G0 F3600 X43.9 Y62.368
M204 S500
M205 X10 Y10
G1 F2400 X46.329 Y59.94 E1849.305
G1 X46.541 Y59.728
M204 S2000
M205 X30 Y30
G0 F3600 X46.329 Y62.297
M204 S500
M205 X10 Y10
G1 F2400 X46.258 Y62.368 E1849.30935
M204 S2000
M205 X30 Y30
G0 F3600 X46.53 Y62.57
M204 S500
M205 X10 Y10
;TYPE:WALL-INNER
G1 F2400 X41.11 Y62.57 E1849.54407
G1 X41.11 Y57.15 E1849.77878
G1 X46.53 Y57.15 E1850.0135
G1 X46.53 Y62.058 E1850.22605
G0 F1920 X46.53 Y62.57
M204 S2000
M205 X30 Y30
G0 F3600 X47.03 Y63.07
M204 S500
M205 X10 Y10
G1 F2400 X40.61 Y63.07 E1850.50407
G1 X40.61 Y56.65 E1850.78209
G1 X47.03 Y56.65 E1851.06011
G1 X47.03 Y62.558 E1851.31597
G0 F1920 X47.03 Y63.07
M204 S2000
M205 X30 Y30
G0 F3600 X47.53 Y63.57
M204 S500
M205 X10 Y10
;TYPE:WALL-OUTER
G1 F1200 X40.11 Y63.57 E1851.63729
G1 X40.11 Y56.15 E1851.95862
G1 X47.53 Y56.15 E1852.27995
G1 X47.53 Y63.058 E1852.57911
G0 F960 X47.53 Y63.57
M204 S2000
M205 X30 Y30
G0 F3600 X47.28 Y63.57
G0 X46.53 Y62.717
G1 F2700 E1848.57911
G0 F3600 X48.445 Y62.327
G0 X72.475 Y62.327
G0 X73.91 Y62.327
G0 X74.589 Y62.327
M204 S500
M205 X10 Y10
;TYPE:FILL
G1 F2700 E1852.57911
G1 F2400 X79.567 Y57.349 E1852.88398
G1 X79.779 Y57.137
M204 S2000
M205 X30 Y30
G0 F3600 X79.609 Y59.664
M204 S500
M205 X10 Y10
G1 F2400 X76.904 Y62.37 E1853.04967
G1 X76.692 Y62.582
M204 S2000
M205 X30 Y30
G0 F3600 X79.261 Y62.37
M204 S500
M205 X10 Y10
G1 F2400 X79.609 Y62.022 E1853.07098
M204 S2000
M205 X30 Y30
G0 F3600 X77.209 Y57.349
M204 S500
M205 X10 Y10
G1 F2400 X74.589 Y59.97 E1853.23147
G1 X74.377 Y60.182
M204 S2000
M205 X30 Y30
G0 F3600 X74.589 Y57.612
M204 S500
M205 X10 Y10
G1 F2400 X74.852 Y57.349 E1853.24758
M204 S2000
M205 X30 Y30
G0 F3600 X79.81 Y62.57
M204 S500
M205 X10 Y10
;TYPE:WALL-INNER
G1 F2400 X74.39 Y62.57 E1853.4823
G1 X74.39 Y57.15 E1853.71701
G1 X79.81 Y57.15 E1853.95173
G1 X79.81 Y62.058 E1854.16428
G0 F1920 X79.81 Y62.57
M204 S2000
M205 X30 Y30
G0 F3600 X80.31 Y63.07
M204 S500
M205 X10 Y10
G1 F2400 X73.89 Y63.07 E1854.4423
G1 X73.89 Y56.65 E1854.72032
G1 X80.31 Y56.65 E1854.99834
G1 X80.31 Y62.558 E1855.25419
G0 F1920 X80.31 Y63.07
M204 S2000
M205 X30 Y30
G0 F3600 X80.81 Y63.57
M204 S500
M205 X10 Y10
;TYPE:WALL-OUTER
G1 F1200 X73.39 Y63.57 E1855.57552
G1 X73.39 Y56.15 E1855.89685
G1 X80.81 Y56.15 E1856.21818
G1 X80.81 Y63.058 E1856.51734
G0 F960 X80.81 Y63.57
M204 S2000
M205 X30 Y30
G0 F3600 X80.56 Y63.57
G0 X79.81 Y62.717
G1 F2700 E1852.51734
;MESH:NONMESH
G0 F600 X79.81 Y62.717 Z43.8
G0 F3600 X73.91 Y57.397
G0 X72.475 Y57.397
G0 X48.445 Y57.397
G0 X47.01 Y57.397
G0 X41.309 Y57.397
;TIME_ELAPSED:2239.418203
;LAYER:174
M204 S500
M205 X10 Y10
;TYPE:FILL
;MESH:PLATempTower
G1 F2700 E1856.51734
G1 F2400 X46.28 Y62.368 E1856.82178
G1 X46.492 Y62.58
M204 S2000
M205 X30 Y30
G0 F3600 X46.33 Y60.06
M204 S500
M205 X10 Y10
G1 F2400 X43.618 Y57.349 E1856.98784
G1 X43.406 Y57.137
M204 S2000
M205 X30 Y30
G0 F3600 X45.976 Y57.349
M204 S500
M205 X10 Y10
G1 F2400 X46.33 Y57.703 E1857.00952
M204 S2000
M205 X30 Y30
G0 F3600 X43.923 Y62.368
M204 S500
M205 X10 Y10
G1 F2400 X41.309 Y59.755 E1857.16958
G1 X41.097 Y59.543
M204 S2000
M205 X30 Y30
G0 F3600 X41.309 Y62.112
M204 S500
M205 X10 Y10
G1 F2400 X41.565 Y62.368 E1857.18526
M204 S2000
M205 X30 Y30
G0 F3600 X46.53 Y62.57
M204 S500
M205 X10 Y10
;TYPE:WALL-INNER
G1 F2400 X41.11 Y62.57 E1857.41998
G1 X41.11 Y57.15 E1857.65469
G1 X46.53 Y57.15 E1857.88941
G1 X46.53 Y62.058 E1858.10195
G0 F1920 X46.53 Y62.57
M204 S2000
M205 X30 Y30
G0 F3600 X47.03 Y63.07
M204 S500
M205 X10 Y10
G1 F2400 X40.61 Y63.07 E1858.37998
G1 X40.61 Y56.65 E1858.658
G1 X47.03 Y56.65 E1858.93602
G1 X47.03 Y62.558 E1859.19187
G0 F1920 X47.03 Y63.07
M204 S2000
M205 X30 Y30
G0 F3600 X47.53 Y63.57
M204 S500
M205 X10 Y10
;TYPE:WALL-OUTER
G1 F1200 X40.11 Y63.57 E1859.5132
G1 X40.11 Y56.15 E1859.83453
G1 X47.53 Y56.15 E1860.15586
G1 X47.53 Y63.058 E1860.45502
G0 F960 X47.53 Y63.57
M204 S2000
M205 X30 Y30
G0 F3600 X47.28 Y63.57
G0 X46.53 Y62.717
G1 F2700 E1856.45502
G0 F3600 X47.01 Y60.029
G0 X48.445 Y60.029
G0 X72.475 Y60.029
G0 X73.91 Y60.029
G0 X74.589 Y60.029
M204 S500
M205 X10 Y10
;TYPE:FILL
G1 F2700 E1860.45502
G1 F2400 X76.929 Y62.37 E1860.59836
G1 X77.141 Y62.582
M204 S2000
M205 X30 Y30
G0 F3600 X79.287 Y62.37
M204 S500
M205 X10 Y10
G1 F2400 X74.589 Y57.672 E1860.88608
G1 X74.377 Y57.46
M204 S2000
M205 X30 Y30
G0 F3600 X76.624 Y57.349
M204 S500
M205 X10 Y10
G1 F2400 X79.609 Y60.335 E1861.06892
G1 X79.821 Y60.547
M204 S2000
M205 X30 Y30
G0 F3600 X79.609 Y57.977
M204 S500
M205 X10 Y10
G1 F2400 X78.981 Y57.349 E1861.10738
M204 S2000
M205 X30 Y30
G0 F3600 X79.81 Y62.57
M204 S500
M205 X10 Y10
;TYPE:WALL-INNER
G1 F2400 X74.39 Y62.57 E1861.3421
G1 X74.39 Y57.15 E1861.57682
G1 X79.81 Y57.15 E1861.81153
G1 X79.81 Y62.058 E1862.02408
G0 F1920 X79.81 Y62.57
M204 S2000
M205 X30 Y30
G0 F3600 X80.31 Y63.07
M204 S500
M205 X10 Y10
G1 F2400 X73.89 Y63.07 E1862.3021
G1 X73.89 Y56.65 E1862.58012
G1 X80.31 Y56.65 E1862.85815
G1 X80.31 Y62.558 E1863.114
G0 F1920 X80.31 Y63.07
M204 S2000
M205 X30 Y30
G0 F3600 X80.81 Y63.57
M204 S500
M205 X10 Y10
;TYPE:WALL-OUTER
G1 F1200 X73.39 Y63.57 E1863.43532
G1 X73.39 Y56.15 E1863.75665
G1 X80.81 Y56.15 E1864.07798
G1 X80.81 Y63.058 E1864.37714
G0 F960 X80.81 Y63.57
M204 S2000
M205 X30 Y30
G0 F3600 X80.56 Y63.57
G0 X79.81 Y62.717
G1 F2700 E1860.37714
;MESH:NONMESH
G0 F600 X79.81 Y62.717 Z44.05
G0 F3600 X73.91 Y57.349
G0 X72.475 Y57.349
G0 X48.445 Y57.349
G0 X47.01 Y57.349
G0 X41.847 Y57.349
;TIME_ELAPSED:2249.492511
;LAYER:175
M204 S500
M205 X10 Y10
;TYPE:FILL
;MESH:PLATempTower
G1 F2700 E1864.37714
G1 F2400 X41.31 Y57.886 E1864.41003
M204 S2000
M205 X30 Y30
G0 F3600 X41.31 Y60.244
M204 S500
M205 X10 Y10
G1 F2400 X44.205 Y57.349 E1864.58733
G1 X44.417 Y57.137
M204 S2000
M205 X30 Y30
G0 F3600 X46.329 Y57.582
M204 S500
M205 X10 Y10
G1 F2400 X41.543 Y62.368 E1864.88044
G1 X41.331 Y62.58
M204 S2000
M205 X30 Y30
G0 F3600 X43.9 Y62.368
M204 S500
M205 X10 Y10
G1 F2400 X46.329 Y59.94 E1865.02917
G1 X46.541 Y59.728
M204 S2000
M205 X30 Y30
G0 F3600 X46.329 Y62.297
M204 S500
M205 X10 Y10
G1 F2400 X46.258 Y62.368 E1865.03352
M204 S2000
M205 X30 Y30
G0 F3600 X46.53 Y62.57
M204 S500
M205 X10 Y10
;TYPE:WALL-INNER
G1 F2400 X41.11 Y62.57 E1865.26823
G1 X41.11 Y57.15 E1865.50295
G1 X46.53 Y57.15 E1865.73767
G1 X46.53 Y62.058 E1865.95021
G0 F1920 X46.53 Y62.57
M204 S2000
M205 X30 Y30
G0 F3600 X47.03 Y63.07
M204 S500
M205 X10 Y10
G1 F2400 X40.61 Y63.07 E1866.22823
G1 X40.61 Y56.65 E1866.50626
G1 X47.03 Y56.65 E1866.78428
G1 X47.03 Y62.558 E1867.04013
G0 F1920 X47.03 Y63.07
M204 S2000
M205 X30 Y30
G0 F3600 X47.53 Y63.57
M204 S500
M205 X10 Y10
;TYPE:WALL-OUTER
G1 F1200 X40.11 Y63.57 E1867.36146
G1 X40.11 Y56.15 E1867.68279
G1 X47.53 Y56.15 E1868.00412
G1 X47.53 Y63.058 E1868.30327
G0 F960 X47.53 Y63.57
M204 S2000
M205 X30 Y30
G0 F3600 X47.28 Y63.57
G0 X46.53 Y62.717
G1 F2700 E1864.30327
G0 F3600 X48.445 Y62.327
G0 X72.475 Y62.327
G0 X73.91 Y62.327
G0 X74.589 Y62.327
M204 S500
M205 X10 Y10
;TYPE:FILL
G1 F2700 E1868.30327
G1 F2400 X79.567 Y57.349 E1868.60814
G1 X79.779 Y57.137
M204 S2000
M205 X30 Y30
G0 F3600 X79.609 Y59.664
M204 S500
M205 X10 Y10
G1 F2400 X76.904 Y62.37 E1868.77384
G1 X76.692 Y62.582
M204 S2000
M205 X30 Y30
G0 F3600 X79.261 Y62.37
M204 S500
M205 X10 Y10
G1 F2400 X79.609 Y62.022 E1868.79515
M204 S2000
M205 X30 Y30
G0 F3600 X77.209 Y57.349
M204 S500
M205 X10 Y10
G1 F2400 X74.589 Y59.97 E1868.95564
G1 X74.377 Y60.182
M204 S2000
M205 X30 Y30
G0 F3600 X74.589 Y57.612
M204 S500
M205 X10 Y10
G1 F2400 X74.852 Y57.349 E1868.97175
M204 S2000
M205 X30 Y30
G0 F3600 X79.81 Y62.57
M204 S500
M205 X10 Y10
;TYPE:WALL-INNER
G1 F2400 X74.39 Y62.57 E1869.20646
G1 X74.39 Y57.15 E1869.44118
G1 X79.81 Y57.15 E1869.6759
G1 X79.81 Y62.058 E1869.88844
G0 F1920 X79.81 Y62.57
M204 S2000
M205 X30 Y30
G0 F3600 X80.31 Y63.07
M204 S500
M205 X10 Y10
G1 F2400 X73.89 Y63.07 E1870.16646
G1 X73.89 Y56.65 E1870.44449
G1 X80.31 Y56.65 E1870.72251
G1 X80.31 Y62.558 E1870.97836
G0 F1920 X80.31 Y63.07
M204 S2000
M205 X30 Y30
G0 F3600 X80.81 Y63.57
M204 S500
M205 X10 Y10
;TYPE:WALL-OUTER
G1 F1200 X73.39 Y63.57 E1871.29969
G1 X73.39 Y56.15 E1871.62102
G1 X80.81 Y56.15 E1871.94235
G1 X80.81 Y63.058 E1872.2415
G0 F960 X80.81 Y63.57
M204 S2000
M205 X30 Y30
G0 F3600 X80.56 Y63.57
G0 X79.81 Y62.717
G1 F2700 E1868.2415
;MESH:NONMESH
G0 F600 X79.81 Y62.717 Z44.3
G0 F3600 X73.91 Y57.397
G0 X72.475 Y57.397
G0 X48.445 Y57.397
G0 X47.01 Y57.397
G0 X41.309 Y57.397
;TIME_ELAPSED:2259.547787
;LAYER:176
M204 S500
M205 X10 Y10
;TYPE:FILL
;MESH:PLATempTower
G1 F2700 E1872.2415
G1 F2400 X46.28 Y62.368 E1872.54594
G1 X46.492 Y62.58
M204 S2000
M205 X30 Y30
G0 F3600 X46.33 Y60.06
M204 S500
M205 X10 Y10
G1 F2400 X43.618 Y57.349 E1872.71201
G1 X43.406 Y57.137
M204 S2000
M205 X30 Y30
G0 F3600 X45.976 Y57.349
M204 S500
M205 X10 Y10
G1 F2400 X46.33 Y57.703 E1872.73369
M204 S2000
M205 X30 Y30
G0 F3600 X43.923 Y62.368
M204 S500
M205 X10 Y10
G1 F2400 X41.309 Y59.755 E1872.89375
G1 X41.097 Y59.543
M204 S2000
M205 X30 Y30
G0 F3600 X41.309 Y62.112
M204 S500
M205 X10 Y10
G1 F2400 X41.565 Y62.368 E1872.90942
M204 S2000
M205 X30 Y30
G0 F3600 X46.53 Y62.57
M204 S500
M205 X10 Y10
;TYPE:WALL-INNER
G1 F2400 X41.11 Y62.57 E1873.14414
G1 X41.11 Y57.15 E1873.37886
G1 X46.53 Y57.15 E1873.61357
G1 X46.53 Y62.058 E1873.82612
G0 F1920 X46.53 Y62.57
M204 S2000
M205 X30 Y30
G0 F3600 X47.03 Y63.07
M204 S500
M205 X10 Y10
G1 F2400 X40.61 Y63.07 E1874.10414
G1 X40.61 Y56.65 E1874.38217
G1 X47.03 Y56.65 E1874.66019
G1 X47.03 Y62.558 E1874.91604
G0 F1920 X47.03 Y63.07
M204 S2000
M205 X30 Y30
G0 F3600 X47.53 Y63.57
M204 S500
M205 X10 Y10
;TYPE:WALL-OUTER
G1 F1200 X40.11 Y63.57 E1875.23737
G1 X40.11 Y56.15 E1875.5587
G1 X47.53 Y56.15 E1875.88002
G1 X47.53 Y63.058 E1876.17918
G0 F960 X47.53 Y63.57
M204 S2000
M205 X30 Y30
G0 F3600 X47.28 Y63.57
G0 X46.53 Y62.717
G1 F2700 E1872.17918
G0 F3600 X47.01 Y60.029
G0 X48.445 Y60.029
G0 X72.475 Y60.029
G0 X73.91 Y60.029
G0 X74.589 Y60.029
M204 S500
M205 X10 Y10
;TYPE:FILL
G1 F2700 E1876.17918
G1 F2400 X76.929 Y62.37 E1876.32252
G1 X77.141 Y62.582
M204 S2000
M205 X30 Y30
G0 F3600 X79.287 Y62.37
M204 S500
M205 X10 Y10
G1 F2400 X74.589 Y57.672 E1876.61024
G1 X74.377 Y57.46
M204 S2000
M205 X30 Y30
G0 F3600 X76.624 Y57.349
M204 S500
M205 X10 Y10
G1 F2400 X79.609 Y60.335 E1876.79309
G1 X79.821 Y60.547
M204 S2000
M205 X30 Y30
G0 F3600 X79.609 Y57.977
M204 S500
M205 X10 Y10
G1 F2400 X78.981 Y57.349 E1876.83155
M204 S2000
M205 X30 Y30
G0 F3600 X79.81 Y62.57
M204 S500
M205 X10 Y10
;TYPE:WALL-INNER
G1 F2400 X74.39 Y62.57 E1877.06626
G1 X74.39 Y57.15 E1877.30098
G1 X79.81 Y57.15 E1877.5357
G1 X79.81 Y62.058 E1877.74824
G0 F1920 X79.81 Y62.57
M204 S2000
M205 X30 Y30
G0 F3600 X80.31 Y63.07
M204 S500
M205 X10 Y10
G1 F2400 X73.89 Y63.07 E1878.02626
G1 X73.89 Y56.65 E1878.30429
G1 X80.31 Y56.65 E1878.58231
G1 X80.31 Y62.558 E1878.83816
G0 F1920 X80.31 Y63.07
M204 S2000
M205 X30 Y30
G0 F3600 X80.81 Y63.57
M204 S500
M205 X10 Y10
;TYPE:WALL-OUTER
G1 F1200 X73.39 Y63.57 E1879.15949
G1 X73.39 Y56.15 E1879.48082
G1 X80.81 Y56.15 E1879.80215
G1 X80.81 Y63.058 E1880.1013
G0 F960 X80.81 Y63.57
M204 S2000
M205 X30 Y30
G0 F3600 X80.56 Y63.57
G0 X79.81 Y62.717
G1 F2700 E1876.1013
;MESH:NONMESH
G0 F600 X79.81 Y62.717 Z44.55
G0 F3600 X73.91 Y57.349
G0 X72.475 Y57.349
G0 X48.445 Y57.349
G0 X47.01 Y57.349
G0 X41.847 Y57.349
;TIME_ELAPSED:2269.622095
;LAYER:177
M204 S500
M205 X10 Y10
;TYPE:FILL
;MESH:PLATempTower
G1 F2700 E1880.1013
G1 F2400 X41.31 Y57.886 E1880.13419
M204 S2000
M205 X30 Y30
G0 F3600 X41.31 Y60.244
M204 S500
M205 X10 Y10
G1 F2400 X44.205 Y57.349 E1880.31149
G1 X44.417 Y57.137
M204 S2000
M205 X30 Y30
G0 F3600 X46.329 Y57.582
M204 S500
M205 X10 Y10
G1 F2400 X41.543 Y62.368 E1880.6046
G1 X41.331 Y62.58
M204 S2000
M205 X30 Y30
G0 F3600 X43.9 Y62.368
M204 S500
M205 X10 Y10
G1 F2400 X46.329 Y59.94 E1880.75333
G1 X46.541 Y59.728
M204 S2000
M205 X30 Y30
G0 F3600 X46.329 Y62.297
M204 S500
M205 X10 Y10
G1 F2400 X46.258 Y62.368 E1880.75768
M204 S2000
M205 X30 Y30
G0 F3600 X46.53 Y62.57
M204 S500
M205 X10 Y10
;TYPE:WALL-INNER
G1 F2400 X41.11 Y62.57 E1880.9924
G1 X41.11 Y57.15 E1881.22711
G1 X46.53 Y57.15 E1881.46183
G1 X46.53 Y62.058 E1881.67438
G0 F1920 X46.53 Y62.57
M204 S2000
M205 X30 Y30
G0 F3600 X47.03 Y63.07
M204 S500
M205 X10 Y10
G1 F2400 X40.61 Y63.07 E1881.9524
G1 X40.61 Y56.65 E1882.23042
G1 X47.03 Y56.65 E1882.50844
G1 X47.03 Y62.558 E1882.76429
G0 F1920 X47.03 Y63.07
M204 S2000
M205 X30 Y30
G0 F3600 X47.53 Y63.57
M204 S500
M205 X10 Y10
;TYPE:WALL-OUTER
G1 F1200 X40.11 Y63.57 E1883.08562
G1 X40.11 Y56.15 E1883.40695
G1 X47.53 Y56.15 E1883.72828
G1 X47.53 Y63.058 E1884.02744
G0 F960 X47.53 Y63.57
M204 S2000
M205 X30 Y30
G0 F3600 X47.28 Y63.57
G0 X46.53 Y62.717
G1 F2700 E1880.02744
G0 F3600 X48.445 Y62.327
G0 X72.475 Y62.327
G0 X73.91 Y62.327
G0 X74.589 Y62.327
M204 S500
M205 X10 Y10
;TYPE:FILL
G1 F2700 E1884.02744
G1 F2400 X79.567 Y57.349 E1884.33231
G1 X79.779 Y57.137
M204 S2000
M205 X30 Y30
G0 F3600 X79.609 Y59.664
M204 S500
M205 X10 Y10
G1 F2400 X76.904 Y62.37 E1884.498
G1 X76.692 Y62.582
M204 S2000
M205 X30 Y30
G0 F3600 X79.261 Y62.37
M204 S500
M205 X10 Y10
G1 F2400 X79.609 Y62.022 E1884.51931
M204 S2000
M205 X30 Y30
G0 F3600 X77.209 Y57.349
M204 S500
M205 X10 Y10
G1 F2400 X74.589 Y59.97 E1884.6798
G1 X74.377 Y60.182
M204 S2000
M205 X30 Y30
G0 F3600 X74.589 Y57.612
M204 S500
M205 X10 Y10
G1 F2400 X74.852 Y57.349 E1884.69591
M204 S2000
M205 X30 Y30
G0 F3600 X79.81 Y62.57
M204 S500
M205 X10 Y10
;TYPE:WALL-INNER
G1 F2400 X74.39 Y62.57 E1884.93063
G1 X74.39 Y57.15 E1885.16534
G1 X79.81 Y57.15 E1885.40006
G1 X79.81 Y62.058 E1885.61261
G0 F1920 X79.81 Y62.57
M204 S2000
M205 X30 Y30
G0 F3600 X80.31 Y63.07
M204 S500
M205 X10 Y10
G1 F2400 X73.89 Y63.07 E1885.89063
G1 X73.89 Y56.65 E1886.16865
G1 X80.31 Y56.65 E1886.44667
G1 X80.31 Y62.558 E1886.70252
G0 F1920 X80.31 Y63.07
M204 S2000
M205 X30 Y30
G0 F3600 X80.81 Y63.57
M204 S500
M205 X10 Y10
;TYPE:WALL-OUTER
G1 F1200 X73.39 Y63.57 E1887.02385
G1 X73.39 Y56.15 E1887.34518
G1 X80.81 Y56.15 E1887.66651
G1 X80.81 Y63.058 E1887.96567
G0 F960 X80.81 Y63.57
M204 S2000
M205 X30 Y30
G0 F3600 X80.56 Y63.57
G0 X79.81 Y62.717
G1 F2700 E1883.96567
;MESH:NONMESH
G0 F600 X79.81 Y62.717 Z44.8
G0 F3600 X73.91 Y57.397
G0 X72.475 Y57.397
G0 X48.445 Y57.397
G0 X47.01 Y57.397
G0 X41.309 Y57.397
;TIME_ELAPSED:2279.677370
;LAYER:178
M204 S500
M205 X10 Y10
;TYPE:FILL
;MESH:PLATempTower
G1 F2700 E1887.96567
G1 F2400 X46.28 Y62.368 E1888.27011
G1 X46.492 Y62.58
M204 S2000
M205 X30 Y30
G0 F3600 X46.33 Y60.06
M204 S500
M205 X10 Y10
G1 F2400 X43.618 Y57.349 E1888.43617
G1 X43.406 Y57.137
M204 S2000
M205 X30 Y30
G0 F3600 X45.976 Y57.349
M204 S500
M205 X10 Y10
G1 F2400 X46.33 Y57.703 E1888.45785
M204 S2000
M205 X30 Y30
G0 F3600 X43.923 Y62.368
M204 S500
M205 X10 Y10
G1 F2400 X41.309 Y59.755 E1888.61791
G1 X41.097 Y59.543
M204 S2000
M205 X30 Y30
G0 F3600 X41.309 Y62.112
M204 S500
M205 X10 Y10
G1 F2400 X41.565 Y62.368 E1888.63359
M204 S2000
M205 X30 Y30
G0 F3600 X46.53 Y62.57
M204 S500
M205 X10 Y10
;TYPE:WALL-INNER
G1 F2400 X41.11 Y62.57 E1888.86831
G1 X41.11 Y57.15 E1889.10302
G1 X46.53 Y57.15 E1889.33774
G1 X46.53 Y62.058 E1889.55028
G0 F1920 X46.53 Y62.57
M204 S2000
M205 X30 Y30
G0 F3600 X47.03 Y63.07
M204 S500
M205 X10 Y10
G1 F2400 X40.61 Y63.07 E1889.82831
G1 X40.61 Y56.65 E1890.10633
G1 X47.03 Y56.65 E1890.38435
G1 X47.03 Y62.558 E1890.6402
G0 F1920 X47.03 Y63.07
M204 S2000
M205 X30 Y30
G0 F3600 X47.53 Y63.57
M204 S500
M205 X10 Y10
;TYPE:WALL-OUTER
G1 F1200 X40.11 Y63.57 E1890.96153
G1 X40.11 Y56.15 E1891.28286
G1 X47.53 Y56.15 E1891.60419
G1 X47.53 Y63.058 E1891.90334
G0 F960 X47.53 Y63.57
M204 S2000
M205 X30 Y30
G0 F3600 X47.28 Y63.57
G0 X46.53 Y62.717
G1 F2700 E1887.90334
G0 F3600 X47.01 Y60.029
G0 X48.445 Y60.029
G0 X72.475 Y60.029
G0 X73.91 Y60.029
G0 X74.589 Y60.029
M204 S500
M205 X10 Y10
;TYPE:FILL
G1 F2700 E1891.90334
G1 F2400 X76.929 Y62.37 E1892.04669
G1 X77.141 Y62.582
M204 S2000
M205 X30 Y30
G0 F3600 X79.287 Y62.37
M204 S500
M205 X10 Y10
G1 F2400 X74.589 Y57.672 E1892.33441
G1 X74.377 Y57.46
M204 S2000
M205 X30 Y30
G0 F3600 X76.624 Y57.349
M204 S500
M205 X10 Y10
G1 F2400 X79.609 Y60.335 E1892.51725
G1 X79.821 Y60.547
M204 S2000
M205 X30 Y30
G0 F3600 X79.609 Y57.977
M204 S500
M205 X10 Y10
G1 F2400 X78.981 Y57.349 E1892.55571
M204 S2000
M205 X30 Y30
G0 F3600 X79.81 Y62.57
M204 S500
M205 X10 Y10
;TYPE:WALL-INNER
G1 F2400 X74.39 Y62.57 E1892.79043
G1 X74.39 Y57.15 E1893.02515
G1 X79.81 Y57.15 E1893.25986
G1 X79.81 Y62.058 E1893.47241
G0 F1920 X79.81 Y62.57
M204 S2000
M205 X30 Y30
G0 F3600 X80.31 Y63.07
M204 S500
M205 X10 Y10
G1 F2400 X73.89 Y63.07 E1893.75043
G1 X73.89 Y56.65 E1894.02845
G1 X80.31 Y56.65 E1894.30648
G1 X80.31 Y62.558 E1894.56233
G0 F1920 X80.31 Y63.07
M204 S2000
M205 X30 Y30
G0 F3600 X80.81 Y63.57
M204 S500
M205 X10 Y10
;TYPE:WALL-OUTER
G1 F1200 X73.39 Y63.57 E1894.88365
G1 X73.39 Y56.15 E1895.20498
G1 X80.81 Y56.15 E1895.52631
G1 X80.81 Y63.058 E1895.82547
G0 F960 X80.81 Y63.57
M204 S2000
M205 X30 Y30
G0 F3600 X80.56 Y63.57
G0 X79.81 Y62.717
G1 F2700 E1891.82547
;MESH:NONMESH
G0 F600 X79.81 Y62.717 Z45.05
G0 F3600 X73.91 Y57.349
G0 X72.475 Y57.349
G0 X48.445 Y57.349
G0 X47.01 Y57.349
G0 X41.847 Y57.349
;TIME_ELAPSED:2289.751679
;LAYER:179
M204 S500
M205 X10 Y10
;TYPE:FILL
;MESH:PLATempTower
G1 F2700 E1895.82547
G1 F2400 X41.31 Y57.886 E1895.85836
M204 S2000
M205 X30 Y30
G0 F3600 X41.31 Y60.244
M204 S500
M205 X10 Y10
G1 F2400 X44.205 Y57.349 E1896.03566
G1 X44.417 Y57.137
M204 S2000
M205 X30 Y30
G0 F3600 X46.329 Y57.582
M204 S500
M205 X10 Y10
G1 F2400 X41.543 Y62.368 E1896.32877
G1 X41.331 Y62.58
M204 S2000
M205 X30 Y30
G0 F3600 X43.9 Y62.368
M204 S500
M205 X10 Y10
G1 F2400 X46.329 Y59.94 E1896.4775
G1 X46.541 Y59.728
M204 S2000
M205 X30 Y30
G0 F3600 X46.329 Y62.297
M204 S500
M205 X10 Y10
G1 F2400 X46.258 Y62.368 E1896.48185
M204 S2000
M205 X30 Y30
G0 F3600 X46.53 Y62.57
M204 S500
M205 X10 Y10
;TYPE:WALL-INNER
G1 F2400 X41.11 Y62.57 E1896.71656
G1 X41.11 Y57.15 E1896.95128
G1 X46.53 Y57.15 E1897.186
G1 X46.53 Y62.058 E1897.39854
G0 F1920 X46.53 Y62.57
M204 S2000
M205 X30 Y30
G0 F3600 X47.03 Y63.07
M204 S500
M205 X10 Y10
G1 F2400 X40.61 Y63.07 E1897.67656
G1 X40.61 Y56.65 E1897.95459
G1 X47.03 Y56.65 E1898.23261
G1 X47.03 Y62.558 E1898.48846
G0 F1920 X47.03 Y63.07
M204 S2000
M205 X30 Y30
G0 F3600 X47.53 Y63.57
M204 S500
M205 X10 Y10
;TYPE:WALL-OUTER
G1 F1200 X40.11 Y63.57 E1898.80979
G1 X40.11 Y56.15 E1899.13112
G1 X47.53 Y56.15 E1899.45245
G1 X47.53 Y63.058 E1899.7516
G0 F960 X47.53 Y63.57
M204 S2000
M205 X30 Y30
G0 F3600 X47.28 Y63.57
G0 X46.53 Y62.717
G1 F2700 E1895.7516
G0 F3600 X48.445 Y62.327
G0 X72.475 Y62.327
G0 X73.91 Y62.327
G0 X74.589 Y62.327
M204 S500
M205 X10 Y10
;TYPE:FILL
G1 F2700 E1899.7516
G1 F2400 X79.567 Y57.349 E1900.05647
G1 X79.779 Y57.137
M204 S2000
M205 X30 Y30
G0 F3600 X79.609 Y59.664
M204 S500
M205 X10 Y10
G1 F2400 X76.904 Y62.37 E1900.22217
G1 X76.692 Y62.582
M204 S2000
M205 X30 Y30
G0 F3600 X79.261 Y62.37
M204 S500
M205 X10 Y10
G1 F2400 X79.609 Y62.022 E1900.24348
M204 S2000
M205 X30 Y30
G0 F3600 X77.209 Y57.349
M204 S500
M205 X10 Y10
G1 F2400 X74.589 Y59.97 E1900.40397
G1 X74.377 Y60.182
M204 S2000
M205 X30 Y30
G0 F3600 X74.589 Y57.612
M204 S500
M205 X10 Y10
G1 F2400 X74.852 Y57.349 E1900.42007
M204 S2000
M205 X30 Y30
G0 F3600 X79.81 Y62.57
M204 S500
M205 X10 Y10
;TYPE:WALL-INNER
G1 F2400 X74.39 Y62.57 E1900.65479
G1 X74.39 Y57.15 E1900.88951
G1 X79.81 Y57.15 E1901.12423
G1 X79.81 Y62.058 E1901.33677
G0 F1920 X79.81 Y62.57
M204 S2000
M205 X30 Y30
G0 F3600 X80.31 Y63.07
M204 S500
M205 X10 Y10
G1 F2400 X73.89 Y63.07 E1901.61479
G1 X73.89 Y56.65 E1901.89282
G1 X80.31 Y56.65 E1902.17084
G1 X80.31 Y62.558 E1902.42669
G0 F1920 X80.31 Y63.07
M204 S2000
M205 X30 Y30
G0 F3600 X80.81 Y63.57
M204 S500
M205 X10 Y10
;TYPE:WALL-OUTER
G1 F1200 X73.39 Y63.57 E1902.74802
G1 X73.39 Y56.15 E1903.06935
G1 X80.81 Y56.15 E1903.39068
G1 X80.81 Y63.058 E1903.68983
G0 F960 X80.81 Y63.57
M204 S2000
M205 X30 Y30
G0 F3600 X80.56 Y63.57
G0 X79.81 Y62.717
G1 F2700 E1899.68983
;MESH:NONMESH
G0 F600 X79.81 Y62.717 Z45.3
G0 F3600 X73.91 Y57.397
G0 X72.475 Y57.397
G0 X48.445 Y57.397
G0 X47.01 Y57.397
G0 X41.309 Y57.397
;TIME_ELAPSED:2299.806954
;LAYER:180
M204 S500
M205 X10 Y10
;TYPE:FILL
;MESH:PLATempTower
G1 F2700 E1903.68983
G1 F2400 X46.28 Y62.368 E1903.99427
G1 X46.492 Y62.58
M204 S2000
M205 X30 Y30
G0 F3600 X46.33 Y60.06
M204 S500
M205 X10 Y10
G1 F2400 X43.618 Y57.349 E1904.16033
G1 X43.406 Y57.137
M204 S2000
M205 X30 Y30
G0 F3600 X45.976 Y57.349
M204 S500
M205 X10 Y10
G1 F2400 X46.33 Y57.703 E1904.18201
M204 S2000
M205 X30 Y30
G0 F3600 X43.923 Y62.368
M204 S500
M205 X10 Y10
G1 F2400 X41.309 Y59.755 E1904.34208
G1 X41.097 Y59.543
M204 S2000
M205 X30 Y30
G0 F3600 X41.309 Y62.112
M204 S500
M205 X10 Y10
G1 F2400 X41.565 Y62.368 E1904.35775
M204 S2000
M205 X30 Y30
G0 F3600 X46.53 Y62.57
M204 S500
M205 X10 Y10
;TYPE:WALL-INNER
G1 F2400 X41.11 Y62.57 E1904.59247
G1 X41.11 Y57.15 E1904.82719
G1 X46.53 Y57.15 E1905.0619
G1 X46.53 Y62.058 E1905.27445
G0 F1920 X46.53 Y62.57
M204 S2000
M205 X30 Y30
G0 F3600 X47.03 Y63.07
M204 S500
M205 X10 Y10
G1 F2400 X40.61 Y63.07 E1905.55247
G1 X40.61 Y56.65 E1905.83049
G1 X47.03 Y56.65 E1906.10852
G1 X47.03 Y62.558 E1906.36437
G0 F1920 X47.03 Y63.07
M204 S2000
M205 X30 Y30
G0 F3600 X47.53 Y63.57
M204 S500
M205 X10 Y10
;TYPE:WALL-OUTER
G1 F1200 X40.11 Y63.57 E1906.6857
G1 X40.11 Y56.15 E1907.00703
G1 X47.53 Y56.15 E1907.32835
G1 X47.53 Y63.058 E1907.62751
G0 F960 X47.53 Y63.57
M204 S2000
M205 X30 Y30
G0 F3600 X47.28 Y63.57
G0 X46.53 Y62.717
G1 F2700 E1903.62751
G0 F3600 X47.01 Y60.029
G0 X48.445 Y60.029
G0 X72.475 Y60.029
G0 X73.91 Y60.029
G0 X74.589 Y60.029
M204 S500
M205 X10 Y10
;TYPE:FILL
G1 F2700 E1907.62751
G1 F2400 X76.929 Y62.37 E1907.77085
G1 X77.141 Y62.582
M204 S2000
M205 X30 Y30
G0 F3600 X79.287 Y62.37
M204 S500
M205 X10 Y10
G1 F2400 X74.589 Y57.672 E1908.05857
G1 X74.377 Y57.46
M204 S2000
M205 X30 Y30
G0 F3600 X76.624 Y57.349
M204 S500
M205 X10 Y10
G1 F2400 X79.609 Y60.335 E1908.24142
G1 X79.821 Y60.547
M204 S2000
M205 X30 Y30
G0 F3600 X79.609 Y57.977
M204 S500
M205 X10 Y10
G1 F2400 X78.981 Y57.349 E1908.27988
M204 S2000
M205 X30 Y30
G0 F3600 X79.81 Y62.57
M204 S500
M205 X10 Y10
;TYPE:WALL-INNER
G1 F2400 X74.39 Y62.57 E1908.51459
G1 X74.39 Y57.15 E1908.74931
G1 X79.81 Y57.15 E1908.98403
G1 X79.81 Y62.058 E1909.19657
G0 F1920 X79.81 Y62.57
M204 S2000
M205 X30 Y30
G0 F3600 X80.31 Y63.07
M204 S500
M205 X10 Y10
G1 F2400 X73.89 Y63.07 E1909.47459
G1 X73.89 Y56.65 E1909.75262
G1 X80.31 Y56.65 E1910.03064
G1 X80.31 Y62.558 E1910.28649
G0 F1920 X80.31 Y63.07
M204 S2000
M205 X30 Y30
G0 F3600 X80.81 Y63.57
M204 S500
M205 X10 Y10
;TYPE:WALL-OUTER
G1 F1200 X73.39 Y63.57 E1910.60782
G1 X73.39 Y56.15 E1910.92915
G1 X80.81 Y56.15 E1911.25048
G1 X80.81 Y63.058 E1911.54963
G0 F960 X80.81 Y63.57
M204 S2000
M205 X30 Y30
G0 F3600 X80.56 Y63.57
G0 X79.81 Y62.717
G1 F2700 E1907.54963
;MESH:NONMESH
G0 F600 X79.81 Y62.717 Z45.55
G0 F3600 X73.91 Y57.738
G0 X72.475 Y57.738
G0 X48.445 Y57.738
G0 X47.01 Y57.738
G0 X41.458 Y57.738
;TIME_ELAPSED:2309.882861
;LAYER:181
M204 S500
M205 X10 Y10
;TYPE:FILL
;MESH:PLATempTower
G1 F2700 E1911.54963
G1 F2400 X41.309 Y57.887 E1911.55876
M204 S2000
M205 X30 Y30
G0 F3600 X41.309 Y60.244
M204 S500
M205 X10 Y10
G1 F2400 X43.815 Y57.738 E1911.71223
G1 X44.027 Y57.526
M204 S2000
M205 X30 Y30
G0 F3600 X46.173 Y57.738
M204 S500
M205 X10 Y10
G1 F2400 X41.542 Y62.369 E1911.99585
G1 X41.33 Y62.581
M204 S2000
M205 X30 Y30
G0 F3600 X43.9 Y62.369
M204 S500
M205 X10 Y10
G1 F2400 X46.357 Y59.911 E1912.14636
G1 X46.569 Y59.699
M204 S2000
M205 X30 Y30
G0 F3600 X46.358 Y62.268
M204 S500
M205 X10 Y10
G1 F2400 X46.257 Y62.369 E1912.15254
M204 S2000
M205 X30 Y30
G0 F3600 X46.559 Y62.57
M204 S500
M205 X10 Y10
;TYPE:WALL-INNER
G1 F2400 X41.11 Y62.57 E1912.38852
G1 X41.11 Y57.54 E1912.60635
G1 X46.558 Y57.54 E1912.84227
G1 X46.559 Y62.058 E1913.03793
G0 F1920 X46.559 Y62.57
M204 S2000
M205 X30 Y30
G0 F3600 X40.934 Y57.04
M204 S500
M205 X10 Y10
G1 F2400 X47.058 Y57.04 E1913.30313
G1 X47.059 Y63.07 E1913.56427
G1 X40.61 Y63.07 E1913.84355
G1 X40.61 Y56.65 E1914.12157
G1 X40.812 Y56.65 E1914.13032
G0 F1920 X40.934 Y56.65
G0 X40.934 Y57.04
M204 S2000
M205 X30 Y30
G1 F2700 E1910.13032
G0 F3600 X44.695 Y56.818
G0 X44.778 Y56.54
M204 S500
M205 X10 Y10
;TYPE:WALL-OUTER
G1 F2700 E1914.13032
G1 F1200 X46.661 Y56.54 E1914.21186
G1 X46.662 Y56.15 E1914.22875
G1 X47.558 Y56.15 E1914.26755
G1 X47.559 Y63.57 E1914.58888
G1 X40.11 Y63.57 E1914.91147
G1 X40.11 Y56.15 E1915.23279
G1 X41.434 Y56.15 E1915.29013
G1 X41.434 Y56.54 E1915.30702
G1 X42.81 Y56.54 E1915.36661
G1 X42.827 Y56.54 E1915.36735
G1 X44.668 Y56.54 E1915.44707
G1 X44.669 Y56.162 E1915.46344
G0 F960 X44.669 Y56.15
G0 X44.779 Y56.15
G0 X44.778 Y56.54
M204 S2000
M205 X30 Y30
G0 F3600 X45.028 Y56.54
G0 X45.028 Y57.29
G1 F2700 E1911.46344
G0 F3600 X47.308 Y57.616
G0 X48.473 Y57.615
G0 X72.475 Y57.616
G0 X73.91 Y57.616
G0 X74.589 Y57.612
M204 S500
M205 X10 Y10
;TYPE:FILL
G1 F2700 E1915.46344
G1 F2400 X74.852 Y57.349 E1915.47955
M204 S2000
M205 X30 Y30
G0 F3600 X77.209 Y57.349
M204 S500
M205 X10 Y10
G1 F2400 X74.589 Y59.97 E1915.64004
G1 X74.377 Y60.182
M204 S2000
M205 X30 Y30
G0 F3600 X74.589 Y62.327
M204 S500
M205 X10 Y10
G1 F2400 X79.567 Y57.349 E1915.94491
G1 X79.779 Y57.137
M204 S2000
M205 X30 Y30
G0 F3600 X79.609 Y59.664
M204 S500
M205 X10 Y10
G1 F2400 X76.904 Y62.37 E1916.1106
G1 X76.692 Y62.582
M204 S2000
M205 X30 Y30
G0 F3600 X79.261 Y62.37
M204 S500
M205 X10 Y10
G1 F2400 X79.609 Y62.022 E1916.13191
M204 S2000
M205 X30 Y30
G0 F3600 X79.81 Y62.57
M204 S500
M205 X10 Y10
;TYPE:WALL-INNER
G1 F2400 X74.39 Y62.57 E1916.36663
G1 X74.39 Y57.15 E1916.60135
G1 X79.81 Y57.15 E1916.83607
G1 X79.81 Y62.058 E1917.04861
G0 F1920 X79.81 Y62.57
M204 S2000
M205 X30 Y30
G0 F3600 X80.31 Y63.07
M204 S500
M205 X10 Y10
G1 F2400 X73.89 Y63.07 E1917.32663
G1 X73.89 Y56.65 E1917.60466
G1 X80.31 Y56.65 E1917.88268
G1 X80.31 Y62.558 E1918.13853
G0 F1920 X80.31 Y63.07
M204 S2000
M205 X30 Y30
G0 F3600 X80.81 Y63.57
M204 S500
M205 X10 Y10
;TYPE:WALL-OUTER
G1 F1200 X73.39 Y63.57 E1918.45986
G1 X73.39 Y56.15 E1918.78119
G1 X80.81 Y56.15 E1919.10251
G1 X80.81 Y63.058 E1919.40167
G0 F960 X80.81 Y63.57
M204 S2000
M205 X30 Y30
G0 F3600 X80.56 Y63.57
G0 X79.81 Y62.717
G1 F2700 E1915.40167
;MESH:NONMESH
G0 F600 X79.81 Y62.717 Z45.8
G0 F3600 X73.91 Y57.739
G0 X72.475 Y57.739
G0 X48.473 Y57.741
G0 X47.308 Y57.742
G0 X41.651 Y57.739
;TIME_ELAPSED:2320.457791
;LAYER:182
M204 S500
M205 X10 Y10
;TYPE:FILL
;MESH:PLATempTower
G1 F2700 E1919.40167
G1 F2400 X46.28 Y62.368 E1919.68517
G1 X46.492 Y62.58
M204 S2000
M205 X30 Y30
G0 F3600 X46.608 Y60.339
M204 S500
M205 X10 Y10
G1 F2400 X44.008 Y57.739 E1919.8444
G1 X43.796 Y57.527
M204 S2000
M205 X30 Y30
G0 F3600 X46.366 Y57.739
M204 S500
M205 X10 Y10
G1 F2400 X46.608 Y57.982 E1919.85925
M204 S2000
M205 X30 Y30
G0 F3600 X43.923 Y62.368
M204 S500
M205 X10 Y10
G1 F2400 X41.309 Y59.755 E1920.01931
G1 X41.097 Y59.543
M204 S2000
M205 X30 Y30
G0 F3600 X41.309 Y62.112
M204 S500
M205 X10 Y10
G1 F2400 X41.565 Y62.368 E1920.03499
M204 S2000
M205 X30 Y30
G0 F3600 X46.809 Y62.57
M204 S500
M205 X10 Y10
;TYPE:WALL-INNER
G1 F2400 X41.11 Y62.57 E1920.28179
G1 X41.11 Y57.54 E1920.49962
G1 X46.808 Y57.54 E1920.74637
G1 X46.809 Y62.058 E1920.94203
G0 F1920 X46.809 Y62.57
M204 S2000
M205 X30 Y30
G0 F3600 X40.934 Y57.04
M204 S500
M205 X10 Y10
G1 F2400 X47.308 Y57.04 E1921.21806
G1 X47.309 Y63.07 E1921.47919
G1 X40.61 Y63.07 E1921.7693
G1 X40.61 Y56.65 E1922.04732
G1 X40.812 Y56.65 E1922.05607
G0 F1920 X40.934 Y56.65
G0 X40.934 Y57.04
M204 S2000
M205 X30 Y30
G0 F3600 X41.434 Y56.54
M204 S500
M205 X10 Y10
;TYPE:WALL-OUTER
G1 F1200 X46.898 Y56.54 E1922.29269
G1 X46.898 Y56.15 E1922.30958
G1 X47.808 Y56.15 E1922.34899
G1 X47.809 Y63.57 E1922.67032
G1 X40.11 Y63.57 E1923.00373
G1 X40.11 Y56.15 E1923.32506
G1 X41.312 Y56.15 E1923.37711
G0 F960 X41.434 Y56.15
G0 X41.434 Y56.54
M204 S2000
M205 X30 Y30
G0 F3600 X41.684 Y56.54
G0 X41.684 Y57.29
G1 F2700 E1919.37711
G0 F3600 X47.558 Y57.649
G0 X48.723 Y57.648
G0 X72.449 Y57.649
G0 X73.884 Y57.649
G0 X74.562 Y57.646
M204 S500
M205 X10 Y10
;TYPE:FILL
G1 F2700 E1923.37711
G1 F2400 X79.286 Y62.369 E1923.66639
G1 X79.498 Y62.581
M204 S2000
M205 X30 Y30
G0 F3600 X79.609 Y60.335
M204 S500
M205 X10 Y10
G1 F2400 X76.624 Y57.349 E1923.84924
G1 X76.412 Y57.137
M204 S2000
M205 X30 Y30
G0 F3600 X78.981 Y57.349
M204 S500
M205 X10 Y10
G1 F2400 X79.609 Y57.977 E1923.8877
M204 S2000
M205 X30 Y30
G0 F3600 X76.928 Y62.369
M204 S500
M205 X10 Y10
G1 F2400 X74.562 Y60.003 E1924.0326
G1 X74.35 Y59.791
M204 S2000
M205 X30 Y30
G0 F3600 X79.81 Y62.57
M204 S500
M205 X10 Y10
;TYPE:WALL-INNER
G1 F2400 X74.364 Y62.57 E1924.26844
G1 X74.364 Y57.15 E1924.50316
G1 X79.81 Y57.15 E1924.739
G1 X79.81 Y62.058 E1924.95155
G0 F1920 X79.81 Y62.57
M204 S2000
M205 X30 Y30
G0 F3600 X80.31 Y63.07
M204 S500
M205 X10 Y10
G1 F2400 X73.864 Y63.07 E1925.2307
G1 X73.864 Y56.65 E1925.50872
G1 X80.31 Y56.65 E1925.78787
G1 X80.31 Y62.558 E1926.04372
G0 F1920 X80.31 Y63.07
M204 S2000
M205 X30 Y30
G0 F3600 X80.81 Y63.57
M204 S500
M205 X10 Y10
;TYPE:WALL-OUTER
G1 F1200 X73.364 Y63.57 E1926.36617
G1 X73.364 Y56.15 E1926.6875
G1 X80.81 Y56.15 E1927.00996
G1 X80.81 Y63.058 E1927.30911
G0 F960 X80.81 Y63.57
M204 S2000
M205 X30 Y30
G0 F3600 X80.56 Y63.57
G0 X79.81 Y62.717
G1 F2700 E1923.30911
;MESH:NONMESH
G0 F600 X79.81 Y62.717 Z46.05
G0 F3600 X73.884 Y57.738
G0 X72.449 Y57.738
G0 X48.723 Y57.74
G0 X47.558 Y57.741
G0 X41.458 Y57.738
;TIME_ELAPSED:2330.949361
;LAYER:183
M204 S500
M205 X10 Y10
;TYPE:FILL
;MESH:PLATempTower
G1 F2700 E1927.30911
G1 F2400 X41.309 Y57.887 E1927.31824
M204 S2000
M205 X30 Y30
G0 F3600 X41.309 Y60.244
M204 S500
M205 X10 Y10
G1 F2400 X43.815 Y57.738 E1927.47171
G1 X44.027 Y57.526
M204 S2000
M205 X30 Y30
G0 F3600 X46.173 Y57.738
M204 S500
M205 X10 Y10
G1 F2400 X41.543 Y62.368 E1927.75527
G1 X41.331 Y62.58
M204 S2000
M205 X30 Y30
G0 F3600 X43.9 Y62.368
M204 S500
M205 X10 Y10
G1 F2400 X46.857 Y59.411 E1927.93637
G1 X47.069 Y59.199
M204 S2000
M205 X30 Y30
G0 F3600 X46.858 Y61.768
M204 S500
M205 X10 Y10
G1 F2400 X46.258 Y62.368 E1927.97312
M204 S2000
M205 X30 Y30
G0 F3600 X47.059 Y62.57
M204 S500
M205 X10 Y10
;TYPE:WALL-INNER
G1 F2400 X41.11 Y62.57 E1928.23074
G1 X41.11 Y57.54 E1928.44857
G1 X47.058 Y57.54 E1928.70615
G1 X47.059 Y62.058 E1928.90181
G0 F1920 X47.059 Y62.57
M204 S2000
M205 X30 Y30
G0 F3600 X40.934 Y57.04
M204 S500
M205 X10 Y10
G1 F2400 X47.504 Y57.04 E1929.18633
G1 X47.504 Y56.65 E1929.20321
G1 X47.558 Y56.65 E1929.20555
G1 X47.559 Y63.07 E1929.48358
G1 X40.61 Y63.07 E1929.78451
G1 X40.61 Y56.65 E1930.06253
G1 X40.812 Y56.65 E1930.07128
G0 F1920 X40.934 Y56.65
G0 X40.934 Y57.04
M204 S2000
M205 X30 Y30
G0 F3600 X41.434 Y56.54
M204 S500
M205 X10 Y10
;TYPE:WALL-OUTER
G1 F1200 X42.81 Y56.54 E1930.13087
G1 X42.81 Y56.15 E1930.14776
G1 X42.849 Y56.15 E1930.14944
G1 X42.85 Y56.54 E1930.16633
G1 X47.004 Y56.54 E1930.34623
G1 X47.004 Y56.15 E1930.36312
G1 X48.058 Y56.15 E1930.40876
G1 X48.059 Y63.57 E1930.73009
G1 X40.11 Y63.57 E1931.07433
G1 X40.11 Y56.15 E1931.39565
G1 X41.312 Y56.15 E1931.44771
G0 F960 X41.434 Y56.15
G0 X41.434 Y56.54
M204 S2000
M205 X30 Y30
G0 F3600 X41.684 Y56.54
G0 X41.684 Y57.29
G1 F2700 E1927.44771
G0 F3600 X47.808 Y57.723
G0 X48.973 Y57.722
G0 X72.367 Y57.723
G0 X73.802 Y57.723
G0 X74.481 Y57.72
M204 S500
M205 X10 Y10
;TYPE:FILL
G1 F2700 E1931.44771
G1 F2400 X74.852 Y57.349 E1931.47043
M204 S2000
M205 X30 Y30
G0 F3600 X77.209 Y57.349
M204 S500
M205 X10 Y10
G1 F2400 X74.481 Y60.077 E1931.6375
G1 X74.269 Y60.289
M204 S2000
M205 X30 Y30
G0 F3600 X74.546 Y62.37
M204 S500
M205 X10 Y10
G1 F2400 X79.567 Y57.349 E1931.94501
G1 X79.779 Y57.137
M204 S2000
M205 X30 Y30
G0 F3600 X79.609 Y59.664
M204 S500
M205 X10 Y10
G1 F2400 X76.904 Y62.37 E1932.1107
G1 X76.692 Y62.582
M204 S2000
M205 X30 Y30
G0 F3600 X79.261 Y62.37
M204 S500
M205 X10 Y10
G1 F2400 X79.609 Y62.022 E1932.13201
M204 S2000
M205 X30 Y30
G0 F3600 X79.81 Y62.57
M204 S500
M205 X10 Y10
;TYPE:WALL-INNER
G1 F2400 X74.282 Y62.57 E1932.37141
G1 X74.282 Y57.15 E1932.60612
G1 X79.81 Y57.15 E1932.84552
G1 X79.81 Y62.058 E1933.05806
G0 F1920 X79.81 Y62.57
M204 S2000
M205 X30 Y30
G0 F3600 X80.31 Y63.07
M204 S500
M205 X10 Y10
G1 F2400 X73.782 Y63.07 E1933.34076
G1 X73.782 Y56.65 E1933.61878
G1 X80.31 Y56.65 E1933.90148
G1 X80.31 Y62.558 E1934.15734
G0 F1920 X80.31 Y63.07
M204 S2000
M205 X30 Y30
G0 F3600 X80.81 Y63.57
M204 S500
M205 X10 Y10
;TYPE:WALL-OUTER
G1 F1200 X73.282 Y63.57 E1934.48334
G1 X73.282 Y56.15 E1934.80467
G1 X80.81 Y56.15 E1935.13067
G1 X80.81 Y63.058 E1935.42983
G0 F960 X80.81 Y63.57
M204 S2000
M205 X30 Y30
G0 F3600 X80.56 Y63.57
G0 X79.81 Y62.717
G1 F2700 E1931.42983
;MESH:NONMESH
G0 F600 X79.81 Y62.717 Z46.3
G0 F3600 X73.802 Y57.739
G0 X72.367 Y57.739
G0 X48.973 Y57.741
G0 X47.808 Y57.742
G0 X41.651 Y57.739
;TIME_ELAPSED:2341.473240
;LAYER:184
M204 S500
M205 X10 Y10
;TYPE:FILL
;MESH:PLATempTower
G1 F2700 E1935.42983
G1 F2400 X46.28 Y62.368 E1935.71333
G1 X46.492 Y62.58
M204 S2000
M205 X30 Y30
G0 F3600 X47.108 Y60.839
M204 S500
M205 X10 Y10
G1 F2400 X44.008 Y57.739 E1935.90318
G1 X43.796 Y57.527
M204 S2000
M205 X30 Y30
G0 F3600 X46.366 Y57.739
M204 S500
M205 X10 Y10
G1 F2400 X47.108 Y58.481 E1935.94862
G1 X47.32 Y58.693
M204 S2000
M205 X30 Y30
G0 F3600 X43.923 Y62.368
M204 S500
M205 X10 Y10
G1 F2400 X41.309 Y59.755 E1936.10868
G1 X41.097 Y59.543
M204 S2000
M205 X30 Y30
G0 F3600 X41.309 Y62.112
M204 S500
M205 X10 Y10
G1 F2400 X41.565 Y62.368 E1936.12436
M204 S2000
M205 X30 Y30
G0 F3600 X42.132 Y57.65
M204 S500
M205 X10 Y10
;TYPE:WALL-INNER
G1 F2400 X43.626 Y57.54 E1936.18924
G1 X47.308 Y57.54 E1936.34869
G1 X47.309 Y62.57 E1936.56652
G1 X41.11 Y62.57 E1936.83497
G1 X41.11 Y57.54 E1937.0528
G1 X41.729 Y57.54 E1937.0796
G0 F1920 X42.131 Y57.54
G0 X42.132 Y57.65
M204 S2000
M205 X30 Y30
G0 F3600 X42.625 Y57.112
M204 S500
M205 X10 Y10
G1 F2400 X43.603 Y57.04 E1937.12207
G1 X47.533 Y57.04 E1937.29226
G1 X47.533 Y56.65 E1937.30915
G1 X47.808 Y56.65 E1937.32106
G1 X47.809 Y63.07 E1937.59908
G1 X40.61 Y63.07 E1937.91084
G1 X40.61 Y56.65 E1938.18886
G1 X40.934 Y56.65 E1938.2029
G1 X40.934 Y57.04 E1938.21978
G1 X42.184 Y57.04 E1938.27392
G0 F1920 X42.624 Y57.04
G0 X42.625 Y57.112
M204 S2000
M205 X30 Y30
G0 F3600 X43.12 Y56.574
M204 S500
M205 X10 Y10
;TYPE:WALL-OUTER
G1 F1200 X43.715 Y56.53 E1938.29975
G1 X43.715 Y56.54 E1938.30019
G1 X45.071 Y56.54 E1938.35891
G1 X45.07 Y56.15 E1938.3758
G1 X45.645 Y56.15 E1938.4007
G1 X45.646 Y56.54 E1938.41759
G1 X47.033 Y56.54 E1938.47765
G1 X47.033 Y56.15 E1938.49454
G1 X48.308 Y56.15 E1938.54976
G1 X48.309 Y63.57 E1938.87109
G1 X40.11 Y63.57 E1939.22615
G1 X40.11 Y56.15 E1939.54748
G1 X41.434 Y56.15 E1939.60482
G1 X41.434 Y56.54 E1939.6217
G1 X42.81 Y56.54 E1939.68129
G1 X42.81 Y56.15 E1939.69818
G1 X43.028 Y56.15 E1939.70762
G0 F960 X43.116 Y56.15
G0 X43.12 Y56.574
M204 S2000
M205 X30 Y30
G0 F3600 X43.369 Y56.556
G1 F2700 E1935.70762
G0 F3600 X43.019 Y56.557
G0 X44.315 Y56.796
G0 X48.058 Y57.486
G0 X49.223 Y57.485
G0 X72.286 Y57.486
G0 X73.721 Y57.486
G0 X74.4 Y57.483
M204 S500
M205 X10 Y10
;TYPE:FILL
G1 F2700 E1939.70762
G1 F2400 X79.286 Y62.369 E1940.00686
G1 X79.498 Y62.581
M204 S2000
M205 X30 Y30
G0 F3600 X79.609 Y60.335
M204 S500
M205 X10 Y10
G1 F2400 X76.624 Y57.35 E1940.18967
G1 X76.412 Y57.138
M204 S2000
M205 X30 Y30
G0 F3600 X78.982 Y57.35
M204 S500
M205 X10 Y10
G1 F2400 X79.609 Y57.977 E1940.22807
M204 S2000
M205 X30 Y30
G0 F3600 X76.928 Y62.369
M204 S500
M205 X10 Y10
G1 F2400 X74.4 Y59.841 E1940.3829
G1 X74.188 Y59.629
M204 S2000
M205 X30 Y30
G0 F3600 X74.4 Y62.198
M204 S500
M205 X10 Y10
G1 F2400 X74.571 Y62.369 E1940.39337
M204 S2000
M205 X30 Y30
G0 F3600 X79.81 Y62.57
M204 S500
M205 X10 Y10
;TYPE:WALL-INNER
G1 F2400 X74.201 Y62.57 E1940.63627
G1 X74.201 Y57.15 E1940.87099
G1 X79.81 Y57.15 E1941.11389
G1 X79.81 Y62.058 E1941.32643
G0 F1920 X79.81 Y62.57
M204 S2000
M205 X30 Y30
G0 F3600 X80.31 Y63.07
M204 S500
M205 X10 Y10
G1 F2400 X73.701 Y63.07 E1941.61264
G1 X73.701 Y56.65 E1941.89066
G1 X80.31 Y56.65 E1942.17687
G1 X80.31 Y62.558 E1942.43272
G0 F1920 X80.31 Y63.07
M204 S2000
M205 X30 Y30
G0 F3600 X80.81 Y63.57
M204 S500
M205 X10 Y10
;TYPE:WALL-OUTER
G1 F1200 X73.201 Y63.57 E1942.76223
G1 X73.201 Y56.15 E1943.08356
G1 X80.81 Y56.15 E1943.41308
G1 X80.81 Y63.058 E1943.71223
G0 F960 X80.81 Y63.57
M204 S2000
M205 X30 Y30
G0 F3600 X80.56 Y63.57
G0 X79.81 Y62.717
G1 F2700 E1939.71223
;MESH:NONMESH
G0 F600 X79.81 Y62.717 Z46.55
G0 F3600 X73.721 Y57.738
G0 X72.286 Y57.738
G0 X49.223 Y57.74
G0 X48.058 Y57.741
G0 X41.458 Y57.738
;TIME_ELAPSED:2352.456008
;LAYER:185
M204 S500
M205 X10 Y10
;TYPE:FILL
;MESH:PLATempTower
G1 F2700 E1943.71223
G1 F2400 X41.309 Y57.887 E1943.72136
M204 S2000
M205 X30 Y30
G0 F3600 X41.309 Y60.244
M204 S500
M205 X10 Y10
G1 F2400 X43.815 Y57.738 E1943.87483
G1 X44.027 Y57.526
M204 S2000
M205 X30 Y30
G0 F3600 X46.173 Y57.738
M204 S500
M205 X10 Y10
G1 F2400 X41.542 Y62.369 E1944.15845
G1 X41.33 Y62.581
M204 S2000
M205 X30 Y30
G0 F3600 X43.9 Y62.369
M204 S500
M205 X10 Y10
G1 F2400 X47.357 Y58.911 E1944.3702
G1 X47.569 Y58.699
M204 S2000
M205 X30 Y30
G0 F3600 X47.358 Y61.268
M204 S500
M205 X10 Y10
G1 F2400 X46.257 Y62.369 E1944.43763
G1 X46.045 Y62.581
M204 S2000
M205 X30 Y30
G0 F3600 X47.559 Y62.57
M204 S500
M205 X10 Y10
;TYPE:WALL-INNER
G1 F2400 X41.11 Y62.57 E1944.71691
G1 X41.11 Y57.54 E1944.93474
G1 X47.558 Y57.54 E1945.21397
G1 X47.559 Y62.058 E1945.40963
G0 F1920 X47.559 Y62.57
M204 S2000
M205 X30 Y30
G0 F3600 X40.934 Y57.04
M204 S500
M205 X10 Y10
G1 F2400 X47.492 Y57.04 E1945.69363
G1 X47.493 Y56.65 E1945.71052
G1 X48.058 Y56.65 E1945.73499
G1 X48.059 Y63.07 E1946.01301
G1 X40.61 Y63.07 E1946.33559
G1 X40.61 Y56.65 E1946.61362
G1 X40.812 Y56.65 E1946.62236
G0 F1920 X40.934 Y56.65
G0 X40.934 Y57.04
M204 S2000
M205 X30 Y30
G0 F3600 X41.434 Y56.54
M204 S500
M205 X10 Y10
;TYPE:WALL-OUTER
G1 F1200 X45.092 Y56.54 E1946.78078
G1 X45.587 Y56.519 E1946.80223
G1 X45.587 Y56.539 E1946.8031
G1 X46.993 Y56.54 E1946.86399
G1 X46.994 Y56.15 E1946.88087
G1 X48.558 Y56.15 E1946.9486
G1 X48.559 Y63.57 E1947.26993
G1 X40.11 Y63.57 E1947.63582
G1 X40.11 Y56.15 E1947.95715
G1 X41.312 Y56.15 E1948.00921
G0 F960 X41.434 Y56.15
G0 X41.434 Y56.54
M204 S2000
M205 X30 Y30
G0 F3600 X41.684 Y56.54
G0 X41.684 Y57.29
G1 F2700 E1944.00921
G0 F3600 X48.308 Y57.886
G0 X49.473 Y57.885
G0 X72.205 Y57.886
G0 X73.64 Y57.886
G0 X74.319 Y57.883
M204 S500
M205 X10 Y10
;TYPE:FILL
G1 F2700 E1948.00921
G1 F2400 X74.852 Y57.349 E1948.04188
M204 S2000
M205 X30 Y30
G0 F3600 X77.209 Y57.349
M204 S500
M205 X10 Y10
G1 F2400 X74.319 Y60.24 E1948.2189
G1 X74.107 Y60.452
M204 S2000
M205 X30 Y30
G0 F3600 X74.546 Y62.37
M204 S500
M205 X10 Y10
G1 F2400 X79.567 Y57.349 E1948.52641
G1 X79.779 Y57.137
M204 S2000
M205 X30 Y30
G0 F3600 X79.609 Y59.664
M204 S500
M205 X10 Y10
G1 F2400 X76.904 Y62.37 E1948.6921
G1 X76.692 Y62.582
M204 S2000
M205 X30 Y30
G0 F3600 X79.261 Y62.37
M204 S500
M205 X10 Y10
G1 F2400 X79.609 Y62.022 E1948.71341
M204 S2000
M205 X30 Y30
G0 F3600 X79.81 Y62.57
M204 S500
M205 X10 Y10
;TYPE:WALL-INNER
G1 F2400 X74.12 Y62.57 E1948.95982
G1 X74.12 Y57.15 E1949.19454
G1 X79.81 Y57.15 E1949.44095
G1 X79.81 Y62.058 E1949.6535
G0 F1920 X79.81 Y62.57
M204 S2000
M205 X30 Y30
G0 F3600 X80.31 Y63.07
M204 S500
M205 X10 Y10
G1 F2400 X73.62 Y63.07 E1949.94321
G1 X73.62 Y56.65 E1950.22123
G1 X80.31 Y56.65 E1950.51095
G1 X80.31 Y62.558 E1950.7668
G0 F1920 X80.31 Y63.07
M204 S2000
M205 X30 Y30
G0 F3600 X80.81 Y63.57
M204 S500
M205 X10 Y10
;TYPE:WALL-OUTER
G1 F1200 X73.12 Y63.57 E1951.09982
G1 X73.12 Y56.15 E1951.42115
G1 X80.81 Y56.15 E1951.75417
G1 X80.81 Y63.058 E1952.05333
G0 F960 X80.81 Y63.57
M204 S2000
M205 X30 Y30
G0 F3600 X80.56 Y63.57
G0 X79.81 Y62.717
G1 F2700 E1948.05333
;MESH:NONMESH
G0 F600 X79.81 Y62.717 Z46.8
G0 F3600 X73.64 Y57.739
G0 X72.205 Y57.739
G0 X49.473 Y57.741
G0 X48.308 Y57.742
G0 X41.651 Y57.739
;TIME_ELAPSED:2363.149406
;LAYER:186
M204 S500
M205 X10 Y10
;TYPE:FILL
;MESH:PLATempTower
G1 F2700 E1952.05333
G1 F2400 X46.28 Y62.368 E1952.33682
G1 X46.492 Y62.58
M204 S2000
M205 X30 Y30
G0 F3600 X47.608 Y61.339
M204 S500
M205 X10 Y10
G1 F2400 X44.008 Y57.739 E1952.5573
G1 X43.796 Y57.527
M204 S2000
M205 X30 Y30
G0 F3600 X46.366 Y57.739
M204 S500
M205 X10 Y10
G1 F2400 X47.608 Y58.981 E1952.63336
G1 X47.82 Y59.193
M204 S2000
M205 X30 Y30
G0 F3600 X43.923 Y62.368
M204 S500
M205 X10 Y10
G1 F2400 X41.309 Y59.755 E1952.79342
G1 X41.097 Y59.543
M204 S2000
M205 X30 Y30
G0 F3600 X41.309 Y62.112
M204 S500
M205 X10 Y10
G1 F2400 X41.565 Y62.368 E1952.8091
M204 S2000
M205 X30 Y30
G0 F3600 X47.809 Y62.57
M204 S500
M205 X10 Y10
;TYPE:WALL-INNER
G1 F2400 X41.11 Y62.57 E1953.09921
G1 X41.11 Y57.54 E1953.31703
G1 X47.808 Y57.54 E1953.6071
G1 X47.809 Y62.058 E1953.80275
G0 F1920 X47.809 Y62.57
M204 S2000
M205 X30 Y30
G0 F3600 X40.864 Y57.11
G0 X40.934 Y57.04
M204 S500
M205 X10 Y10
G1 F2400 X47.371 Y57.04 E1954.08151
G1 X47.372 Y56.65 E1954.0984
G1 X48.308 Y56.65 E1954.13893
G1 X48.309 Y63.07 E1954.41696
G1 X40.61 Y63.07 E1954.75037
G1 X40.61 Y56.65 E1955.02839
G1 X40.812 Y56.65 E1955.03714
G0 F1920 X40.934 Y56.65
G0 X40.934 Y57.04
M204 S2000
M205 X30 Y30
G0 F3600 X41.434 Y56.54
M204 S500
M205 X10 Y10
;TYPE:WALL-OUTER
G1 F1200 X46.872 Y56.54 E1955.27264
G1 X46.873 Y56.15 E1955.28952
G1 X48.808 Y56.15 E1955.37332
G1 X48.809 Y63.57 E1955.69465
G1 X40.11 Y63.57 E1956.07137
G1 X40.11 Y56.15 E1956.3927
G1 X41.312 Y56.15 E1956.44475
G0 F960 X41.434 Y56.15
G0 X41.434 Y56.54
M204 S2000
M205 X30 Y30
G0 F3600 X41.684 Y56.54
G0 X41.684 Y57.54
G1 F2700 E1952.44475
G0 F3600 X48.308 Y59.62
G0 X49.723 Y59.619
G0 X72.062 Y59.62
G0 X73.497 Y59.62
G0 X74.176 Y59.616
M204 S500
M205 X10 Y10
;TYPE:FILL
G1 F2700 E1956.44475
G1 F2400 X76.929 Y62.37 E1956.61338
G1 X77.141 Y62.582
M204 S2000
M205 X30 Y30
G0 F3600 X74.572 Y62.37
M204 S500
M205 X10 Y10
G1 F2400 X74.176 Y61.974 E1956.63764
M204 S2000
M205 X30 Y30
G0 F3600 X74.266 Y57.349
M204 S500
M205 X10 Y10
G1 F2400 X79.287 Y62.37 E1956.94514
G1 X79.499 Y62.582
M204 S2000
M205 X30 Y30
G0 F3600 X79.609 Y60.335
M204 S500
M205 X10 Y10
G1 F2400 X76.624 Y57.349 E1957.12798
G1 X76.412 Y57.137
M204 S2000
M205 X30 Y30
G0 F3600 X78.981 Y57.349
M204 S500
M205 X10 Y10
G1 F2400 X79.609 Y57.977 E1957.16644
M204 S2000
M205 X30 Y30
G0 F3600 X79.81 Y62.57
M204 S500
M205 X10 Y10
;TYPE:WALL-INNER
G1 F2400 X73.977 Y62.57 E1957.41904
G1 X73.977 Y57.15 E1957.65376
G1 X79.81 Y57.15 E1957.90636
G1 X79.81 Y62.058 E1958.11891
G0 F1920 X79.81 Y62.57
M204 S2000
M205 X30 Y30
G0 F3600 X80.31 Y63.07
M204 S500
M205 X10 Y10
G1 F2400 X73.477 Y63.07 E1958.41482
G1 X73.477 Y56.65 E1958.69284
G1 X80.31 Y56.65 E1958.98875
G1 X80.31 Y62.558 E1959.2446
G0 F1920 X80.31 Y63.07
M204 S2000
M205 X30 Y30
G0 F3600 X80.81 Y63.57
M204 S500
M205 X10 Y10
;TYPE:WALL-OUTER
G1 F1200 X72.977 Y63.57 E1959.58381
G1 X72.977 Y56.15 E1959.90514
G1 X80.81 Y56.15 E1960.24435
G1 X80.81 Y63.058 E1960.54351
G0 F960 X80.81 Y63.57
M204 S2000
M205 X30 Y30
G0 F3600 X80.56 Y63.57
G0 X79.81 Y62.717
G1 F2700 E1956.54351
;MESH:NONMESH
G0 F600 X79.81 Y62.717 Z47.05
G0 F3600 X73.497 Y57.738
G0 X72.062 Y57.738
G0 X49.723 Y57.74
G0 X48.308 Y57.741
G0 X41.458 Y57.738
;TIME_ELAPSED:2374.180229
;LAYER:187
M204 S500
M205 X10 Y10
;TYPE:FILL
;MESH:PLATempTower
G1 F2700 E1960.54351
G1 F2400 X41.309 Y57.887 E1960.55264
M204 S2000
M205 X30 Y30
G0 F3600 X41.309 Y60.244
M204 S500
M205 X10 Y10
G1 F2400 X43.815 Y57.738 E1960.70611
G1 X44.027 Y57.526
M204 S2000
M205 X30 Y30
G0 F3600 X46.173 Y57.738
M204 S500
M205 X10 Y10
G1 F2400 X41.543 Y62.368 E1960.98967
G1 X41.331 Y62.58
M204 S2000
M205 X30 Y30
G0 F3600 X43.9 Y62.368
M204 S500
M205 X10 Y10
G1 F2400 X47.858 Y58.411 E1961.23204
G1 X48.07 Y58.199
M204 S2000
M205 X30 Y30
G0 F3600 X47.858 Y60.768
M204 S500
M205 X10 Y10
G1 F2400 X46.258 Y62.368 E1961.33003
G1 X46.046 Y62.58
M204 S2000
M205 X30 Y30
G0 F3600 X47.569 Y57.54
M204 S500
M205 X10 Y10
;TYPE:WALL-INNER
G1 F2400 X47.569 Y57.15 E1961.34692
G1 X48.058 Y57.15 E1961.3681
G1 X48.059 Y62.57 E1961.60281
G1 X41.11 Y62.57 E1961.90375
G1 X41.11 Y57.54 E1962.12157
G1 X47.057 Y57.54 E1962.37911
G0 F1920 X47.569 Y57.54
M204 S2000
M205 X30 Y30
G0 F3600 X47.069 Y57.04
M204 S500
M205 X10 Y10
G1 F2400 X47.069 Y56.65 E1962.396
G1 X48.558 Y56.65 E1962.46048
G1 X48.559 Y63.07 E1962.73851
G1 X40.61 Y63.07 E1963.08274
G1 X40.61 Y57.04 E1963.34388
G1 X46.557 Y57.04 E1963.60142
G0 F1920 X47.069 Y57.04
M204 S2000
M205 X30 Y30
G1 F2700 E1959.60142
G0 F3600 X40.792 Y56.818
G0 X40.82 Y56.54
M204 S500
M205 X10 Y10
;TYPE:WALL-OUTER
G1 F2700 E1963.60142
G1 F1200 X46.569 Y56.54 E1963.85038
G1 X46.569 Y56.15 E1963.86727
G1 X49.058 Y56.15 E1963.97506
G1 X49.059 Y63.57 E1964.29639
G1 X40.11 Y63.57 E1964.68393
G1 X40.11 Y56.15 E1965.00526
G1 X40.698 Y56.15 E1965.03072
G0 F960 X40.82 Y56.15
G0 X40.82 Y56.54
M204 S2000
M205 X30 Y30
G0 F3600 X41.07 Y56.54
G1 F2700 E1961.03072
G0 F3600 X40.75 Y56.61
G0 X41.715 Y56.796
G0 X48.808 Y58.173
G0 X49.973 Y58.172
G0 X71.918 Y58.173
G0 X73.353 Y58.173
G0 X74.031 Y58.17
M204 S500
M205 X10 Y10
;TYPE:FILL
G1 F2700 E1965.03072
G1 F2400 X74.852 Y57.349 E1965.081
G1 X75.064 Y57.137
M204 S2000
M205 X30 Y30
G0 F3600 X77.209 Y57.349
M204 S500
M205 X10 Y10
G1 F2400 X74.031 Y60.527 E1965.27564
G1 X73.819 Y60.739
M204 S2000
M205 X30 Y30
G0 F3600 X74.546 Y62.37
M204 S500
M205 X10 Y10
G1 F2400 X79.567 Y57.349 E1965.58314
G1 X79.779 Y57.137
M204 S2000
M205 X30 Y30
G0 F3600 X79.609 Y59.664
M204 S500
M205 X10 Y10
G1 F2400 X76.904 Y62.37 E1965.74883
G1 X76.692 Y62.582
M204 S2000
M205 X30 Y30
G0 F3600 X79.261 Y62.37
M204 S500
M205 X10 Y10
G1 F2400 X79.609 Y62.022 E1965.77015
M204 S2000
M205 X30 Y30
G0 F3600 X79.81 Y62.57
M204 S500
M205 X10 Y10
;TYPE:WALL-INNER
G1 F2400 X73.833 Y62.57 E1966.02898
G1 X73.833 Y57.15 E1966.2637
G1 X79.81 Y57.15 E1966.52254
G1 X79.81 Y62.058 E1966.73508
G0 F1920 X79.81 Y62.57
M204 S2000
M205 X30 Y30
G0 F3600 X80.31 Y63.07
M204 S500
M205 X10 Y10
G1 F2400 X73.333 Y63.07 E1967.03723
G1 X73.333 Y56.65 E1967.31525
G1 X80.31 Y56.65 E1967.6174
G1 X80.31 Y62.558 E1967.87325
G0 F1920 X80.31 Y63.07
M204 S2000
M205 X30 Y30
G0 F3600 X80.81 Y63.57
M204 S500
M205 X10 Y10
;TYPE:WALL-OUTER
G1 F1200 X72.833 Y63.57 E1968.2187
G1 X72.833 Y56.15 E1968.54002
G1 X80.81 Y56.15 E1968.88547
G1 X80.81 Y63.058 E1969.18463
G0 F960 X80.81 Y63.57
M204 S2000
M205 X30 Y30
G0 F3600 X80.56 Y63.57
G0 X79.81 Y62.717
G1 F2700 E1965.18463
;MESH:NONMESH
G0 F600 X79.81 Y62.717 Z47.3
G0 F3600 X73.353 Y57.771
G0 X71.918 Y57.771
G0 X49.973 Y57.773
G0 X48.808 Y57.774
G0 X41.683 Y57.771
;TIME_ELAPSED:2385.393711
;LAYER:188
M204 S500
M205 X10 Y10
;TYPE:FILL
;MESH:PLATempTower
G1 F2700 E1969.18463
G1 F2400 X46.28 Y62.368 E1969.46617
G1 X46.492 Y62.58
M204 S2000
M205 X30 Y30
G0 F3600 X48.108 Y61.839
M204 S500
M205 X10 Y10
G1 F2400 X44.006 Y57.736 E1969.71742
G1 X43.794 Y57.524
M204 S2000
M205 X30 Y30
G0 F3600 X46.365 Y57.738
M204 S500
M205 X10 Y10
G1 F2400 X48.108 Y59.481 E1969.82417
G1 X48.32 Y59.693
M204 S2000
M205 X30 Y30
G0 F3600 X43.923 Y62.368
M204 S500
M205 X10 Y10
G1 F2400 X41.309 Y59.755 E1969.98423
G1 X41.097 Y59.543
M204 S2000
M205 X30 Y30
G0 F3600 X41.309 Y62.112
M204 S500
M205 X10 Y10
G1 F2400 X41.565 Y62.368 E1969.9999
M204 S2000
M205 X30 Y30
G0 F3600 X41.558 Y57.575
M204 S500
M205 X10 Y10
;TYPE:WALL-INNER
G1 F2400 X43.136 Y57.537 E1970.06826
G1 X47 Y57.54 E1970.23559
G1 X47 Y57.15 E1970.25248
G1 X48.308 Y57.15 E1970.30913
G1 X48.309 Y62.57 E1970.54384
G1 X41.11 Y62.57 E1970.8556
G1 X41.11 Y57.569 E1971.07217
G0 F1920 X41.11 Y57.54
G0 X41.558 Y57.54
G0 X41.558 Y57.575
M204 S2000
M205 X30 Y30
G0 F3600 X42.058 Y57.063
M204 S500
M205 X10 Y10
G1 F2400 X43.124 Y57.037 E1971.11835
G1 X46.5 Y57.04 E1971.26455
G1 X46.5 Y56.65 E1971.28144
G1 X48.808 Y56.65 E1971.38139
G1 X48.809 Y63.07 E1971.65941
G1 X40.61 Y63.07 E1972.01448
G1 X40.61 Y57.04 E1972.27561
G1 X41.569 Y57.04 E1972.31714
G0 F1920 X42.058 Y57.04
G0 X42.058 Y57.063
M204 S2000
M205 X30 Y30
G0 F3600 X42.558 Y56.551
M204 S500
M205 X10 Y10
;TYPE:WALL-OUTER
G1 F1200 X43.624 Y56.525 E1972.36332
G1 X43.624 Y56.54 E1972.36397
G1 X46 Y56.54 E1972.46686
G1 X46 Y56.15 E1972.48375
G1 X49.308 Y56.15 E1972.62701
G1 X49.309 Y63.57 E1972.94834
G1 X40.11 Y63.57 E1973.34671
G1 X40.11 Y56.15 E1973.66803
G1 X40.825 Y56.15 E1973.699
G1 X40.829 Y56.54 E1973.71589
G1 X42.057 Y56.54 E1973.76907
G0 F960 X42.558 Y56.54
G0 X42.558 Y56.551
M204 S2000
M205 X30 Y30
G0 F3600 X42.808 Y56.545
G0 X42.826 Y57.295
G1 F2700 E1969.76907
G0 F3600 X49.058 Y59.33
G0 X50.223 Y59.329
G0 X71.773 Y59.33
G0 X73.208 Y59.33
G0 X73.887 Y59.327
M204 S500
M205 X10 Y10
;TYPE:FILL
G1 F2700 E1973.76907
G1 F2400 X76.928 Y62.369 E1973.95534
G1 X77.14 Y62.581
M204 S2000
M205 X30 Y30
G0 F3600 X74.571 Y62.369
M204 S500
M205 X10 Y10
G1 F2400 X73.887 Y61.685 E1973.99723
M204 S2000
M205 X30 Y30
G0 F3600 X74.266 Y57.349
M204 S500
M205 X10 Y10
G1 F2400 X79.286 Y62.369 E1974.30467
G1 X79.498 Y62.581
M204 S2000
M205 X30 Y30
G0 F3600 X79.609 Y60.335
M204 S500
M205 X10 Y10
G1 F2400 X76.624 Y57.349 E1974.48752
G1 X76.412 Y57.137
M204 S2000
M205 X30 Y30
G0 F3600 X78.981 Y57.349
M204 S500
M205 X10 Y10
G1 F2400 X79.609 Y57.977 E1974.52598
M204 S2000
M205 X30 Y30
G0 F3600 X79.81 Y62.57
M204 S500
M205 X10 Y10
;TYPE:WALL-INNER
G1 F2400 X73.688 Y62.57 E1974.79109
G1 X73.688 Y57.15 E1975.02581
G1 X79.81 Y57.15 E1975.29093
G1 X79.81 Y62.058 E1975.50347
G0 F1920 X79.81 Y62.57
M204 S2000
M205 X30 Y30
G0 F3600 X80.31 Y63.07
M204 S500
M205 X10 Y10
G1 F2400 X73.188 Y63.07 E1975.8119
G1 X73.188 Y56.65 E1976.08992
G1 X80.31 Y56.65 E1976.39834
G1 X80.31 Y62.558 E1976.65419
G0 F1920 X80.31 Y63.07
M204 S2000
M205 X30 Y30
G0 F3600 X80.81 Y63.57
M204 S500
M205 X10 Y10
;TYPE:WALL-OUTER
G1 F1200 X72.688 Y63.57 E1977.00592
G1 X72.688 Y56.15 E1977.32725
G1 X80.81 Y56.15 E1977.67898
G1 X80.81 Y63.058 E1977.97814
G0 F960 X80.81 Y63.57
M204 S2000
M205 X30 Y30
G0 F3600 X80.56 Y63.57
G0 X79.81 Y62.717
G1 F2700 E1973.97814
;MESH:NONMESH
G0 F600 X79.81 Y62.717 Z47.55
G0 F3600 X73.208 Y57.738
G0 X71.773 Y57.738
G0 X50.223 Y57.74
G0 X49.058 Y57.741
G0 X41.458 Y57.738
;TIME_ELAPSED:2396.635548
;LAYER:189
M204 S500
M205 X10 Y10
;TYPE:FILL
;MESH:PLATempTower
G1 F2700 E1977.97814
G1 F2400 X41.309 Y57.887 E1977.98726
M204 S2000
M205 X30 Y30
G0 F3600 X41.309 Y60.244
M204 S500
M205 X10 Y10
G1 F2400 X43.815 Y57.738 E1978.14074
G1 X44.027 Y57.526
M204 S2000
M205 X30 Y30
G0 F3600 X46.173 Y57.738
M204 S500
M205 X10 Y10
G1 F2400 X41.542 Y62.369 E1978.42436
G1 X41.33 Y62.581
M204 S2000
M205 X30 Y30
G0 F3600 X43.9 Y62.369
M204 S500
M205 X10 Y10
G1 F2400 X48.357 Y57.912 E1978.69732
G1 X48.569 Y57.7
M204 S2000
M205 X30 Y30
G0 F3600 X48.358 Y60.268
M204 S500
M205 X10 Y10
G1 F2400 X46.257 Y62.369 E1978.82599
G1 X46.045 Y62.581
M204 S2000
M205 X30 Y30
G0 F3600 X47.924 Y57.54
M204 S500
M205 X10 Y10
;TYPE:WALL-INNER
G1 F2400 X47.924 Y57.15 E1978.84288
G1 X48.558 Y57.15 E1978.87034
G1 X48.559 Y62.57 E1979.10505
G1 X41.11 Y62.57 E1979.42764
G1 X41.11 Y57.54 E1979.64547
G1 X47.412 Y57.54 E1979.91838
G0 F1920 X47.924 Y57.54
M204 S2000
M205 X30 Y30
G0 F3600 X47.424 Y57.04
M204 S500
M205 X10 Y10
G1 F2400 X47.424 Y56.65 E1979.93527
G1 X49.058 Y56.65 E1980.00603
G1 X49.059 Y63.07 E1980.28405
G1 X40.61 Y63.07 E1980.64994
G1 X40.61 Y56.65 E1980.92797
G1 X40.737 Y56.65 E1980.93347
G1 X40.738 Y57.04 E1980.95036
G1 X46.912 Y57.04 E1981.21773
G0 F1920 X47.424 Y57.04
M204 S2000
M205 X30 Y30
G0 F3600 X46.924 Y56.54
M204 S500
M205 X10 Y10
;TYPE:WALL-OUTER
G1 F1200 X46.924 Y56.15 E1981.23461
G1 X49.558 Y56.15 E1981.34868
G1 X49.559 Y63.57 E1981.67001
G1 X40.11 Y63.57 E1982.07921
G1 X40.11 Y56.15 E1982.40053
G1 X41.236 Y56.15 E1982.4493
G1 X41.237 Y56.54 E1982.46619
G1 X46.412 Y56.54 E1982.69029
G0 F960 X46.924 Y56.54
M204 S2000
M205 X30 Y30
G0 F3600 X46.924 Y56.29
G0 X47.924 Y57.003
G1 F2700 E1978.69029
G0 F3600 X49.058 Y58.49
G0 X50.473 Y58.489
G0 X71.6 Y58.49
G0 X73.035 Y58.49
G0 X73.714 Y58.487
M204 S500
M205 X10 Y10
;TYPE:FILL
G1 F2700 E1982.69029
G1 F2400 X74.852 Y57.349 E1982.75999
G1 X75.064 Y57.137
M204 S2000
M205 X30 Y30
G0 F3600 X77.209 Y57.349
M204 S500
M205 X10 Y10
G1 F2400 X73.714 Y60.845 E1982.97407
G1 X73.502 Y61.057
M204 S2000
M205 X30 Y30
G0 F3600 X74.546 Y62.37
M204 S500
M205 X10 Y10
G1 F2400 X79.567 Y57.349 E1983.28157
G1 X79.779 Y57.137
M204 S2000
M205 X30 Y30
G0 F3600 X79.609 Y59.664
M204 S500
M205 X10 Y10
G1 F2400 X76.904 Y62.37 E1983.44726
G1 X76.692 Y62.582
M204 S2000
M205 X30 Y30
G0 F3600 X79.261 Y62.37
M204 S500
M205 X10 Y10
G1 F2400 X79.609 Y62.022 E1983.46858
M204 S2000
M205 X30 Y30
G0 F3600 X79.81 Y62.57
M204 S500
M205 X10 Y10
;TYPE:WALL-INNER
G1 F2400 X73.515 Y62.57 E1983.74119
G1 X73.515 Y57.15 E1983.9759
G1 X79.81 Y57.15 E1984.24851
G1 X79.81 Y62.058 E1984.46106
G0 F1920 X79.81 Y62.57
M204 S2000
M205 X30 Y30
G0 F3600 X80.31 Y63.07
M204 S500
M205 X10 Y10
G1 F2400 X73.015 Y63.07 E1984.77697
G1 X73.015 Y56.65 E1985.055
G1 X80.31 Y56.65 E1985.37091
G1 X80.31 Y62.558 E1985.62676
G0 F1920 X80.31 Y63.07
M204 S2000
M205 X30 Y30
G0 F3600 X80.81 Y63.57
M204 S500
M205 X10 Y10
;TYPE:WALL-OUTER
G1 F1200 X72.515 Y63.57 E1985.98598
G1 X72.515 Y56.15 E1986.30731
G1 X80.81 Y56.15 E1986.66653
G1 X80.81 Y63.058 E1986.96569
G0 F960 X80.81 Y63.57
M204 S2000
M205 X30 Y30
G0 F3600 X80.56 Y63.57
G0 X79.81 Y62.717
G1 F2700 E1982.96569
;MESH:NONMESH
G0 F600 X79.81 Y62.717 Z47.8
G0 F3600 X73.035 Y57.751
G0 X71.6 Y57.751
G0 X50.473 Y57.753
G0 X49.058 Y57.754
G0 X41.663 Y57.751
;TIME_ELAPSED:2407.645052
;LAYER:190
M204 S500
M205 X10 Y10
;TYPE:FILL
;MESH:PLATempTower
G1 F2700 E1986.96569
G1 F2400 X46.28 Y62.368 E1987.24845
G1 X46.492 Y62.58
M204 S2000
M205 X30 Y30
G0 F3600 X48.609 Y62.339
M204 S500
M205 X10 Y10
G1 F2400 X44.007 Y57.738 E1987.53026
G1 X43.795 Y57.526
M204 S2000
M205 X30 Y30
G0 F3600 X46.366 Y57.739
M204 S500
M205 X10 Y10
G1 F2400 X48.609 Y59.982 E1987.66763
G1 X48.821 Y60.194
M204 S2000
M205 X30 Y30
G0 F3600 X48.608 Y57.624
M204 S500
M205 X10 Y10
G1 F2400 X48.333 Y57.349 E1987.68447
M204 S2000
M205 X30 Y30
G0 F3600 X43.923 Y62.368
M204 S500
M205 X10 Y10
G1 F2400 X41.309 Y59.755 E1987.84453
G1 X41.097 Y59.543
M204 S2000
M205 X30 Y30
G0 F3600 X41.309 Y62.112
M204 S500
M205 X10 Y10
G1 F2400 X41.565 Y62.368 E1987.86021
M204 S2000
M205 X30 Y30
G0 F3600 X47.924 Y57.54
M204 S500
M205 X10 Y10
;TYPE:WALL-INNER
G1 F2400 X47.924 Y57.15 E1987.8771
G1 X48.808 Y57.15 E1987.91538
G1 X48.809 Y62.57 E1988.1501
G1 X41.11 Y62.57 E1988.48351
G1 X41.11 Y57.577 E1988.69974
G1 X41.966 Y57.538 E1988.73684
G1 X47.412 Y57.54 E1988.97269
G0 F1920 X47.924 Y57.54
M204 S2000
M205 X30 Y30
G0 F3600 X40.953 Y57.084
M204 S500
M205 X10 Y10
G1 F2400 X42.445 Y57.016 E1989.03737
G1 X42.446 Y57.04 E1989.03841
G1 X47.424 Y57.04 E1989.25398
G1 X47.424 Y56.65 E1989.27087
G1 X49.308 Y56.65 E1989.35246
G1 X49.309 Y63.07 E1989.63048
G1 X40.61 Y63.07 E1990.0072
G1 X40.61 Y56.65 E1990.28522
G1 X40.876 Y56.65 E1990.29674
G0 F1920 X40.954 Y56.65
G0 X40.953 Y57.084
M204 S2000
M205 X30 Y30
G0 F3600 X41.454 Y56.561
M204 S500
M205 X10 Y10
;TYPE:WALL-OUTER
G1 F1200 X42.81 Y56.499 E1990.35553
G1 X42.81 Y56.15 E1990.37064
G1 X42.897 Y56.15 E1990.37441
G1 X42.919 Y56.54 E1990.39132
G1 X44.682 Y56.54 E1990.46767
G1 X44.682 Y56.15 E1990.48456
G1 X44.748 Y56.15 E1990.48742
G1 X44.747 Y56.54 E1990.50431
G1 X46.924 Y56.54 E1990.59858
G1 X46.924 Y56.15 E1990.61547
G1 X49.808 Y56.15 E1990.74037
G1 X49.809 Y63.57 E1991.0617
G1 X40.11 Y63.57 E1991.48172
G1 X40.11 Y56.15 E1991.80305
G1 X41.354 Y56.15 E1991.85692
G0 F960 X41.455 Y56.15
G0 X41.454 Y56.561
M204 S2000
M205 X30 Y30
G0 F3600 X41.703 Y56.55
G0 X41.735 Y57.299
G1 F2700 E1987.85692
G0 F3600 X49.558 Y58.932
G0 X50.723 Y58.931
G0 X71.375 Y58.932
G0 X72.81 Y58.932
G0 X73.488 Y58.929
M204 S500
M205 X10 Y10
;TYPE:FILL
G1 F2700 E1991.85692
G1 F2400 X76.928 Y62.369 E1992.0676
G1 X77.14 Y62.581
M204 S2000
M205 X30 Y30
G0 F3600 X74.571 Y62.369
M204 S500
M205 X10 Y10
G1 F2400 X73.488 Y61.287 E1992.13389
G1 X73.276 Y61.075
M204 S2000
M205 X30 Y30
G0 F3600 X74.266 Y57.349
M204 S500
M205 X10 Y10
G1 F2400 X79.286 Y62.369 E1992.44134
G1 X79.498 Y62.581
M204 S2000
M205 X30 Y30
G0 F3600 X79.609 Y60.335
M204 S500
M205 X10 Y10
G1 F2400 X76.624 Y57.349 E1992.62418
G1 X76.412 Y57.137
M204 S2000
M205 X30 Y30
G0 F3600 X78.981 Y57.349
M204 S500
M205 X10 Y10
G1 F2400 X79.609 Y57.977 E1992.66264
M204 S2000
M205 X30 Y30
G0 F3600 X79.81 Y62.57
M204 S500
M205 X10 Y10
;TYPE:WALL-INNER
G1 F2400 X73.29 Y62.57 E1992.94499
G1 X73.29 Y57.15 E1993.17971
G1 X79.81 Y57.15 E1993.46206
G1 X79.81 Y62.058 E1993.67461
G0 F1920 X79.81 Y62.57
M204 S2000
M205 X30 Y30
G0 F3600 X80.31 Y63.07
M204 S500
M205 X10 Y10
G1 F2400 X72.79 Y63.07 E1994.00027
G1 X72.79 Y56.65 E1994.27829
G1 X80.31 Y56.65 E1994.60395
G1 X80.31 Y62.558 E1994.8598
G0 F1920 X80.31 Y63.07
M204 S2000
M205 X30 Y30
G0 F3600 X80.81 Y63.57
M204 S500
M205 X10 Y10
;TYPE:WALL-OUTER
G1 F1200 X72.29 Y63.57 E1995.22876
G1 X72.29 Y56.15 E1995.55009
G1 X80.81 Y56.15 E1995.91906
G1 X80.81 Y63.058 E1996.21821
G0 F960 X80.81 Y63.57
M204 S2000
M205 X30 Y30
G0 F3600 X80.56 Y63.57
G0 X79.81 Y62.717
G1 F2700 E1992.21821
;MESH:NONMESH
G0 F600 X79.81 Y62.717 Z48.05
G0 F3600 X72.81 Y57.349
G0 X71.375 Y57.349
G0 X50.723 Y57.351
G0 X49.558 Y57.352
G0 X41.847 Y57.349
;TIME_ELAPSED:2419.548847
;LAYER:191
M204 S500
M205 X10 Y10
;TYPE:FILL
;MESH:PLATempTower
G1 F2700 E1996.21821
G1 F2400 X41.31 Y57.886 E1996.2511
M204 S2000
M205 X30 Y30
G0 F3600 X41.31 Y60.244
M204 S500
M205 X10 Y10
G1 F2400 X44.205 Y57.349 E1996.4284
G1 X44.417 Y57.137
M204 S2000
M205 X30 Y30
G0 F3600 X46.562 Y57.349
M204 S500
M205 X10 Y10
G1 F2400 X41.543 Y62.368 E1996.73578
G1 X41.331 Y62.58
M204 S2000
M205 X30 Y30
G0 F3600 X43.9 Y62.368
M204 S500
M205 X10 Y10
G1 F2400 X48.858 Y57.41 E1997.03943
G1 X49.07 Y57.198
M204 S2000
M205 X30 Y30
G0 F3600 X48.858 Y59.768
M204 S500
M205 X10 Y10
G1 F2400 X46.258 Y62.368 E1997.19866
G1 X46.046 Y62.58
M204 S2000
M205 X30 Y30
G0 F3600 X48.615 Y62.368
M204 S500
M205 X10 Y10
G1 F2400 X48.858 Y62.125 E1997.21354
M204 S2000
M205 X30 Y30
G0 F3600 X49.059 Y62.57
M204 S500
M205 X10 Y10
;TYPE:WALL-INNER
G1 F2400 X41.11 Y62.57 E1997.55778
G1 X41.11 Y57.15 E1997.7925
G1 X49.059 Y57.15 E1998.13674
G1 X49.059 Y62.058 E1998.34928
G0 F1920 X49.059 Y62.57
M204 S2000
M205 X30 Y30
G0 F3600 X49.559 Y63.07
M204 S500
M205 X10 Y10
G1 F2400 X40.61 Y63.07 E1998.73682
G1 X40.61 Y56.65 E1999.01485
G1 X49.559 Y56.65 E1999.40239
G1 X49.559 Y62.558 E1999.65824
G0 F1920 X49.559 Y63.07
M204 S2000
M205 X30 Y30
G0 F3600 X50.059 Y63.57
M204 S500
M205 X10 Y10
;TYPE:WALL-OUTER
G1 F1200 X40.11 Y63.57 E2000.08909
G1 X40.11 Y56.15 E2000.41042
G1 X50.059 Y56.15 E2000.84127
G1 X50.059 Y63.058 E2001.14042
G0 F960 X50.059 Y63.57
M204 S2000
M205 X30 Y30
G0 F3600 X49.809 Y63.57
G0 X49.059 Y62.717
G1 F2700 E1997.14042
G0 F3600 X49.539 Y61.295
G0 X50.974 Y61.295
G0 X71.15 Y61.295
G0 X72.585 Y61.295
G0 X73.264 Y61.295
M204 S500
M205 X10 Y10
;TYPE:FILL
G1 F2700 E2001.14042
G1 F2400 X77.209 Y57.349 E2001.38206
G1 X77.421 Y57.137
M204 S2000
M205 X30 Y30
G0 F3600 X74.852 Y57.349
M204 S500
M205 X10 Y10
G1 F2400 X73.264 Y58.938 E2001.47934
G1 X73.052 Y59.15
M204 S2000
M205 X30 Y30
G0 F3600 X74.546 Y62.37
M204 S500
M205 X10 Y10
G1 F2400 X79.567 Y57.349 E2001.78685
G1 X79.779 Y57.137
M204 S2000
M205 X30 Y30
G0 F3600 X79.609 Y59.664
M204 S500
M205 X10 Y10
G1 F2400 X76.904 Y62.37 E2001.95254
G1 X76.692 Y62.582
M204 S2000
M205 X30 Y30
G0 F3600 X79.261 Y62.37
M204 S500
M205 X10 Y10
G1 F2400 X79.609 Y62.022 E2001.97385
M204 S2000
M205 X30 Y30
G0 F3600 X79.81 Y62.57
M204 S500
M205 X10 Y10
;TYPE:WALL-INNER
G1 F2400 X73.065 Y62.57 E2002.26595
G1 X73.065 Y57.15 E2002.50067
G1 X79.81 Y57.15 E2002.79277
G1 X79.81 Y62.058 E2003.00531
G0 F1920 X79.81 Y62.57
M204 S2000
M205 X30 Y30
G0 F3600 X80.31 Y63.07
M204 S500
M205 X10 Y10
G1 F2400 X72.565 Y63.07 E2003.34071
G1 X72.565 Y56.65 E2003.61874
G1 X80.31 Y56.65 E2003.95414
G1 X80.31 Y62.558 E2004.20999
G0 F1920 X80.31 Y63.07
M204 S2000
M205 X30 Y30
G0 F3600 X80.81 Y63.57
M204 S500
M205 X10 Y10
;TYPE:WALL-OUTER
G1 F1200 X72.065 Y63.57 E2004.5887
G1 X72.065 Y56.15 E2004.91003
G1 X80.81 Y56.15 E2005.28874
G1 X80.81 Y63.058 E2005.58789
G0 F960 X80.81 Y63.57
M204 S2000
M205 X30 Y30
G0 F3600 X80.56 Y63.57
G0 X79.81 Y62.717
G1 F2700 E2001.58789
;MESH:NONMESH
G0 F600 X79.81 Y62.717 Z48.3
G0 F3600 X72.585 Y57.397
G0 X71.15 Y57.397
G0 X50.974 Y57.397
G0 X49.539 Y57.397
G0 X41.309 Y57.397
;TIME_ELAPSED:2430.607114
;LAYER:192
M204 S500
M205 X10 Y10
;TYPE:FILL
;MESH:PLATempTower
G1 F2700 E2005.58789
G1 F2400 X46.28 Y62.368 E2005.89233
G1 X46.492 Y62.58
M204 S2000
M205 X30 Y30
G0 F3600 X43.923 Y62.368
M204 S500
M205 X10 Y10
G1 F2400 X41.309 Y59.755 E2006.05239
G1 X41.097 Y59.543
M204 S2000
M205 X30 Y30
G0 F3600 X41.309 Y62.112
M204 S500
M205 X10 Y10
G1 F2400 X41.565 Y62.368 E2006.06807
M204 S2000
M205 X30 Y30
G0 F3600 X43.618 Y57.349
M204 S500
M205 X10 Y10
G1 F2400 X48.638 Y62.368 E2006.37548
G1 X48.85 Y62.58
M204 S2000
M205 X30 Y30
G0 F3600 X49.109 Y60.482
M204 S500
M205 X10 Y10
G1 F2400 X45.976 Y57.349 E2006.56736
G1 X45.764 Y57.137
M204 S2000
M205 X30 Y30
G0 F3600 X48.333 Y57.349
M204 S500
M205 X10 Y10
G1 F2400 X49.109 Y58.124 E2006.61485
G1 X49.321 Y58.336
M204 S2000
M205 X30 Y30
G0 F3600 X49.309 Y62.57
M204 S500
M205 X10 Y10
;TYPE:WALL-INNER
G1 F2400 X41.11 Y62.57 E2006.96992
G1 X41.11 Y57.15 E2007.20463
G1 X49.309 Y57.15 E2007.5597
G1 X49.309 Y62.058 E2007.77224
G0 F1920 X49.309 Y62.57
M204 S2000
M205 X30 Y30
G0 F3600 X49.809 Y63.07
M204 S500
M205 X10 Y10
G1 F2400 X40.61 Y63.07 E2008.17061
G1 X40.61 Y56.65 E2008.44864
G1 X49.809 Y56.65 E2008.847
G1 X49.809 Y62.558 E2009.10285
G0 F1920 X49.809 Y63.07
M204 S2000
M205 X30 Y30
G0 F3600 X50.309 Y63.57
M204 S500
M205 X10 Y10
;TYPE:WALL-OUTER
G1 F1200 X40.11 Y63.57 E2009.54453
G1 X40.11 Y56.15 E2009.86586
G1 X50.309 Y56.15 E2010.30753
G1 X50.309 Y63.058 E2010.60669
G0 F960 X50.309 Y63.57
M204 S2000
M205 X30 Y30
G0 F3600 X50.059 Y63.57
G0 X49.309 Y62.717
G1 F2700 E2006.60669
G0 F3600 X49.789 Y60.807
G0 X51.224 Y60.807
G0 X70.896 Y60.805
G0 X72.311 Y60.804
G0 X73.009 Y60.807
M204 S500
M205 X10 Y10
;TYPE:FILL
G1 F2700 E2010.60669
G1 F2400 X74.571 Y62.369 E2010.70235
G1 X74.783 Y62.581
M204 S2000
M205 X30 Y30
G0 F3600 X76.928 Y62.369
M204 S500
M205 X10 Y10
G1 F2400 X73.009 Y58.45 E2010.94237
G1 X72.797 Y58.238
M204 S2000
M205 X30 Y30
G0 F3600 X74.266 Y57.349
M204 S500
M205 X10 Y10
G1 F2400 X79.286 Y62.369 E2011.24981
G1 X79.498 Y62.581
M204 S2000
M205 X30 Y30
G0 F3600 X79.609 Y60.335
M204 S500
M205 X10 Y10
G1 F2400 X76.624 Y57.349 E2011.43265
G1 X76.412 Y57.137
M204 S2000
M205 X30 Y30
G0 F3600 X78.981 Y57.349
M204 S500
M205 X10 Y10
G1 F2400 X79.609 Y57.977 E2011.47111
M204 S2000
M205 X30 Y30
G0 F3600 X79.81 Y62.57
M204 S500
M205 X10 Y10
;TYPE:WALL-INNER
G1 F2400 X72.811 Y62.57 E2011.77421
G1 X72.81 Y57.15 E2012.00893
G1 X79.81 Y57.15 E2012.31207
G1 X79.81 Y62.058 E2012.52461
G0 F1920 X79.81 Y62.57
M204 S2000
M205 X30 Y30
G0 F3600 X80.31 Y63.07
M204 S500
M205 X10 Y10
G1 F2400 X72.311 Y63.07 E2012.87101
G1 X72.31 Y56.65 E2013.14904
G1 X80.31 Y56.65 E2013.49548
G1 X80.31 Y62.558 E2013.75133
G0 F1920 X80.31 Y63.07
M204 S2000
M205 X30 Y30
G0 F3600 X80.81 Y63.57
M204 S500
M205 X10 Y10
;TYPE:WALL-OUTER
G1 F1200 X71.811 Y63.57 E2014.14104
G1 X71.81 Y56.15 E2014.46237
G1 X80.81 Y56.15 E2014.85212
G1 X80.81 Y63.058 E2015.15128
G0 F960 X80.81 Y63.57
M204 S2000
M205 X30 Y30
G0 F3600 X80.56 Y63.57
G0 X79.81 Y62.717
G1 F2700 E2011.15128
;MESH:NONMESH
G0 F600 X79.81 Y62.717 Z48.55
G0 F3600 X72.311 Y57.345
G0 X70.896 Y57.346
G0 X51.224 Y57.345
G0 X49.789 Y57.345
G0 X41.847 Y57.349
;TIME_ELAPSED:2441.953923
;LAYER:193
M204 S500
M205 X10 Y10
;TYPE:FILL
;MESH:PLATempTower
G1 F2700 E2015.15128
G1 F2400 X41.31 Y57.886 E2015.18416
M204 S2000
M205 X30 Y30
G0 F3600 X41.31 Y60.244
M204 S500
M205 X10 Y10
G1 F2400 X44.205 Y57.349 E2015.36146
G1 X44.417 Y57.137
M204 S2000
M205 X30 Y30
G0 F3600 X46.562 Y57.349
M204 S500
M205 X10 Y10
G1 F2400 X41.542 Y62.369 E2015.66891
G1 X41.33 Y62.581
M204 S2000
M205 X30 Y30
G0 F3600 X43.9 Y62.369
M204 S500
M205 X10 Y10
G1 F2400 X48.92 Y57.349 E2015.97635
G1 X49.132 Y57.137
M204 S2000
M205 X30 Y30
G0 F3600 X49.358 Y59.268
M204 S500
M205 X10 Y10
G1 F2400 X46.257 Y62.369 E2016.16627
G1 X46.045 Y62.581
M204 S2000
M205 X30 Y30
G0 F3600 X48.615 Y62.369
M204 S500
M205 X10 Y10
G1 F2400 X49.358 Y61.625 E2016.2118
G1 X49.57 Y61.413
M204 S2000
M205 X30 Y30
G0 F3600 X49.559 Y62.57
M204 S500
M205 X10 Y10
;TYPE:WALL-INNER
G1 F2400 X41.11 Y62.57 E2016.57769
G1 X41.11 Y57.15 E2016.81241
G1 X49.559 Y57.15 E2017.1783
G1 X49.559 Y62.058 E2017.39084
G0 F1920 X49.559 Y62.57
M204 S2000
M205 X30 Y30
G0 F3600 X50.059 Y63.07
M204 S500
M205 X10 Y10
G1 F2400 X40.61 Y63.07 E2017.80004
G1 X40.61 Y56.65 E2018.07806
G1 X50.059 Y56.65 E2018.48726
G1 X50.059 Y62.558 E2018.74311
G0 F1920 X50.059 Y63.07
M204 S2000
M205 X30 Y30
G0 F3600 X50.559 Y63.57
M204 S500
M205 X10 Y10
;TYPE:WALL-OUTER
G1 F1200 X40.11 Y63.57 E2019.19561
G1 X40.11 Y56.15 E2019.51694
G1 X50.559 Y56.15 E2019.96944
G1 X50.559 Y63.058 E2020.2686
G0 F960 X50.559 Y63.57
M204 S2000
M205 X30 Y30
G0 F3600 X50.309 Y63.57
G0 X49.559 Y62.717
G1 F2700 E2016.2686
G0 F3600 X50.039 Y61.894
G0 X51.474 Y61.894
G0 X70.551 Y61.892
G0 X71.966 Y61.891
G0 X72.665 Y61.894
M204 S500
M205 X10 Y10
;TYPE:FILL
G1 F2700 E2020.2686
G1 F2400 X77.209 Y57.349 E2020.54692
G1 X77.421 Y57.137
M204 S2000
M205 X30 Y30
G0 F3600 X74.852 Y57.349
M204 S500
M205 X10 Y10
G1 F2400 X72.665 Y59.536 E2020.68086
G1 X72.453 Y59.748
M204 S2000
M205 X30 Y30
G0 F3600 X74.546 Y62.37
M204 S500
M205 X10 Y10
G1 F2400 X79.567 Y57.349 E2020.98836
G1 X79.779 Y57.137
M204 S2000
M205 X30 Y30
G0 F3600 X79.609 Y59.664
M204 S500
M205 X10 Y10
G1 F2400 X76.904 Y62.37 E2021.15405
G1 X76.692 Y62.582
M204 S2000
M205 X30 Y30
G0 F3600 X79.261 Y62.37
M204 S500
M205 X10 Y10
G1 F2400 X79.609 Y62.022 E2021.17537
M204 S2000
M205 X30 Y30
G0 F3600 X79.81 Y62.57
M204 S500
M205 X10 Y10
;TYPE:WALL-INNER
G1 F2400 X72.466 Y62.57 E2021.4934
G1 X72.465 Y57.15 E2021.72812
G1 X79.81 Y57.15 E2022.0462
G1 X79.81 Y62.058 E2022.25875
G0 F1920 X79.81 Y62.57
M204 S2000
M205 X30 Y30
G0 F3600 X80.31 Y63.07
M204 S500
M205 X10 Y10
G1 F2400 X71.966 Y63.07 E2022.62009
G1 X71.965 Y56.65 E2022.89811
G1 X80.31 Y56.65 E2023.2595
G1 X80.31 Y62.558 E2023.51535
G0 F1920 X80.31 Y63.07
M204 S2000
M205 X30 Y30
G0 F3600 X80.81 Y63.57
M204 S500
M205 X10 Y10
;TYPE:WALL-OUTER
G1 F1200 X71.466 Y63.57 E2023.92
G1 X71.465 Y56.15 E2024.24133
G1 X80.81 Y56.15 E2024.64602
G1 X80.81 Y63.058 E2024.94518
G0 F960 X80.81 Y63.57
M204 S2000
M205 X30 Y30
G0 F3600 X80.56 Y63.57
G0 X79.81 Y62.717
G1 F2700 E2020.94518
;MESH:NONMESH
G0 F600 X79.81 Y62.717 Z48.8
G0 F3600 X71.966 Y57.393
G0 X70.551 Y57.394
G0 X51.474 Y57.393
G0 X50.039 Y57.393
G0 X41.309 Y57.397
;TIME_ELAPSED:2453.309506
;LAYER:194
M204 S500
M205 X10 Y10
;TYPE:FILL
;MESH:PLATempTower
G1 F2700 E2024.94518
G1 F2400 X46.28 Y62.368 E2025.24962
G1 X46.492 Y62.58
M204 S2000
M205 X30 Y30
G0 F3600 X43.923 Y62.368
M204 S500
M205 X10 Y10
G1 F2400 X41.309 Y59.755 E2025.40968
G1 X41.097 Y59.543
M204 S2000
M205 X30 Y30
G0 F3600 X41.309 Y62.112
M204 S500
M205 X10 Y10
G1 F2400 X41.565 Y62.368 E2025.42536
M204 S2000
M205 X30 Y30
G0 F3600 X43.618 Y57.349
M204 S500
M205 X10 Y10
G1 F2400 X48.638 Y62.368 E2025.73277
G1 X48.85 Y62.58
M204 S2000
M205 X30 Y30
G0 F3600 X49.609 Y60.982
M204 S500
M205 X10 Y10
G1 F2400 X45.976 Y57.349 E2025.95527
G1 X45.764 Y57.137
M204 S2000
M205 X30 Y30
G0 F3600 X48.333 Y57.349
M204 S500
M205 X10 Y10
G1 F2400 X49.609 Y58.624 E2026.03338
G1 X49.821 Y58.836
M204 S2000
M205 X30 Y30
G0 F3600 X49.809 Y62.57
M204 S500
M205 X10 Y10
;TYPE:WALL-INNER
G1 F2400 X41.11 Y62.57 E2026.4101
G1 X41.11 Y57.15 E2026.64481
G1 X49.809 Y57.15 E2027.02153
G1 X49.809 Y62.058 E2027.23408
G0 F1920 X49.809 Y62.57
M204 S2000
M205 X30 Y30
G0 F3600 X50.309 Y63.07
M204 S500
M205 X10 Y10
G1 F2400 X40.61 Y63.07 E2027.6541
G1 X40.61 Y56.65 E2027.93212
G1 X50.309 Y56.65 E2028.35214
G1 X50.309 Y62.558 E2028.60799
G0 F1920 X50.309 Y63.07
M204 S2000
M205 X30 Y30
G0 F3600 X50.809 Y63.57
M204 S500
M205 X10 Y10
;TYPE:WALL-OUTER
G1 F1200 X40.11 Y63.57 E2029.07132
G1 X40.11 Y56.15 E2029.39265
G1 X50.809 Y56.15 E2029.85598
G1 X50.809 Y63.058 E2030.15513
G0 F960 X50.809 Y63.57
M204 S2000
M205 X30 Y30
G0 F3600 X50.559 Y63.57
G0 X49.809 Y62.717
G1 F2700 E2026.15513
G0 F3600 X50.289 Y60.118
G0 X51.724 Y60.118
G0 X70.207 Y60.116
G0 X71.622 Y60.115
G0 X72.32 Y60.118
M204 S500
M205 X10 Y10
;TYPE:FILL
G1 F2700 E2030.15513
G1 F2400 X74.571 Y62.369 E2030.29299
G1 X74.783 Y62.581
M204 S2000
M205 X30 Y30
G0 F3600 X76.928 Y62.369
M204 S500
M205 X10 Y10
G1 F2400 X72.32 Y57.761 E2030.5752
G1 X72.108 Y57.549
M204 S2000
M205 X30 Y30
G0 F3600 X74.266 Y57.349
M204 S500
M205 X10 Y10
G1 F2400 X79.286 Y62.369 E2030.88265
G1 X79.498 Y62.581
M204 S2000
M205 X30 Y30
G0 F3600 X79.609 Y60.335
M204 S500
M205 X10 Y10
G1 F2400 X76.624 Y57.349 E2031.06549
G1 X76.412 Y57.137
M204 S2000
M205 X30 Y30
G0 F3600 X78.981 Y57.349
M204 S500
M205 X10 Y10
G1 F2400 X79.609 Y57.977 E2031.10395
M204 S2000
M205 X30 Y30
G0 F3600 X79.81 Y62.57
M204 S500
M205 X10 Y10
;TYPE:WALL-INNER
G1 F2400 X72.122 Y62.57 E2031.43688
G1 X72.121 Y57.15 E2031.6716
G1 X79.81 Y57.15 E2032.00458
G1 X79.81 Y62.058 E2032.21712
G0 F1920 X79.81 Y62.57
M204 S2000
M205 X30 Y30
G0 F3600 X80.31 Y63.07
M204 S500
M205 X10 Y10
G1 F2400 X71.622 Y63.07 E2032.59336
G1 X71.621 Y56.65 E2032.87139
G1 X80.31 Y56.65 E2033.24767
G1 X80.31 Y62.558 E2033.50352
G0 F1920 X80.31 Y63.07
M204 S2000
M205 X30 Y30
G0 F3600 X80.81 Y63.57
M204 S500
M205 X10 Y10
;TYPE:WALL-OUTER
G1 F1200 X71.122 Y63.57 E2033.92307
G1 X71.121 Y56.15 E2034.2444
G1 X80.81 Y56.15 E2034.66398
G1 X80.81 Y63.058 E2034.96314
G0 F960 X80.81 Y63.57
M204 S2000
M205 X30 Y30
G0 F3600 X80.56 Y63.57
G0 X79.81 Y62.717
G1 F2700 E2030.96314
;MESH:NONMESH
G0 F600 X79.81 Y62.717 Z49.05
G0 F3600 X71.622 Y57.345
G0 X70.207 Y57.346
G0 X51.724 Y57.345
G0 X50.289 Y57.345
G0 X41.847 Y57.349
;TIME_ELAPSED:2464.960732
;LAYER:195
M204 S500
M205 X10 Y10
;TYPE:FILL
;MESH:PLATempTower
G1 F2700 E2034.96314
G1 F2400 X41.31 Y57.886 E2034.99603
M204 S2000
M205 X30 Y30
G0 F3600 X41.31 Y60.244
M204 S500
M205 X10 Y10
G1 F2400 X44.205 Y57.349 E2035.17333
G1 X44.417 Y57.137
M204 S2000
M205 X30 Y30
G0 F3600 X46.562 Y57.349
M204 S500
M205 X10 Y10
G1 F2400 X41.543 Y62.368 E2035.48071
G1 X41.331 Y62.58
M204 S2000
M205 X30 Y30
G0 F3600 X43.9 Y62.368
M204 S500
M205 X10 Y10
G1 F2400 X48.92 Y57.349 E2035.78812
G1 X49.132 Y57.137
M204 S2000
M205 X30 Y30
G0 F3600 X49.858 Y58.768
M204 S500
M205 X10 Y10
G1 F2400 X46.258 Y62.368 E2036.0086
G1 X46.046 Y62.58
M204 S2000
M205 X30 Y30
G0 F3600 X48.615 Y62.368
M204 S500
M205 X10 Y10
G1 F2400 X49.858 Y61.125 E2036.08472
G1 X50.07 Y60.913
M204 S2000
M205 X30 Y30
G0 F3600 X50.059 Y62.57
M204 S500
M205 X10 Y10
;TYPE:WALL-INNER
G1 F2400 X41.11 Y62.57 E2036.47227
G1 X41.11 Y57.15 E2036.70698
G1 X50.059 Y57.15 E2037.09453
G1 X50.059 Y62.058 E2037.30707
G0 F1920 X50.059 Y62.57
M204 S2000
M205 X30 Y30
G0 F3600 X50.559 Y63.07
M204 S500
M205 X10 Y10
G1 F2400 X40.61 Y63.07 E2037.73792
G1 X40.61 Y56.65 E2038.01594
G1 X50.559 Y56.65 E2038.44679
G1 X50.559 Y62.558 E2038.70264
G0 F1920 X50.559 Y63.07
M204 S2000
M205 X30 Y30
G0 F3600 X51.059 Y63.57
M204 S500
M205 X10 Y10
;TYPE:WALL-OUTER
G1 F1200 X40.11 Y63.57 E2039.1768
G1 X40.11 Y56.15 E2039.49813
G1 X51.059 Y56.15 E2039.97228
G1 X51.059 Y63.058 E2040.27144
G0 F960 X51.059 Y63.57
M204 S2000
M205 X30 Y30
G0 F3600 X50.809 Y63.57
G0 X50.059 Y62.717
G1 F2700 E2036.27144
G0 F3600 X50.539 Y60.397
G0 X51.974 Y60.397
G0 X69.69 Y60.395
G0 X71.105 Y60.394
G0 X71.804 Y60.397
M204 S500
M205 X10 Y10
;TYPE:FILL
G1 F2700 E2040.27144
G1 F2400 X74.852 Y57.349 E2040.45811
G1 X75.064 Y57.137
M204 S2000
M205 X30 Y30
G0 F3600 X77.209 Y57.349
M204 S500
M205 X10 Y10
G1 F2400 X72.189 Y62.37 E2040.76558
G1 X71.977 Y62.582
M204 S2000
M205 X30 Y30
G0 F3600 X74.546 Y62.37
M204 S500
M205 X10 Y10
G1 F2400 X79.567 Y57.349 E2041.07308
G1 X79.779 Y57.137
M204 S2000
M205 X30 Y30
G0 F3600 X79.609 Y59.664
M204 S500
M205 X10 Y10
G1 F2400 X76.904 Y62.37 E2041.23878
G1 X76.692 Y62.582
M204 S2000
M205 X30 Y30
G0 F3600 X79.261 Y62.37
M204 S500
M205 X10 Y10
G1 F2400 X79.609 Y62.022 E2041.26009
M204 S2000
M205 X30 Y30
G0 F3600 X72.494 Y57.349
M204 S500
M205 X10 Y10
G1 F2400 X71.803 Y58.04 E2041.30241
M204 S2000
M205 X30 Y30
G0 F3600 X79.81 Y62.57
M204 S500
M205 X10 Y10
;TYPE:WALL-INNER
G1 F2400 X71.605 Y62.57 E2041.65773
G1 X71.604 Y57.15 E2041.89245
G1 X79.81 Y57.15 E2042.24782
G1 X79.81 Y62.058 E2042.46036
G0 F1920 X79.81 Y62.57
M204 S2000
M205 X30 Y30
G0 F3600 X80.31 Y63.07
M204 S500
M205 X10 Y10
G1 F2400 X71.105 Y63.07 E2042.85899
G1 X71.104 Y56.65 E2043.13701
G1 X80.31 Y56.65 E2043.53569
G1 X80.31 Y62.558 E2043.79154
G0 F1920 X80.31 Y63.07
M204 S2000
M205 X30 Y30
G0 F3600 X80.81 Y63.57
M204 S500
M205 X10 Y10
;TYPE:WALL-OUTER
G1 F1200 X70.605 Y63.57 E2044.23347
G1 X70.604 Y56.15 E2044.5548
G1 X80.81 Y56.15 E2044.99678
G1 X80.81 Y63.058 E2045.29594
G0 F960 X80.81 Y63.57
M204 S2000
M205 X30 Y30
G0 F3600 X80.56 Y63.57
G0 X79.81 Y62.717
G1 F2700 E2041.29594
;MESH:NONMESH
G0 F600 X79.81 Y62.717 Z49.3
G0 F3600 X71.105 Y57.393
G0 X69.69 Y57.394
G0 X51.974 Y57.393
G0 X50.539 Y57.393
G0 X41.309 Y57.397
;TIME_ELAPSED:2477.018106
;LAYER:196
M204 S500
M205 X10 Y10
;TYPE:FILL
;MESH:PLATempTower
G1 F2700 E2045.29594
G1 F2400 X46.13 Y62.218 E2045.59119
G1 X46.342 Y62.43
M204 S2000
M205 X30 Y30
G0 F3600 X43.923 Y62.368
M204 S500
M205 X10 Y10
G1 F2400 X41.309 Y59.755 E2045.75125
G1 X41.097 Y59.543
M204 S2000
M205 X30 Y30
G0 F3600 X41.309 Y62.112
M204 S500
M205 X10 Y10
G1 F2400 X41.565 Y62.368 E2045.76693
M204 S2000
M205 X30 Y30
G0 F3600 X46.13 Y59.86
M204 S500
M205 X10 Y10
G1 F2400 X43.618 Y57.349 E2045.92074
G1 X43.406 Y57.137
M204 S2000
M205 X30 Y30
G0 F3600 X45.976 Y57.349
M204 S500
M205 X10 Y10
G1 F2400 X46.13 Y57.503 E2045.93017
M204 S2000
M205 X30 Y30
G0 F3600 X50.309 Y62.57
M204 S500
M205 X10 Y10
;TYPE:WALL-INNER
G1 F2400 X41.11 Y62.57 E2046.32854
G1 X41.11 Y57.15 E2046.56326
G1 X50.309 Y57.15 E2046.96163
G1 X50.309 Y62.058 E2047.17417
G0 F1920 X50.309 Y62.57
M204 S2000
M205 X30 Y30
G0 F3600 X50.809 Y63.07
M204 S500
M205 X10 Y10
G1 F2400 X40.61 Y63.07 E2047.61585
G1 X40.61 Y56.65 E2047.89387
G1 X50.809 Y56.65 E2048.33555
G1 X50.809 Y62.558 E2048.5914
G0 F1920 X50.809 Y63.07
M204 S2000
M205 X30 Y30
G0 F3600 X51.309 Y63.57
M204 S500
M205 X10 Y10
;TYPE:WALL-OUTER
G1 F1200 X40.11 Y63.57 E2049.07638
G1 X40.11 Y56.15 E2049.39771
G1 X51.309 Y56.15 E2049.88269
G1 X51.309 Y63.058 E2050.18184
G0 F960 X51.309 Y63.57
M204 S2000
M205 X30 Y30
G0 F3600 X51.059 Y63.57
G0 X50.739 Y63
G0 X49.819 Y62.08
M204 S500
M205 X10 Y10
;TYPE:SKIN
G1 F1200 X46.32 Y62.08 E2050.36368
G1 X46.32 Y57.64 E2050.59443
G1 X49.819 Y57.64 E2050.77627
G1 X49.819 Y61.568 E2050.9804
G0 F960 X49.819 Y62.08
M204 S2000
M205 X30 Y30
G0 F3600 X47.004 Y61.854
M204 S500
M205 X10 Y10
G1 F1200 X46.545 Y61.394 E2051.01417
M204 S2000
M205 X30 Y30
G0 F3600 X46.545 Y60.687
M204 S500
M205 X10 Y10
G1 F1200 X47.712 Y61.854 E2051.09994
M204 S2000
M205 X30 Y30
G0 F3600 X48.419 Y61.854
M204 S500
M205 X10 Y10
G1 F1200 X46.545 Y59.98 E2051.23767
M204 S2000
M205 X30 Y30
G0 F3600 X46.545 Y59.273
M204 S500
M205 X10 Y10
G1 F1200 X49.126 Y61.854 E2051.42736
M204 S2000
M205 X30 Y30
G0 F3600 X49.594 Y61.615
M204 S500
M205 X10 Y10
G1 F1200 X46.545 Y58.566 E2051.65145
M204 S2000
M205 X30 Y30
G0 F3600 X46.55 Y57.864
M204 S500
M205 X10 Y10
G1 F1200 X49.594 Y60.908 E2051.87517
M204 S2000
M205 X30 Y30
G0 F3600 X49.594 Y60.2
M204 S500
M205 X10 Y10
G1 F1200 X47.258 Y57.864 E2052.04685
M204 S2000
M205 X30 Y30
G0 F3600 X47.965 Y57.864
M204 S500
M205 X10 Y10
G1 F1200 X49.594 Y59.493 E2052.16658
M204 S2000
M205 X30 Y30
G0 F3600 X49.594 Y58.786
M204 S500
M205 X10 Y10
G1 F1200 X48.672 Y57.864 E2052.23434
M204 S2000
M205 X30 Y30
G0 F3600 X49.379 Y57.864
M204 S500
M205 X10 Y10
G1 F1200 X49.594 Y58.079 E2052.25014
M204 S2000
M205 X30 Y30
G1 F2700 E2048.25014
G0 F3600 X50.789 Y57.872
G0 X52.224 Y57.872
G0 X69.073 Y57.87
G0 X70.488 Y57.869
G0 X74.789 Y57.872
M204 S500
M205 X10 Y10
;TYPE:FILL
G1 F2700 E2052.25014
G1 F2400 X79.286 Y62.369 E2052.52555
G1 X79.498 Y62.581
M204 S2000
M205 X30 Y30
G0 F3600 X79.609 Y60.335
M204 S500
M205 X10 Y10
G1 F2400 X76.624 Y57.35 E2052.70836
G1 X76.412 Y57.138
M204 S2000
M205 X30 Y30
G0 F3600 X78.982 Y57.35
M204 S500
M205 X10 Y10
G1 F2400 X79.609 Y57.977 E2052.74676
M204 S2000
M205 X30 Y30
G0 F3600 X76.928 Y62.369
M204 S500
M205 X10 Y10
G1 F2400 X74.789 Y60.229 E2052.87779
G1 X74.577 Y60.017
M204 S2000
M205 X30 Y30
G0 F3600 X79.81 Y62.57
M204 S500
M205 X10 Y10
;TYPE:WALL-INNER
G1 F2400 X70.988 Y62.57 E2053.25984
G1 X70.987 Y57.15 E2053.49455
G1 X79.81 Y57.15 E2053.87664
G1 X79.81 Y62.058 E2054.08919
G0 F1920 X79.81 Y62.57
M204 S2000
M205 X30 Y30
G0 F3600 X80.31 Y63.07
M204 S500
M205 X10 Y10
G1 F2400 X70.488 Y63.07 E2054.51453
G1 X70.487 Y56.65 E2054.79256
G1 X80.31 Y56.65 E2055.21795
G1 X80.31 Y62.558 E2055.4738
G0 F1920 X80.31 Y63.07
M204 S2000
M205 X30 Y30
G0 F3600 X80.81 Y63.57
M204 S500
M205 X10 Y10
;TYPE:WALL-OUTER
G1 F1200 X69.988 Y63.57 E2055.94245
G1 X69.987 Y56.15 E2056.26378
G1 X80.81 Y56.15 E2056.73248
G1 X80.81 Y63.058 E2057.03164
G0 F960 X80.81 Y63.57
M204 S2000
M205 X30 Y30
G0 F3600 X80.56 Y63.57
G0 X80.24 Y63
G0 X74.6 Y62.08
M204 S500
M205 X10 Y10
;TYPE:SKIN
G1 F600 X71.478 Y62.08 E2057.19388
G1 X71.477 Y57.64 E2057.42463
G1 X74.6 Y57.64 E2057.58693
G1 X74.6 Y61.568 E2057.79106
G0 F960 X74.6 Y62.08
M204 S2000
M205 X30 Y30
G0 F3600 X72.461 Y61.854
M204 S500
M205 X10 Y10
G1 F1200 X71.701 Y61.094 E2057.84692
M204 S2000
M205 X30 Y30
G0 F3600 X71.701 Y60.387
M204 S500
M205 X10 Y10
G1 F1200 X73.168 Y61.854 E2057.95473
M204 S2000
M205 X30 Y30
G0 F3600 X73.875 Y61.854
M204 S500
M205 X10 Y10
G1 F1200 X71.701 Y59.68 E2058.11451
M204 S2000
M205 X30 Y30
G0 F3600 X71.701 Y58.973
M204 S500
M205 X10 Y10
G1 F1200 X74.374 Y61.646 E2058.31096
M204 S2000
M205 X30 Y30
G0 F3600 X74.374 Y60.939
M204 S500
M205 X10 Y10
G1 F1200 X71.701 Y58.266 E2058.50742
M204 S2000
M205 X30 Y30
G0 F3600 X72.006 Y57.864
M204 S500
M205 X10 Y10
G1 F1200 X74.374 Y60.232 E2058.68145
M204 S2000
M205 X30 Y30
G0 F3600 X74.374 Y59.524
M204 S500
M205 X10 Y10
G1 F1200 X72.713 Y57.864 E2058.80349
M204 S2000
M205 X30 Y30
G0 F3600 X73.421 Y57.864
M204 S500
M205 X10 Y10
G1 F1200 X74.374 Y58.817 E2058.87353
M204 S2000
M205 X30 Y30
G0 F3600 X74.374 Y58.11
M204 S500
M205 X10 Y10
G1 F1200 X74.128 Y57.864 E2058.89161
M204 S2000
M205 X30 Y30
G1 F2700 E2054.89161
;MESH:NONMESH
G0 F600 X74.128 Y57.864 Z49.55
G0 F3600 X70.488 Y57.345
G0 X69.073 Y57.346
G0 X52.224 Y57.345
G0 X50.789 Y57.345
G0 X41.847 Y57.349
;TIME_ELAPSED:2493.993759
;LAYER:197
M204 S500
M205 X10 Y10
;TYPE:FILL
;MESH:PLATempTower
G1 F2700 E2058.89161
G1 F2400 X41.31 Y57.886 E2058.9245
M204 S2000
M205 X30 Y30
G0 F3600 X41.31 Y60.244
M204 S500
M205 X10 Y10
G1 F2400 X44.205 Y57.349 E2059.1018
G1 X44.417 Y57.137
M204 S2000
M205 X30 Y30
G0 F3600 X46.13 Y57.781
M204 S500
M205 X10 Y10
G1 F2400 X41.542 Y62.369 E2059.38279
G1 X41.33 Y62.581
M204 S2000
M205 X30 Y30
G0 F3600 X43.9 Y62.369
M204 S500
M205 X10 Y10
G1 F2400 X46.13 Y60.139 E2059.51936
G1 X46.342 Y59.927
M204 S2000
M205 X30 Y30
G0 F3600 X74.789 Y59.77
M204 S500
M205 X10 Y10
G1 F2400 X77.209 Y57.349 E2059.6676
G1 X77.421 Y57.137
M204 S2000
M205 X30 Y30
G0 F3600 X79.567 Y57.349
M204 S500
M205 X10 Y10
G1 F2400 X74.789 Y62.127 E2059.96022
G1 X74.577 Y62.339
M204 S2000
M205 X30 Y30
G0 F3600 X76.904 Y62.37
M204 S500
M205 X10 Y10
G1 F2400 X79.609 Y59.664 E2060.12592
G1 X79.821 Y59.452
M204 S2000
M205 X30 Y30
G0 F3600 X79.609 Y62.022
M204 S500
M205 X10 Y10
G1 F2400 X79.261 Y62.37 E2060.14723
M204 S2000
M205 X30 Y30
G0 F3600 X79.81 Y62.57
M204 S500
M205 X10 Y10
;TYPE:WALL-INNER
G1 F2400 X41.11 Y62.57 E2061.82316
G1 X41.11 Y57.15 E2062.05788
G1 X79.81 Y57.15 E2063.73381
G1 X79.81 Y62.058 E2063.94635
G0 F1920 X79.81 Y62.57
M204 S2000
M205 X30 Y30
G0 F3600 X80.31 Y63.07
M204 S500
M205 X10 Y10
G1 F2400 X40.61 Y63.07 E2065.66559
G1 X40.61 Y56.65 E2065.94361
G1 X80.31 Y56.65 E2067.66285
G1 X80.31 Y62.558 E2067.9187
G0 F1920 X80.31 Y63.07
M204 S2000
M205 X30 Y30
G0 F3600 X80.81 Y63.57
M204 S500
M205 X10 Y10
;TYPE:WALL-OUTER
G1 F1200 X40.11 Y63.57 E2069.68125
G1 X40.11 Y56.15 E2070.00257
G1 X80.81 Y56.15 E2071.76512
G1 X80.81 Y63.058 E2072.06427
G0 F960 X80.81 Y63.57
M204 S2000
M205 X30 Y30
G0 F3600 X80.56 Y63.57
G0 X80.24 Y63
G0 X74.6 Y62.08
M204 S500
M205 X10 Y10
;TYPE:SKIN
G1 F1200 X46.32 Y62.08 E2073.53396
G1 X46.32 Y57.64 E2073.7647
G1 X74.6 Y57.64 E2075.23438
G1 X74.6 Y61.568 E2075.43852
G0 F960 X74.6 Y62.08
M204 S2000
M205 X30 Y30
G0 F3600 X74.375 Y61.5
M204 S500
M205 X10 Y10
G1 F1200 X46.544 Y61.5 E2076.88486
M204 S2000
M205 X30 Y30
G0 F3600 X46.544 Y61
M204 S500
M205 X10 Y10
G1 F1200 X74.375 Y61 E2078.33121
M204 S2000
M205 X30 Y30
G0 F3600 X74.375 Y60.5
M204 S500
M205 X10 Y10
G1 F1200 X46.544 Y60.5 E2079.77756
M204 S2000
M205 X30 Y30
G0 F3600 X46.544 Y60
M204 S500
M205 X10 Y10
G1 F1200 X74.375 Y60 E2081.22391
M204 S2000
M205 X30 Y30
G0 F3600 X74.375 Y59.5
M204 S500
M205 X10 Y10
G1 F1200 X46.544 Y59.5 E2082.67026
M204 S2000
M205 X30 Y30
G0 F3600 X46.545 Y59
M204 S500
M205 X10 Y10
G1 F1200 X74.375 Y59 E2084.11655
M204 S2000
M205 X30 Y30
G0 F3600 X74.375 Y58.5
M204 S500
M205 X10 Y10
G1 F1200 X46.545 Y58.5 E2085.56285
M204 S2000
M205 X30 Y30
G0 F3600 X46.545 Y58
M204 S500
M205 X10 Y10
G1 F1200 X74.375 Y58 E2087.00914
G1 X74.675 Y58
M204 S2000
M205 X30 Y30
;MESH:NONMESH
G0 F600 X74.675 Y58 Z49.8
G0 F3600 X41.309 Y57.397
;TIME_ELAPSED:2521.468994
;LAYER:198
M204 S500
M205 X10 Y10
;TYPE:FILL
;MESH:PLATempTower
G1 F2400 X46.13 Y62.218 E2087.3044
G1 X46.342 Y62.43
M204 S2000
M205 X30 Y30
G0 F3600 X43.923 Y62.368
M204 S500
M205 X10 Y10
G1 F2400 X41.309 Y59.755 E2087.46446
G1 X41.097 Y59.543
M204 S2000
M205 X30 Y30
G0 F3600 X41.309 Y62.112
M204 S500
M205 X10 Y10
G1 F2400 X41.565 Y62.368 E2087.48014
M204 S2000
M205 X30 Y30
G0 F3600 X46.13 Y59.86
M204 S500
M205 X10 Y10
G1 F2400 X43.618 Y57.349 E2087.63395
G1 X43.406 Y57.137
M204 S2000
M205 X30 Y30
G0 F3600 X45.976 Y57.349
M204 S500
M205 X10 Y10
G1 F2400 X46.13 Y57.503 E2087.64338
M204 S2000
M205 X30 Y30
G0 F3600 X74.789 Y57.872
M204 S500
M205 X10 Y10
G1 F2400 X79.286 Y62.369 E2087.91879
G1 X79.498 Y62.581
M204 S2000
M205 X30 Y30
G0 F3600 X79.609 Y60.335
M204 S500
M205 X10 Y10
G1 F2400 X76.624 Y57.35 E2088.10161
G1 X76.412 Y57.138
M204 S2000
M205 X30 Y30
G0 F3600 X78.982 Y57.35
M204 S500
M205 X10 Y10
G1 F2400 X79.609 Y57.977 E2088.14001
M204 S2000
M205 X30 Y30
G0 F3600 X76.928 Y62.369
M204 S500
M205 X10 Y10
G1 F2400 X74.789 Y60.229 E2088.27104
G1 X74.577 Y60.017
M204 S2000
M205 X30 Y30
G0 F3600 X79.81 Y62.57
M204 S500
M205 X10 Y10
;TYPE:WALL-INNER
G1 F2400 X41.11 Y62.57 E2089.94697
G1 X41.11 Y57.15 E2090.18169
G1 X79.81 Y57.15 E2091.85762
G1 X79.81 Y62.058 E2092.07016
G0 F1920 X79.81 Y62.57
M204 S2000
M205 X30 Y30
G0 F3600 X80.31 Y63.07
M204 S500
M205 X10 Y10
G1 F2400 X40.61 Y63.07 E2093.7894
G1 X40.61 Y56.65 E2094.06742
G1 X80.31 Y56.65 E2095.78666
G1 X80.31 Y62.558 E2096.04251
G0 F1920 X80.31 Y63.07
M204 S2000
M205 X30 Y30
G0 F3600 X80.81 Y63.57
M204 S500
M205 X10 Y10
;TYPE:WALL-OUTER
G1 F1200 X40.11 Y63.57 E2097.80505
G1 X40.11 Y56.15 E2098.12638
G1 X80.81 Y56.15 E2099.88893
G1 X80.81 Y63.058 E2100.18808
G0 F960 X80.81 Y63.57
M204 S2000
M205 X30 Y30
G0 F3600 X80.56 Y63.57
G0 X80.24 Y63
G0 X74.6 Y62.08
M204 S500
M205 X10 Y10
;TYPE:SKIN
G1 F1200 X46.32 Y62.08 E2101.65776
G1 X46.32 Y57.64 E2101.88851
G1 X74.6 Y57.64 E2103.35819
G1 X74.6 Y61.568 E2103.56232
G0 F960 X74.6 Y62.08
M204 S2000
M205 X30 Y30
G0 F3600 X74.374 Y58.11
M204 S500
M205 X10 Y10
G1 F1200 X74.128 Y57.864 E2103.5804
M204 S2000
M205 X30 Y30
G0 F3600 X73.421 Y57.864
M204 S500
M205 X10 Y10
G1 F1200 X74.374 Y58.817 E2103.65044
M204 S2000
M205 X30 Y30
G0 F3600 X74.374 Y59.524
M204 S500
M205 X10 Y10
G1 F1200 X72.713 Y57.864 E2103.77248
M204 S2000
M205 X30 Y30
G0 F3600 X72.006 Y57.864
M204 S500
M205 X10 Y10
G1 F1200 X74.374 Y60.232 E2103.94652
M204 S2000
M205 X30 Y30
G0 F3600 X74.374 Y60.939
M204 S500
M205 X10 Y10
G1 F1200 X71.299 Y57.864 E2104.17252
M204 S2000
M205 X30 Y30
G0 F3600 X70.592 Y57.864
M204 S500
M205 X10 Y10
G1 F1200 X74.374 Y61.646 E2104.45048
M204 S2000
M205 X30 Y30
G0 F3600 X73.875 Y61.854
M204 S500
M205 X10 Y10
G1 F1200 X69.885 Y57.864 E2104.74372
M204 S2000
M205 X30 Y30
G0 F3600 X69.178 Y57.864
M204 S500
M205 X10 Y10
G1 F1200 X73.168 Y61.854 E2105.03697
M204 S2000
M205 X30 Y30
G0 F3600 X72.461 Y61.854
M204 S500
M205 X10 Y10
G1 F1200 X68.471 Y57.864 E2105.33021
M204 S2000
M205 X30 Y30
G0 F3600 X67.764 Y57.864
M204 S500
M205 X10 Y10
G1 F1200 X71.754 Y61.854 E2105.62346
M204 S2000
M205 X30 Y30
G0 F3600 X71.047 Y61.854
M204 S500
M205 X10 Y10
G1 F1200 X67.057 Y57.864 E2105.91671
M204 S2000
M205 X30 Y30
G0 F3600 X66.349 Y57.864
M204 S500
M205 X10 Y10
G1 F1200 X70.34 Y61.854 E2106.20999
M204 S2000
M205 X30 Y30
G0 F3600 X69.633 Y61.854
M204 S500
M205 X10 Y10
G1 F1200 X65.642 Y57.864 E2106.50327
M204 S2000
M205 X30 Y30
G0 F3600 X64.935 Y57.864
M204 S500
M205 X10 Y10
G1 F1200 X68.925 Y61.854 E2106.79652
M204 S2000
M205 X30 Y30
G0 F3600 X68.218 Y61.854
M204 S500
M205 X10 Y10
G1 F1200 X64.228 Y57.864 E2107.08976
M204 S2000
M205 X30 Y30
G0 F3600 X63.521 Y57.864
M204 S500
M205 X10 Y10
G1 F1200 X67.511 Y61.854 E2107.38301
M204 S2000
M205 X30 Y30
G0 F3600 X66.804 Y61.854
M204 S500
M205 X10 Y10
G1 F1200 X62.814 Y57.864 E2107.67625
M204 S2000
M205 X30 Y30
G0 F3600 X62.107 Y57.864
M204 S500
M205 X10 Y10
G1 F1200 X66.097 Y61.854 E2107.9695
M204 S2000
M205 X30 Y30
G0 F3600 X65.39 Y61.854
M204 S500
M205 X10 Y10
G1 F1200 X61.4 Y57.864 E2108.26275
M204 S2000
M205 X30 Y30
G0 F3600 X60.693 Y57.864
M204 S500
M205 X10 Y10
G1 F1200 X64.683 Y61.854 E2108.55599
M204 S2000
M205 X30 Y30
G0 F3600 X63.976 Y61.854
M204 S500
M205 X10 Y10
G1 F1200 X59.985 Y57.864 E2108.84927
M204 S2000
M205 X30 Y30
G0 F3600 X59.278 Y57.864
M204 S500
M205 X10 Y10
G1 F1200 X63.269 Y61.854 E2109.14256
M204 S2000
M205 X30 Y30
G0 F3600 X62.561 Y61.854
M204 S500
M205 X10 Y10
G1 F1200 X58.571 Y57.864 E2109.4358
M204 S2000
M205 X30 Y30
G0 F3600 X57.864 Y57.864
M204 S500
M205 X10 Y10
G1 F1200 X61.854 Y61.854 E2109.72905
M204 S2000
M205 X30 Y30
G0 F3600 X61.147 Y61.854
M204 S500
M205 X10 Y10
G1 F1200 X57.157 Y57.864 E2110.0223
M204 S2000
M205 X30 Y30
G0 F3600 X56.45 Y57.864
M204 S500
M205 X10 Y10
G1 F1200 X60.439 Y61.854 E2110.3155
M204 S2000
M205 X30 Y30
G0 F3600 X59.732 Y61.854
M204 S500
M205 X10 Y10
G1 F1200 X55.743 Y57.864 E2110.60871
M204 S2000
M205 X30 Y30
G0 F3600 X55.036 Y57.864
M204 S500
M205 X10 Y10
G1 F1200 X59.025 Y61.854 E2110.90192
M204 S2000
M205 X30 Y30
G0 F3600 X58.318 Y61.854
M204 S500
M205 X10 Y10
G1 F1200 X54.329 Y57.864 E2111.19513
M204 S2000
M205 X30 Y30
G0 F3600 X53.622 Y57.864
M204 S500
M205 X10 Y10
G1 F1200 X57.611 Y61.854 E2111.48834
M204 S2000
M205 X30 Y30
G0 F3600 X56.904 Y61.854
M204 S500
M205 X10 Y10
G1 F1200 X52.914 Y57.864 E2111.78159
M204 S2000
M205 X30 Y30
G0 F3600 X52.207 Y57.864
M204 S500
M205 X10 Y10
G1 F1200 X56.197 Y61.854 E2112.07483
M204 S2000
M205 X30 Y30
G0 F3600 X55.49 Y61.854
M204 S500
M205 X10 Y10
G1 F1200 X51.5 Y57.864 E2112.36808
M204 S2000
M205 X30 Y30
G0 F3600 X50.793 Y57.864
M204 S500
M205 X10 Y10
G1 F1200 X54.783 Y61.854 E2112.66132
M204 S2000
M205 X30 Y30
G0 F3600 X54.075 Y61.854
M204 S500
M205 X10 Y10
G1 F1200 X50.086 Y57.864 E2112.95453
M204 S2000
M205 X30 Y30
G0 F3600 X49.379 Y57.864
M204 S500
M205 X10 Y10
G1 F1200 X53.368 Y61.854 E2113.24774
M204 S2000
M205 X30 Y30
G0 F3600 X52.661 Y61.854
M204 S500
M205 X10 Y10
G1 F1200 X48.672 Y57.864 E2113.54095
M204 S2000
M205 X30 Y30
G0 F3600 X47.965 Y57.864
M204 S500
M205 X10 Y10
G1 F1200 X51.954 Y61.854 E2113.83416
M204 S2000
M205 X30 Y30
G0 F3600 X51.247 Y61.854
M204 S500
M205 X10 Y10
G1 F1200 X47.258 Y57.864 E2114.12737
M204 S2000
M205 X30 Y30
G0 F3600 X46.55 Y57.864
M204 S500
M205 X10 Y10
G1 F1200 X50.54 Y61.854 E2114.42062
M204 S2000
M205 X30 Y30
G0 F3600 X49.833 Y61.854
M204 S500
M205 X10 Y10
G1 F1200 X46.545 Y58.566 E2114.66227
M204 S2000
M205 X30 Y30
G0 F3600 X46.545 Y59.273
M204 S500
M205 X10 Y10
G1 F1200 X49.126 Y61.854 E2114.85196
M204 S2000
M205 X30 Y30
G0 F3600 X48.419 Y61.854
M204 S500
M205 X10 Y10
G1 F1200 X46.545 Y59.98 E2114.98969
M204 S2000
M205 X30 Y30
G0 F3600 X46.545 Y60.687
M204 S500
M205 X10 Y10
G1 F1200 X47.712 Y61.854 E2115.07546
M204 S2000
M205 X30 Y30
G0 F3600 X47.004 Y61.854
M204 S500
M205 X10 Y10
G1 F1200 X46.545 Y61.394 E2115.10923
M204 S2000
M205 X30 Y30
;MESH:NONMESH
G0 F600 X46.545 Y61.394 Z50.05
G0 F3600 X41.648 Y57.548
;TIME_ELAPSED:2550.252981
;LAYER:199
M204 S500
M205 X10 Y10
;TYPE:FILL
;MESH:PLATempTower
G1 F2400 X41.509 Y57.687 E2115.11774
M204 S2000
M205 X30 Y30
G0 F3600 X41.509 Y60.044
M204 S500
M205 X10 Y10
G1 F2400 X44.006 Y57.548 E2115.27064
G1 X44.218 Y57.336
M204 S2000
M205 X30 Y30
G0 F3600 X46.129 Y57.782
M204 S500
M205 X10 Y10
G1 F2400 X41.743 Y62.168 E2115.53925
G1 X41.531 Y62.38
M204 S2000
M205 X30 Y30
G0 F3600 X44.1 Y62.168
M204 S500
M205 X10 Y10
G1 F2400 X46.129 Y60.14 E2115.66348
G1 X46.341 Y59.928
M204 S2000
M205 X30 Y30
G0 F3600 X46.33 Y62.37
M204 S500
M205 X10 Y10
;TYPE:WALL-INNER
G1 F2400 X41.31 Y62.37 E2115.88088
G1 X41.31 Y57.35 E2116.09827
G1 X46.33 Y57.35 E2116.31567
G1 X46.33 Y61.858 E2116.51089
G0 F1920 X46.33 Y62.37
M204 S2000
M205 X30 Y30
G0 F3600 X46.83 Y62.87
M204 S500
M205 X10 Y10
G1 F2400 X40.81 Y62.87 E2116.77159
G1 X40.81 Y56.85 E2117.03229
G1 X46.83 Y56.85 E2117.29299
G1 X46.83 Y62.358 E2117.53152
G0 F1920 X46.83 Y62.87
M204 S2000
M205 X30 Y30
G0 F3600 X47.33 Y63.37
M204 S500
M205 X10 Y10
;TYPE:WALL-OUTER
G1 F1200 X40.31 Y63.37 E2117.83553
G1 X40.31 Y56.35 E2118.13953
G1 X47.33 Y56.35 E2118.44354
G1 X47.33 Y62.858 E2118.72537
G0 F960 X47.33 Y63.37
M204 S2000
M205 X30 Y30
G0 F3600 X47.08 Y63.37
G0 X46.33 Y62.517
G1 F2700 E2114.72537
G0 F3600 X48.245 Y62.127
G0 X72.675 Y62.127
G0 X74.11 Y62.127
G0 X74.789 Y62.127
M204 S500
M205 X10 Y10
;TYPE:FILL
G1 F2700 E2118.72537
G1 F2400 X79.367 Y57.55 E2119.00571
G1 X79.579 Y57.338
M204 S2000
M205 X30 Y30
G0 F3600 X79.409 Y59.865
M204 S500
M205 X10 Y10
G1 F2400 X77.104 Y62.17 E2119.14688
G1 X76.892 Y62.382
M204 S2000
M205 X30 Y30
G0 F3600 X74.789 Y59.77
M204 S500
M205 X10 Y10
G1 F2400 X77.009 Y57.55 E2119.28284
G1 X77.221 Y57.338
M204 S2000
M205 X30 Y30
G0 F3600 X79.61 Y62.37
M204 S500
M205 X10 Y10
;TYPE:WALL-INNER
G1 F2400 X74.59 Y62.37 E2119.50024
G1 X74.59 Y57.35 E2119.71763
G1 X79.61 Y57.35 E2119.93503
G1 X79.61 Y61.858 E2120.13025
G0 F1920 X79.61 Y62.37
M204 S2000
M205 X30 Y30
G0 F3600 X80.11 Y62.87
M204 S500
M205 X10 Y10
G1 F2400 X74.09 Y62.87 E2120.39095
G1 X74.09 Y56.85 E2120.65165
G1 X80.11 Y56.85 E2120.91235
G1 X80.11 Y62.358 E2121.15088
G0 F1920 X80.11 Y62.87
M204 S2000
M205 X30 Y30
G0 F3600 X80.61 Y63.37
M204 S500
M205 X10 Y10
;TYPE:WALL-OUTER
G1 F1200 X73.59 Y63.37 E2121.45488
G1 X73.59 Y56.35 E2121.75889
G1 X80.61 Y56.35 E2122.0629
G1 X80.61 Y62.858 E2122.34473
G0 F960 X80.61 Y63.37
M204 S2000
M205 X30 Y30
G0 F3600 X80.36 Y63.37
G0 X79.61 Y62.517
G1 F2700 E2118.34473
;MESH:NONMESH
G0 F600 X79.61 Y62.517 Z50.3
G0 F3600 X74.11 Y57.598
G0 X72.675 Y57.598
G0 X48.245 Y57.598
G0 X46.81 Y57.598
G0 X41.509 Y57.598
;TIME_ELAPSED:2559.441899
;LAYER:200
;[CAZD:
M104 S185.0 T0
;:CAZD]
M204 S500
M205 X10 Y10
;TYPE:FILL
;MESH:PLATempTower
G1 F2700 E2122.34473
G1 F2400 X46.08 Y62.168 E2122.62464
G1 X46.292 Y62.38
M204 S2000
M205 X30 Y30
G0 F3600 X46.13 Y59.86
M204 S500
M205 X10 Y10
G1 F2400 X43.818 Y57.549 E2122.76621
G1 X43.606 Y57.337
M204 S2000
M205 X30 Y30
G0 F3600 X41.509 Y59.955
M204 S500
M205 X10 Y10
G1 F2400 X43.723 Y62.168 E2122.90177
G1 X43.935 Y62.38
M204 S2000
M205 X30 Y30
G0 F3600 X46.33 Y62.37
M204 S500
M205 X10 Y10
;TYPE:WALL-INNER
G1 F2400 X41.31 Y62.37 E2123.11917
G1 X41.31 Y57.35 E2123.33656
G1 X46.33 Y57.35 E2123.55396
G1 X46.33 Y61.858 E2123.74918
G0 F1920 X46.33 Y62.37
M204 S2000
M205 X30 Y30
G0 F3600 X46.83 Y62.87
M204 S500
M205 X10 Y10
G1 F2400 X40.81 Y62.87 E2124.00988
G1 X40.81 Y56.85 E2124.27058
G1 X46.83 Y56.85 E2124.53128
G1 X46.83 Y62.358 E2124.76981
G0 F1920 X46.83 Y62.87
M204 S2000
M205 X30 Y30
G0 F3600 X47.33 Y63.37
M204 S500
M205 X10 Y10
;TYPE:WALL-OUTER
G1 F1200 X40.31 Y63.37 E2125.07381
G1 X40.31 Y56.35 E2125.37782
G1 X47.33 Y56.35 E2125.68183
G1 X47.33 Y62.858 E2125.96366
G0 F960 X47.33 Y63.37
M204 S2000
M205 X30 Y30
G0 F3600 X47.08 Y63.37
G0 X46.33 Y62.517
G1 F2700 E2121.96366
G0 F3600 X46.81 Y60.229
G0 X48.245 Y60.229
G0 X72.675 Y60.229
G0 X74.11 Y60.229
G0 X74.789 Y60.229
M204 S500
M205 X10 Y10
;TYPE:FILL
G1 F2700 E2125.96366
G1 F2400 X76.729 Y62.17 E2126.0825
G1 X76.941 Y62.382
M204 S2000
M205 X30 Y30
G0 F3600 X79.087 Y62.17
M204 S500
M205 X10 Y10
G1 F2400 X74.789 Y57.872 E2126.34573
G1 X74.577 Y57.66
M204 S2000
M205 X30 Y30
G0 F3600 X76.824 Y57.55
M204 S500
M205 X10 Y10
G1 F2400 X79.409 Y60.135 E2126.50404
G1 X79.621 Y60.347
M204 S2000
M205 X30 Y30
G0 F3600 X79.409 Y57.777
M204 S500
M205 X10 Y10
G1 F2400 X79.181 Y57.55 E2126.51798
M204 S2000
M205 X30 Y30
G0 F3600 X79.61 Y62.37
M204 S500
M205 X10 Y10
;TYPE:WALL-INNER
G1 F2400 X74.59 Y62.37 E2126.73537
G1 X74.59 Y57.35 E2126.95276
G1 X79.61 Y57.35 E2127.17016
G1 X79.61 Y61.858 E2127.36538
G0 F1920 X79.61 Y62.37
M204 S2000
M205 X30 Y30
G0 F3600 X80.11 Y62.87
M204 S500
M205 X10 Y10
G1 F2400 X74.09 Y62.87 E2127.62608
G1 X74.09 Y56.85 E2127.88678
G1 X80.11 Y56.85 E2128.14748
G1 X80.11 Y62.358 E2128.38601
G0 F1920 X80.11 Y62.87
M204 S2000
M205 X30 Y30
G0 F3600 X80.61 Y63.37
M204 S500
M205 X10 Y10
;TYPE:WALL-OUTER
G1 F1200 X73.59 Y63.37 E2128.69002
G1 X73.59 Y56.35 E2128.99402
G1 X80.61 Y56.35 E2129.29803
G1 X80.61 Y62.858 E2129.57986
G0 F960 X80.61 Y63.37
M204 S2000
M205 X30 Y30
G0 F3600 X80.36 Y63.37
G0 X79.61 Y62.517
G1 F2700 E2125.57986
;MESH:NONMESH
G0 F600 X79.61 Y62.517 Z50.55
G0 F3600 X74.11 Y57.548
G0 X72.675 Y57.548
G0 X48.245 Y57.548
G0 X46.81 Y57.548
G0 X41.648 Y57.548
;TIME_ELAPSED:2568.807633
;LAYER:201
M204 S500
M205 X10 Y10
;TYPE:FILL
;MESH:PLATempTower
G1 F2700 E2129.57986
G1 F2400 X41.509 Y57.687 E2129.58838
M204 S2000
M205 X30 Y30
G0 F3600 X41.509 Y60.044
M204 S500
M205 X10 Y10
G1 F2400 X44.006 Y57.548 E2129.74127
G1 X44.218 Y57.336
M204 S2000
M205 X30 Y30
G0 F3600 X46.129 Y57.782
M204 S500
M205 X10 Y10
G1 F2400 X41.743 Y62.168 E2130.00989
G1 X41.531 Y62.38
M204 S2000
M205 X30 Y30
G0 F3600 X44.1 Y62.168
M204 S500
M205 X10 Y10
G1 F2400 X46.129 Y60.14 E2130.13412
G1 X46.341 Y59.928
M204 S2000
M205 X30 Y30
G0 F3600 X46.33 Y62.37
M204 S500
M205 X10 Y10
;TYPE:WALL-INNER
G1 F2400 X41.31 Y62.37 E2130.35151
G1 X41.31 Y57.35 E2130.56891
G1 X46.33 Y57.35 E2130.7863
G1 X46.33 Y61.858 E2130.98152
G0 F1920 X46.33 Y62.37
M204 S2000
M205 X30 Y30
G0 F3600 X46.83 Y62.87
M204 S500
M205 X10 Y10
G1 F2400 X40.81 Y62.87 E2131.24223
G1 X40.81 Y56.85 E2131.50293
G1 X46.83 Y56.85 E2131.76363
G1 X46.83 Y62.358 E2132.00215
G0 F1920 X46.83 Y62.87
M204 S2000
M205 X30 Y30
G0 F3600 X47.33 Y63.37
M204 S500
M205 X10 Y10
;TYPE:WALL-OUTER
G1 F1200 X40.31 Y63.37 E2132.30616
G1 X40.31 Y56.35 E2132.61017
G1 X47.33 Y56.35 E2132.91417
G1 X47.33 Y62.858 E2133.19601
G0 F960 X47.33 Y63.37
M204 S2000
M205 X30 Y30
G0 F3600 X47.08 Y63.37
G0 X46.33 Y62.517
G1 F2700 E2129.19601
G0 F3600 X48.245 Y62.127
G0 X72.675 Y62.127
G0 X74.11 Y62.127
G0 X74.789 Y62.127
M204 S500
M205 X10 Y10
;TYPE:FILL
G1 F2700 E2133.19601
G1 F2400 X79.367 Y57.55 E2133.47635
G1 X79.579 Y57.338
M204 S2000
M205 X30 Y30
G0 F3600 X79.409 Y59.865
M204 S500
M205 X10 Y10
G1 F2400 X77.104 Y62.17 E2133.61752
G1 X76.892 Y62.382
M204 S2000
M205 X30 Y30
G0 F3600 X74.789 Y59.77
M204 S500
M205 X10 Y10
G1 F2400 X77.009 Y57.55 E2133.75348
G1 X77.221 Y57.338
M204 S2000
M205 X30 Y30
G0 F3600 X79.61 Y62.37
M204 S500
M205 X10 Y10
;TYPE:WALL-INNER
G1 F2400 X74.59 Y62.37 E2133.97087
G1 X74.59 Y57.35 E2134.18827
G1 X79.61 Y57.35 E2134.40566
G1 X79.61 Y61.858 E2134.60088
G0 F1920 X79.61 Y62.37
M204 S2000
M205 X30 Y30
G0 F3600 X80.11 Y62.87
M204 S500
M205 X10 Y10
G1 F2400 X74.09 Y62.87 E2134.86158
G1 X74.09 Y56.85 E2135.12228
G1 X80.11 Y56.85 E2135.38298
G1 X80.11 Y62.358 E2135.62151
G0 F1920 X80.11 Y62.87
M204 S2000
M205 X30 Y30
G0 F3600 X80.61 Y63.37
M204 S500
M205 X10 Y10
;TYPE:WALL-OUTER
G1 F1200 X73.59 Y63.37 E2135.92552
G1 X73.59 Y56.35 E2136.22953
G1 X80.61 Y56.35 E2136.53353
G1 X80.61 Y62.858 E2136.81537
G0 F960 X80.61 Y63.37
M204 S2000
M205 X30 Y30
G0 F3600 X80.36 Y63.37
G0 X79.61 Y62.517
G1 F2700 E2132.81537
;MESH:NONMESH
G0 F600 X79.61 Y62.517 Z50.8
G0 F3600 X74.11 Y57.598
G0 X72.675 Y57.598
G0 X48.245 Y57.598
G0 X46.81 Y57.598
G0 X41.509 Y57.598
;TIME_ELAPSED:2578.162364
;LAYER:202
M204 S500
M205 X10 Y10
;TYPE:FILL
;MESH:PLATempTower
G1 F2700 E2136.81537
G1 F2400 X46.08 Y62.168 E2137.09528
G1 X46.292 Y62.38
M204 S2000
M205 X30 Y30
G0 F3600 X46.13 Y59.86
M204 S500
M205 X10 Y10
G1 F2400 X43.818 Y57.549 E2137.23684
G1 X43.606 Y57.337
M204 S2000
M205 X30 Y30
G0 F3600 X41.509 Y59.955
M204 S500
M205 X10 Y10
G1 F2400 X43.723 Y62.168 E2137.37241
G1 X43.935 Y62.38
M204 S2000
M205 X30 Y30
G0 F3600 X46.33 Y62.37
M204 S500
M205 X10 Y10
;TYPE:WALL-INNER
G1 F2400 X41.31 Y62.37 E2137.5898
G1 X41.31 Y57.35 E2137.8072
G1 X46.33 Y57.35 E2138.02459
G1 X46.33 Y61.858 E2138.21981
G0 F1920 X46.33 Y62.37
M204 S2000
M205 X30 Y30
G0 F3600 X46.83 Y62.87
M204 S500
M205 X10 Y10
G1 F2400 X40.81 Y62.87 E2138.48051
G1 X40.81 Y56.85 E2138.74121
G1 X46.83 Y56.85 E2139.00191
G1 X46.83 Y62.358 E2139.24044
G0 F1920 X46.83 Y62.87
M204 S2000
M205 X30 Y30
G0 F3600 X47.33 Y63.37
M204 S500
M205 X10 Y10
;TYPE:WALL-OUTER
G1 F1200 X40.31 Y63.37 E2139.54445
G1 X40.31 Y56.35 E2139.84845
G1 X47.33 Y56.35 E2140.15246
G1 X47.33 Y62.858 E2140.43429
G0 F960 X47.33 Y63.37
M204 S2000
M205 X30 Y30
G0 F3600 X47.08 Y63.37
G0 X46.33 Y62.517
G1 F2700 E2136.43429
G0 F3600 X46.81 Y60.229
G0 X48.245 Y60.229
G0 X72.675 Y60.229
G0 X74.11 Y60.229
G0 X74.789 Y60.229
M204 S500
M205 X10 Y10
;TYPE:FILL
G1 F2700 E2140.43429
G1 F2400 X76.729 Y62.17 E2140.55314
G1 X76.941 Y62.382
M204 S2000
M205 X30 Y30
G0 F3600 X79.087 Y62.17
M204 S500
M205 X10 Y10
G1 F2400 X74.789 Y57.872 E2140.81636
G1 X74.577 Y57.66
M204 S2000
M205 X30 Y30
G0 F3600 X76.824 Y57.55
M204 S500
M205 X10 Y10
G1 F2400 X79.409 Y60.135 E2140.97468
G1 X79.621 Y60.347
M204 S2000
M205 X30 Y30
G0 F3600 X79.409 Y57.777
M204 S500
M205 X10 Y10
G1 F2400 X79.181 Y57.55 E2140.98861
M204 S2000
M205 X30 Y30
G0 F3600 X79.61 Y62.37
M204 S500
M205 X10 Y10
;TYPE:WALL-INNER
G1 F2400 X74.59 Y62.37 E2141.206
G1 X74.59 Y57.35 E2141.4234
G1 X79.61 Y57.35 E2141.64079
G1 X79.61 Y61.858 E2141.83602
G0 F1920 X79.61 Y62.37
M204 S2000
M205 X30 Y30
G0 F3600 X80.11 Y62.87
M204 S500
M205 X10 Y10
G1 F2400 X74.09 Y62.87 E2142.09672
G1 X74.09 Y56.85 E2142.35742
G1 X80.11 Y56.85 E2142.61812
G1 X80.11 Y62.358 E2142.85665
G0 F1920 X80.11 Y62.87
M204 S2000
M205 X30 Y30
G0 F3600 X80.61 Y63.37
M204 S500
M205 X10 Y10
;TYPE:WALL-OUTER
G1 F1200 X73.59 Y63.37 E2143.16065
G1 X73.59 Y56.35 E2143.46466
G1 X80.61 Y56.35 E2143.76867
G1 X80.61 Y62.858 E2144.0505
G0 F960 X80.61 Y63.37
M204 S2000
M205 X30 Y30
G0 F3600 X80.36 Y63.37
G0 X79.61 Y62.517
G1 F2700 E2140.0505
;MESH:NONMESH
G0 F600 X79.61 Y62.517 Z51.05
G0 F3600 X74.11 Y57.349
G0 X72.675 Y57.349
G0 X48.245 Y57.349
G0 X46.81 Y57.349
G0 X41.847 Y57.349
;TIME_ELAPSED:2587.527352
;LAYER:203
M204 S500
M205 X10 Y10
;TYPE:FILL
;MESH:PLATempTower
G1 F2700 E2144.0505
G1 F2400 X41.31 Y57.886 E2144.08339
M204 S2000
M205 X30 Y30
G0 F3600 X41.31 Y60.244
M204 S500
M205 X10 Y10
G1 F2400 X44.205 Y57.349 E2144.26069
G1 X44.417 Y57.137
M204 S2000
M205 X30 Y30
G0 F3600 X46.329 Y57.582
M204 S500
M205 X10 Y10
G1 F2400 X41.543 Y62.368 E2144.5538
G1 X41.331 Y62.58
M204 S2000
M205 X30 Y30
G0 F3600 X43.9 Y62.368
M204 S500
M205 X10 Y10
G1 F2400 X46.329 Y59.94 E2144.70253
G1 X46.541 Y59.728
M204 S2000
M205 X30 Y30
G0 F3600 X46.329 Y62.297
M204 S500
M205 X10 Y10
G1 F2400 X46.258 Y62.368 E2144.70688
M204 S2000
M205 X30 Y30
G0 F3600 X46.53 Y62.57
M204 S500
M205 X10 Y10
;TYPE:WALL-INNER
G1 F2400 X41.11 Y62.57 E2144.94159
G1 X41.11 Y57.15 E2145.17631
G1 X46.53 Y57.15 E2145.41103
G1 X46.53 Y62.058 E2145.62357
G0 F1920 X46.53 Y62.57
M204 S2000
M205 X30 Y30
G0 F3600 X47.03 Y63.07
M204 S500
M205 X10 Y10
G1 F2400 X40.61 Y63.07 E2145.9016
G1 X40.61 Y56.65 E2146.17962
G1 X47.03 Y56.65 E2146.45764
G1 X47.03 Y62.558 E2146.71349
G0 F1920 X47.03 Y63.07
M204 S2000
M205 X30 Y30
G0 F3600 X47.53 Y63.57
M204 S500
M205 X10 Y10
;TYPE:WALL-OUTER
G1 F1200 X40.11 Y63.57 E2147.03482
G1 X40.11 Y56.15 E2147.35615
G1 X47.53 Y56.15 E2147.67748
G1 X47.53 Y63.058 E2147.97663
G0 F960 X47.53 Y63.57
M204 S2000
M205 X30 Y30
G0 F3600 X47.28 Y63.57
G0 X46.53 Y62.717
G1 F2700 E2143.97663
G0 F3600 X48.445 Y62.327
G0 X72.475 Y62.327
G0 X73.91 Y62.327
G0 X74.589 Y62.327
M204 S500
M205 X10 Y10
;TYPE:FILL
G1 F2700 E2147.97663
G1 F2400 X79.567 Y57.349 E2148.2815
G1 X79.779 Y57.137
M204 S2000
M205 X30 Y30
G0 F3600 X79.609 Y59.664
M204 S500
M205 X10 Y10
G1 F2400 X76.904 Y62.37 E2148.4472
G1 X76.692 Y62.582
M204 S2000
M205 X30 Y30
G0 F3600 X79.261 Y62.37
M204 S500
M205 X10 Y10
G1 F2400 X79.609 Y62.022 E2148.46851
M204 S2000
M205 X30 Y30
G0 F3600 X77.209 Y57.349
M204 S500
M205 X10 Y10
G1 F2400 X74.589 Y59.97 E2148.629
G1 X74.377 Y60.182
M204 S2000
M205 X30 Y30
G0 F3600 X74.589 Y57.612
M204 S500
M205 X10 Y10
G1 F2400 X74.852 Y57.349 E2148.64511
M204 S2000
M205 X30 Y30
G0 F3600 X79.81 Y62.57
M204 S500
M205 X10 Y10
;TYPE:WALL-INNER
G1 F2400 X74.39 Y62.57 E2148.87982
G1 X74.39 Y57.15 E2149.11454
G1 X79.81 Y57.15 E2149.34926
G1 X79.81 Y62.058 E2149.5618
G0 F1920 X79.81 Y62.57
M204 S2000
M205 X30 Y30
G0 F3600 X80.31 Y63.07
M204 S500
M205 X10 Y10
G1 F2400 X73.89 Y63.07 E2149.83983
G1 X73.89 Y56.65 E2150.11785
G1 X80.31 Y56.65 E2150.39587
G1 X80.31 Y62.558 E2150.65172
G0 F1920 X80.31 Y63.07
M204 S2000
M205 X30 Y30
G0 F3600 X80.81 Y63.57
M204 S500
M205 X10 Y10
;TYPE:WALL-OUTER
G1 F1200 X73.39 Y63.57 E2150.97305
G1 X73.39 Y56.15 E2151.29438
G1 X80.81 Y56.15 E2151.61571
G1 X80.81 Y63.058 E2151.91486
G0 F960 X80.81 Y63.57
M204 S2000
M205 X30 Y30
G0 F3600 X80.56 Y63.57
G0 X79.81 Y62.717
G1 F2700 E2147.91486
;MESH:NONMESH
G0 F600 X79.81 Y62.717 Z51.3
G0 F3600 X73.91 Y57.397
G0 X72.475 Y57.397
G0 X48.445 Y57.397
G0 X47.01 Y57.397
G0 X41.309 Y57.397
;TIME_ELAPSED:2597.582627
;LAYER:204
M204 S500
M205 X10 Y10
;TYPE:FILL
;MESH:PLATempTower
G1 F2700 E2151.91486
G1 F2400 X46.28 Y62.368 E2152.2193
G1 X46.492 Y62.58
M204 S2000
M205 X30 Y30
G0 F3600 X46.33 Y60.06
M204 S500
M205 X10 Y10
G1 F2400 X43.618 Y57.349 E2152.38537
G1 X43.406 Y57.137
M204 S2000
M205 X30 Y30
G0 F3600 X45.976 Y57.349
M204 S500
M205 X10 Y10
G1 F2400 X46.33 Y57.703 E2152.40705
M204 S2000
M205 X30 Y30
G0 F3600 X43.923 Y62.368
M204 S500
M205 X10 Y10
G1 F2400 X41.309 Y59.755 E2152.56711
G1 X41.097 Y59.543
M204 S2000
M205 X30 Y30
G0 F3600 X41.309 Y62.112
M204 S500
M205 X10 Y10
G1 F2400 X41.565 Y62.368 E2152.58278
M204 S2000
M205 X30 Y30
G0 F3600 X46.53 Y62.57
M204 S500
M205 X10 Y10
;TYPE:WALL-INNER
G1 F2400 X41.11 Y62.57 E2152.8175
G1 X41.11 Y57.15 E2153.05222
G1 X46.53 Y57.15 E2153.28694
G1 X46.53 Y62.058 E2153.49948
G0 F1920 X46.53 Y62.57
M204 S2000
M205 X30 Y30
G0 F3600 X47.03 Y63.07
M204 S500
M205 X10 Y10
G1 F2400 X40.61 Y63.07 E2153.7775
G1 X40.61 Y56.65 E2154.05553
G1 X47.03 Y56.65 E2154.33355
G1 X47.03 Y62.558 E2154.5894
G0 F1920 X47.03 Y63.07
M204 S2000
M205 X30 Y30
G0 F3600 X47.53 Y63.57
M204 S500
M205 X10 Y10
;TYPE:WALL-OUTER
G1 F1200 X40.11 Y63.57 E2154.91073
G1 X40.11 Y56.15 E2155.23206
G1 X47.53 Y56.15 E2155.55339
G1 X47.53 Y63.058 E2155.85254
G0 F960 X47.53 Y63.57
M204 S2000
M205 X30 Y30
G0 F3600 X47.28 Y63.57
G0 X46.53 Y62.717
G1 F2700 E2151.85254
G0 F3600 X47.01 Y60.029
G0 X48.445 Y60.029
G0 X72.475 Y60.029
G0 X73.91 Y60.029
G0 X74.589 Y60.029
M204 S500
M205 X10 Y10
;TYPE:FILL
G1 F2700 E2155.85254
G1 F2400 X76.929 Y62.37 E2155.99588
G1 X77.141 Y62.582
M204 S2000
M205 X30 Y30
G0 F3600 X79.287 Y62.37
M204 S500
M205 X10 Y10
G1 F2400 X74.589 Y57.672 E2156.2836
G1 X74.377 Y57.46
M204 S2000
M205 X30 Y30
G0 F3600 X76.624 Y57.349
M204 S500
M205 X10 Y10
G1 F2400 X79.609 Y60.335 E2156.46645
G1 X79.821 Y60.547
M204 S2000
M205 X30 Y30
G0 F3600 X79.609 Y57.977
M204 S500
M205 X10 Y10
G1 F2400 X78.981 Y57.349 E2156.50491
M204 S2000
M205 X30 Y30
G0 F3600 X79.81 Y62.57
M204 S500
M205 X10 Y10
;TYPE:WALL-INNER
G1 F2400 X74.39 Y62.57 E2156.73962
G1 X74.39 Y57.15 E2156.97434
G1 X79.81 Y57.15 E2157.20906
G1 X79.81 Y62.058 E2157.4216
G0 F1920 X79.81 Y62.57
M204 S2000
M205 X30 Y30
G0 F3600 X80.31 Y63.07
M204 S500
M205 X10 Y10
G1 F2400 X73.89 Y63.07 E2157.69963
G1 X73.89 Y56.65 E2157.97765
G1 X80.31 Y56.65 E2158.25567
G1 X80.31 Y62.558 E2158.51152
G0 F1920 X80.31 Y63.07
M204 S2000
M205 X30 Y30
G0 F3600 X80.81 Y63.57
M204 S500
M205 X10 Y10
;TYPE:WALL-OUTER
G1 F1200 X73.39 Y63.57 E2158.83285
G1 X73.39 Y56.15 E2159.15418
G1 X80.81 Y56.15 E2159.47551
G1 X80.81 Y63.058 E2159.77466
G0 F960 X80.81 Y63.57
M204 S2000
M205 X30 Y30
G0 F3600 X80.56 Y63.57
G0 X79.81 Y62.717
G1 F2700 E2155.77466
;MESH:NONMESH
G0 F600 X79.81 Y62.717 Z51.55
G0 F3600 X73.91 Y57.349
G0 X72.475 Y57.349
G0 X48.445 Y57.349
G0 X47.01 Y57.349
G0 X41.847 Y57.349
;TIME_ELAPSED:2607.656935
;LAYER:205
M204 S500
M205 X10 Y10
;TYPE:FILL
;MESH:PLATempTower
G1 F2700 E2159.77466
G1 F2400 X41.31 Y57.886 E2159.80755
M204 S2000
M205 X30 Y30
G0 F3600 X41.31 Y60.244
M204 S500
M205 X10 Y10
G1 F2400 X44.205 Y57.349 E2159.98485
G1 X44.417 Y57.137
M204 S2000
M205 X30 Y30
G0 F3600 X46.329 Y57.582
M204 S500
M205 X10 Y10
G1 F2400 X41.543 Y62.368 E2160.27796
G1 X41.331 Y62.58
M204 S2000
M205 X30 Y30
G0 F3600 X43.9 Y62.368
M204 S500
M205 X10 Y10
G1 F2400 X46.329 Y59.94 E2160.42669
G1 X46.541 Y59.728
M204 S2000
M205 X30 Y30
G0 F3600 X46.329 Y62.297
M204 S500
M205 X10 Y10
G1 F2400 X46.258 Y62.368 E2160.43104
M204 S2000
M205 X30 Y30
G0 F3600 X46.53 Y62.57
M204 S500
M205 X10 Y10
;TYPE:WALL-INNER
G1 F2400 X41.11 Y62.57 E2160.66576
G1 X41.11 Y57.15 E2160.90048
G1 X46.53 Y57.15 E2161.13519
G1 X46.53 Y62.058 E2161.34774
G0 F1920 X46.53 Y62.57
M204 S2000
M205 X30 Y30
G0 F3600 X47.03 Y63.07
M204 S500
M205 X10 Y10
G1 F2400 X40.61 Y63.07 E2161.62576
G1 X40.61 Y56.65 E2161.90378
G1 X47.03 Y56.65 E2162.18181
G1 X47.03 Y62.558 E2162.43766
G0 F1920 X47.03 Y63.07
M204 S2000
M205 X30 Y30
G0 F3600 X47.53 Y63.57
M204 S500
M205 X10 Y10
;TYPE:WALL-OUTER
G1 F1200 X40.11 Y63.57 E2162.75898
G1 X40.11 Y56.15 E2163.08031
G1 X47.53 Y56.15 E2163.40164
G1 X47.53 Y63.058 E2163.7008
G0 F960 X47.53 Y63.57
M204 S2000
M205 X30 Y30
G0 F3600 X47.28 Y63.57
G0 X46.53 Y62.717
G1 F2700 E2159.7008
G0 F3600 X48.445 Y62.327
G0 X72.475 Y62.327
G0 X73.91 Y62.327
G0 X74.589 Y62.327
M204 S500
M205 X10 Y10
;TYPE:FILL
G1 F2700 E2163.7008
G1 F2400 X79.567 Y57.349 E2164.00567
G1 X79.779 Y57.137
M204 S2000
M205 X30 Y30
G0 F3600 X79.609 Y59.664
M204 S500
M205 X10 Y10
G1 F2400 X76.904 Y62.37 E2164.17136
G1 X76.692 Y62.582
M204 S2000
M205 X30 Y30
G0 F3600 X79.261 Y62.37
M204 S500
M205 X10 Y10
G1 F2400 X79.609 Y62.022 E2164.19268
M204 S2000
M205 X30 Y30
G0 F3600 X77.209 Y57.349
M204 S500
M205 X10 Y10
G1 F2400 X74.589 Y59.97 E2164.35316
G1 X74.377 Y60.182
M204 S2000
M205 X30 Y30
G0 F3600 X74.589 Y57.612
M204 S500
M205 X10 Y10
G1 F2400 X74.852 Y57.349 E2164.36927
M204 S2000
M205 X30 Y30
G0 F3600 X79.81 Y62.57
M204 S500
M205 X10 Y10
;TYPE:WALL-INNER
G1 F2400 X74.39 Y62.57 E2164.60399
G1 X74.39 Y57.15 E2164.83871
G1 X79.81 Y57.15 E2165.07342
G1 X79.81 Y62.058 E2165.28597
G0 F1920 X79.81 Y62.57
M204 S2000
M205 X30 Y30
G0 F3600 X80.31 Y63.07
M204 S500
M205 X10 Y10
G1 F2400 X73.89 Y63.07 E2165.56399
G1 X73.89 Y56.65 E2165.84201
G1 X80.31 Y56.65 E2166.12004
G1 X80.31 Y62.558 E2166.37589
G0 F1920 X80.31 Y63.07
M204 S2000
M205 X30 Y30
G0 F3600 X80.81 Y63.57
M204 S500
M205 X10 Y10
;TYPE:WALL-OUTER
G1 F1200 X73.39 Y63.57 E2166.69721
G1 X73.39 Y56.15 E2167.01854
G1 X80.81 Y56.15 E2167.33987
G1 X80.81 Y63.058 E2167.63903
G0 F960 X80.81 Y63.57
M204 S2000
M205 X30 Y30
G0 F3600 X80.56 Y63.57
G0 X79.81 Y62.717
G1 F2700 E2163.63903
;MESH:NONMESH
G0 F600 X79.81 Y62.717 Z51.8
G0 F3600 X73.91 Y57.397
G0 X72.475 Y57.397
G0 X48.445 Y57.397
G0 X47.01 Y57.397
G0 X41.309 Y57.397
;TIME_ELAPSED:2617.712211
;LAYER:206
M204 S500
M205 X10 Y10
;TYPE:FILL
;MESH:PLATempTower
G1 F2700 E2167.63903
G1 F2400 X46.28 Y62.368 E2167.94347
G1 X46.492 Y62.58
M204 S2000
M205 X30 Y30
G0 F3600 X46.33 Y60.06
M204 S500
M205 X10 Y10
G1 F2400 X43.618 Y57.349 E2168.10953
G1 X43.406 Y57.137
M204 S2000
M205 X30 Y30
G0 F3600 X45.976 Y57.349
M204 S500
M205 X10 Y10
G1 F2400 X46.33 Y57.703 E2168.13121
M204 S2000
M205 X30 Y30
G0 F3600 X43.923 Y62.368
M204 S500
M205 X10 Y10
G1 F2400 X41.309 Y59.755 E2168.29127
G1 X41.097 Y59.543
M204 S2000
M205 X30 Y30
G0 F3600 X41.309 Y62.112
M204 S500
M205 X10 Y10
G1 F2400 X41.565 Y62.368 E2168.30695
M204 S2000
M205 X30 Y30
G0 F3600 X46.53 Y62.57
M204 S500
M205 X10 Y10
;TYPE:WALL-INNER
G1 F2400 X41.11 Y62.57 E2168.54167
G1 X41.11 Y57.15 E2168.77638
G1 X46.53 Y57.15 E2169.0111
G1 X46.53 Y62.058 E2169.22365
G0 F1920 X46.53 Y62.57
M204 S2000
M205 X30 Y30
G0 F3600 X47.03 Y63.07
M204 S500
M205 X10 Y10
G1 F2400 X40.61 Y63.07 E2169.50167
G1 X40.61 Y56.65 E2169.77969
G1 X47.03 Y56.65 E2170.05771
G1 X47.03 Y62.558 E2170.31356
G0 F1920 X47.03 Y63.07
M204 S2000
M205 X30 Y30
G0 F3600 X47.53 Y63.57
M204 S500
M205 X10 Y10
;TYPE:WALL-OUTER
G1 F1200 X40.11 Y63.57 E2170.63489
G1 X40.11 Y56.15 E2170.95622
G1 X47.53 Y56.15 E2171.27755
G1 X47.53 Y63.058 E2171.57671
G0 F960 X47.53 Y63.57
M204 S2000
M205 X30 Y30
G0 F3600 X47.28 Y63.57
G0 X46.53 Y62.717
G1 F2700 E2167.57671
G0 F3600 X47.01 Y60.029
G0 X48.445 Y60.029
G0 X72.475 Y60.029
G0 X73.91 Y60.029
G0 X74.589 Y60.029
M204 S500
M205 X10 Y10
;TYPE:FILL
G1 F2700 E2171.57671
G1 F2400 X76.929 Y62.37 E2171.72005
G1 X77.141 Y62.582
M204 S2000
M205 X30 Y30
G0 F3600 X79.287 Y62.37
M204 S500
M205 X10 Y10
G1 F2400 X74.589 Y57.672 E2172.00777
G1 X74.377 Y57.46
M204 S2000
M205 X30 Y30
G0 F3600 X76.624 Y57.349
M204 S500
M205 X10 Y10
G1 F2400 X79.609 Y60.335 E2172.19061
G1 X79.821 Y60.547
M204 S2000
M205 X30 Y30
G0 F3600 X79.609 Y57.977
M204 S500
M205 X10 Y10
G1 F2400 X78.981 Y57.349 E2172.22907
M204 S2000
M205 X30 Y30
G0 F3600 X79.81 Y62.57
M204 S500
M205 X10 Y10
;TYPE:WALL-INNER
G1 F2400 X74.39 Y62.57 E2172.46379
G1 X74.39 Y57.15 E2172.69851
G1 X79.81 Y57.15 E2172.93322
G1 X79.81 Y62.058 E2173.14577
G0 F1920 X79.81 Y62.57
M204 S2000
M205 X30 Y30
G0 F3600 X80.31 Y63.07
M204 S500
M205 X10 Y10
G1 F2400 X73.89 Y63.07 E2173.42379
G1 X73.89 Y56.65 E2173.70181
G1 X80.31 Y56.65 E2173.97984
G1 X80.31 Y62.558 E2174.23569
G0 F1920 X80.31 Y63.07
M204 S2000
M205 X30 Y30
G0 F3600 X80.81 Y63.57
M204 S500
M205 X10 Y10
;TYPE:WALL-OUTER
G1 F1200 X73.39 Y63.57 E2174.55702
G1 X73.39 Y56.15 E2174.87834
G1 X80.81 Y56.15 E2175.19967
G1 X80.81 Y63.058 E2175.49883
G0 F960 X80.81 Y63.57
M204 S2000
M205 X30 Y30
G0 F3600 X80.56 Y63.57
G0 X79.81 Y62.717
G1 F2700 E2171.49883
;MESH:NONMESH
G0 F600 X79.81 Y62.717 Z52.05
G0 F3600 X73.91 Y57.349
G0 X72.475 Y57.349
G0 X48.445 Y57.349
G0 X47.01 Y57.349
G0 X41.847 Y57.349
;TIME_ELAPSED:2627.786519
;LAYER:207
M204 S500
M205 X10 Y10
;TYPE:FILL
;MESH:PLATempTower
G1 F2700 E2175.49883
G1 F2400 X41.31 Y57.886 E2175.53172
M204 S2000
M205 X30 Y30
G0 F3600 X41.31 Y60.244
M204 S500
M205 X10 Y10
G1 F2400 X44.205 Y57.349 E2175.70902
G1 X44.417 Y57.137
M204 S2000
M205 X30 Y30
G0 F3600 X46.329 Y57.582
M204 S500
M205 X10 Y10
G1 F2400 X41.543 Y62.368 E2176.00213
G1 X41.331 Y62.58
M204 S2000
M205 X30 Y30
G0 F3600 X43.9 Y62.368
M204 S500
M205 X10 Y10
G1 F2400 X46.329 Y59.94 E2176.15086
G1 X46.541 Y59.728
M204 S2000
M205 X30 Y30
G0 F3600 X46.329 Y62.297
M204 S500
M205 X10 Y10
G1 F2400 X46.258 Y62.368 E2176.15521
M204 S2000
M205 X30 Y30
G0 F3600 X46.53 Y62.57
M204 S500
M205 X10 Y10
;TYPE:WALL-INNER
G1 F2400 X41.11 Y62.57 E2176.38992
G1 X41.11 Y57.15 E2176.62464
G1 X46.53 Y57.15 E2176.85936
G1 X46.53 Y62.058 E2177.0719
G0 F1920 X46.53 Y62.57
M204 S2000
M205 X30 Y30
G0 F3600 X47.03 Y63.07
M204 S500
M205 X10 Y10
G1 F2400 X40.61 Y63.07 E2177.34993
G1 X40.61 Y56.65 E2177.62795
G1 X47.03 Y56.65 E2177.90597
G1 X47.03 Y62.558 E2178.16182
G0 F1920 X47.03 Y63.07
M204 S2000
M205 X30 Y30
G0 F3600 X47.53 Y63.57
M204 S500
M205 X10 Y10
;TYPE:WALL-OUTER
G1 F1200 X40.11 Y63.57 E2178.48315
G1 X40.11 Y56.15 E2178.80448
G1 X47.53 Y56.15 E2179.12581
G1 X47.53 Y63.058 E2179.42496
G0 F960 X47.53 Y63.57
M204 S2000
M205 X30 Y30
G0 F3600 X47.28 Y63.57
G0 X46.53 Y62.717
G1 F2700 E2175.42496
G0 F3600 X48.445 Y62.327
G0 X72.475 Y62.327
G0 X73.91 Y62.327
G0 X74.589 Y62.327
M204 S500
M205 X10 Y10
;TYPE:FILL
G1 F2700 E2179.42496
G1 F2400 X79.567 Y57.349 E2179.72983
G1 X79.779 Y57.137
M204 S2000
M205 X30 Y30
G0 F3600 X79.609 Y59.664
M204 S500
M205 X10 Y10
G1 F2400 X76.904 Y62.37 E2179.89553
G1 X76.692 Y62.582
M204 S2000
M205 X30 Y30
G0 F3600 X79.261 Y62.37
M204 S500
M205 X10 Y10
G1 F2400 X79.609 Y62.022 E2179.91684
M204 S2000
M205 X30 Y30
G0 F3600 X77.209 Y57.349
M204 S500
M205 X10 Y10
G1 F2400 X74.589 Y59.97 E2180.07733
G1 X74.377 Y60.182
M204 S2000
M205 X30 Y30
G0 F3600 X74.589 Y57.612
M204 S500
M205 X10 Y10
G1 F2400 X74.852 Y57.349 E2180.09344
M204 S2000
M205 X30 Y30
G0 F3600 X79.81 Y62.57
M204 S500
M205 X10 Y10
;TYPE:WALL-INNER
G1 F2400 X74.39 Y62.57 E2180.32815
G1 X74.39 Y57.15 E2180.56287
G1 X79.81 Y57.15 E2180.79759
G1 X79.81 Y62.058 E2181.01013
G0 F1920 X79.81 Y62.57
M204 S2000
M205 X30 Y30
G0 F3600 X80.31 Y63.07
M204 S500
M205 X10 Y10
G1 F2400 X73.89 Y63.07 E2181.28815
G1 X73.89 Y56.65 E2181.56618
G1 X80.31 Y56.65 E2181.8442
G1 X80.31 Y62.558 E2182.10005
G0 F1920 X80.31 Y63.07
M204 S2000
M205 X30 Y30
G0 F3600 X80.81 Y63.57
M204 S500
M205 X10 Y10
;TYPE:WALL-OUTER
G1 F1200 X73.39 Y63.57 E2182.42138
G1 X73.39 Y56.15 E2182.74271
G1 X80.81 Y56.15 E2183.06404
G1 X80.81 Y63.058 E2183.36319
G0 F960 X80.81 Y63.57
M204 S2000
M205 X30 Y30
G0 F3600 X80.56 Y63.57
G0 X79.81 Y62.717
G1 F2700 E2179.36319
;MESH:NONMESH
G0 F600 X79.81 Y62.717 Z52.3
G0 F3600 X73.91 Y57.397
G0 X72.475 Y57.397
G0 X48.445 Y57.397
G0 X47.01 Y57.397
G0 X41.309 Y57.397
;TIME_ELAPSED:2637.841794
;LAYER:208
M204 S500
M205 X10 Y10
;TYPE:FILL
;MESH:PLATempTower
G1 F2700 E2183.36319
G1 F2400 X46.28 Y62.368 E2183.66763
G1 X46.492 Y62.58
M204 S2000
M205 X30 Y30
G0 F3600 X46.33 Y60.06
M204 S500
M205 X10 Y10
G1 F2400 X43.618 Y57.349 E2183.8337
G1 X43.406 Y57.137
M204 S2000
M205 X30 Y30
G0 F3600 X45.976 Y57.349
M204 S500
M205 X10 Y10
G1 F2400 X46.33 Y57.703 E2183.85538
M204 S2000
M205 X30 Y30
G0 F3600 X43.923 Y62.368
M204 S500
M205 X10 Y10
G1 F2400 X41.309 Y59.755 E2184.01544
G1 X41.097 Y59.543
M204 S2000
M205 X30 Y30
G0 F3600 X41.309 Y62.112
M204 S500
M205 X10 Y10
G1 F2400 X41.565 Y62.368 E2184.03111
M204 S2000
M205 X30 Y30
G0 F3600 X46.53 Y62.57
M204 S500
M205 X10 Y10
;TYPE:WALL-INNER
G1 F2400 X41.11 Y62.57 E2184.26583
G1 X41.11 Y57.15 E2184.50055
G1 X46.53 Y57.15 E2184.73527
G1 X46.53 Y62.058 E2184.94781
G0 F1920 X46.53 Y62.57
M204 S2000
M205 X30 Y30
G0 F3600 X47.03 Y63.07
M204 S500
M205 X10 Y10
G1 F2400 X40.61 Y63.07 E2185.22583
G1 X40.61 Y56.65 E2185.50386
G1 X47.03 Y56.65 E2185.78188
G1 X47.03 Y62.558 E2186.03773
G0 F1920 X47.03 Y63.07
M204 S2000
M205 X30 Y30
G0 F3600 X47.53 Y63.57
M204 S500
M205 X10 Y10
;TYPE:WALL-OUTER
G1 F1200 X40.11 Y63.57 E2186.35906
G1 X40.11 Y56.15 E2186.68039
G1 X47.53 Y56.15 E2187.00171
G1 X47.53 Y63.058 E2187.30087
G0 F960 X47.53 Y63.57
M204 S2000
M205 X30 Y30
G0 F3600 X47.28 Y63.57
G0 X46.53 Y62.717
G1 F2700 E2183.30087
G0 F3600 X47.01 Y60.029
G0 X48.445 Y60.029
G0 X72.475 Y60.029
G0 X73.91 Y60.029
G0 X74.589 Y60.029
M204 S500
M205 X10 Y10
;TYPE:FILL
G1 F2700 E2187.30087
G1 F2400 X76.929 Y62.37 E2187.44421
G1 X77.141 Y62.582
M204 S2000
M205 X30 Y30
G0 F3600 X79.287 Y62.37
M204 S500
M205 X10 Y10
G1 F2400 X74.589 Y57.672 E2187.73193
G1 X74.377 Y57.46
M204 S2000
M205 X30 Y30
G0 F3600 X76.624 Y57.349
M204 S500
M205 X10 Y10
G1 F2400 X79.609 Y60.335 E2187.91478
G1 X79.821 Y60.547
M204 S2000
M205 X30 Y30
G0 F3600 X79.609 Y57.977
M204 S500
M205 X10 Y10
G1 F2400 X78.981 Y57.349 E2187.95324
M204 S2000
M205 X30 Y30
G0 F3600 X79.81 Y62.57
M204 S500
M205 X10 Y10
;TYPE:WALL-INNER
G1 F2400 X74.39 Y62.57 E2188.18795
G1 X74.39 Y57.15 E2188.42267
G1 X79.81 Y57.15 E2188.65739
G1 X79.81 Y62.058 E2188.86993
G0 F1920 X79.81 Y62.57
M204 S2000
M205 X30 Y30
G0 F3600 X80.31 Y63.07
M204 S500
M205 X10 Y10
G1 F2400 X73.89 Y63.07 E2189.14796
G1 X73.89 Y56.65 E2189.42598
G1 X80.31 Y56.65 E2189.704
G1 X80.31 Y62.558 E2189.95985
G0 F1920 X80.31 Y63.07
M204 S2000
M205 X30 Y30
G0 F3600 X80.81 Y63.57
M204 S500
M205 X10 Y10
;TYPE:WALL-OUTER
G1 F1200 X73.39 Y63.57 E2190.28118
G1 X73.39 Y56.15 E2190.60251
G1 X80.81 Y56.15 E2190.92384
G1 X80.81 Y63.058 E2191.22299
G0 F960 X80.81 Y63.57
M204 S2000
M205 X30 Y30
G0 F3600 X80.56 Y63.57
G0 X79.81 Y62.717
G1 F2700 E2187.22299
;MESH:NONMESH
G0 F600 X79.81 Y62.717 Z52.55
G0 F3600 X73.91 Y57.349
G0 X72.475 Y57.349
G0 X48.445 Y57.349
G0 X47.01 Y57.349
G0 X41.847 Y57.349
;TIME_ELAPSED:2647.916103
;LAYER:209
M204 S500
M205 X10 Y10
;TYPE:FILL
;MESH:PLATempTower
G1 F2700 E2191.22299
G1 F2400 X41.31 Y57.886 E2191.25588
M204 S2000
M205 X30 Y30
G0 F3600 X41.31 Y60.244
M204 S500
M205 X10 Y10
G1 F2400 X44.205 Y57.349 E2191.43318
G1 X44.417 Y57.137
M204 S2000
M205 X30 Y30
G0 F3600 X46.329 Y57.582
M204 S500
M205 X10 Y10
G1 F2400 X41.543 Y62.368 E2191.72629
G1 X41.331 Y62.58
M204 S2000
M205 X30 Y30
G0 F3600 X43.9 Y62.368
M204 S500
M205 X10 Y10
G1 F2400 X46.329 Y59.94 E2191.87502
G1 X46.541 Y59.728
M204 S2000
M205 X30 Y30
G0 F3600 X46.329 Y62.297
M204 S500
M205 X10 Y10
G1 F2400 X46.258 Y62.368 E2191.87937
M204 S2000
M205 X30 Y30
G0 F3600 X46.53 Y62.57
M204 S500
M205 X10 Y10
;TYPE:WALL-INNER
G1 F2400 X41.11 Y62.57 E2192.11409
G1 X41.11 Y57.15 E2192.34881
G1 X46.53 Y57.15 E2192.58352
G1 X46.53 Y62.058 E2192.79607
G0 F1920 X46.53 Y62.57
M204 S2000
M205 X30 Y30
G0 F3600 X47.03 Y63.07
M204 S500
M205 X10 Y10
G1 F2400 X40.61 Y63.07 E2193.07409
G1 X40.61 Y56.65 E2193.35211
G1 X47.03 Y56.65 E2193.63014
G1 X47.03 Y62.558 E2193.88599
G0 F1920 X47.03 Y63.07
M204 S2000
M205 X30 Y30
G0 F3600 X47.53 Y63.57
M204 S500
M205 X10 Y10
;TYPE:WALL-OUTER
G1 F1200 X40.11 Y63.57 E2194.20731
G1 X40.11 Y56.15 E2194.52864
G1 X47.53 Y56.15 E2194.84997
G1 X47.53 Y63.058 E2195.14913
G0 F960 X47.53 Y63.57
M204 S2000
M205 X30 Y30
G0 F3600 X47.28 Y63.57
G0 X46.53 Y62.717
G1 F2700 E2191.14913
G0 F3600 X48.445 Y62.327
G0 X72.475 Y62.327
G0 X73.91 Y62.327
G0 X74.589 Y62.327
M204 S500
M205 X10 Y10
;TYPE:FILL
G1 F2700 E2195.14913
G1 F2400 X79.567 Y57.349 E2195.454
G1 X79.779 Y57.137
M204 S2000
M205 X30 Y30
G0 F3600 X79.609 Y59.664
M204 S500
M205 X10 Y10
G1 F2400 X76.904 Y62.37 E2195.61969
G1 X76.692 Y62.582
M204 S2000
M205 X30 Y30
G0 F3600 X79.261 Y62.37
M204 S500
M205 X10 Y10
G1 F2400 X79.609 Y62.022 E2195.64101
M204 S2000
M205 X30 Y30
G0 F3600 X77.209 Y57.349
M204 S500
M205 X10 Y10
G1 F2400 X74.589 Y59.97 E2195.80149
G1 X74.377 Y60.182
M204 S2000
M205 X30 Y30
G0 F3600 X74.589 Y57.612
M204 S500
M205 X10 Y10
G1 F2400 X74.852 Y57.349 E2195.8176
M204 S2000
M205 X30 Y30
G0 F3600 X79.81 Y62.57
M204 S500
M205 X10 Y10
;TYPE:WALL-INNER
G1 F2400 X74.39 Y62.57 E2196.05232
G1 X74.39 Y57.15 E2196.28704
G1 X79.81 Y57.15 E2196.52175
G1 X79.81 Y62.058 E2196.7343
G0 F1920 X79.81 Y62.57
M204 S2000
M205 X30 Y30
G0 F3600 X80.31 Y63.07
M204 S500
M205 X10 Y10
G1 F2400 X73.89 Y63.07 E2197.01232
G1 X73.89 Y56.65 E2197.29034
G1 X80.31 Y56.65 E2197.56837
G1 X80.31 Y62.558 E2197.82422
G0 F1920 X80.31 Y63.07
M204 S2000
M205 X30 Y30
G0 F3600 X80.81 Y63.57
M204 S500
M205 X10 Y10
;TYPE:WALL-OUTER
G1 F1200 X73.39 Y63.57 E2198.14554
G1 X73.39 Y56.15 E2198.46687
G1 X80.81 Y56.15 E2198.7882
G1 X80.81 Y63.058 E2199.08736
G0 F960 X80.81 Y63.57
M204 S2000
M205 X30 Y30
G0 F3600 X80.56 Y63.57
G0 X79.81 Y62.717
G1 F2700 E2195.08736
;MESH:NONMESH
G0 F600 X79.81 Y62.717 Z52.8
G0 F3600 X73.91 Y57.397
G0 X72.475 Y57.397
G0 X48.445 Y57.397
G0 X47.01 Y57.397
G0 X41.309 Y57.397
;TIME_ELAPSED:2657.971378
;LAYER:210
M204 S500
M205 X10 Y10
;TYPE:FILL
;MESH:PLATempTower
G1 F2700 E2199.08736
G1 F2400 X46.28 Y62.368 E2199.3918
G1 X46.492 Y62.58
M204 S2000
M205 X30 Y30
G0 F3600 X46.33 Y60.06
M204 S500
M205 X10 Y10
G1 F2400 X43.618 Y57.349 E2199.55786
G1 X43.406 Y57.137
M204 S2000
M205 X30 Y30
G0 F3600 X45.976 Y57.349
M204 S500
M205 X10 Y10
G1 F2400 X46.33 Y57.703 E2199.57954
M204 S2000
M205 X30 Y30
G0 F3600 X43.923 Y62.368
M204 S500
M205 X10 Y10
G1 F2400 X41.309 Y59.755 E2199.7396
G1 X41.097 Y59.543
M204 S2000
M205 X30 Y30
G0 F3600 X41.309 Y62.112
M204 S500
M205 X10 Y10
G1 F2400 X41.565 Y62.368 E2199.75528
M204 S2000
M205 X30 Y30
G0 F3600 X46.53 Y62.57
M204 S500
M205 X10 Y10
;TYPE:WALL-INNER
G1 F2400 X41.11 Y62.57 E2199.99
G1 X41.11 Y57.15 E2200.22471
G1 X46.53 Y57.15 E2200.45943
G1 X46.53 Y62.058 E2200.67198
G0 F1920 X46.53 Y62.57
M204 S2000
M205 X30 Y30
G0 F3600 X47.03 Y63.07
M204 S500
M205 X10 Y10
G1 F2400 X40.61 Y63.07 E2200.95
G1 X40.61 Y56.65 E2201.22802
G1 X47.03 Y56.65 E2201.50604
G1 X47.03 Y62.558 E2201.76189
G0 F1920 X47.03 Y63.07
M204 S2000
M205 X30 Y30
G0 F3600 X47.53 Y63.57
M204 S500
M205 X10 Y10
;TYPE:WALL-OUTER
G1 F1200 X40.11 Y63.57 E2202.08322
G1 X40.11 Y56.15 E2202.40455
G1 X47.53 Y56.15 E2202.72588
G1 X47.53 Y63.058 E2203.02504
G0 F960 X47.53 Y63.57
M204 S2000
M205 X30 Y30
G0 F3600 X47.28 Y63.57
G0 X46.53 Y62.717
G1 F2700 E2199.02504
G0 F3600 X47.01 Y60.029
G0 X48.445 Y60.029
G0 X72.475 Y60.029
G0 X73.91 Y60.029
G0 X74.589 Y60.029
M204 S500
M205 X10 Y10
;TYPE:FILL
G1 F2700 E2203.02504
G1 F2400 X76.929 Y62.37 E2203.16838
G1 X77.141 Y62.582
M204 S2000
M205 X30 Y30
G0 F3600 X79.287 Y62.37
M204 S500
M205 X10 Y10
G1 F2400 X74.589 Y57.672 E2203.4561
G1 X74.377 Y57.46
M204 S2000
M205 X30 Y30
G0 F3600 X76.624 Y57.349
M204 S500
M205 X10 Y10
G1 F2400 X79.609 Y60.335 E2203.63894
G1 X79.821 Y60.547
M204 S2000
M205 X30 Y30
G0 F3600 X79.609 Y57.977
M204 S500
M205 X10 Y10
G1 F2400 X78.981 Y57.349 E2203.6774
M204 S2000
M205 X30 Y30
G0 F3600 X79.81 Y62.57
M204 S500
M205 X10 Y10
;TYPE:WALL-INNER
G1 F2400 X74.39 Y62.57 E2203.91212
G1 X74.39 Y57.15 E2204.14684
G1 X79.81 Y57.15 E2204.38155
G1 X79.81 Y62.058 E2204.5941
G0 F1920 X79.81 Y62.57
M204 S2000
M205 X30 Y30
G0 F3600 X80.31 Y63.07
M204 S500
M205 X10 Y10
G1 F2400 X73.89 Y63.07 E2204.87212
G1 X73.89 Y56.65 E2205.15014
G1 X80.31 Y56.65 E2205.42817
G1 X80.31 Y62.558 E2205.68402
G0 F1920 X80.31 Y63.07
M204 S2000
M205 X30 Y30
G0 F3600 X80.81 Y63.57
M204 S500
M205 X10 Y10
;TYPE:WALL-OUTER
G1 F1200 X73.39 Y63.57 E2206.00535
G1 X73.39 Y56.15 E2206.32667
G1 X80.81 Y56.15 E2206.648
G1 X80.81 Y63.058 E2206.94716
G0 F960 X80.81 Y63.57
M204 S2000
M205 X30 Y30
G0 F3600 X80.56 Y63.57
G0 X79.81 Y62.717
G1 F2700 E2202.94716
;MESH:NONMESH
G0 F600 X79.81 Y62.717 Z53.05
G0 F3600 X73.91 Y57.349
G0 X72.475 Y57.349
G0 X48.445 Y57.349
G0 X47.01 Y57.349
G0 X41.847 Y57.349
;TIME_ELAPSED:2668.045686
;LAYER:211
M204 S500
M205 X10 Y10
;TYPE:FILL
;MESH:PLATempTower
G1 F2700 E2206.94716
G1 F2400 X41.31 Y57.886 E2206.98005
M204 S2000
M205 X30 Y30
G0 F3600 X41.31 Y60.244
M204 S500
M205 X10 Y10
G1 F2400 X44.205 Y57.349 E2207.15735
G1 X44.417 Y57.137
M204 S2000
M205 X30 Y30
G0 F3600 X46.329 Y57.582
M204 S500
M205 X10 Y10
G1 F2400 X41.543 Y62.368 E2207.45046
G1 X41.331 Y62.58
M204 S2000
M205 X30 Y30
G0 F3600 X43.9 Y62.368
M204 S500
M205 X10 Y10
G1 F2400 X46.329 Y59.94 E2207.59919
G1 X46.541 Y59.728
M204 S2000
M205 X30 Y30
G0 F3600 X46.329 Y62.297
M204 S500
M205 X10 Y10
G1 F2400 X46.258 Y62.368 E2207.60354
M204 S2000
M205 X30 Y30
G0 F3600 X46.53 Y62.57
M204 S500
M205 X10 Y10
;TYPE:WALL-INNER
G1 F2400 X41.11 Y62.57 E2207.83825
G1 X41.11 Y57.15 E2208.07297
G1 X46.53 Y57.15 E2208.30769
G1 X46.53 Y62.058 E2208.52023
G0 F1920 X46.53 Y62.57
M204 S2000
M205 X30 Y30
G0 F3600 X47.03 Y63.07
M204 S500
M205 X10 Y10
G1 F2400 X40.61 Y63.07 E2208.79825
G1 X40.61 Y56.65 E2209.07628
G1 X47.03 Y56.65 E2209.3543
G1 X47.03 Y62.558 E2209.61015
G0 F1920 X47.03 Y63.07
M204 S2000
M205 X30 Y30
G0 F3600 X47.53 Y63.57
M204 S500
M205 X10 Y10
;TYPE:WALL-OUTER
G1 F1200 X40.11 Y63.57 E2209.93148
G1 X40.11 Y56.15 E2210.25281
G1 X47.53 Y56.15 E2210.57414
G1 X47.53 Y63.058 E2210.87329
G0 F960 X47.53 Y63.57
M204 S2000
M205 X30 Y30
G0 F3600 X47.28 Y63.57
G0 X46.53 Y62.717
G1 F2700 E2206.87329
G0 F3600 X48.445 Y62.327
G0 X72.475 Y62.327
G0 X73.91 Y62.327
G0 X74.589 Y62.327
M204 S500
M205 X10 Y10
;TYPE:FILL
G1 F2700 E2210.87329
G1 F2400 X79.567 Y57.349 E2211.17816
G1 X79.779 Y57.137
M204 S2000
M205 X30 Y30
G0 F3600 X79.609 Y59.664
M204 S500
M205 X10 Y10
G1 F2400 X76.904 Y62.37 E2211.34386
G1 X76.692 Y62.582
M204 S2000
M205 X30 Y30
G0 F3600 X79.261 Y62.37
M204 S500
M205 X10 Y10
G1 F2400 X79.609 Y62.022 E2211.36517
M204 S2000
M205 X30 Y30
G0 F3600 X77.209 Y57.349
M204 S500
M205 X10 Y10
G1 F2400 X74.589 Y59.97 E2211.52566
G1 X74.377 Y60.182
M204 S2000
M205 X30 Y30
G0 F3600 X74.589 Y57.612
M204 S500
M205 X10 Y10
G1 F2400 X74.852 Y57.349 E2211.54177
M204 S2000
M205 X30 Y30
G0 F3600 X79.81 Y62.57
M204 S500
M205 X10 Y10
;TYPE:WALL-INNER
G1 F2400 X74.39 Y62.57 E2211.77648
G1 X74.39 Y57.15 E2212.0112
G1 X79.81 Y57.15 E2212.24592
G1 X79.81 Y62.058 E2212.45846
G0 F1920 X79.81 Y62.57
M204 S2000
M205 X30 Y30
G0 F3600 X80.31 Y63.07
M204 S500
M205 X10 Y10
G1 F2400 X73.89 Y63.07 E2212.73648
G1 X73.89 Y56.65 E2213.01451
G1 X80.31 Y56.65 E2213.29253
G1 X80.31 Y62.558 E2213.54838
G0 F1920 X80.31 Y63.07
M204 S2000
M205 X30 Y30
G0 F3600 X80.81 Y63.57
M204 S500
M205 X10 Y10
;TYPE:WALL-OUTER
G1 F1200 X73.39 Y63.57 E2213.86971
G1 X73.39 Y56.15 E2214.19104
G1 X80.81 Y56.15 E2214.51237
G1 X80.81 Y63.058 E2214.81152
G0 F960 X80.81 Y63.57
M204 S2000
M205 X30 Y30
G0 F3600 X80.56 Y63.57
G0 X79.81 Y62.717
G1 F2700 E2210.81152
;MESH:NONMESH
G0 F600 X79.81 Y62.717 Z53.3
G0 F3600 X73.91 Y57.397
G0 X72.475 Y57.397
G0 X48.445 Y57.397
G0 X47.01 Y57.397
G0 X41.309 Y57.397
;TIME_ELAPSED:2678.100962
;LAYER:212
M204 S500
M205 X10 Y10
;TYPE:FILL
;MESH:PLATempTower
G1 F2700 E2214.81152
G1 F2400 X46.28 Y62.368 E2215.11596
G1 X46.492 Y62.58
M204 S2000
M205 X30 Y30
G0 F3600 X46.33 Y60.06
M204 S500
M205 X10 Y10
G1 F2400 X43.618 Y57.349 E2215.28203
G1 X43.406 Y57.137
M204 S2000
M205 X30 Y30
G0 F3600 X45.976 Y57.349
M204 S500
M205 X10 Y10
G1 F2400 X46.33 Y57.703 E2215.30371
M204 S2000
M205 X30 Y30
G0 F3600 X43.923 Y62.368
M204 S500
M205 X10 Y10
G1 F2400 X41.309 Y59.755 E2215.46377
G1 X41.097 Y59.543
M204 S2000
M205 X30 Y30
G0 F3600 X41.309 Y62.112
M204 S500
M205 X10 Y10
G1 F2400 X41.565 Y62.368 E2215.47944
M204 S2000
M205 X30 Y30
G0 F3600 X46.53 Y62.57
M204 S500
M205 X10 Y10
;TYPE:WALL-INNER
G1 F2400 X41.11 Y62.57 E2215.71416
G1 X41.11 Y57.15 E2215.94888
G1 X46.53 Y57.15 E2216.1836
G1 X46.53 Y62.058 E2216.39614
G0 F1920 X46.53 Y62.57
M204 S2000
M205 X30 Y30
G0 F3600 X47.03 Y63.07
M204 S500
M205 X10 Y10
G1 F2400 X40.61 Y63.07 E2216.67416
G1 X40.61 Y56.65 E2216.95219
G1 X47.03 Y56.65 E2217.23021
G1 X47.03 Y62.558 E2217.48606
G0 F1920 X47.03 Y63.07
M204 S2000
M205 X30 Y30
G0 F3600 X47.53 Y63.57
M204 S500
M205 X10 Y10
;TYPE:WALL-OUTER
G1 F1200 X40.11 Y63.57 E2217.80739
G1 X40.11 Y56.15 E2218.12872
G1 X47.53 Y56.15 E2218.45004
G1 X47.53 Y63.058 E2218.7492
G0 F960 X47.53 Y63.57
M204 S2000
M205 X30 Y30
G0 F3600 X47.28 Y63.57
G0 X46.53 Y62.717
G1 F2700 E2214.7492
G0 F3600 X47.01 Y60.029
G0 X48.445 Y60.029
G0 X72.475 Y60.029
G0 X73.91 Y60.029
G0 X74.589 Y60.029
M204 S500
M205 X10 Y10
;TYPE:FILL
G1 F2700 E2218.7492
G1 F2400 X76.929 Y62.37 E2218.89254
G1 X77.141 Y62.582
M204 S2000
M205 X30 Y30
G0 F3600 X79.287 Y62.37
M204 S500
M205 X10 Y10
G1 F2400 X74.589 Y57.672 E2219.18026
G1 X74.377 Y57.46
M204 S2000
M205 X30 Y30
G0 F3600 X76.624 Y57.349
M204 S500
M205 X10 Y10
G1 F2400 X79.609 Y60.335 E2219.36311
G1 X79.821 Y60.547
M204 S2000
M205 X30 Y30
G0 F3600 X79.609 Y57.977
M204 S500
M205 X10 Y10
G1 F2400 X78.981 Y57.349 E2219.40157
M204 S2000
M205 X30 Y30
G0 F3600 X79.81 Y62.57
M204 S500
M205 X10 Y10
;TYPE:WALL-INNER
G1 F2400 X74.39 Y62.57 E2219.63628
G1 X74.39 Y57.15 E2219.871
G1 X79.81 Y57.15 E2220.10572
G1 X79.81 Y62.058 E2220.31826
G0 F1920 X79.81 Y62.57
M204 S2000
M205 X30 Y30
G0 F3600 X80.31 Y63.07
M204 S500
M205 X10 Y10
G1 F2400 X73.89 Y63.07 E2220.59629
G1 X73.89 Y56.65 E2220.87431
G1 X80.31 Y56.65 E2221.15233
G1 X80.31 Y62.558 E2221.40818
G0 F1920 X80.31 Y63.07
M204 S2000
M205 X30 Y30
G0 F3600 X80.81 Y63.57
M204 S500
M205 X10 Y10
;TYPE:WALL-OUTER
G1 F1200 X73.39 Y63.57 E2221.72951
G1 X73.39 Y56.15 E2222.05084
G1 X80.81 Y56.15 E2222.37217
G1 X80.81 Y63.058 E2222.67132
G0 F960 X80.81 Y63.57
M204 S2000
M205 X30 Y30
G0 F3600 X80.56 Y63.57
G0 X79.81 Y62.717
G1 F2700 E2218.67132
;MESH:NONMESH
G0 F600 X79.81 Y62.717 Z53.55
G0 F3600 X73.91 Y57.349
G0 X72.475 Y57.349
G0 X48.445 Y57.349
G0 X47.01 Y57.349
G0 X41.847 Y57.349
;TIME_ELAPSED:2688.175270
;LAYER:213
M204 S500
M205 X10 Y10
;TYPE:FILL
;MESH:PLATempTower
G1 F2700 E2222.67132
G1 F2400 X41.31 Y57.886 E2222.70421
M204 S2000
M205 X30 Y30
G0 F3600 X41.31 Y60.244
M204 S500
M205 X10 Y10
G1 F2400 X44.205 Y57.349 E2222.88151
G1 X44.417 Y57.137
M204 S2000
M205 X30 Y30
G0 F3600 X46.329 Y57.582
M204 S500
M205 X10 Y10
G1 F2400 X41.543 Y62.368 E2223.17462
G1 X41.331 Y62.58
M204 S2000
M205 X30 Y30
G0 F3600 X43.9 Y62.368
M204 S500
M205 X10 Y10
G1 F2400 X46.329 Y59.94 E2223.32335
G1 X46.541 Y59.728
M204 S2000
M205 X30 Y30
G0 F3600 X46.329 Y62.297
M204 S500
M205 X10 Y10
G1 F2400 X46.258 Y62.368 E2223.3277
M204 S2000
M205 X30 Y30
G0 F3600 X46.53 Y62.57
M204 S500
M205 X10 Y10
;TYPE:WALL-INNER
G1 F2400 X41.11 Y62.57 E2223.56242
G1 X41.11 Y57.15 E2223.79714
G1 X46.53 Y57.15 E2224.03185
G1 X46.53 Y62.058 E2224.2444
G0 F1920 X46.53 Y62.57
M204 S2000
M205 X30 Y30
G0 F3600 X47.03 Y63.07
M204 S500
M205 X10 Y10
G1 F2400 X40.61 Y63.07 E2224.52242
G1 X40.61 Y56.65 E2224.80044
G1 X47.03 Y56.65 E2225.07847
G1 X47.03 Y62.558 E2225.33432
G0 F1920 X47.03 Y63.07
M204 S2000
M205 X30 Y30
G0 F3600 X47.53 Y63.57
M204 S500
M205 X10 Y10
;TYPE:WALL-OUTER
G1 F1200 X40.11 Y63.57 E2225.65564
G1 X40.11 Y56.15 E2225.97697
G1 X47.53 Y56.15 E2226.2983
G1 X47.53 Y63.058 E2226.59746
G0 F960 X47.53 Y63.57
M204 S2000
M205 X30 Y30
G0 F3600 X47.28 Y63.57
G0 X46.53 Y62.717
G1 F2700 E2222.59746
G0 F3600 X48.445 Y62.327
G0 X72.475 Y62.327
G0 X73.91 Y62.327
G0 X74.589 Y62.327
M204 S500
M205 X10 Y10
;TYPE:FILL
G1 F2700 E2226.59746
G1 F2400 X79.567 Y57.349 E2226.90233
G1 X79.779 Y57.137
M204 S2000
M205 X30 Y30
G0 F3600 X79.609 Y59.664
M204 S500
M205 X10 Y10
G1 F2400 X76.904 Y62.37 E2227.06802
G1 X76.692 Y62.582
M204 S2000
M205 X30 Y30
G0 F3600 X79.261 Y62.37
M204 S500
M205 X10 Y10
G1 F2400 X79.609 Y62.022 E2227.08933
M204 S2000
M205 X30 Y30
G0 F3600 X77.209 Y57.349
M204 S500
M205 X10 Y10
G1 F2400 X74.589 Y59.97 E2227.24982
G1 X74.377 Y60.182
M204 S2000
M205 X30 Y30
G0 F3600 X74.589 Y57.612
M204 S500
M205 X10 Y10
G1 F2400 X74.852 Y57.349 E2227.26593
M204 S2000
M205 X30 Y30
G0 F3600 X79.81 Y62.57
M204 S500
M205 X10 Y10
;TYPE:WALL-INNER
G1 F2400 X74.39 Y62.57 E2227.50065
G1 X74.39 Y57.15 E2227.73536
G1 X79.81 Y57.15 E2227.97008
G1 X79.81 Y62.058 E2228.18263
G0 F1920 X79.81 Y62.57
M204 S2000
M205 X30 Y30
G0 F3600 X80.31 Y63.07
M204 S500
M205 X10 Y10
G1 F2400 X73.89 Y63.07 E2228.46065
G1 X73.89 Y56.65 E2228.73867
G1 X80.31 Y56.65 E2229.01669
G1 X80.31 Y62.558 E2229.27255
G0 F1920 X80.31 Y63.07
M204 S2000
M205 X30 Y30
G0 F3600 X80.81 Y63.57
M204 S500
M205 X10 Y10
;TYPE:WALL-OUTER
G1 F1200 X73.39 Y63.57 E2229.59387
G1 X73.39 Y56.15 E2229.9152
G1 X80.81 Y56.15 E2230.23653
G1 X80.81 Y63.058 E2230.53569
G0 F960 X80.81 Y63.57
M204 S2000
M205 X30 Y30
G0 F3600 X80.56 Y63.57
G0 X79.81 Y62.717
G1 F2700 E2226.53569
;MESH:NONMESH
G0 F600 X79.81 Y62.717 Z53.8
G0 F3600 X73.91 Y57.739
G0 X72.475 Y57.739
G0 X48.445 Y57.739
G0 X47.01 Y57.739
G0 X41.651 Y57.739
;TIME_ELAPSED:2698.220558
;LAYER:214
M204 S500
M205 X10 Y10
;TYPE:FILL
;MESH:PLATempTower
G1 F2700 E2230.53569
G1 F2400 X46.28 Y62.368 E2230.81918
G1 X46.492 Y62.58
M204 S2000
M205 X30 Y30
G0 F3600 X46.33 Y60.06
M204 S500
M205 X10 Y10
G1 F2400 X44.008 Y57.739 E2230.96136
G1 X43.796 Y57.527
M204 S2000
M205 X30 Y30
G0 F3600 X41.309 Y59.755
M204 S500
M205 X10 Y10
G1 F2400 X43.923 Y62.368 E2231.12142
G1 X44.135 Y62.58
M204 S2000
M205 X30 Y30
G0 F3600 X41.565 Y62.368
M204 S500
M205 X10 Y10
G1 F2400 X41.309 Y62.112 E2231.1371
M204 S2000
M205 X30 Y30
G0 F3600 X46.53 Y62.57
M204 S500
M205 X10 Y10
;TYPE:WALL-INNER
G1 F2400 X41.11 Y62.57 E2231.37182
G1 X41.11 Y57.54 E2231.58964
G1 X46.53 Y57.54 E2231.82436
G1 X46.53 Y62.058 E2232.02002
G0 F1920 X46.53 Y62.57
M204 S2000
M205 X30 Y30
G0 F3600 X40.934 Y57.04
M204 S500
M205 X10 Y10
G1 F2400 X46.999 Y57.04 E2232.28267
G1 X47 Y56.65 E2232.29955
G1 X47.03 Y56.65 E2232.30085
G1 X47.03 Y63.07 E2232.57888
G1 X40.61 Y63.07 E2232.8569
G1 X40.61 Y56.65 E2233.13492
G1 X40.812 Y56.65 E2233.14367
G0 F1920 X40.934 Y56.65
G0 X40.934 Y57.04
M204 S2000
M205 X30 Y30
G1 F2700 E2229.14367
G0 F3600 X42.806 Y56.818
G0 X42.935 Y56.54
M204 S500
M205 X10 Y10
;TYPE:WALL-OUTER
G1 F2700 E2233.14367
G1 F1200 X44.529 Y56.54 E2233.2127
G1 X44.553 Y56.15 E2233.22962
G1 X44.942 Y56.15 E2233.24647
G1 X44.956 Y56.54 E2233.26337
G1 X46.5 Y56.54 E2233.33023
G1 X46.501 Y56.15 E2233.34712
G1 X47.53 Y56.15 E2233.39168
G1 X47.53 Y63.57 E2233.71301
G1 X40.11 Y63.57 E2234.03434
G1 X40.11 Y56.15 E2234.35567
G1 X41.434 Y56.15 E2234.413
G1 X41.434 Y56.54 E2234.42989
G1 X42.79 Y56.54 E2234.48862
G1 X42.807 Y56.15 E2234.50552
G1 X42.813 Y56.15 E2234.50578
G0 F960 X42.935 Y56.15
G0 X42.935 Y56.54
M204 S2000
M205 X30 Y30
G0 F3600 X43.185 Y56.54
G0 X42.435 Y57.29
G1 F2700 E2230.50578
G0 F3600 X47.26 Y57.672
G0 X48.445 Y57.672
G0 X72.475 Y57.672
G0 X73.91 Y57.672
G0 X74.589 Y57.672
M204 S500
M205 X10 Y10
;TYPE:FILL
G1 F2700 E2234.50578
G1 F2400 X79.287 Y62.37 E2234.7935
G1 X79.499 Y62.582
M204 S2000
M205 X30 Y30
G0 F3600 X79.609 Y60.335
M204 S500
M205 X10 Y10
G1 F2400 X76.624 Y57.349 E2234.97635
G1 X76.412 Y57.137
M204 S2000
M205 X30 Y30
G0 F3600 X78.981 Y57.349
M204 S500
M205 X10 Y10
G1 F2400 X79.609 Y57.977 E2235.01481
M204 S2000
M205 X30 Y30
G0 F3600 X76.929 Y62.37
M204 S500
M205 X10 Y10
G1 F2400 X74.589 Y60.029 E2235.15815
G1 X74.377 Y59.817
M204 S2000
M205 X30 Y30
G0 F3600 X79.81 Y62.57
M204 S500
M205 X10 Y10
;TYPE:WALL-INNER
G1 F2400 X74.39 Y62.57 E2235.39286
G1 X74.39 Y57.15 E2235.62758
G1 X79.81 Y57.15 E2235.8623
G1 X79.81 Y62.058 E2236.07484
G0 F1920 X79.81 Y62.57
M204 S2000
M205 X30 Y30
G0 F3600 X80.31 Y63.07
M204 S500
M205 X10 Y10
G1 F2400 X73.89 Y63.07 E2236.35287
G1 X73.89 Y56.65 E2236.63089
G1 X80.31 Y56.65 E2236.90891
G1 X80.31 Y62.558 E2237.16476
G0 F1920 X80.31 Y63.07
M204 S2000
M205 X30 Y30
G0 F3600 X80.81 Y63.57
M204 S500
M205 X10 Y10
;TYPE:WALL-OUTER
G1 F1200 X73.39 Y63.57 E2237.48609
G1 X73.39 Y56.15 E2237.80742
G1 X80.81 Y56.15 E2238.12875
G1 X80.81 Y63.058 E2238.4279
G0 F960 X80.81 Y63.57
M204 S2000
M205 X30 Y30
G0 F3600 X80.56 Y63.57
G0 X79.81 Y62.717
G1 F2700 E2234.4279
;MESH:NONMESH
G0 F600 X79.81 Y62.717 Z54.05
G0 F3600 X73.91 Y57.738
G0 X72.475 Y57.738
G0 X48.445 Y57.738
G0 X47.26 Y57.738
G0 X41.458 Y57.738
;TIME_ELAPSED:2709.070165
;LAYER:215
M204 S500
M205 X10 Y10
;TYPE:FILL
;MESH:PLATempTower
G1 F2700 E2238.4279
G1 F2400 X41.309 Y57.887 E2238.43703
M204 S2000
M205 X30 Y30
G0 F3600 X41.309 Y60.244
M204 S500
M205 X10 Y10
G1 F2400 X43.815 Y57.738 E2238.59051
G1 X44.027 Y57.526
M204 S2000
M205 X30 Y30
G0 F3600 X46.173 Y57.738
M204 S500
M205 X10 Y10
G1 F2400 X41.542 Y62.369 E2238.87412
G1 X41.33 Y62.581
M204 S2000
M205 X30 Y30
G0 F3600 X43.9 Y62.369
M204 S500
M205 X10 Y10
G1 F2400 X46.537 Y59.732 E2239.03562
G1 X46.749 Y59.52
M204 S2000
M205 X30 Y30
G0 F3600 X46.538 Y62.088
M204 S500
M205 X10 Y10
G1 F2400 X46.257 Y62.369 E2239.05283
M204 S2000
M205 X30 Y30
G0 F3600 X46.739 Y62.57
M204 S500
M205 X10 Y10
;TYPE:WALL-INNER
G1 F2400 X41.11 Y62.57 E2239.2966
G1 X41.11 Y57.54 E2239.51443
G1 X46.738 Y57.54 E2239.75815
G1 X46.739 Y62.058 E2239.95381
G0 F1920 X46.739 Y62.57
M204 S2000
M205 X30 Y30
G0 F3600 X40.934 Y57.04
M204 S500
M205 X10 Y10
G1 F2400 X47.238 Y57.04 E2240.22681
G1 X47.239 Y63.07 E2240.48794
G1 X40.61 Y63.07 E2240.77502
G1 X40.61 Y56.65 E2241.05304
G1 X40.812 Y56.65 E2241.06179
G0 F1920 X40.934 Y56.65
G0 X40.934 Y57.04
M204 S2000
M205 X30 Y30
G0 F3600 X41.434 Y56.54
M204 S500
M205 X10 Y10
;TYPE:WALL-OUTER
G1 F1200 X46.767 Y56.54 E2241.29274
G1 X46.767 Y56.15 E2241.30962
G1 X47.738 Y56.15 E2241.35167
G1 X47.739 Y63.57 E2241.673
G1 X40.11 Y63.57 E2242.00338
G1 X40.11 Y56.15 E2242.32471
G1 X41.312 Y56.15 E2242.37676
G0 F960 X41.434 Y56.15
G0 X41.434 Y56.54
M204 S2000
M205 X30 Y30
G0 F3600 X41.684 Y56.54
G0 X41.684 Y57.29
G1 F2700 E2238.37676
G0 F3600 X47.488 Y57.619
G0 X48.653 Y57.618
G0 X72.471 Y57.619
G0 X73.906 Y57.619
G0 X74.585 Y57.616
M204 S500
M205 X10 Y10
;TYPE:FILL
G1 F2700 E2242.37676
G1 F2400 X74.852 Y57.349 E2242.39312
M204 S2000
M205 X30 Y30
G0 F3600 X77.209 Y57.349
M204 S500
M205 X10 Y10
G1 F2400 X74.585 Y59.973 E2242.55382
G1 X74.373 Y60.185
M204 S2000
M205 X30 Y30
G0 F3600 X74.585 Y62.331
M204 S500
M205 X10 Y10
G1 F2400 X79.567 Y57.349 E2242.85893
G1 X79.779 Y57.137
M204 S2000
M205 X30 Y30
G0 F3600 X79.609 Y59.664
M204 S500
M205 X10 Y10
G1 F2400 X76.904 Y62.37 E2243.02463
G1 X76.692 Y62.582
M204 S2000
M205 X30 Y30
G0 F3600 X79.261 Y62.37
M204 S500
M205 X10 Y10
G1 F2400 X79.609 Y62.022 E2243.04594
M204 S2000
M205 X30 Y30
G0 F3600 X79.81 Y62.57
M204 S500
M205 X10 Y10
;TYPE:WALL-INNER
G1 F2400 X74.386 Y62.57 E2243.28083
G1 X74.386 Y57.15 E2243.51555
G1 X79.81 Y57.15 E2243.75044
G1 X79.81 Y62.058 E2243.96298
G0 F1920 X79.81 Y62.57
M204 S2000
M205 X30 Y30
G0 F3600 X80.31 Y63.07
M204 S500
M205 X10 Y10
G1 F2400 X73.886 Y63.07 E2244.24118
G1 X73.886 Y56.65 E2244.5192
G1 X80.31 Y56.65 E2244.7974
G1 X80.31 Y62.558 E2245.05325
G0 F1920 X80.31 Y63.07
M204 S2000
M205 X30 Y30
G0 F3600 X80.81 Y63.57
M204 S500
M205 X10 Y10
;TYPE:WALL-OUTER
G1 F1200 X73.386 Y63.57 E2245.37475
G1 X73.386 Y56.15 E2245.69608
G1 X80.81 Y56.15 E2246.01758
G1 X80.81 Y63.058 E2246.31674
G0 F960 X80.81 Y63.57
M204 S2000
M205 X30 Y30
G0 F3600 X80.56 Y63.57
G0 X79.81 Y62.717
G1 F2700 E2242.31674
;MESH:NONMESH
G0 F600 X79.81 Y62.717 Z54.3
G0 F3600 X73.906 Y57.739
G0 X72.471 Y57.739
G0 X48.653 Y57.741
G0 X47.488 Y57.742
G0 X41.651 Y57.739
;TIME_ELAPSED:2719.321392
;LAYER:216
M204 S500
M205 X10 Y10
;TYPE:FILL
;MESH:PLATempTower
G1 F2700 E2246.31674
G1 F2400 X46.28 Y62.368 E2246.60023
G1 X46.492 Y62.58
M204 S2000
M205 X30 Y30
G0 F3600 X46.789 Y60.519
M204 S500
M205 X10 Y10
G1 F2400 X44.008 Y57.739 E2246.77052
G1 X43.796 Y57.527
M204 S2000
M205 X30 Y30
G0 F3600 X46.366 Y57.739
M204 S500
M205 X10 Y10
G1 F2400 X46.788 Y58.161 E2246.79637
M204 S2000
M205 X30 Y30
G0 F3600 X43.923 Y62.368
M204 S500
M205 X10 Y10
G1 F2400 X41.309 Y59.755 E2246.95643
G1 X41.097 Y59.543
M204 S2000
M205 X30 Y30
G0 F3600 X41.309 Y62.112
M204 S500
M205 X10 Y10
G1 F2400 X41.565 Y62.368 E2246.9721
M204 S2000
M205 X30 Y30
G0 F3600 X46.989 Y62.57
M204 S500
M205 X10 Y10
;TYPE:WALL-INNER
G1 F2400 X41.11 Y62.57 E2247.2267
G1 X41.11 Y57.54 E2247.44453
G1 X46.988 Y57.54 E2247.69908
G1 X46.989 Y62.058 E2247.89473
G0 F1920 X46.989 Y62.57
M204 S2000
M205 X30 Y30
G0 F3600 X40.864 Y57.11
G0 X40.934 Y57.04
M204 S500
M205 X10 Y10
G1 F2400 X47.378 Y57.04 E2248.1738
G1 X47.378 Y56.65 E2248.19069
G1 X47.488 Y56.65 E2248.19545
G1 X47.489 Y63.07 E2248.47347
G1 X40.61 Y63.07 E2248.77137
G1 X40.61 Y56.65 E2249.04939
G1 X40.812 Y56.65 E2249.05814
G0 F1920 X40.934 Y56.65
G0 X40.934 Y57.04
M204 S2000
M205 X30 Y30
G0 F3600 X41.434 Y56.54
M204 S500
M205 X10 Y10
;TYPE:WALL-OUTER
G1 F1200 X46.878 Y56.54 E2249.2939
G1 X46.878 Y56.15 E2249.31079
G1 X47.988 Y56.15 E2249.35886
G1 X47.989 Y63.57 E2249.68019
G1 X40.11 Y63.57 E2250.02139
G1 X40.11 Y56.15 E2250.34272
G1 X41.312 Y56.15 E2250.39477
G0 F960 X41.434 Y56.15
G0 X41.434 Y56.54
M204 S2000
M205 X30 Y30
G0 F3600 X41.684 Y56.54
G0 X41.684 Y57.54
G1 F2700 E2246.39477
G0 F3600 X47.488 Y57.591
G0 X48.903 Y57.59
G0 X72.39 Y57.591
G0 X73.825 Y57.591
G0 X74.504 Y57.587
M204 S500
M205 X10 Y10
;TYPE:FILL
G1 F2700 E2250.39477
G1 F2400 X79.287 Y62.37 E2250.6877
G1 X79.499 Y62.582
M204 S2000
M205 X30 Y30
G0 F3600 X79.609 Y60.335
M204 S500
M205 X10 Y10
G1 F2400 X76.624 Y57.349 E2250.87054
G1 X76.412 Y57.137
M204 S2000
M205 X30 Y30
G0 F3600 X78.981 Y57.349
M204 S500
M205 X10 Y10
G1 F2400 X79.609 Y57.977 E2250.90901
M204 S2000
M205 X30 Y30
G0 F3600 X76.929 Y62.37
M204 S500
M205 X10 Y10
G1 F2400 X74.504 Y59.944 E2251.05755
G1 X74.292 Y59.732
M204 S2000
M205 X30 Y30
G0 F3600 X79.81 Y62.57
M204 S500
M205 X10 Y10
;TYPE:WALL-INNER
G1 F2400 X74.305 Y62.57 E2251.29595
G1 X74.305 Y57.15 E2251.53067
G1 X79.81 Y57.15 E2251.76906
G1 X79.81 Y62.058 E2251.98161
G0 F1920 X79.81 Y62.57
M204 S2000
M205 X30 Y30
G0 F3600 X80.31 Y63.07
M204 S500
M205 X10 Y10
G1 F2400 X73.805 Y63.07 E2252.26331
G1 X73.805 Y56.65 E2252.54134
G1 X80.31 Y56.65 E2252.82304
G1 X80.31 Y62.558 E2253.07889
G0 F1920 X80.31 Y63.07
M204 S2000
M205 X30 Y30
G0 F3600 X80.81 Y63.57
M204 S500
M205 X10 Y10
;TYPE:WALL-OUTER
G1 F1200 X73.305 Y63.57 E2253.4039
G1 X73.305 Y56.15 E2253.72523
G1 X80.81 Y56.15 E2254.05024
G1 X80.81 Y63.058 E2254.34939
G0 F960 X80.81 Y63.57
M204 S2000
M205 X30 Y30
G0 F3600 X80.56 Y63.57
G0 X79.81 Y62.717
G1 F2700 E2250.34939
;MESH:NONMESH
G0 F600 X79.81 Y62.717 Z54.55
G0 F3600 X73.825 Y57.738
G0 X72.39 Y57.738
G0 X48.903 Y57.741
G0 X47.488 Y57.742
G0 X41.458 Y57.738
;TIME_ELAPSED:2729.933416
;LAYER:217
M204 S500
M205 X10 Y10
;TYPE:FILL
;MESH:PLATempTower
G1 F2700 E2254.34939
G1 F2400 X41.309 Y57.887 E2254.35852
M204 S2000
M205 X30 Y30
G0 F3600 X41.309 Y60.244
M204 S500
M205 X10 Y10
G1 F2400 X43.815 Y57.738 E2254.512
G1 X44.027 Y57.526
M204 S2000
M205 X30 Y30
G0 F3600 X46.173 Y57.738
M204 S500
M205 X10 Y10
G1 F2400 X41.543 Y62.368 E2254.79555
G1 X41.331 Y62.58
M204 S2000
M205 X30 Y30
G0 F3600 X43.9 Y62.368
M204 S500
M205 X10 Y10
G1 F2400 X47.038 Y59.231 E2254.9877
G1 X47.25 Y59.019
M204 S2000
M205 X30 Y30
G0 F3600 X47.038 Y61.589
M204 S500
M205 X10 Y10
G1 F2400 X46.258 Y62.368 E2255.03544
G1 X46.046 Y62.58
M204 S2000
M205 X30 Y30
G0 F3600 X47.239 Y62.57
M204 S500
M205 X10 Y10
;TYPE:WALL-INNER
G1 F2400 X41.11 Y62.57 E2255.30086
G1 X41.11 Y57.54 E2255.51869
G1 X47.238 Y57.54 E2255.78407
G1 X47.239 Y62.058 E2255.97973
G0 F1920 X47.239 Y62.57
M204 S2000
M205 X30 Y30
G0 F3600 X40.934 Y57.04
M204 S500
M205 X10 Y10
G1 F2400 X47.434 Y57.04 E2256.26121
G1 X47.434 Y56.65 E2256.2781
G1 X47.738 Y56.65 E2256.29127
G1 X47.739 Y63.07 E2256.56929
G1 X40.61 Y63.07 E2256.87802
G1 X40.61 Y56.65 E2257.15604
G1 X40.812 Y56.65 E2257.16479
G0 F1920 X40.934 Y56.65
G0 X40.934 Y57.04
M204 S2000
M205 X30 Y30
G0 F3600 X41.434 Y56.54
M204 S500
M205 X10 Y10
;TYPE:WALL-OUTER
G1 F1200 X42.81 Y56.54 E2257.22438
G1 X42.81 Y56.15 E2257.24127
G1 X43.673 Y56.15 E2257.27864
G1 X43.673 Y56.54 E2257.29553
G1 X46.934 Y56.54 E2257.43675
G1 X46.934 Y56.15 E2257.45364
G1 X48.238 Y56.15 E2257.51011
G1 X48.239 Y63.57 E2257.83144
G1 X40.11 Y63.57 E2258.18347
G1 X40.11 Y56.15 E2258.5048
G1 X41.312 Y56.15 E2258.55685
G0 F960 X41.434 Y56.15
G0 X41.434 Y56.54
M204 S2000
M205 X30 Y30
G0 F3600 X41.684 Y56.54
G0 X41.684 Y57.29
G1 F2700 E2254.55685
G0 F3600 X47.988 Y57.781
G0 X49.153 Y57.78
G0 X72.309 Y57.781
G0 X73.744 Y57.781
G0 X74.423 Y57.778
M204 S500
M205 X10 Y10
;TYPE:FILL
G1 F2700 E2258.55685
G1 F2400 X74.852 Y57.349 E2258.58312
M204 S2000
M205 X30 Y30
G0 F3600 X77.209 Y57.349
M204 S500
M205 X10 Y10
G1 F2400 X74.423 Y60.135 E2258.75375
G1 X74.211 Y60.347
M204 S2000
M205 X30 Y30
G0 F3600 X74.546 Y62.37
M204 S500
M205 X10 Y10
G1 F2400 X79.567 Y57.349 E2259.06125
G1 X79.779 Y57.137
M204 S2000
M205 X30 Y30
G0 F3600 X79.609 Y59.664
M204 S500
M205 X10 Y10
G1 F2400 X76.904 Y62.37 E2259.22695
G1 X76.692 Y62.582
M204 S2000
M205 X30 Y30
G0 F3600 X79.261 Y62.37
M204 S500
M205 X10 Y10
G1 F2400 X79.609 Y62.022 E2259.24826
M204 S2000
M205 X30 Y30
G0 F3600 X79.81 Y62.57
M204 S500
M205 X10 Y10
;TYPE:WALL-INNER
G1 F2400 X74.224 Y62.57 E2259.49016
G1 X74.224 Y57.15 E2259.72488
G1 X79.81 Y57.15 E2259.96679
G1 X79.81 Y62.058 E2260.17933
G0 F1920 X79.81 Y62.57
M204 S2000
M205 X30 Y30
G0 F3600 X80.31 Y63.07
M204 S500
M205 X10 Y10
G1 F2400 X73.724 Y63.07 E2260.46454
G1 X73.724 Y56.65 E2260.74257
G1 X80.31 Y56.65 E2261.02778
G1 X80.31 Y62.558 E2261.28363
G0 F1920 X80.31 Y63.07
M204 S2000
M205 X30 Y30
G0 F3600 X80.81 Y63.57
M204 S500
M205 X10 Y10
;TYPE:WALL-OUTER
G1 F1200 X73.224 Y63.57 E2261.61215
G1 X73.224 Y56.15 E2261.93347
G1 X80.81 Y56.15 E2262.26199
G1 X80.81 Y63.058 E2262.56115
G0 F960 X80.81 Y63.57
M204 S2000
M205 X30 Y30
G0 F3600 X80.56 Y63.57
G0 X79.81 Y62.717
G1 F2700 E2258.56115
;MESH:NONMESH
G0 F600 X79.81 Y62.717 Z54.8
G0 F3600 X73.744 Y57.739
G0 X72.309 Y57.739
G0 X49.153 Y57.741
G0 X47.988 Y57.742
G0 X41.651 Y57.739
;TIME_ELAPSED:2740.574213
;LAYER:218
M204 S500
M205 X10 Y10
;TYPE:FILL
;MESH:PLATempTower
G1 F2700 E2262.56115
G1 F2400 X46.28 Y62.368 E2262.84464
G1 X46.492 Y62.58
M204 S2000
M205 X30 Y30
G0 F3600 X47.289 Y61.019
M204 S500
M205 X10 Y10
G1 F2400 X44.008 Y57.739 E2263.04555
G1 X43.796 Y57.527
M204 S2000
M205 X30 Y30
G0 F3600 X46.366 Y57.739
M204 S500
M205 X10 Y10
G1 F2400 X47.289 Y58.662 E2263.10208
G1 X47.501 Y58.874
M204 S2000
M205 X30 Y30
G0 F3600 X43.923 Y62.368
M204 S500
M205 X10 Y10
G1 F2400 X41.309 Y59.755 E2263.26214
G1 X41.097 Y59.543
M204 S2000
M205 X30 Y30
G0 F3600 X41.309 Y62.112
M204 S500
M205 X10 Y10
G1 F2400 X41.565 Y62.368 E2263.27782
M204 S2000
M205 X30 Y30
G0 F3600 X47.489 Y62.57
M204 S500
M205 X10 Y10
;TYPE:WALL-INNER
G1 F2400 X41.11 Y62.57 E2263.55407
G1 X41.11 Y57.54 E2263.7719
G1 X47.488 Y57.54 E2264.0481
G1 X47.489 Y62.058 E2264.24375
G0 F1920 X47.489 Y62.57
M204 S2000
M205 X30 Y30
G0 F3600 X47.533 Y57.11
G0 X47.463 Y57.04
M204 S500
M205 X10 Y10
G1 F2400 X47.462 Y56.65 E2264.26064
G1 X47.988 Y56.65 E2264.28342
G1 X47.989 Y63.07 E2264.56145
G1 X40.61 Y63.07 E2264.881
G1 X40.61 Y56.65 E2265.15902
G1 X40.934 Y56.65 E2265.17305
G1 X40.934 Y57.04 E2265.18994
G1 X46.951 Y57.04 E2265.45051
G0 F1920 X47.463 Y57.04
M204 S2000
M205 X30 Y30
G0 F3600 X46.962 Y56.54
M204 S500
M205 X10 Y10
;TYPE:WALL-OUTER
G1 F1200 X46.961 Y56.15 E2265.4674
G1 X48.488 Y56.15 E2265.53353
G1 X48.489 Y63.57 E2265.85486
G1 X40.11 Y63.57 E2266.21772
G1 X40.11 Y56.15 E2266.53905
G1 X41.434 Y56.15 E2266.59638
G1 X41.434 Y56.54 E2266.61327
G1 X46.45 Y56.54 E2266.83049
G0 F960 X46.962 Y56.54
M204 S2000
M205 X30 Y30
G0 F3600 X46.962 Y56.29
G0 X47.488 Y57.002
G1 F2700 E2262.83049
G0 F3600 X47.563 Y57.003
G0 X49.403 Y57.428
G0 X72.228 Y57.429
G0 X73.663 Y57.429
G0 X74.342 Y57.425
M204 S500
M205 X10 Y10
;TYPE:FILL
G1 F2700 E2266.83049
G1 F2400 X79.286 Y62.369 E2267.13328
G1 X79.498 Y62.581
M204 S2000
M205 X30 Y30
G0 F3600 X79.609 Y60.335
M204 S500
M205 X10 Y10
G1 F2400 X76.624 Y57.35 E2267.31609
G1 X76.412 Y57.138
M204 S2000
M205 X30 Y30
G0 F3600 X78.982 Y57.35
M204 S500
M205 X10 Y10
G1 F2400 X79.609 Y57.977 E2267.35449
M204 S2000
M205 X30 Y30
G0 F3600 X76.928 Y62.369
M204 S500
M205 X10 Y10
G1 F2400 X74.342 Y59.783 E2267.51287
G1 X74.13 Y59.571
M204 S2000
M205 X30 Y30
G0 F3600 X74.342 Y62.14
M204 S500
M205 X10 Y10
G1 F2400 X74.571 Y62.369 E2267.52689
M204 S2000
M205 X30 Y30
G0 F3600 X79.81 Y62.57
M204 S500
M205 X10 Y10
;TYPE:WALL-INNER
G1 F2400 X74.143 Y62.57 E2267.77231
G1 X74.143 Y57.15 E2268.00702
G1 X79.81 Y57.15 E2268.25244
G1 X79.81 Y62.058 E2268.46498
G0 F1920 X79.81 Y62.57
M204 S2000
M205 X30 Y30
G0 F3600 X80.31 Y63.07
M204 S500
M205 X10 Y10
G1 F2400 X73.643 Y63.07 E2268.7537
G1 X73.643 Y56.65 E2269.03172
G1 X80.31 Y56.65 E2269.32044
G1 X80.31 Y62.558 E2269.57629
G0 F1920 X80.31 Y63.07
M204 S2000
M205 X30 Y30
G0 F3600 X80.81 Y63.57
M204 S500
M205 X10 Y10
;TYPE:WALL-OUTER
G1 F1200 X73.143 Y63.57 E2269.90832
G1 X73.143 Y56.15 E2270.22965
G1 X80.81 Y56.15 E2270.56167
G1 X80.81 Y63.058 E2270.86083
G0 F960 X80.81 Y63.57
M204 S2000
M205 X30 Y30
G0 F3600 X80.56 Y63.57
G0 X79.81 Y62.717
G1 F2700 E2266.86083
;MESH:NONMESH
G0 F600 X79.81 Y62.717 Z55.05
G0 F3600 X73.663 Y57.738
G0 X72.228 Y57.738
G0 X49.403 Y57.74
G0 X47.988 Y57.741
G0 X41.458 Y57.738
;TIME_ELAPSED:2751.316173
;LAYER:219
M204 S500
M205 X10 Y10
;TYPE:FILL
;MESH:PLATempTower
G1 F2700 E2270.86083
G1 F2400 X41.309 Y57.887 E2270.86995
M204 S2000
M205 X30 Y30
G0 F3600 X41.309 Y60.244
M204 S500
M205 X10 Y10
G1 F2400 X43.815 Y57.738 E2271.02343
G1 X44.027 Y57.526
M204 S2000
M205 X30 Y30
G0 F3600 X46.173 Y57.738
M204 S500
M205 X10 Y10
G1 F2400 X41.542 Y62.369 E2271.30705
G1 X41.33 Y62.581
M204 S2000
M205 X30 Y30
G0 F3600 X43.9 Y62.369
M204 S500
M205 X10 Y10
G1 F2400 X47.538 Y58.731 E2271.52985
G1 X47.75 Y58.519
M204 S2000
M205 X30 Y30
G0 F3600 X47.538 Y61.089
M204 S500
M205 X10 Y10
G1 F2400 X46.257 Y62.369 E2271.60828
G1 X46.045 Y62.581
M204 S2000
M205 X30 Y30
G0 F3600 X47.739 Y62.57
M204 S500
M205 X10 Y10
;TYPE:WALL-INNER
G1 F2400 X41.11 Y62.57 E2271.89535
G1 X41.11 Y57.54 E2272.11318
G1 X47.738 Y57.54 E2272.40021
G1 X47.739 Y62.058 E2272.59586
G0 F1920 X47.739 Y62.57
M204 S2000
M205 X30 Y30
G0 F3600 X40.864 Y57.11
G0 X40.934 Y57.04
M204 S500
M205 X10 Y10
G1 F2400 X47.466 Y57.04 E2272.87874
G1 X47.466 Y56.65 E2272.89563
G1 X48.238 Y56.65 E2272.92906
G1 X48.239 Y63.07 E2273.20708
G1 X40.61 Y63.07 E2273.53746
G1 X40.61 Y56.65 E2273.81548
G1 X40.812 Y56.65 E2273.82423
G0 F1920 X40.934 Y56.65
G0 X40.934 Y57.04
M204 S2000
M205 X30 Y30
G0 F3600 X41.434 Y56.54
M204 S500
M205 X10 Y10
;TYPE:WALL-OUTER
G1 F1200 X46.966 Y56.54 E2274.0638
G1 X46.966 Y56.15 E2274.08069
G1 X48.738 Y56.15 E2274.15742
G1 X48.739 Y63.57 E2274.47875
G1 X40.11 Y63.57 E2274.85244
G1 X40.11 Y56.15 E2275.17377
G1 X41.312 Y56.15 E2275.22582
G0 F960 X41.434 Y56.15
G0 X41.434 Y56.54
M204 S2000
M205 X30 Y30
G0 F3600 X41.684 Y56.54
G0 X41.684 Y57.54
G1 F2700 E2271.22582
G0 F3600 X48.238 Y57.988
G0 X49.653 Y57.987
G0 X72.103 Y57.988
G0 X73.538 Y57.988
G0 X74.217 Y57.984
M204 S500
M205 X10 Y10
;TYPE:FILL
G1 F2700 E2275.22582
G1 F2400 X74.852 Y57.349 E2275.26471
M204 S2000
M205 X30 Y30
G0 F3600 X77.209 Y57.349
M204 S500
M205 X10 Y10
G1 F2400 X74.217 Y60.342 E2275.44798
G1 X74.005 Y60.554
M204 S2000
M205 X30 Y30
G0 F3600 X74.546 Y62.37
M204 S500
M205 X10 Y10
G1 F2400 X79.567 Y57.349 E2275.75549
G1 X79.779 Y57.137
M204 S2000
M205 X30 Y30
G0 F3600 X79.609 Y59.664
M204 S500
M205 X10 Y10
G1 F2400 X76.904 Y62.37 E2275.92118
G1 X76.692 Y62.582
M204 S2000
M205 X30 Y30
G0 F3600 X79.261 Y62.37
M204 S500
M205 X10 Y10
G1 F2400 X79.609 Y62.022 E2275.94249
M204 S2000
M205 X30 Y30
G0 F3600 X79.81 Y62.57
M204 S500
M205 X10 Y10
;TYPE:WALL-INNER
G1 F2400 X74.018 Y62.57 E2276.19332
G1 X74.018 Y57.15 E2276.42804
G1 X79.81 Y57.15 E2276.67886
G1 X79.81 Y62.058 E2276.89141
G0 F1920 X79.81 Y62.57
M204 S2000
M205 X30 Y30
G0 F3600 X80.31 Y63.07
M204 S500
M205 X10 Y10
G1 F2400 X73.518 Y63.07 E2277.18554
G1 X73.518 Y56.65 E2277.46356
G1 X80.31 Y56.65 E2277.7577
G1 X80.31 Y62.558 E2278.01355
G0 F1920 X80.31 Y63.07
M204 S2000
M205 X30 Y30
G0 F3600 X80.81 Y63.57
M204 S500
M205 X10 Y10
;TYPE:WALL-OUTER
G1 F1200 X73.018 Y63.57 E2278.35098
G1 X73.018 Y56.15 E2278.67231
G1 X80.81 Y56.15 E2279.00975
G1 X80.81 Y63.058 E2279.30891
G0 F960 X80.81 Y63.57
M204 S2000
M205 X30 Y30
G0 F3600 X80.56 Y63.57
G0 X79.81 Y62.717
G1 F2700 E2275.30891
;MESH:NONMESH
G0 F600 X79.81 Y62.717 Z55.3
G0 F3600 X73.538 Y57.739
G0 X72.103 Y57.739
G0 X49.653 Y57.741
G0 X48.238 Y57.742
G0 X41.651 Y57.739
;TIME_ELAPSED:2762.072967
;LAYER:220
M204 S500
M205 X10 Y10
;TYPE:FILL
;MESH:PLATempTower
G1 F2700 E2279.30891
G1 F2400 X46.28 Y62.368 E2279.5924
G1 X46.492 Y62.58
M204 S2000
M205 X30 Y30
G0 F3600 X47.789 Y61.519
M204 S500
M205 X10 Y10
G1 F2400 X44.008 Y57.739 E2279.82393
G1 X43.796 Y57.527
M204 S2000
M205 X30 Y30
G0 F3600 X46.353 Y57.726
M204 S500
M205 X10 Y10
G1 F2400 X47.788 Y59.161 E2279.91182
G1 X48 Y59.373
M204 S2000
M205 X30 Y30
G0 F3600 X43.923 Y62.368
M204 S500
M205 X10 Y10
G1 F2400 X41.309 Y59.755 E2280.07188
G1 X41.097 Y59.543
M204 S2000
M205 X30 Y30
G0 F3600 X41.309 Y62.112
M204 S500
M205 X10 Y10
G1 F2400 X41.565 Y62.368 E2280.08756
M204 S2000
M205 X30 Y30
G0 F3600 X44.565 Y57.604
M204 S500
M205 X10 Y10
;TYPE:WALL-INNER
G1 F2400 X47.884 Y57.46 E2280.23142
G1 X47.9 Y57.15 E2280.24487
G1 X47.988 Y57.15 E2280.24868
G1 X47.989 Y62.57 E2280.4834
G1 X41.11 Y62.57 E2280.7813
G1 X41.11 Y57.54 E2280.99912
G1 X44.117 Y57.54 E2281.12934
G0 F1920 X44.565 Y57.54
G0 X44.565 Y57.604
M204 S2000
M205 X30 Y30
G0 F3600 X45.065 Y57.082
M204 S500
M205 X10 Y10
G1 F2400 X47.408 Y56.98 E2281.2309
G1 X47.425 Y56.65 E2281.24521
G1 X48.488 Y56.65 E2281.29125
G1 X48.489 Y63.07 E2281.56927
G1 X40.61 Y63.07 E2281.91048
G1 X40.61 Y57.04 E2282.17161
G1 X44.595 Y57.04 E2282.34418
G0 F1920 X45.065 Y57.04
G0 X45.065 Y57.082
M204 S2000
M205 X30 Y30
G0 F3600 X45.565 Y56.56
M204 S500
M205 X10 Y10
;TYPE:WALL-OUTER
G1 F1200 X46.932 Y56.5 E2282.40344
G1 X46.95 Y56.15 E2282.41862
G1 X48.988 Y56.15 E2282.50687
G1 X48.989 Y63.57 E2282.8282
G1 X40.11 Y63.57 E2283.21271
G1 X40.11 Y56.15 E2283.53404
G1 X40.82 Y56.15 E2283.56479
G1 X40.82 Y56.54 E2283.58168
G1 X45.073 Y56.54 E2283.76586
G0 F960 X45.565 Y56.54
G0 X45.565 Y56.56
M204 S2000
M205 X30 Y30
G0 F3600 X45.814 Y56.55
G0 X45.844 Y57.298
G1 F2700 E2279.76586
G0 F3600 X48.738 Y59.515
G0 X49.903 Y59.514
G0 X71.958 Y59.515
G0 X73.393 Y59.515
G0 X74.072 Y59.512
M204 S500
M205 X10 Y10
;TYPE:FILL
G1 F2700 E2283.76586
G1 F2400 X76.928 Y62.369 E2283.9408
G1 X77.14 Y62.581
M204 S2000
M205 X30 Y30
G0 F3600 X74.571 Y62.369
M204 S500
M205 X10 Y10
G1 F2400 X74.072 Y61.87 E2283.97136
M204 S2000
M205 X30 Y30
G0 F3600 X74.267 Y57.35
M204 S500
M205 X10 Y10
G1 F2400 X79.286 Y62.369 E2284.27874
G1 X79.498 Y62.581
M204 S2000
M205 X30 Y30
G0 F3600 X79.609 Y60.335
M204 S500
M205 X10 Y10
G1 F2400 X76.624 Y57.35 E2284.46155
G1 X76.412 Y57.138
M204 S2000
M205 X30 Y30
G0 F3600 X78.982 Y57.35
M204 S500
M205 X10 Y10
G1 F2400 X79.609 Y57.977 E2284.49995
M204 S2000
M205 X30 Y30
G0 F3600 X79.81 Y62.57
M204 S500
M205 X10 Y10
;TYPE:WALL-INNER
G1 F2400 X73.873 Y62.57 E2284.75706
G1 X73.873 Y57.15 E2284.99178
G1 X79.81 Y57.15 E2285.24888
G1 X79.81 Y62.058 E2285.46143
G0 F1920 X79.81 Y62.57
M204 S2000
M205 X30 Y30
G0 F3600 X80.31 Y63.07
M204 S500
M205 X10 Y10
G1 F2400 X73.373 Y63.07 E2285.76184
G1 X73.373 Y56.65 E2286.03986
G1 X80.31 Y56.65 E2286.34028
G1 X80.31 Y62.558 E2286.59613
G0 F1920 X80.31 Y63.07
M204 S2000
M205 X30 Y30
G0 F3600 X80.81 Y63.57
M204 S500
M205 X10 Y10
;TYPE:WALL-OUTER
G1 F1200 X72.873 Y63.57 E2286.93984
G1 X72.873 Y56.15 E2287.26117
G1 X80.81 Y56.15 E2287.60489
G1 X80.81 Y63.058 E2287.90405
G0 F960 X80.81 Y63.57
M204 S2000
M205 X30 Y30
G0 F3600 X80.56 Y63.57
G0 X79.81 Y62.717
G1 F2700 E2283.90405
;MESH:NONMESH
G0 F600 X79.81 Y62.717 Z55.55
G0 F3600 X73.393 Y57.738
G0 X71.958 Y57.738
G0 X49.903 Y57.74
G0 X48.738 Y57.741
G0 X41.458 Y57.738
;TIME_ELAPSED:2773.105322
;LAYER:221
M204 S500
M205 X10 Y10
;TYPE:FILL
;MESH:PLATempTower
G1 F2700 E2287.90405
G1 F2400 X41.309 Y57.887 E2287.91317
M204 S2000
M205 X30 Y30
G0 F3600 X41.309 Y60.244
M204 S500
M205 X10 Y10
G1 F2400 X43.815 Y57.738 E2288.06665
G1 X44.027 Y57.526
M204 S2000
M205 X30 Y30
G0 F3600 X46.173 Y57.738
M204 S500
M205 X10 Y10
G1 F2400 X41.543 Y62.368 E2288.3502
G1 X41.331 Y62.58
M204 S2000
M205 X30 Y30
G0 F3600 X43.9 Y62.368
M204 S500
M205 X10 Y10
G1 F2400 X48.038 Y58.231 E2288.6036
G1 X48.25 Y58.019
M204 S2000
M205 X30 Y30
G0 F3600 X48.038 Y60.589
M204 S500
M205 X10 Y10
G1 F2400 X46.258 Y62.368 E2288.71258
G1 X46.046 Y62.58
M204 S2000
M205 X30 Y30
G0 F3600 X47.911 Y57.54
M204 S500
M205 X10 Y10
;TYPE:WALL-INNER
G1 F2400 X47.912 Y57.15 E2288.72947
G1 X48.238 Y57.15 E2288.74359
G1 X48.239 Y62.57 E2288.97831
G1 X41.11 Y62.57 E2289.28703
G1 X41.11 Y57.54 E2289.50486
G1 X47.399 Y57.54 E2289.77721
G0 F1920 X47.911 Y57.54
M204 S2000
M205 X30 Y30
G0 F3600 X47.412 Y57.04
M204 S500
M205 X10 Y10
G1 F2400 X47.413 Y56.65 E2289.7941
G1 X48.738 Y56.65 E2289.85148
G1 X48.739 Y63.07 E2290.1295
G1 X40.61 Y63.07 E2290.48154
G1 X40.61 Y57.04 E2290.74267
G1 X46.9 Y57.04 E2291.01506
G0 F1920 X47.412 Y57.04
M204 S2000
M205 X30 Y30
G1 F2700 E2287.01506
G0 F3600 X40.792 Y56.818
G0 X40.82 Y56.54
M204 S500
M205 X10 Y10
;TYPE:WALL-OUTER
G1 F2700 E2291.01506
G1 F1200 X46.913 Y56.54 E2291.27892
G1 X46.914 Y56.15 E2291.29581
G1 X49.238 Y56.15 E2291.39646
G1 X49.239 Y63.57 E2291.71778
G1 X40.11 Y63.57 E2292.11312
G1 X40.11 Y56.15 E2292.43445
G1 X40.698 Y56.15 E2292.45991
G0 F960 X40.82 Y56.15
G0 X40.82 Y56.54
M204 S2000
M205 X30 Y30
G0 F3600 X41.07 Y56.54
G1 F2700 E2288.45991
G0 F3600 X40.75 Y56.61
G0 X41.675 Y56.796
G0 X48.988 Y58.276
G0 X50.153 Y58.275
G0 X71.814 Y58.276
G0 X73.249 Y58.276
G0 X73.928 Y58.273
M204 S500
M205 X10 Y10
;TYPE:FILL
G1 F2700 E2292.45991
G1 F2400 X74.852 Y57.349 E2292.5165
G1 X75.064 Y57.137
M204 S2000
M205 X30 Y30
G0 F3600 X77.209 Y57.349
M204 S500
M205 X10 Y10
G1 F2400 X73.928 Y60.63 E2292.71744
G1 X73.716 Y60.842
M204 S2000
M205 X30 Y30
G0 F3600 X74.546 Y62.37
M204 S500
M205 X10 Y10
G1 F2400 X79.567 Y57.349 E2293.02495
G1 X79.779 Y57.137
M204 S2000
M205 X30 Y30
G0 F3600 X79.609 Y59.664
M204 S500
M205 X10 Y10
G1 F2400 X76.904 Y62.37 E2293.19064
G1 X76.692 Y62.582
M204 S2000
M205 X30 Y30
G0 F3600 X79.261 Y62.37
M204 S500
M205 X10 Y10
G1 F2400 X79.609 Y62.022 E2293.21196
M204 S2000
M205 X30 Y30
G0 F3600 X79.81 Y62.57
M204 S500
M205 X10 Y10
;TYPE:WALL-INNER
G1 F2400 X73.729 Y62.57 E2293.4753
G1 X73.729 Y57.15 E2293.71001
G1 X79.81 Y57.15 E2293.97336
G1 X79.81 Y62.058 E2294.1859
G0 F1920 X79.81 Y62.57
M204 S2000
M205 X30 Y30
G0 F3600 X80.31 Y63.07
M204 S500
M205 X10 Y10
G1 F2400 X73.229 Y63.07 E2294.49255
G1 X73.229 Y56.65 E2294.77057
G1 X80.31 Y56.65 E2295.07722
G1 X80.31 Y62.558 E2295.33307
G0 F1920 X80.31 Y63.07
M204 S2000
M205 X30 Y30
G0 F3600 X80.81 Y63.57
M204 S500
M205 X10 Y10
;TYPE:WALL-OUTER
G1 F1200 X72.729 Y63.57 E2295.68302
G1 X72.729 Y56.15 E2296.00435
G1 X80.81 Y56.15 E2296.35431
G1 X80.81 Y63.058 E2296.65346
G0 F960 X80.81 Y63.57
M204 S2000
M205 X30 Y30
G0 F3600 X80.56 Y63.57
G0 X79.81 Y62.717
G1 F2700 E2292.65346
;MESH:NONMESH
G0 F600 X79.81 Y62.717 Z55.8
G0 F3600 X73.249 Y57.739
G0 X71.814 Y57.739
G0 X50.153 Y57.741
G0 X48.988 Y57.742
G0 X41.651 Y57.739
;TIME_ELAPSED:2784.394936
;LAYER:222
M204 S500
M205 X10 Y10
;TYPE:FILL
;MESH:PLATempTower
G1 F2700 E2296.65346
G1 F2400 X46.28 Y62.368 E2296.93696
G1 X46.492 Y62.58
M204 S2000
M205 X30 Y30
G0 F3600 X48.289 Y62.019
M204 S500
M205 X10 Y10
G1 F2400 X44.008 Y57.739 E2297.19911
G1 X43.796 Y57.527
M204 S2000
M205 X30 Y30
G0 F3600 X46.366 Y57.739
M204 S500
M205 X10 Y10
G1 F2400 X48.289 Y59.662 E2297.31688
G1 X48.501 Y59.874
M204 S2000
M205 X30 Y30
G0 F3600 X43.923 Y62.368
M204 S500
M205 X10 Y10
G1 F2400 X41.309 Y59.755 E2297.47694
G1 X41.097 Y59.543
M204 S2000
M205 X30 Y30
G0 F3600 X41.309 Y62.112
M204 S500
M205 X10 Y10
G1 F2400 X41.565 Y62.368 E2297.49262
M204 S2000
M205 X30 Y30
G0 F3600 X47.835 Y57.54
M204 S500
M205 X10 Y10
;TYPE:WALL-INNER
G1 F2400 X47.836 Y57.15 E2297.50951
G1 X48.489 Y57.15 E2297.53779
G1 X48.489 Y62.57 E2297.77251
G1 X41.11 Y62.57 E2298.09206
G1 X41.11 Y57.54 E2298.30989
G1 X47.323 Y57.54 E2298.57895
G0 F1920 X47.835 Y57.54
M204 S2000
M205 X30 Y30
G0 F3600 X40.66 Y57.11
G0 X40.643 Y57.04
M204 S500
M205 X10 Y10
G1 F2400 X47.336 Y57.04 E2298.86879
G1 X47.337 Y56.65 E2298.88568
G1 X48.989 Y56.65 E2298.95722
G1 X48.989 Y63.07 E2299.23524
G1 X40.61 Y63.07 E2299.5981
G1 X40.61 Y56.74 E2299.87223
G0 F1920 X40.61 Y56.65
G0 X40.642 Y56.65
G0 X40.643 Y57.04
M204 S2000
M205 X30 Y30
G0 F3600 X41.142 Y56.54
M204 S500
M205 X10 Y10
;TYPE:WALL-OUTER
G1 F1200 X46.837 Y56.54 E2300.11885
G1 X46.838 Y56.15 E2300.13574
G1 X49.489 Y56.15 E2300.25055
G1 X49.489 Y63.57 E2300.57188
G1 X40.11 Y63.57 E2300.97804
G1 X40.11 Y56.15 E2301.29937
G1 X41.019 Y56.15 E2301.33873
G0 F960 X41.141 Y56.15
G0 X41.142 Y56.54
M204 S2000
M205 X30 Y30
G0 F3600 X41.392 Y56.54
G0 X41.392 Y57.54
G1 F2700 E2297.33873
G0 F3600 X48.969 Y59.218
G0 X50.404 Y59.218
G0 X71.663 Y59.218
G0 X73.098 Y59.218
G0 X73.777 Y59.218
M204 S500
M205 X10 Y10
;TYPE:FILL
G1 F2700 E2301.33873
G1 F2400 X76.929 Y62.37 E2301.53177
G1 X77.141 Y62.582
M204 S2000
M205 X30 Y30
G0 F3600 X74.572 Y62.37
M204 S500
M205 X10 Y10
G1 F2400 X73.777 Y61.575 E2301.58046
G1 X73.565 Y61.363
M204 S2000
M205 X30 Y30
G0 F3600 X74.266 Y57.349
M204 S500
M205 X10 Y10
G1 F2400 X79.287 Y62.37 E2301.88797
G1 X79.499 Y62.582
M204 S2000
M205 X30 Y30
G0 F3600 X79.609 Y60.335
M204 S500
M205 X10 Y10
G1 F2400 X76.624 Y57.349 E2302.07081
G1 X76.412 Y57.137
M204 S2000
M205 X30 Y30
G0 F3600 X78.981 Y57.349
M204 S500
M205 X10 Y10
G1 F2400 X79.609 Y57.977 E2302.10927
M204 S2000
M205 X30 Y30
G0 F3600 X79.81 Y62.57
M204 S500
M205 X10 Y10
;TYPE:WALL-INNER
G1 F2400 X73.578 Y62.57 E2302.37915
G1 X73.578 Y57.15 E2302.61387
G1 X79.81 Y57.15 E2302.88375
G1 X79.81 Y62.058 E2303.09629
G0 F1920 X79.81 Y62.57
M204 S2000
M205 X30 Y30
G0 F3600 X80.31 Y63.07
M204 S500
M205 X10 Y10
G1 F2400 X73.078 Y63.07 E2303.40948
G1 X73.078 Y56.65 E2303.6875
G1 X80.31 Y56.65 E2304.00069
G1 X80.31 Y62.558 E2304.25654
G0 F1920 X80.31 Y63.07
M204 S2000
M205 X30 Y30
G0 F3600 X80.81 Y63.57
M204 S500
M205 X10 Y10
;TYPE:WALL-OUTER
G1 F1200 X72.578 Y63.57 E2304.61303
G1 X72.578 Y56.15 E2304.93436
G1 X80.81 Y56.15 E2305.29086
G1 X80.81 Y63.058 E2305.59001
G0 F960 X80.81 Y63.57
M204 S2000
M205 X30 Y30
G0 F3600 X80.56 Y63.57
G0 X79.81 Y62.717
G1 F2700 E2301.59001
;MESH:NONMESH
G0 F600 X79.81 Y62.717 Z56.05
G0 F3600 X73.098 Y57.738
G0 X71.663 Y57.738
G0 X50.404 Y57.738
G0 X48.969 Y57.738
G0 X41.458 Y57.738
;TIME_ELAPSED:2795.785669
;LAYER:223
M204 S500
M205 X10 Y10
;TYPE:FILL
;MESH:PLATempTower
G1 F2700 E2305.59001
G1 F2400 X41.309 Y57.887 E2305.59914
M204 S2000
M205 X30 Y30
G0 F3600 X41.309 Y60.244
M204 S500
M205 X10 Y10
G1 F2400 X43.815 Y57.738 E2305.75261
G1 X44.027 Y57.526
M204 S2000
M205 X30 Y30
G0 F3600 X46.173 Y57.738
M204 S500
M205 X10 Y10
G1 F2400 X41.543 Y62.368 E2306.03617
G1 X41.331 Y62.58
M204 S2000
M205 X30 Y30
G0 F3600 X43.9 Y62.368
M204 S500
M205 X10 Y10
G1 F2400 X48.538 Y57.731 E2306.32019
G1 X48.75 Y57.519
M204 S2000
M205 X30 Y30
G0 F3600 X48.538 Y60.088
M204 S500
M205 X10 Y10
G1 F2400 X46.258 Y62.368 E2306.45982
G1 X46.046 Y62.58
M204 S2000
M205 X30 Y30
G0 F3600 X47.673 Y57.54
M204 S500
M205 X10 Y10
;TYPE:WALL-INNER
G1 F2400 X47.674 Y57.15 E2306.47671
G1 X48.739 Y57.15 E2306.52283
G1 X48.739 Y62.57 E2306.75755
G1 X41.11 Y62.57 E2307.08793
G1 X41.11 Y57.54 E2307.30576
G1 X47.161 Y57.54 E2307.5678
G0 F1920 X47.673 Y57.54
M204 S2000
M205 X30 Y30
G0 F3600 X47.174 Y57.04
M204 S500
M205 X10 Y10
G1 F2400 X47.175 Y56.65 E2307.58469
G1 X49.239 Y56.65 E2307.67407
G1 X49.239 Y63.07 E2307.9521
G1 X40.61 Y63.07 E2308.32578
G1 X40.61 Y56.65 E2308.6038
G1 X40.927 Y56.65 E2308.61753
G1 X40.933 Y57.04 E2308.63442
G1 X46.662 Y57.04 E2308.88252
G0 F1920 X47.174 Y57.04
M204 S2000
M205 X30 Y30
G0 F3600 X46.675 Y56.54
M204 S500
M205 X10 Y10
;TYPE:WALL-OUTER
G1 F1200 X46.676 Y56.15 E2308.89941
G1 X49.739 Y56.15 E2309.03206
G1 X49.739 Y63.57 E2309.35338
G1 X40.11 Y63.57 E2309.77038
G1 X40.11 Y56.15 E2310.0917
G1 X41.419 Y56.15 E2310.14839
G1 X41.425 Y56.54 E2310.16528
G1 X46.163 Y56.54 E2310.37046
G0 F960 X46.675 Y56.54
M204 S2000
M205 X30 Y30
G0 F3600 X46.675 Y56.29
G0 X47.674 Y57.005
G1 F2700 E2306.37046
G0 F3600 X49.219 Y58.649
G0 X50.654 Y58.649
G0 X71.438 Y58.649
G0 X72.873 Y58.649
G0 X73.552 Y58.649
M204 S500
M205 X10 Y10
;TYPE:FILL
G1 F2700 E2310.37046
G1 F2400 X74.852 Y57.349 E2310.45008
G1 X75.064 Y57.137
M204 S2000
M205 X30 Y30
G0 F3600 X77.209 Y57.349
M204 S500
M205 X10 Y10
G1 F2400 X73.552 Y61.007 E2310.67408
G1 X73.34 Y61.219
M204 S2000
M205 X30 Y30
G0 F3600 X74.546 Y62.37
M204 S500
M205 X10 Y10
G1 F2400 X79.567 Y57.349 E2310.98158
G1 X79.779 Y57.137
M204 S2000
M205 X30 Y30
G0 F3600 X79.609 Y59.664
M204 S500
M205 X10 Y10
G1 F2400 X76.904 Y62.37 E2311.14728
G1 X76.692 Y62.582
M204 S2000
M205 X30 Y30
G0 F3600 X79.261 Y62.37
M204 S500
M205 X10 Y10
G1 F2400 X79.609 Y62.022 E2311.16859
M204 S2000
M205 X30 Y30
G0 F3600 X79.81 Y62.57
M204 S500
M205 X10 Y10
;TYPE:WALL-INNER
G1 F2400 X73.353 Y62.57 E2311.44822
G1 X73.353 Y57.15 E2311.68293
G1 X79.81 Y57.15 E2311.96256
G1 X79.81 Y62.058 E2312.1751
G0 F1920 X79.81 Y62.57
M204 S2000
M205 X30 Y30
G0 F3600 X80.31 Y63.07
M204 S500
M205 X10 Y10
G1 F2400 X72.853 Y63.07 E2312.49803
G1 X72.853 Y56.65 E2312.77606
G1 X80.31 Y56.65 E2313.09899
G1 X80.31 Y62.558 E2313.35484
G0 F1920 X80.31 Y63.07
M204 S2000
M205 X30 Y30
G0 F3600 X80.81 Y63.57
M204 S500
M205 X10 Y10
;TYPE:WALL-OUTER
G1 F1200 X72.353 Y63.57 E2313.72107
G1 X72.353 Y56.15 E2314.0424
G1 X80.81 Y56.15 E2314.40864
G1 X80.81 Y63.058 E2314.7078
G0 F960 X80.81 Y63.57
M204 S2000
M205 X30 Y30
G0 F3600 X80.56 Y63.57
G0 X79.81 Y62.717
G1 F2700 E2310.7078
;MESH:NONMESH
G0 F600 X79.81 Y62.717 Z56.3
G0 F3600 X72.873 Y57.397
G0 X71.438 Y57.397
G0 X50.654 Y57.397
G0 X49.219 Y57.397
G0 X41.309 Y57.397
;TIME_ELAPSED:2806.916725
;LAYER:224
M204 S500
M205 X10 Y10
;TYPE:FILL
;MESH:PLATempTower
G1 F2700 E2314.7078
G1 F2400 X46.28 Y62.368 E2315.01224
G1 X46.492 Y62.58
M204 S2000
M205 X30 Y30
G0 F3600 X43.923 Y62.368
M204 S500
M205 X10 Y10
G1 F2400 X41.309 Y59.755 E2315.1723
G1 X41.097 Y59.543
M204 S2000
M205 X30 Y30
G0 F3600 X41.309 Y62.112
M204 S500
M205 X10 Y10
G1 F2400 X41.565 Y62.368 E2315.18798
M204 S2000
M205 X30 Y30
G0 F3600 X43.618 Y57.349
M204 S500
M205 X10 Y10
G1 F2400 X48.638 Y62.368 E2315.49539
G1 X48.85 Y62.58
M204 S2000
M205 X30 Y30
G0 F3600 X48.788 Y60.162
M204 S500
M205 X10 Y10
G1 F2400 X45.976 Y57.349 E2315.66763
G1 X45.764 Y57.137
M204 S2000
M205 X30 Y30
G0 F3600 X48.333 Y57.349
M204 S500
M205 X10 Y10
G1 F2400 X48.788 Y57.804 E2315.6955
M204 S2000
M205 X30 Y30
G0 F3600 X48.989 Y62.57
M204 S500
M205 X10 Y10
;TYPE:WALL-INNER
G1 F2400 X41.11 Y62.57 E2316.03671
G1 X41.11 Y57.15 E2316.27142
G1 X48.989 Y57.15 E2316.61263
G1 X48.989 Y62.058 E2316.82517
G0 F1920 X48.989 Y62.57
M204 S2000
M205 X30 Y30
G0 F3600 X49.489 Y63.07
M204 S500
M205 X10 Y10
G1 F2400 X40.61 Y63.07 E2317.20969
G1 X40.61 Y56.65 E2317.48771
G1 X49.489 Y56.65 E2317.87222
G1 X49.489 Y62.558 E2318.12807
G0 F1920 X49.489 Y63.07
M204 S2000
M205 X30 Y30
G0 F3600 X49.989 Y63.57
M204 S500
M205 X10 Y10
;TYPE:WALL-OUTER
G1 F1200 X40.11 Y63.57 E2318.55589
G1 X40.11 Y56.15 E2318.87722
G1 X49.989 Y56.15 E2319.30503
G1 X49.989 Y63.058 E2319.60419
G0 F960 X49.989 Y63.57
M204 S2000
M205 X30 Y30
G0 F3600 X49.739 Y63.57
G0 X48.989 Y62.717
G1 F2700 E2315.60419
G0 F3600 X49.469 Y61.125
G0 X50.904 Y61.125
G0 X71.213 Y61.125
G0 X72.648 Y61.125
G0 X73.326 Y61.125
M204 S500
M205 X10 Y10
;TYPE:FILL
G1 F2700 E2319.60419
G1 F2400 X74.571 Y62.369 E2319.68041
G1 X74.783 Y62.581
M204 S2000
M205 X30 Y30
G0 F3600 X76.928 Y62.369
M204 S500
M205 X10 Y10
G1 F2400 X73.326 Y58.767 E2319.90101
G1 X73.114 Y58.555
M204 S2000
M205 X30 Y30
G0 F3600 X74.266 Y57.349
M204 S500
M205 X10 Y10
G1 F2400 X79.286 Y62.369 E2320.20845
G1 X79.498 Y62.581
M204 S2000
M205 X30 Y30
G0 F3600 X79.609 Y60.335
M204 S500
M205 X10 Y10
G1 F2400 X76.624 Y57.349 E2320.39129
G1 X76.412 Y57.137
M204 S2000
M205 X30 Y30
G0 F3600 X78.981 Y57.349
M204 S500
M205 X10 Y10
G1 F2400 X79.609 Y57.977 E2320.42975
M204 S2000
M205 X30 Y30
G0 F3600 X79.81 Y62.57
M204 S500
M205 X10 Y10
;TYPE:WALL-INNER
G1 F2400 X73.128 Y62.57 E2320.71912
G1 X73.128 Y57.15 E2320.95384
G1 X79.81 Y57.15 E2321.24321
G1 X79.81 Y62.058 E2321.45575
G0 F1920 X79.81 Y62.57
M204 S2000
M205 X30 Y30
G0 F3600 X80.31 Y63.07
M204 S500
M205 X10 Y10
G1 F2400 X72.628 Y63.07 E2321.78843
G1 X72.628 Y56.65 E2322.06645
G1 X80.31 Y56.65 E2322.39912
G1 X80.31 Y62.558 E2322.65497
G0 F1920 X80.31 Y63.07
M204 S2000
M205 X30 Y30
G0 F3600 X80.81 Y63.57
M204 S500
M205 X10 Y10
;TYPE:WALL-OUTER
G1 F1200 X72.128 Y63.57 E2323.03096
G1 X72.128 Y56.15 E2323.35228
G1 X80.81 Y56.15 E2323.72826
G1 X80.81 Y63.058 E2324.02742
G0 F960 X80.81 Y63.57
M204 S2000
M205 X30 Y30
G0 F3600 X80.56 Y63.57
G0 X79.81 Y62.717
G1 F2700 E2320.02742
;MESH:NONMESH
G0 F600 X79.81 Y62.717 Z56.55
G0 F3600 X72.648 Y57.349
G0 X71.213 Y57.349
G0 X50.904 Y57.349
G0 X49.469 Y57.349
G0 X41.847 Y57.349
;TIME_ELAPSED:2818.099148
;LAYER:225
M204 S500
M205 X10 Y10
;TYPE:FILL
;MESH:PLATempTower
G1 F2700 E2324.02742
G1 F2400 X41.31 Y57.886 E2324.06031
M204 S2000
M205 X30 Y30
G0 F3600 X41.31 Y60.244
M204 S500
M205 X10 Y10
G1 F2400 X44.205 Y57.349 E2324.23761
G1 X44.417 Y57.137
M204 S2000
M205 X30 Y30
G0 F3600 X46.562 Y57.349
M204 S500
M205 X10 Y10
G1 F2400 X41.542 Y62.369 E2324.54505
G1 X41.33 Y62.581
M204 S2000
M205 X30 Y30
G0 F3600 X43.9 Y62.369
M204 S500
M205 X10 Y10
G1 F2400 X48.92 Y57.349 E2324.85249
G1 X49.132 Y57.137
M204 S2000
M205 X30 Y30
G0 F3600 X49.039 Y59.587
M204 S500
M205 X10 Y10
G1 F2400 X46.257 Y62.369 E2325.02287
G1 X46.045 Y62.581
M204 S2000
M205 X30 Y30
G0 F3600 X48.615 Y62.369
M204 S500
M205 X10 Y10
G1 F2400 X49.039 Y61.945 E2325.04884
M204 S2000
M205 X30 Y30
G0 F3600 X49.239 Y62.57
M204 S500
M205 X10 Y10
;TYPE:WALL-INNER
G1 F2400 X41.11 Y62.57 E2325.40087
G1 X41.11 Y57.15 E2325.63559
G1 X49.239 Y57.15 E2325.98762
G1 X49.239 Y62.058 E2326.20017
G0 F1920 X49.239 Y62.57
M204 S2000
M205 X30 Y30
G0 F3600 X49.739 Y63.07
M204 S500
M205 X10 Y10
G1 F2400 X40.61 Y63.07 E2326.5955
G1 X40.61 Y56.65 E2326.87353
G1 X49.739 Y56.65 E2327.26887
G1 X49.739 Y62.558 E2327.52472
G0 F1920 X49.739 Y63.07
M204 S2000
M205 X30 Y30
G0 F3600 X50.239 Y63.57
M204 S500
M205 X10 Y10
;TYPE:WALL-OUTER
G1 F1200 X40.11 Y63.57 E2327.96336
G1 X40.11 Y56.15 E2328.28469
G1 X50.239 Y56.15 E2328.72333
G1 X50.239 Y63.058 E2329.02249
G0 F960 X50.239 Y63.57
M204 S2000
M205 X30 Y30
G0 F3600 X49.989 Y63.57
G0 X49.239 Y62.717
G1 F2700 E2325.02249
G0 F3600 X49.719 Y61.456
G0 X51.154 Y61.456
G0 X70.988 Y61.456
G0 X72.423 Y61.456
G0 X73.102 Y61.456
M204 S500
M205 X10 Y10
;TYPE:FILL
G1 F2700 E2329.02249
G1 F2400 X77.209 Y57.349 E2329.27402
G1 X77.421 Y57.137
M204 S2000
M205 X30 Y30
G0 F3600 X74.852 Y57.349
M204 S500
M205 X10 Y10
G1 F2400 X73.102 Y59.099 E2329.38119
G1 X72.89 Y59.311
M204 S2000
M205 X30 Y30
G0 F3600 X74.546 Y62.37
M204 S500
M205 X10 Y10
G1 F2400 X79.567 Y57.349 E2329.6887
G1 X79.779 Y57.137
M204 S2000
M205 X30 Y30
G0 F3600 X79.609 Y59.664
M204 S500
M205 X10 Y10
G1 F2400 X76.904 Y62.37 E2329.85439
G1 X76.692 Y62.582
M204 S2000
M205 X30 Y30
G0 F3600 X79.261 Y62.37
M204 S500
M205 X10 Y10
G1 F2400 X79.609 Y62.022 E2329.8757
M204 S2000
M205 X30 Y30
G0 F3600 X79.81 Y62.57
M204 S500
M205 X10 Y10
;TYPE:WALL-INNER
G1 F2400 X72.903 Y62.57 E2330.17482
G1 X72.903 Y57.15 E2330.40953
G1 X79.81 Y57.15 E2330.70865
G1 X79.81 Y62.058 E2330.92119
G0 F1920 X79.81 Y62.57
M204 S2000
M205 X30 Y30
G0 F3600 X80.31 Y63.07
M204 S500
M205 X10 Y10
G1 F2400 X72.403 Y63.07 E2331.26361
G1 X72.403 Y56.65 E2331.54163
G1 X80.31 Y56.65 E2331.88405
G1 X80.31 Y62.558 E2332.1399
G0 F1920 X80.31 Y63.07
M204 S2000
M205 X30 Y30
G0 F3600 X80.81 Y63.57
M204 S500
M205 X10 Y10
;TYPE:WALL-OUTER
G1 F1200 X71.903 Y63.57 E2332.52562
G1 X71.903 Y56.15 E2332.84695
G1 X80.81 Y56.15 E2333.23268
G1 X80.81 Y63.058 E2333.53183
G0 F960 X80.81 Y63.57
M204 S2000
M205 X30 Y30
G0 F3600 X80.56 Y63.57
G0 X79.81 Y62.717
G1 F2700 E2329.53183
;MESH:NONMESH
G0 F600 X79.81 Y62.717 Z56.8
G0 F3600 X72.423 Y57.397
G0 X70.988 Y57.397
G0 X51.154 Y57.397
G0 X49.719 Y57.397
G0 X41.309 Y57.397
;TIME_ELAPSED:2829.250046
;LAYER:226
M204 S500
M205 X10 Y10
;TYPE:FILL
;MESH:PLATempTower
G1 F2700 E2333.53183
G1 F2400 X46.28 Y62.368 E2333.83627
G1 X46.492 Y62.58
M204 S2000
M205 X30 Y30
G0 F3600 X43.923 Y62.368
M204 S500
M205 X10 Y10
G1 F2400 X41.309 Y59.755 E2333.99633
G1 X41.097 Y59.543
M204 S2000
M205 X30 Y30
G0 F3600 X41.309 Y62.112
M204 S500
M205 X10 Y10
G1 F2400 X41.565 Y62.368 E2334.01201
M204 S2000
M205 X30 Y30
G0 F3600 X43.618 Y57.349
M204 S500
M205 X10 Y10
G1 F2400 X48.638 Y62.368 E2334.31942
G1 X48.85 Y62.58
M204 S2000
M205 X30 Y30
G0 F3600 X49.289 Y60.662
M204 S500
M205 X10 Y10
G1 F2400 X45.976 Y57.349 E2334.52232
G1 X45.764 Y57.137
M204 S2000
M205 X30 Y30
G0 F3600 X48.333 Y57.349
M204 S500
M205 X10 Y10
G1 F2400 X49.289 Y58.305 E2334.58087
G1 X49.501 Y58.517
M204 S2000
M205 X30 Y30
G0 F3600 X49.489 Y62.57
M204 S500
M205 X10 Y10
;TYPE:WALL-INNER
G1 F2400 X41.11 Y62.57 E2334.94373
G1 X41.11 Y57.15 E2335.17845
G1 X49.489 Y57.15 E2335.54131
G1 X49.489 Y62.058 E2335.75385
G0 F1920 X49.489 Y62.57
M204 S2000
M205 X30 Y30
G0 F3600 X49.989 Y63.07
M204 S500
M205 X10 Y10
G1 F2400 X40.61 Y63.07 E2336.16002
G1 X40.61 Y56.65 E2336.43804
G1 X49.989 Y56.65 E2336.8442
G1 X49.989 Y62.558 E2337.10005
G0 F1920 X49.989 Y63.07
M204 S2000
M205 X30 Y30
G0 F3600 X50.489 Y63.57
M204 S500
M205 X10 Y10
;TYPE:WALL-OUTER
G1 F1200 X40.11 Y63.57 E2337.54952
G1 X40.11 Y56.15 E2337.87085
G1 X50.489 Y56.15 E2338.32032
G1 X50.489 Y63.058 E2338.61948
G0 F960 X50.489 Y63.57
M204 S2000
M205 X30 Y30
G0 F3600 X50.239 Y63.57
G0 X49.489 Y62.717
G1 F2700 E2334.61948
G0 F3600 X49.969 Y60.559
G0 X51.404 Y60.559
G0 X70.648 Y60.557
G0 X72.063 Y60.556
G0 X72.761 Y60.559
M204 S500
M205 X10 Y10
;TYPE:FILL
G1 F2700 E2338.61948
G1 F2400 X74.572 Y62.37 E2338.73039
G1 X74.784 Y62.582
M204 S2000
M205 X30 Y30
G0 F3600 X76.929 Y62.37
M204 S500
M205 X10 Y10
G1 F2400 X72.761 Y58.201 E2338.98569
G1 X72.549 Y57.989
M204 S2000
M205 X30 Y30
G0 F3600 X74.267 Y57.35
M204 S500
M205 X10 Y10
G1 F2400 X79.287 Y62.37 E2339.29313
G1 X79.499 Y62.582
M204 S2000
M205 X30 Y30
G0 F3600 X79.609 Y60.335
M204 S500
M205 X10 Y10
G1 F2400 X76.624 Y57.35 E2339.47594
G1 X76.412 Y57.138
M204 S2000
M205 X30 Y30
G0 F3600 X78.982 Y57.35
M204 S500
M205 X10 Y10
G1 F2400 X79.609 Y57.977 E2339.51434
M204 S2000
M205 X30 Y30
G0 F3600 X79.81 Y62.57
M204 S500
M205 X10 Y10
;TYPE:WALL-INNER
G1 F2400 X72.563 Y62.57 E2339.82818
G1 X72.562 Y57.15 E2340.06289
G1 X79.81 Y57.15 E2340.37677
G1 X79.81 Y62.058 E2340.58932
G0 F1920 X79.81 Y62.57
M204 S2000
M205 X30 Y30
G0 F3600 X80.31 Y63.07
M204 S500
M205 X10 Y10
G1 F2400 X72.063 Y63.07 E2340.94646
G1 X72.062 Y56.65 E2341.22448
G1 X80.31 Y56.65 E2341.58167
G1 X80.31 Y62.558 E2341.83752
G0 F1920 X80.31 Y63.07
M204 S2000
M205 X30 Y30
G0 F3600 X80.81 Y63.57
M204 S500
M205 X10 Y10
;TYPE:WALL-OUTER
G1 F1200 X71.563 Y63.57 E2342.23797
G1 X71.562 Y56.15 E2342.5593
G1 X80.81 Y56.15 E2342.95979
G1 X80.81 Y63.058 E2343.25894
G0 F960 X80.81 Y63.57
M204 S2000
M205 X30 Y30
G0 F3600 X80.56 Y63.57
G0 X79.81 Y62.717
G1 F2700 E2339.25894
;MESH:NONMESH
G0 F600 X79.81 Y62.717 Z57.05
G0 F3600 X72.063 Y57.345
G0 X70.648 Y57.346
G0 X51.404 Y57.345
G0 X49.969 Y57.345
G0 X41.847 Y57.349
;TIME_ELAPSED:2840.705987
;LAYER:227
M204 S500
M205 X10 Y10
;TYPE:FILL
;MESH:PLATempTower
G1 F2700 E2343.25894
G1 F2400 X41.31 Y57.886 E2343.29183
M204 S2000
M205 X30 Y30
G0 F3600 X41.31 Y60.244
M204 S500
M205 X10 Y10
G1 F2400 X44.205 Y57.349 E2343.46913
G1 X44.417 Y57.137
M204 S2000
M205 X30 Y30
G0 F3600 X46.562 Y57.349
M204 S500
M205 X10 Y10
G1 F2400 X41.543 Y62.368 E2343.77651
G1 X41.331 Y62.58
M204 S2000
M205 X30 Y30
G0 F3600 X43.9 Y62.368
M204 S500
M205 X10 Y10
G1 F2400 X48.92 Y57.349 E2344.08393
G1 X49.132 Y57.137
M204 S2000
M205 X30 Y30
G0 F3600 X49.538 Y59.088
M204 S500
M205 X10 Y10
G1 F2400 X46.258 Y62.368 E2344.2848
G1 X46.046 Y62.58
M204 S2000
M205 X30 Y30
G0 F3600 X48.615 Y62.368
M204 S500
M205 X10 Y10
G1 F2400 X49.538 Y61.446 E2344.3413
G1 X49.75 Y61.234
M204 S2000
M205 X30 Y30
G0 F3600 X49.739 Y62.57
M204 S500
M205 X10 Y10
;TYPE:WALL-INNER
G1 F2400 X41.11 Y62.57 E2344.71499
G1 X41.11 Y57.15 E2344.9497
G1 X49.739 Y57.15 E2345.32339
G1 X49.739 Y62.058 E2345.53593
G0 F1920 X49.739 Y62.57
M204 S2000
M205 X30 Y30
G0 F3600 X50.239 Y63.07
M204 S500
M205 X10 Y10
G1 F2400 X40.61 Y63.07 E2345.95292
G1 X40.61 Y56.65 E2346.23095
G1 X50.239 Y56.65 E2346.64794
G1 X50.239 Y62.558 E2346.90379
G0 F1920 X50.239 Y63.07
M204 S2000
M205 X30 Y30
G0 F3600 X50.739 Y63.57
M204 S500
M205 X10 Y10
;TYPE:WALL-OUTER
G1 F1200 X40.11 Y63.57 E2347.36408
G1 X40.11 Y56.15 E2347.68541
G1 X50.739 Y56.15 E2348.14571
G1 X50.739 Y63.058 E2348.44487
G0 F960 X50.739 Y63.57
M204 S2000
M205 X30 Y30
G0 F3600 X50.489 Y63.57
G0 X49.739 Y62.717
G1 F2700 E2344.44487
G0 F3600 X51.654 Y62.141
G0 X70.303 Y62.139
G0 X71.718 Y62.138
G0 X72.417 Y62.141
M204 S500
M205 X10 Y10
;TYPE:FILL
G1 F2700 E2348.44487
G1 F2400 X77.209 Y57.349 E2348.73835
G1 X77.421 Y57.137
M204 S2000
M205 X30 Y30
G0 F3600 X74.852 Y57.349
M204 S500
M205 X10 Y10
G1 F2400 X72.416 Y59.785 E2348.88753
G1 X72.204 Y59.997
M204 S2000
M205 X30 Y30
G0 F3600 X72.416 Y57.427
M204 S500
M205 X10 Y10
G1 F2400 X72.494 Y57.349 E2348.89231
M204 S2000
M205 X30 Y30
G0 F3600 X74.546 Y62.37
M204 S500
M205 X10 Y10
G1 F2400 X79.567 Y57.349 E2349.19982
G1 X79.779 Y57.137
M204 S2000
M205 X30 Y30
G0 F3600 X79.609 Y59.664
M204 S500
M205 X10 Y10
G1 F2400 X76.904 Y62.37 E2349.36551
G1 X76.692 Y62.582
M204 S2000
M205 X30 Y30
G0 F3600 X79.261 Y62.37
M204 S500
M205 X10 Y10
G1 F2400 X79.609 Y62.022 E2349.38682
M204 S2000
M205 X30 Y30
G0 F3600 X79.81 Y62.57
M204 S500
M205 X10 Y10
;TYPE:WALL-INNER
G1 F2400 X72.218 Y62.57 E2349.7156
G1 X72.217 Y57.15 E2349.95032
G1 X79.81 Y57.15 E2350.27914
G1 X79.81 Y62.058 E2350.49168
G0 F1920 X79.81 Y62.57
M204 S2000
M205 X30 Y30
G0 F3600 X80.31 Y63.07
M204 S500
M205 X10 Y10
G1 F2400 X71.718 Y63.07 E2350.86376
G1 X71.717 Y56.65 E2351.14179
G1 X80.31 Y56.65 E2351.51391
G1 X80.31 Y62.558 E2351.76976
G0 F1920 X80.31 Y63.07
M204 S2000
M205 X30 Y30
G0 F3600 X80.81 Y63.57
M204 S500
M205 X10 Y10
;TYPE:WALL-OUTER
G1 F1200 X71.218 Y63.57 E2352.18515
G1 X71.217 Y56.15 E2352.50648
G1 X80.81 Y56.15 E2352.92191
G1 X80.81 Y63.058 E2353.22107
G0 F960 X80.81 Y63.57
M204 S2000
M205 X30 Y30
G0 F3600 X80.56 Y63.57
G0 X79.81 Y62.717
G1 F2700 E2349.22107
;MESH:NONMESH
G0 F600 X79.81 Y62.717 Z57.3
G0 F3600 X71.718 Y57.393
G0 X70.303 Y57.394
G0 X51.654 Y57.393
G0 X50.219 Y57.393
G0 X41.309 Y57.397
;TIME_ELAPSED:2852.274724
;LAYER:228
M204 S500
M205 X10 Y10
;TYPE:FILL
;MESH:PLATempTower
G1 F2700 E2353.22107
G1 F2400 X46.28 Y62.368 E2353.52551
G1 X46.492 Y62.58
M204 S2000
M205 X30 Y30
G0 F3600 X43.923 Y62.368
M204 S500
M205 X10 Y10
G1 F2400 X41.309 Y59.755 E2353.68557
G1 X41.097 Y59.543
M204 S2000
M205 X30 Y30
G0 F3600 X41.309 Y62.112
M204 S500
M205 X10 Y10
G1 F2400 X41.565 Y62.368 E2353.70125
M204 S2000
M205 X30 Y30
G0 F3600 X43.618 Y57.349
M204 S500
M205 X10 Y10
G1 F2400 X48.638 Y62.368 E2354.00866
G1 X48.85 Y62.58
M204 S2000
M205 X30 Y30
G0 F3600 X49.788 Y61.161
M204 S500
M205 X10 Y10
G1 F2400 X45.976 Y57.349 E2354.24212
G1 X45.764 Y57.137
M204 S2000
M205 X30 Y30
G0 F3600 X48.333 Y57.349
M204 S500
M205 X10 Y10
G1 F2400 X49.788 Y58.804 E2354.33123
G1 X50 Y59.016
M204 S2000
M205 X30 Y30
G0 F3600 X49.989 Y62.57
M204 S500
M205 X10 Y10
;TYPE:WALL-INNER
G1 F2400 X41.11 Y62.57 E2354.71574
G1 X41.11 Y57.15 E2354.95046
G1 X49.989 Y57.15 E2355.33497
G1 X49.989 Y62.058 E2355.54752
G0 F1920 X49.989 Y62.57
M204 S2000
M205 X30 Y30
G0 F3600 X50.489 Y63.07
M204 S500
M205 X10 Y10
G1 F2400 X40.61 Y63.07 E2355.97533
G1 X40.61 Y56.65 E2356.25336
G1 X50.489 Y56.65 E2356.68117
G1 X50.489 Y62.558 E2356.93702
G0 F1920 X50.489 Y63.07
M204 S2000
M205 X30 Y30
G0 F3600 X50.989 Y63.57
M204 S500
M205 X10 Y10
;TYPE:WALL-OUTER
G1 F1200 X40.11 Y63.57 E2357.40815
G1 X40.11 Y56.15 E2357.72948
G1 X50.989 Y56.15 E2358.2006
G1 X50.989 Y63.058 E2358.49975
G0 F960 X50.989 Y63.57
M204 S2000
M205 X30 Y30
G0 F3600 X50.739 Y63.57
G0 X49.989 Y62.717
G1 F2700 E2354.49975
G0 F3600 X50.469 Y62.117
G0 X51.904 Y62.117
G0 X69.848 Y62.115
G0 X71.263 Y62.114
G0 X71.961 Y62.117
M204 S500
M205 X10 Y10
;TYPE:FILL
G1 F2700 E2358.49975
G1 F2400 X72.213 Y62.369 E2358.51519
M204 S2000
M205 X30 Y30
G0 F3600 X74.571 Y62.369
M204 S500
M205 X10 Y10
G1 F2400 X71.961 Y59.759 E2358.67503
G1 X71.749 Y59.547
M204 S2000
M205 X30 Y30
G0 F3600 X71.961 Y57.402
M204 S500
M205 X10 Y10
G1 F2400 X76.928 Y62.369 E2358.97923
G1 X77.14 Y62.581
M204 S2000
M205 X30 Y30
G0 F3600 X79.286 Y62.369
M204 S500
M205 X10 Y10
G1 F2400 X74.266 Y57.349 E2359.28667
G1 X74.054 Y57.137
M204 S2000
M205 X30 Y30
G0 F3600 X76.624 Y57.349
M204 S500
M205 X10 Y10
G1 F2400 X79.609 Y60.335 E2359.46952
G1 X79.821 Y60.547
M204 S2000
M205 X30 Y30
G0 F3600 X79.609 Y57.977
M204 S500
M205 X10 Y10
G1 F2400 X78.981 Y57.349 E2359.50798
M204 S2000
M205 X30 Y30
G0 F3600 X79.81 Y62.57
M204 S500
M205 X10 Y10
;TYPE:WALL-INNER
G1 F2400 X71.763 Y62.57 E2359.85646
G1 X71.762 Y57.15 E2360.09117
G1 X79.81 Y57.15 E2360.4397
G1 X79.81 Y62.058 E2360.65224
G0 F1920 X79.81 Y62.57
M204 S2000
M205 X30 Y30
G0 F3600 X80.31 Y63.07
M204 S500
M205 X10 Y10
G1 F2400 X71.263 Y63.07 E2361.04403
G1 X71.262 Y56.65 E2361.32205
G1 X80.31 Y56.65 E2361.71388
G1 X80.31 Y62.558 E2361.96973
G0 F1920 X80.31 Y63.07
M204 S2000
M205 X30 Y30
G0 F3600 X80.81 Y63.57
M204 S500
M205 X10 Y10
;TYPE:WALL-OUTER
G1 F1200 X70.763 Y63.57 E2362.40483
G1 X70.762 Y56.15 E2362.72616
G1 X80.81 Y56.15 E2363.16129
G1 X80.81 Y63.058 E2363.46045
G0 F960 X80.81 Y63.57
M204 S2000
M205 X30 Y30
G0 F3600 X80.56 Y63.57
G0 X79.81 Y62.717
G1 F2700 E2359.46045
;MESH:NONMESH
G0 F600 X79.81 Y62.717 Z57.55
G0 F3600 X71.263 Y57.345
G0 X69.848 Y57.346
G0 X51.904 Y57.345
G0 X50.469 Y57.345
G0 X41.847 Y57.349
;TIME_ELAPSED:2864.124539
;LAYER:229
M204 S500
M205 X10 Y10
;TYPE:FILL
;MESH:PLATempTower
G1 F2700 E2363.46045
G1 F2400 X41.31 Y57.886 E2363.49334
M204 S2000
M205 X30 Y30
G0 F3600 X41.31 Y60.244
M204 S500
M205 X10 Y10
G1 F2400 X44.205 Y57.349 E2363.67064
G1 X44.417 Y57.137
M204 S2000
M205 X30 Y30
G0 F3600 X46.13 Y57.781
M204 S500
M205 X10 Y10
G1 F2400 X41.542 Y62.369 E2363.95162
G1 X41.33 Y62.581
M204 S2000
M205 X30 Y30
G0 F3600 X43.9 Y62.369
M204 S500
M205 X10 Y10
G1 F2400 X46.13 Y60.139 E2364.08819
G1 X46.342 Y59.927
M204 S2000
M205 X30 Y30
G0 F3600 X50.239 Y62.57
M204 S500
M205 X10 Y10
;TYPE:WALL-INNER
G1 F2400 X41.11 Y62.57 E2364.48353
G1 X41.11 Y57.15 E2364.71825
G1 X50.239 Y57.15 E2365.11359
G1 X50.239 Y62.058 E2365.32613
G0 F1920 X50.239 Y62.57
M204 S2000
M205 X30 Y30
G0 F3600 X50.739 Y63.07
M204 S500
M205 X10 Y10
G1 F2400 X40.61 Y63.07 E2365.76478
G1 X40.61 Y56.65 E2366.0428
G1 X50.739 Y56.65 E2366.48144
G1 X50.739 Y62.558 E2366.73729
G0 F1920 X50.739 Y63.07
M204 S2000
M205 X30 Y30
G0 F3600 X51.239 Y63.57
M204 S500
M205 X10 Y10
;TYPE:WALL-OUTER
G1 F1200 X40.11 Y63.57 E2367.21924
G1 X40.11 Y56.15 E2367.54057
G1 X51.239 Y56.15 E2368.02252
G1 X51.239 Y63.058 E2368.32168
G0 F960 X51.239 Y63.57
M204 S2000
M205 X30 Y30
G0 F3600 X50.989 Y63.57
G0 X50.669 Y63
G0 X49.749 Y62.08
M204 S500
M205 X10 Y10
;TYPE:SKIN
G1 F1200 X46.32 Y62.08 E2368.49988
G1 X46.32 Y57.64 E2368.73062
G1 X49.749 Y57.64 E2368.90882
G1 X49.749 Y61.568 E2369.11296
G0 F960 X49.749 Y62.08
M204 S2000
M205 X30 Y30
G0 F3600 X49.161 Y61.854
M204 S500
M205 X10 Y10
G1 F1200 X49.523 Y61.492 E2369.13956
M204 S2000
M205 X30 Y30
G0 F3600 X49.523 Y60.785
M204 S500
M205 X10 Y10
G1 F1200 X48.454 Y61.854 E2369.21813
M204 S2000
M205 X30 Y30
G0 F3600 X47.747 Y61.854
M204 S500
M205 X10 Y10
G1 F1200 X49.523 Y60.077 E2369.34869
M204 S2000
M205 X30 Y30
G0 F3600 X49.523 Y59.37
M204 S500
M205 X10 Y10
G1 F1200 X47.04 Y61.854 E2369.53122
M204 S2000
M205 X30 Y30
G0 F3600 X46.545 Y61.642
M204 S500
M205 X10 Y10
G1 F1200 X49.523 Y58.663 E2369.75012
M204 S2000
M205 X30 Y30
G0 F3600 X49.523 Y57.956
M204 S500
M205 X10 Y10
G1 F1200 X46.545 Y60.934 E2369.96899
M204 S2000
M205 X30 Y30
G0 F3600 X46.545 Y60.227
M204 S500
M205 X10 Y10
G1 F1200 X48.909 Y57.863 E2370.14273
M204 S2000
M205 X30 Y30
G0 F3600 X48.202 Y57.863
M204 S500
M205 X10 Y10
G1 F1200 X46.545 Y59.52 E2370.26452
M204 S2000
M205 X30 Y30
G0 F3600 X46.545 Y58.813
M204 S500
M205 X10 Y10
G1 F1200 X47.494 Y57.863 E2370.3343
M204 S2000
M205 X30 Y30
G0 F3600 X46.787 Y57.863
M204 S500
M205 X10 Y10
G1 F1200 X46.545 Y58.106 E2370.35212
M204 S2000
M205 X30 Y30
G1 F2700 E2366.35212
G0 F3600 X50.719 Y59.77
G0 X52.154 Y59.77
G0 X69.286 Y59.768
G0 X70.701 Y59.767
G0 X74.789 Y59.77
M204 S500
M205 X10 Y10
;TYPE:FILL
G1 F2700 E2370.35212
G1 F2400 X77.209 Y57.349 E2370.50036
G1 X77.421 Y57.137
M204 S2000
M205 X30 Y30
G0 F3600 X79.567 Y57.349
M204 S500
M205 X10 Y10
G1 F2400 X74.789 Y62.127 E2370.79298
G1 X74.577 Y62.339
M204 S2000
M205 X30 Y30
G0 F3600 X76.904 Y62.37
M204 S500
M205 X10 Y10
G1 F2400 X79.609 Y59.664 E2370.95868
G1 X79.821 Y59.452
M204 S2000
M205 X30 Y30
G0 F3600 X79.609 Y62.022
M204 S500
M205 X10 Y10
G1 F2400 X79.261 Y62.37 E2370.97999
M204 S2000
M205 X30 Y30
G0 F3600 X79.81 Y62.57
M204 S500
M205 X10 Y10
;TYPE:WALL-INNER
G1 F2400 X71.201 Y62.57 E2371.35281
G1 X71.2 Y57.15 E2371.58753
G1 X79.81 Y57.15 E2371.96039
G1 X79.81 Y62.058 E2372.17293
G0 F1920 X79.81 Y62.57
M204 S2000
M205 X30 Y30
G0 F3600 X80.31 Y63.07
M204 S500
M205 X10 Y10
G1 F2400 X70.701 Y63.07 E2372.58906
G1 X70.7 Y56.65 E2372.86708
G1 X80.31 Y56.65 E2373.28325
G1 X80.31 Y62.558 E2373.5391
G0 F1920 X80.31 Y63.07
M204 S2000
M205 X30 Y30
G0 F3600 X80.81 Y63.57
M204 S500
M205 X10 Y10
;TYPE:WALL-OUTER
G1 F1200 X70.201 Y63.57 E2373.99853
G1 X70.2 Y56.15 E2374.31986
G1 X80.81 Y56.15 E2374.77933
G1 X80.81 Y63.058 E2375.07849
G0 F960 X80.81 Y63.57
M204 S2000
M205 X30 Y30
G0 F3600 X80.56 Y63.57
G0 X80.24 Y63
G0 X74.6 Y62.08
M204 S500
M205 X10 Y10
;TYPE:SKIN
G1 F600 X71.691 Y62.08 E2375.22967
G1 X71.69 Y57.64 E2375.46041
G1 X74.6 Y57.64 E2375.61164
G1 X74.6 Y61.568 E2375.81577
G0 F960 X74.6 Y62.08
M204 S2000
M205 X30 Y30
G0 F3600 X74.374 Y61.39
M204 S500
M205 X10 Y10
G1 F1200 X73.908 Y61.855 E2375.84998
M204 S2000
M205 X30 Y30
G0 F3600 X73.201 Y61.855
M204 S500
M205 X10 Y10
G1 F1200 X74.374 Y60.683 E2375.93616
M204 S2000
M205 X30 Y30
G0 F3600 X74.374 Y59.976
M204 S500
M205 X10 Y10
G1 F1200 X72.494 Y61.855 E2376.07429
M204 S2000
M205 X30 Y30
G0 F3600 X71.915 Y61.727
M204 S500
M205 X10 Y10
G1 F1200 X74.374 Y59.268 E2376.25502
M204 S2000
M205 X30 Y30
G0 F3600 X74.374 Y58.561
M204 S500
M205 X10 Y10
G1 F1200 X71.915 Y61.02 E2376.43574
M204 S2000
M205 X30 Y30
G0 F3600 X71.915 Y60.313
M204 S500
M205 X10 Y10
G1 F1200 X74.364 Y57.864 E2376.61573
M204 S2000
M205 X30 Y30
G0 F3600 X73.657 Y57.864
M204 S500
M205 X10 Y10
G1 F1200 X71.914 Y59.606 E2376.7438
M204 S2000
M205 X30 Y30
G0 F3600 X71.914 Y58.899
M204 S500
M205 X10 Y10
G1 F1200 X72.95 Y57.864 E2376.8199
M204 S2000
M205 X30 Y30
G0 F3600 X72.242 Y57.864
M204 S500
M205 X10 Y10
G1 F1200 X71.914 Y58.192 E2376.84401
M204 S2000
M205 X30 Y30
G1 F2700 E2372.84401
;MESH:NONMESH
G0 F600 X71.914 Y58.192 Z57.8
G0 F3600 X70.701 Y57.393
G0 X69.286 Y57.394
G0 X52.154 Y57.393
G0 X50.719 Y57.393
G0 X41.309 Y57.397
;TIME_ELAPSED:2880.543751
;LAYER:230
M204 S500
M205 X10 Y10
;TYPE:FILL
;MESH:PLATempTower
G1 F2700 E2376.84401
G1 F2400 X46.13 Y62.218 E2377.13926
G1 X46.342 Y62.43
M204 S2000
M205 X30 Y30
G0 F3600 X43.923 Y62.368
M204 S500
M205 X10 Y10
G1 F2400 X41.309 Y59.755 E2377.29932
G1 X41.097 Y59.543
M204 S2000
M205 X30 Y30
G0 F3600 X41.309 Y62.112
M204 S500
M205 X10 Y10
G1 F2400 X41.565 Y62.368 E2377.315
M204 S2000
M205 X30 Y30
G0 F3600 X46.13 Y59.86
M204 S500
M205 X10 Y10
G1 F2400 X43.618 Y57.349 E2377.46881
G1 X43.406 Y57.137
M204 S2000
M205 X30 Y30
G0 F3600 X45.976 Y57.349
M204 S500
M205 X10 Y10
G1 F2400 X46.13 Y57.503 E2377.47825
M204 S2000
M205 X30 Y30
G0 F3600 X74.789 Y57.872
M204 S500
M205 X10 Y10
G1 F2400 X79.286 Y62.369 E2377.75366
G1 X79.498 Y62.581
M204 S2000
M205 X30 Y30
G0 F3600 X79.609 Y60.335
M204 S500
M205 X10 Y10
G1 F2400 X76.624 Y57.35 E2377.93647
G1 X76.412 Y57.138
M204 S2000
M205 X30 Y30
G0 F3600 X78.982 Y57.35
M204 S500
M205 X10 Y10
G1 F2400 X79.609 Y57.977 E2377.97487
M204 S2000
M205 X30 Y30
G0 F3600 X76.928 Y62.369
M204 S500
M205 X10 Y10
G1 F2400 X74.789 Y60.229 E2378.1059
G1 X74.577 Y60.017
M204 S2000
M205 X30 Y30
G0 F3600 X79.81 Y62.57
M204 S500
M205 X10 Y10
;TYPE:WALL-INNER
G1 F2400 X41.11 Y62.57 E2379.78183
G1 X41.11 Y57.15 E2380.01655
G1 X79.81 Y57.15 E2381.69248
G1 X79.81 Y62.058 E2381.90503
G0 F1920 X79.81 Y62.57
M204 S2000
M205 X30 Y30
G0 F3600 X80.31 Y63.07
M204 S500
M205 X10 Y10
G1 F2400 X40.61 Y63.07 E2383.62426
G1 X40.61 Y56.65 E2383.90229
G1 X80.31 Y56.65 E2385.62152
G1 X80.31 Y62.558 E2385.87737
G0 F1920 X80.31 Y63.07
M204 S2000
M205 X30 Y30
G0 F3600 X80.81 Y63.57
M204 S500
M205 X10 Y10
;TYPE:WALL-OUTER
G1 F1200 X40.11 Y63.57 E2387.63992
G1 X40.11 Y56.15 E2387.96125
G1 X80.81 Y56.15 E2389.72379
G1 X80.81 Y63.058 E2390.02295
G0 F960 X80.81 Y63.57
M204 S2000
M205 X30 Y30
G0 F3600 X80.56 Y63.57
G0 X80.24 Y63
G0 X74.6 Y62.08
M204 S500
M205 X10 Y10
;TYPE:SKIN
G1 F1200 X46.32 Y62.08 E2391.49263
G1 X46.32 Y57.64 E2391.72337
G1 X74.6 Y57.64 E2393.19305
G1 X74.6 Y61.568 E2393.39719
G0 F960 X74.6 Y62.08
M204 S2000
M205 X30 Y30
G0 F3600 X74.375 Y61.5
M204 S500
M205 X10 Y10
G1 F1200 X46.544 Y61.5 E2394.84353
M204 S2000
M205 X30 Y30
G0 F3600 X46.544 Y61
M204 S500
M205 X10 Y10
G1 F1200 X74.375 Y61 E2396.28988
M204 S2000
M205 X30 Y30
G0 F3600 X74.375 Y60.5
M204 S500
M205 X10 Y10
G1 F1200 X46.544 Y60.5 E2397.73623
M204 S2000
M205 X30 Y30
G0 F3600 X46.544 Y60
M204 S500
M205 X10 Y10
G1 F1200 X74.375 Y60 E2399.18258
M204 S2000
M205 X30 Y30
G0 F3600 X74.375 Y59.5
M204 S500
M205 X10 Y10
G1 F1200 X46.544 Y59.5 E2400.62893
M204 S2000
M205 X30 Y30
G0 F3600 X46.545 Y59
M204 S500
M205 X10 Y10
G1 F1200 X74.375 Y59 E2402.07522
M204 S2000
M205 X30 Y30
G0 F3600 X74.375 Y58.5
M204 S500
M205 X10 Y10
G1 F1200 X46.545 Y58.5 E2403.52152
M204 S2000
M205 X30 Y30
G0 F3600 X46.545 Y58
M204 S500
M205 X10 Y10
G1 F1200 X74.375 Y58 E2404.96782
G1 X74.675 Y58
M204 S2000
M205 X30 Y30
;MESH:NONMESH
G0 F600 X74.675 Y58 Z58.05
G0 F3600 X41.847 Y57.349
;TIME_ELAPSED:2908.317538
;LAYER:231
M204 S500
M205 X10 Y10
;TYPE:FILL
;MESH:PLATempTower
G1 F2400 X41.31 Y57.886 E2405.0007
M204 S2000
M205 X30 Y30
G0 F3600 X41.31 Y60.244
M204 S500
M205 X10 Y10
G1 F2400 X44.205 Y57.349 E2405.178
G1 X44.417 Y57.137
M204 S2000
M205 X30 Y30
G0 F3600 X46.13 Y57.781
M204 S500
M205 X10 Y10
G1 F2400 X41.542 Y62.369 E2405.45899
G1 X41.33 Y62.581
M204 S2000
M205 X30 Y30
G0 F3600 X43.9 Y62.369
M204 S500
M205 X10 Y10
G1 F2400 X46.13 Y60.139 E2405.59556
G1 X46.342 Y59.927
M204 S2000
M205 X30 Y30
G0 F3600 X74.789 Y59.77
M204 S500
M205 X10 Y10
G1 F2400 X77.209 Y57.349 E2405.7438
G1 X77.421 Y57.137
M204 S2000
M205 X30 Y30
G0 F3600 X79.567 Y57.349
M204 S500
M205 X10 Y10
G1 F2400 X74.789 Y62.127 E2406.03642
G1 X74.577 Y62.339
M204 S2000
M205 X30 Y30
G0 F3600 X76.904 Y62.37
M204 S500
M205 X10 Y10
G1 F2400 X79.609 Y59.664 E2406.20212
G1 X79.821 Y59.452
M204 S2000
M205 X30 Y30
G0 F3600 X79.609 Y62.022
M204 S500
M205 X10 Y10
G1 F2400 X79.261 Y62.37 E2406.22343
M204 S2000
M205 X30 Y30
G0 F3600 X79.81 Y62.57
M204 S500
M205 X10 Y10
;TYPE:WALL-INNER
G1 F2400 X41.11 Y62.57 E2407.89936
G1 X41.11 Y57.15 E2408.13408
G1 X79.81 Y57.15 E2409.81001
G1 X79.81 Y62.058 E2410.02256
G0 F1920 X79.81 Y62.57
M204 S2000
M205 X30 Y30
G0 F3600 X80.31 Y63.07
M204 S500
M205 X10 Y10
G1 F2400 X40.61 Y63.07 E2411.74179
G1 X40.61 Y56.65 E2412.01982
G1 X80.31 Y56.65 E2413.73905
G1 X80.31 Y62.558 E2413.9949
G0 F1920 X80.31 Y63.07
M204 S2000
M205 X30 Y30
G0 F3600 X80.81 Y63.57
M204 S500
M205 X10 Y10
;TYPE:WALL-OUTER
G1 F1200 X40.11 Y63.57 E2415.75745
G1 X40.11 Y56.15 E2416.07878
G1 X80.81 Y56.15 E2417.84132
G1 X80.81 Y63.058 E2418.14048
G0 F960 X80.81 Y63.57
M204 S2000
M205 X30 Y30
G0 F3600 X80.56 Y63.57
G0 X80.24 Y63
G0 X74.6 Y62.08
M204 S500
M205 X10 Y10
;TYPE:SKIN
G1 F1200 X46.32 Y62.08 E2419.61016
G1 X46.32 Y57.64 E2419.8409
G1 X74.6 Y57.64 E2421.31058
G1 X74.6 Y61.568 E2421.51472
G0 F960 X74.6 Y62.08
M204 S2000
M205 X30 Y30
G0 F3600 X74.374 Y61.39
M204 S500
M205 X10 Y10
G1 F1200 X73.908 Y61.855 E2421.54893
M204 S2000
M205 X30 Y30
G0 F3600 X73.201 Y61.855
M204 S500
M205 X10 Y10
G1 F1200 X74.374 Y60.683 E2421.6351
M204 S2000
M205 X30 Y30
G0 F3600 X74.374 Y59.976
M204 S500
M205 X10 Y10
G1 F1200 X72.494 Y61.855 E2421.77324
M204 S2000
M205 X30 Y30
G0 F3600 X71.787 Y61.855
M204 S500
M205 X10 Y10
G1 F1200 X74.374 Y59.268 E2421.96337
M204 S2000
M205 X30 Y30
G0 F3600 X74.374 Y58.561
M204 S500
M205 X10 Y10
G1 F1200 X71.08 Y61.855 E2422.20546
M204 S2000
M205 X30 Y30
G0 F3600 X70.373 Y61.855
M204 S500
M205 X10 Y10
G1 F1200 X74.364 Y57.864 E2422.49878
M204 S2000
M205 X30 Y30
G0 F3600 X73.657 Y57.864
M204 S500
M205 X10 Y10
G1 F1200 X69.666 Y61.855 E2422.7921
M204 S2000
M205 X30 Y30
G0 F3600 X68.959 Y61.855
M204 S500
M205 X10 Y10
G1 F1200 X72.95 Y57.864 E2423.08542
M204 S2000
M205 X30 Y30
G0 F3600 X72.242 Y57.864
M204 S500
M205 X10 Y10
G1 F1200 X68.252 Y61.855 E2423.3787
M204 S2000
M205 X30 Y30
G0 F3600 X67.544 Y61.855
M204 S500
M205 X10 Y10
G1 F1200 X71.535 Y57.864 E2423.67202
M204 S2000
M205 X30 Y30
G0 F3600 X70.828 Y57.864
M204 S500
M205 X10 Y10
G1 F1200 X66.837 Y61.855 E2423.96534
M204 S2000
M205 X30 Y30
G0 F3600 X66.13 Y61.855
M204 S500
M205 X10 Y10
G1 F1200 X70.121 Y57.864 E2424.25866
M204 S2000
M205 X30 Y30
G0 F3600 X69.414 Y57.864
M204 S500
M205 X10 Y10
G1 F1200 X65.423 Y61.855 E2424.55198
M204 S2000
M205 X30 Y30
G0 F3600 X64.716 Y61.855
M204 S500
M205 X10 Y10
G1 F1200 X68.707 Y57.864 E2424.8453
M204 S2000
M205 X30 Y30
G0 F3600 X68 Y57.864
M204 S500
M205 X10 Y10
G1 F1200 X64.009 Y61.855 E2425.13862
M204 S2000
M205 X30 Y30
G0 F3600 X63.302 Y61.855
M204 S500
M205 X10 Y10
G1 F1200 X67.293 Y57.864 E2425.43194
M204 S2000
M205 X30 Y30
G0 F3600 X66.586 Y57.864
M204 S500
M205 X10 Y10
G1 F1200 X62.595 Y61.855 E2425.72526
M204 S2000
M205 X30 Y30
G0 F3600 X61.888 Y61.855
M204 S500
M205 X10 Y10
G1 F1200 X65.879 Y57.864 E2426.01858
M204 S2000
M205 X30 Y30
G0 F3600 X65.171 Y57.864
M204 S500
M205 X10 Y10
G1 F1200 X61.181 Y61.855 E2426.31186
M204 S2000
M205 X30 Y30
G0 F3600 X60.473 Y61.855
M204 S500
M205 X10 Y10
G1 F1200 X64.464 Y57.864 E2426.60518
M204 S2000
M205 X30 Y30
G0 F3600 X63.757 Y57.864
M204 S500
M205 X10 Y10
G1 F1200 X59.767 Y61.854 E2426.89842
M204 S2000
M205 X30 Y30
G0 F3600 X59.06 Y61.854
M204 S500
M205 X10 Y10
G1 F1200 X63.05 Y57.864 E2427.19167
M204 S2000
M205 X30 Y30
G0 F3600 X62.343 Y57.864
M204 S500
M205 X10 Y10
G1 F1200 X58.353 Y61.854 E2427.48492
M204 S2000
M205 X30 Y30
G0 F3600 X57.646 Y61.854
M204 S500
M205 X10 Y10
G1 F1200 X61.636 Y57.864 E2427.77816
M204 S2000
M205 X30 Y30
G0 F3600 X60.929 Y57.864
M204 S500
M205 X10 Y10
G1 F1200 X56.939 Y61.854 E2428.07141
M204 S2000
M205 X30 Y30
G0 F3600 X56.231 Y61.854
M204 S500
M205 X10 Y10
G1 F1200 X60.222 Y57.864 E2428.36469
M204 S2000
M205 X30 Y30
G0 F3600 X59.515 Y57.864
M204 S500
M205 X10 Y10
G1 F1200 X55.524 Y61.854 E2428.65797
M204 S2000
M205 X30 Y30
G0 F3600 X54.817 Y61.854
M204 S500
M205 X10 Y10
G1 F1200 X58.807 Y57.864 E2428.95122
M204 S2000
M205 X30 Y30
G0 F3600 X58.1 Y57.864
M204 S500
M205 X10 Y10
G1 F1200 X54.11 Y61.854 E2429.24447
M204 S2000
M205 X30 Y30
G0 F3600 X53.403 Y61.854
M204 S500
M205 X10 Y10
G1 F1200 X57.393 Y57.864 E2429.53771
M204 S2000
M205 X30 Y30
G0 F3600 X56.686 Y57.864
M204 S500
M205 X10 Y10
G1 F1200 X52.696 Y61.854 E2429.83096
M204 S2000
M205 X30 Y30
G0 F3600 X51.989 Y61.854
M204 S500
M205 X10 Y10
G1 F1200 X55.979 Y57.864 E2430.1242
M204 S2000
M205 X30 Y30
G0 F3600 X55.272 Y57.864
M204 S500
M205 X10 Y10
G1 F1200 X51.282 Y61.854 E2430.41745
M204 S2000
M205 X30 Y30
G0 F3600 X50.575 Y61.854
M204 S500
M205 X10 Y10
G1 F1200 X54.565 Y57.864 E2430.71069
M204 S2000
M205 X30 Y30
G0 F3600 X53.858 Y57.864
M204 S500
M205 X10 Y10
G1 F1200 X49.867 Y61.854 E2431.00398
M204 S2000
M205 X30 Y30
G0 F3600 X49.16 Y61.854
M204 S500
M205 X10 Y10
G1 F1200 X53.151 Y57.864 E2431.29726
M204 S2000
M205 X30 Y30
G0 F3600 X52.443 Y57.864
M204 S500
M205 X10 Y10
G1 F1200 X48.453 Y61.854 E2431.59051
M204 S2000
M205 X30 Y30
G0 F3600 X47.746 Y61.854
M204 S500
M205 X10 Y10
G1 F1200 X51.736 Y57.864 E2431.88375
M204 S2000
M205 X30 Y30
G0 F3600 X51.029 Y57.864
M204 S500
M205 X10 Y10
G1 F1200 X47.039 Y61.854 E2432.177
M204 S2000
M205 X30 Y30
G0 F3600 X46.545 Y61.642
M204 S500
M205 X10 Y10
G1 F1200 X50.322 Y57.864 E2432.45463
M204 S2000
M205 X30 Y30
G0 F3600 X49.615 Y57.864
M204 S500
M205 X10 Y10
G1 F1200 X46.545 Y60.934 E2432.68026
M204 S2000
M205 X30 Y30
G0 F3600 X46.545 Y60.227
M204 S500
M205 X10 Y10
G1 F1200 X48.908 Y57.864 E2432.85393
M204 S2000
M205 X30 Y30
G0 F3600 X48.201 Y57.864
M204 S500
M205 X10 Y10
G1 F1200 X46.545 Y59.52 E2432.97563
M204 S2000
M205 X30 Y30
G0 F3600 X46.545 Y58.813
M204 S500
M205 X10 Y10
G1 F1200 X47.494 Y57.864 E2433.04538
M204 S2000
M205 X30 Y30
G0 F3600 X46.787 Y57.864
M204 S500
M205 X10 Y10
G1 F1200 X46.545 Y58.106 E2433.06317
M204 S2000
M205 X30 Y30
;MESH:NONMESH
G0 F600 X46.545 Y58.106 Z58.3
G0 F3600 X46.33 Y62.37
;TIME_ELAPSED:2936.702481
;LAYER:232
M204 S500
M205 X10 Y10
;TYPE:WALL-INNER
;MESH:PLATempTower
G1 F2400 X41.31 Y62.37 E2433.28056
G1 X41.31 Y57.35 E2433.49796
G1 X46.33 Y57.35 E2433.71535
G1 X46.33 Y61.858 E2433.91057
G0 F1920 X46.33 Y62.37
M204 S2000
M205 X30 Y30
G0 F3600 X46.83 Y62.87
M204 S500
M205 X10 Y10
G1 F2400 X40.81 Y62.87 E2434.17127
G1 X40.81 Y56.85 E2434.43197
G1 X46.83 Y56.85 E2434.69267
G1 X46.83 Y62.358 E2434.9312
G0 F1920 X46.83 Y62.87
M204 S2000
M205 X30 Y30
G0 F3600 X47.33 Y63.37
M204 S500
M205 X10 Y10
;TYPE:WALL-OUTER
G1 F1200 X40.31 Y63.37 E2435.23521
G1 X40.31 Y56.35 E2435.53922
G1 X47.33 Y56.35 E2435.84322
G1 X47.33 Y62.858 E2436.12506
G0 F960 X47.33 Y63.37
M204 S2000
M205 X30 Y30
G0 F3600 X47.08 Y63.37
G0 X46.76 Y62.8
G0 X45.84 Y61.88
M204 S500
M205 X10 Y10
;TYPE:SKIN
G1 F1200 X41.8 Y61.88 E2436.33501
G1 X41.8 Y57.84 E2436.54496
G1 X45.84 Y57.84 E2436.75492
G1 X45.84 Y61.368 E2436.93827
G0 F960 X45.84 Y61.88
M204 S2000
M205 X30 Y30
G0 F3600 X45.615 Y58.343
M204 S500
M205 X10 Y10
G1 F1200 X45.336 Y58.064 E2436.95877
M204 S2000
M205 X30 Y30
G0 F3600 X44.629 Y58.064
M204 S500
M205 X10 Y10
G1 F1200 X45.615 Y59.05 E2437.03124
M204 S2000
M205 X30 Y30
G0 F3600 X45.615 Y59.757
M204 S500
M205 X10 Y10
G1 F1200 X43.921 Y58.064 E2437.1557
M204 S2000
M205 X30 Y30
G0 F3600 X43.214 Y58.064
M204 S500
M205 X10 Y10
G1 F1200 X45.615 Y60.464 E2437.33213
M204 S2000
M205 X30 Y30
G0 F3600 X45.615 Y61.171
M204 S500
M205 X10 Y10
G1 F1200 X42.507 Y58.064 E2437.56051
M204 S2000
M205 X30 Y30
G0 F3600 X42.024 Y58.288
M204 S500
M205 X10 Y10
G1 F1200 X45.39 Y61.654 E2437.8079
M204 S2000
M205 X30 Y30
G0 F3600 X44.683 Y61.654
M204 S500
M205 X10 Y10
G1 F1200 X42.024 Y58.995 E2438.00332
M204 S2000
M205 X30 Y30
G0 F3600 X42.024 Y59.702
M204 S500
M205 X10 Y10
G1 F1200 X43.976 Y61.654 E2438.14678
M204 S2000
M205 X30 Y30
G0 F3600 X43.269 Y61.654
M204 S500
M205 X10 Y10
G1 F1200 X42.024 Y60.409 E2438.23829
M204 S2000
M205 X30 Y30
G0 F3600 X42.024 Y61.116
M204 S500
M205 X10 Y10
G1 F1200 X42.562 Y61.654 E2438.27783
M204 S2000
M205 X30 Y30
G1 F2700 E2434.27783
G0 F3600 X46.81 Y62.37
G0 X48.245 Y62.37
G0 X72.675 Y62.37
G0 X74.11 Y62.37
G0 X79.61 Y62.37
M204 S500
M205 X10 Y10
;TYPE:WALL-INNER
G1 F2700 E2438.27783
G1 F2400 X74.59 Y62.37 E2438.49522
G1 X74.59 Y57.35 E2438.71262
G1 X79.61 Y57.35 E2438.93001
G1 X79.61 Y61.858 E2439.12523
G0 F1920 X79.61 Y62.37
M204 S2000
M205 X30 Y30
G0 F3600 X80.11 Y62.87
M204 S500
M205 X10 Y10
G1 F2400 X74.09 Y62.87 E2439.38593
G1 X74.09 Y56.85 E2439.64663
G1 X80.11 Y56.85 E2439.90733
G1 X80.11 Y62.358 E2440.14586
G0 F1920 X80.11 Y62.87
M204 S2000
M205 X30 Y30
G0 F3600 X80.61 Y63.37
M204 S500
M205 X10 Y10
;TYPE:WALL-OUTER
G1 F1200 X73.59 Y63.37 E2440.44987
G1 X73.59 Y56.35 E2440.75387
G1 X80.61 Y56.35 E2441.05788
G1 X80.61 Y62.858 E2441.33971
G0 F960 X80.61 Y63.37
M204 S2000
M205 X30 Y30
G0 F3600 X80.36 Y63.37
G0 X80.04 Y62.8
G0 X79.12 Y61.88
M204 S500
M205 X10 Y10
;TYPE:SKIN
G1 F1200 X75.08 Y61.88 E2441.54967
G1 X75.08 Y57.84 E2441.75962
G1 X79.12 Y57.84 E2441.96958
G1 X79.12 Y61.368 E2442.15292
G0 F960 X79.12 Y61.88
M204 S2000
M205 X30 Y30
G0 F3600 X78.894 Y58.388
M204 S500
M205 X10 Y10
G1 F1200 X78.57 Y58.064 E2442.17674
M204 S2000
M205 X30 Y30
G0 F3600 X77.863 Y58.064
M204 S500
M205 X10 Y10
G1 F1200 X78.894 Y59.095 E2442.25251
M204 S2000
M205 X30 Y30
G0 F3600 X78.894 Y59.802
M204 S500
M205 X10 Y10
G1 F1200 X77.156 Y58.064 E2442.38025
M204 S2000
M205 X30 Y30
G0 F3600 X76.449 Y58.064
M204 S500
M205 X10 Y10
G1 F1200 X78.894 Y60.509 E2442.55994
M204 S2000
M205 X30 Y30
G0 F3600 X78.894 Y61.217
M204 S500
M205 X10 Y10
G1 F1200 X75.742 Y58.064 E2442.79163
M204 S2000
M205 X30 Y30
G0 F3600 X75.304 Y58.333
M204 S500
M205 X10 Y10
G1 F1200 X78.625 Y61.654 E2443.03571
M204 S2000
M205 X30 Y30
G0 F3600 X77.918 Y61.654
M204 S500
M205 X10 Y10
G1 F1200 X75.304 Y59.04 E2443.22783
M204 S2000
M205 X30 Y30
G0 F3600 X75.304 Y59.747
M204 S500
M205 X10 Y10
G1 F1200 X77.211 Y61.654 E2443.36798
M204 S2000
M205 X30 Y30
G0 F3600 X76.504 Y61.654
M204 S500
M205 X10 Y10
G1 F1200 X75.304 Y60.454 E2443.45618
M204 S2000
M205 X30 Y30
G0 F3600 X75.304 Y61.161
M204 S500
M205 X10 Y10
G1 F1200 X75.796 Y61.654 E2443.49238
M204 S2000
M205 X30 Y30
G1 F2700 E2439.49238
;MESH:NONMESH
G0 F600 X75.796 Y61.654 Z58.55
G0 F3600 X74.11 Y62.37
G0 X72.675 Y62.37
G0 X48.245 Y62.37
G0 X46.81 Y62.37
G0 X46.33 Y62.37
;TIME_ELAPSED:2949.795196
;LAYER:233
M204 S500
M205 X10 Y10
;TYPE:WALL-INNER
;MESH:PLATempTower
G1 F2700 E2443.49238
G1 F2400 X41.31 Y62.37 E2443.70977
G1 X41.31 Y57.35 E2443.92716
G1 X46.33 Y57.35 E2444.14456
G1 X46.33 Y61.858 E2444.33978
G0 F1920 X46.33 Y62.37
M204 S2000
M205 X30 Y30
G0 F3600 X46.83 Y62.87
M204 S500
M205 X10 Y10
G1 F2400 X40.81 Y62.87 E2444.60048
G1 X40.81 Y56.85 E2444.86118
G1 X46.83 Y56.85 E2445.12188
G1 X46.83 Y62.358 E2445.36041
G0 F1920 X46.83 Y62.87
M204 S2000
M205 X30 Y30
G0 F3600 X47.33 Y63.37
M204 S500
M205 X10 Y10
;TYPE:WALL-OUTER
G1 F1200 X40.31 Y63.37 E2445.66442
G1 X40.31 Y56.35 E2445.96842
G1 X47.33 Y56.35 E2446.27243
G1 X47.33 Y62.858 E2446.55426
G0 F960 X47.33 Y63.37
M204 S2000
M205 X30 Y30
G0 F3600 X47.08 Y63.37
G0 X46.76 Y62.8
G0 X45.84 Y61.88
M204 S500
M205 X10 Y10
;TYPE:SKIN
G1 F1200 X41.8 Y61.88 E2446.76422
G1 X41.8 Y57.84 E2446.97417
G1 X45.84 Y57.84 E2447.18413
G1 X45.84 Y61.368 E2447.36747
G0 F960 X45.84 Y61.88
M204 S2000
M205 X30 Y30
G0 F3600 X45.119 Y61.654
M204 S500
M205 X10 Y10
G1 F1200 X45.614 Y61.158 E2447.40389
M204 S2000
M205 X30 Y30
G0 F3600 X45.614 Y60.451
M204 S500
M205 X10 Y10
G1 F1200 X44.411 Y61.654 E2447.49231
M204 S2000
M205 X30 Y30
G0 F3600 X43.704 Y61.654
M204 S500
M205 X10 Y10
G1 F1200 X45.614 Y59.744 E2447.63268
M204 S2000
M205 X30 Y30
G0 F3600 X45.614 Y59.037
M204 S500
M205 X10 Y10
G1 F1200 X42.997 Y61.654 E2447.82502
M204 S2000
M205 X30 Y30
G0 F3600 X42.29 Y61.654
M204 S500
M205 X10 Y10
G1 F1200 X45.614 Y58.329 E2448.06935
M204 S2000
M205 X30 Y30
G0 F3600 X45.173 Y58.064
M204 S500
M205 X10 Y10
G1 F1200 X42.025 Y61.212 E2448.30072
M204 S2000
M205 X30 Y30
G0 F3600 X42.025 Y60.505
M204 S500
M205 X10 Y10
G1 F1200 X44.466 Y58.064 E2448.48012
M204 S2000
M205 X30 Y30
G0 F3600 X43.759 Y58.064
M204 S500
M205 X10 Y10
G1 F1200 X42.025 Y59.797 E2448.60752
M204 S2000
M205 X30 Y30
G0 F3600 X42.025 Y59.09
M204 S500
M205 X10 Y10
G1 F1200 X43.052 Y58.064 E2448.68296
M204 S2000
M205 X30 Y30
G0 F3600 X42.345 Y58.064
M204 S500
M205 X10 Y10
G1 F1200 X42.025 Y58.383 E2448.70645
M204 S2000
M205 X30 Y30
G1 F2700 E2444.70645
G0 F3600 X46.81 Y62.37
G0 X48.245 Y62.37
G0 X72.675 Y62.37
G0 X74.11 Y62.37
G0 X79.61 Y62.37
M204 S500
M205 X10 Y10
;TYPE:WALL-INNER
G1 F2700 E2448.70645
G1 F2400 X74.59 Y62.37 E2448.92384
G1 X74.59 Y57.35 E2449.14124
G1 X79.61 Y57.35 E2449.35863
G1 X79.61 Y61.858 E2449.55385
G0 F1920 X79.61 Y62.37
M204 S2000
M205 X30 Y30
G0 F3600 X80.11 Y62.87
M204 S500
M205 X10 Y10
G1 F2400 X74.09 Y62.87 E2449.81455
G1 X74.09 Y56.85 E2450.07525
G1 X80.11 Y56.85 E2450.33595
G1 X80.11 Y62.358 E2450.57448
G0 F1920 X80.11 Y62.87
M204 S2000
M205 X30 Y30
G0 F3600 X80.61 Y63.37
M204 S500
M205 X10 Y10
;TYPE:WALL-OUTER
G1 F1200 X73.59 Y63.37 E2450.87849
G1 X73.59 Y56.35 E2451.1825
G1 X80.61 Y56.35 E2451.4865
G1 X80.61 Y62.858 E2451.76834
G0 F960 X80.61 Y63.37
M204 S2000
M205 X30 Y30
G0 F3600 X80.36 Y63.37
G0 X80.04 Y62.8
G0 X79.12 Y61.88
M204 S500
M205 X10 Y10
;TYPE:SKIN
G1 F1200 X75.08 Y61.88 E2451.97829
G1 X75.08 Y57.84 E2452.18824
G1 X79.12 Y57.84 E2452.3982
G1 X79.12 Y61.368 E2452.58155
G0 F960 X79.12 Y61.88
M204 S2000
M205 X30 Y30
G0 F3600 X78.894 Y61.113
M204 S500
M205 X10 Y10
G1 F1200 X78.352 Y61.654 E2452.62134
M204 S2000
M205 X30 Y30
G0 F3600 X77.645 Y61.654
M204 S500
M205 X10 Y10
G1 F1200 X78.894 Y60.406 E2452.7131
M204 S2000
M205 X30 Y30
G0 F3600 X78.894 Y59.698
M204 S500
M205 X10 Y10
G1 F1200 X76.938 Y61.654 E2452.85686
M204 S2000
M205 X30 Y30
G0 F3600 X76.231 Y61.654
M204 S500
M205 X10 Y10
G1 F1200 X78.894 Y58.991 E2453.05258
M204 S2000
M205 X30 Y30
G0 F3600 X78.894 Y58.284
M204 S500
M205 X10 Y10
G1 F1200 X75.523 Y61.654 E2453.30029
M204 S2000
M205 X30 Y30
G0 F3600 X75.304 Y61.166
M204 S500
M205 X10 Y10
G1 F1200 X78.406 Y58.064 E2453.52827
M204 S2000
M205 X30 Y30
G0 F3600 X77.699 Y58.064
M204 S500
M205 X10 Y10
G1 F1200 X75.304 Y60.459 E2453.7043
M204 S2000
M205 X30 Y30
G0 F3600 X75.304 Y59.752
M204 S500
M205 X10 Y10
G1 F1200 X76.992 Y58.064 E2453.82836
M204 S2000
M205 X30 Y30
G0 F3600 X76.285 Y58.064
M204 S500
M205 X10 Y10
G1 F1200 X75.304 Y59.045 E2453.90045
M204 S2000
M205 X30 Y30
G0 F3600 X75.304 Y58.338
M204 S500
M205 X10 Y10
G1 F1200 X75.578 Y58.064 E2453.92059
M204 S2000
M205 X30 Y30
G1 F2700 E2449.92059
;MESH:NONMESH
G0 F600 X75.578 Y58.064 Z58.8
G0 F3600 X74.11 Y62.37
G0 X72.675 Y62.37
G0 X48.245 Y62.37
G0 X46.81 Y62.37
G0 X46.33 Y62.37
;TIME_ELAPSED:2963.043833
;LAYER:234
M204 S500
M205 X10 Y10
;TYPE:WALL-INNER
;MESH:PLATempTower
G1 F2700 E2453.92059
G1 F2400 X41.31 Y62.37 E2454.13799
G1 X41.31 Y57.35 E2454.35538
G1 X46.33 Y57.35 E2454.57278
G1 X46.33 Y61.858 E2454.768
G0 F1920 X46.33 Y62.37
M204 S2000
M205 X30 Y30
G0 F3600 X46.83 Y62.87
M204 S500
M205 X10 Y10
G1 F2400 X40.81 Y62.87 E2455.0287
G1 X40.81 Y56.85 E2455.2894
G1 X46.83 Y56.85 E2455.5501
G1 X46.83 Y62.358 E2455.78863
G0 F1920 X46.83 Y62.87
M204 S2000
M205 X30 Y30
G0 F3600 X47.33 Y63.37
M204 S500
M205 X10 Y10
;TYPE:WALL-OUTER
G1 F1200 X40.31 Y63.37 E2456.09263
G1 X40.31 Y56.35 E2456.39664
G1 X47.33 Y56.35 E2456.70065
G1 X47.33 Y62.858 E2456.98248
G0 F960 X47.33 Y63.37
M204 S2000
M205 X30 Y30
G0 F3600 X47.08 Y63.37
G0 X46.76 Y62.8
G0 X45.84 Y61.88
M204 S500
M205 X10 Y10
;TYPE:SKIN
G1 F1200 X41.8 Y61.88 E2457.19243
G1 X41.8 Y57.84 E2457.40239
G1 X45.84 Y57.84 E2457.61234
G1 X45.84 Y61.368 E2457.79569
G0 F960 X45.84 Y61.88
M204 S2000
M205 X30 Y30
G0 F3600 X45.615 Y58.343
M204 S500
M205 X10 Y10
G1 F1200 X45.336 Y58.064 E2457.8162
M204 S2000
M205 X30 Y30
G0 F3600 X44.629 Y58.064
M204 S500
M205 X10 Y10
G1 F1200 X45.615 Y59.05 E2457.88866
M204 S2000
M205 X30 Y30
G0 F3600 X45.615 Y59.757
M204 S500
M205 X10 Y10
G1 F1200 X43.921 Y58.064 E2458.01313
M204 S2000
M205 X30 Y30
G0 F3600 X43.214 Y58.064
M204 S500
M205 X10 Y10
G1 F1200 X45.615 Y60.464 E2458.18955
M204 S2000
M205 X30 Y30
G0 F3600 X45.615 Y61.171
M204 S500
M205 X10 Y10
G1 F1200 X42.507 Y58.064 E2458.41794
M204 S2000
M205 X30 Y30
G0 F3600 X42.024 Y58.288
M204 S500
M205 X10 Y10
G1 F1200 X45.39 Y61.654 E2458.66532
M204 S2000
M205 X30 Y30
G0 F3600 X44.683 Y61.654
M204 S500
M205 X10 Y10
G1 F1200 X42.024 Y58.995 E2458.86075
M204 S2000
M205 X30 Y30
G0 F3600 X42.024 Y59.702
M204 S500
M205 X10 Y10
G1 F1200 X43.976 Y61.654 E2459.00421
M204 S2000
M205 X30 Y30
G0 F3600 X43.269 Y61.654
M204 S500
M205 X10 Y10
G1 F1200 X42.024 Y60.409 E2459.09571
M204 S2000
M205 X30 Y30
G0 F3600 X42.024 Y61.116
M204 S500
M205 X10 Y10
G1 F1200 X42.562 Y61.654 E2459.13525
M204 S2000
M205 X30 Y30
G1 F2700 E2455.13525
G0 F3600 X46.81 Y62.37
G0 X48.245 Y62.37
G0 X72.675 Y62.37
G0 X74.11 Y62.37
G0 X79.61 Y62.37
M204 S500
M205 X10 Y10
;TYPE:WALL-INNER
G1 F2700 E2459.13525
G1 F2400 X74.59 Y62.37 E2459.35265
G1 X74.59 Y57.35 E2459.57004
G1 X79.61 Y57.35 E2459.78744
G1 X79.61 Y61.858 E2459.98266
G0 F1920 X79.61 Y62.37
M204 S2000
M205 X30 Y30
G0 F3600 X80.11 Y62.87
M204 S500
M205 X10 Y10
G1 F2400 X74.09 Y62.87 E2460.24336
G1 X74.09 Y56.85 E2460.50406
G1 X80.11 Y56.85 E2460.76476
G1 X80.11 Y62.358 E2461.00329
G0 F1920 X80.11 Y62.87
M204 S2000
M205 X30 Y30
G0 F3600 X80.61 Y63.37
M204 S500
M205 X10 Y10
;TYPE:WALL-OUTER
G1 F1200 X73.59 Y63.37 E2461.30729
G1 X73.59 Y56.35 E2461.6113
G1 X80.61 Y56.35 E2461.91531
G1 X80.61 Y62.858 E2462.19714
G0 F960 X80.61 Y63.37
M204 S2000
M205 X30 Y30
G0 F3600 X80.36 Y63.37
G0 X80.04 Y62.8
G0 X79.12 Y61.88
M204 S500
M205 X10 Y10
;TYPE:SKIN
G1 F1200 X75.08 Y61.88 E2462.40709
G1 X75.08 Y57.84 E2462.61705
G1 X79.12 Y57.84 E2462.827
G1 X79.12 Y61.368 E2463.01035
G0 F960 X79.12 Y61.88
M204 S2000
M205 X30 Y30
G0 F3600 X78.894 Y58.388
M204 S500
M205 X10 Y10
G1 F1200 X78.57 Y58.064 E2463.03416
M204 S2000
M205 X30 Y30
G0 F3600 X77.863 Y58.064
M204 S500
M205 X10 Y10
G1 F1200 X78.894 Y59.095 E2463.10994
M204 S2000
M205 X30 Y30
G0 F3600 X78.894 Y59.802
M204 S500
M205 X10 Y10
G1 F1200 X77.156 Y58.064 E2463.23767
M204 S2000
M205 X30 Y30
G0 F3600 X76.449 Y58.064
M204 S500
M205 X10 Y10
G1 F1200 X78.894 Y60.509 E2463.41737
M204 S2000
M205 X30 Y30
G0 F3600 X78.894 Y61.217
M204 S500
M205 X10 Y10
G1 F1200 X75.742 Y58.064 E2463.64906
M204 S2000
M205 X30 Y30
G0 F3600 X75.304 Y58.333
M204 S500
M205 X10 Y10
G1 F1200 X78.625 Y61.654 E2463.89314
M204 S2000
M205 X30 Y30
G0 F3600 X77.918 Y61.654
M204 S500
M205 X10 Y10
G1 F1200 X75.304 Y59.04 E2464.08525
M204 S2000
M205 X30 Y30
G0 F3600 X75.304 Y59.747
M204 S500
M205 X10 Y10
G1 F1200 X77.211 Y61.654 E2464.22541
M204 S2000
M205 X30 Y30
G0 F3600 X76.504 Y61.654
M204 S500
M205 X10 Y10
G1 F1200 X75.304 Y60.454 E2464.3136
M204 S2000
M205 X30 Y30
G0 F3600 X75.304 Y61.161
M204 S500
M205 X10 Y10
G1 F1200 X75.796 Y61.654 E2464.3498
;TIME_ELAPSED:2975.601929
G1 F2700 E2460.3498
M140 S0
M204 S4000
M205 X20 Y20
M107
M104 S0
M140 S0
;Retract the filament
G92 E1
G1 E-1 F300
G28 X0 Y0
M84
M82 ;absolute extrusion mode
M104 S0
;End of Gcode
;SETTING_3 {"global_quality": "[general]\\nversion = 4\\nname = 0.5-pla-hot\\nde
;SETTING_3 finition = custom\\n\\n[metadata]\\ntype = quality_changes\\nsetting_
;SETTING_3 version = 16\\nquality_type = verydraft\\n\\n[values]\\nacceleration_
;SETTING_3 enabled = True\\nadhesion_type = skirt\\njerk_enabled = True\\nlayer_
;SETTING_3 height = 0.25\\nlayer_height_0 = 0.3\\nmaterial_bed_temperature = 60\
;SETTING_3 \nmaterial_bed_temperature_layer_0 = 60\\nsupport_enable = False\\ntr
;SETTING_3 avel_retract_before_outer_wall = True\\n\\n", "extruder_quality": ["[
;SETTING_3 general]\\nversion = 4\\nname = 0.5-pla-hot\\ndefinition = custom\\n\
;SETTING_3 \n[metadata]\\nposition = 0\\ntype = quality_changes\\nsetting_versio
;SETTING_3 n = 16\\nquality_type = verydraft\\nintent_category = default\\n\\n[v
;SETTING_3 alues]\\nacceleration_print = 500\\nacceleration_travel = 2000\\nacce
;SETTING_3 leration_travel_layer_0 = 1000.0\\nbottom_layers = 3\\nbrim_outside_o
;SETTING_3 nly = False\\nbrim_width = 3\\ncoasting_enable = True\\ncoasting_spee
;SETTING_3 d = 80\\ncool_fan_full_layer = 3\\nfill_perimeter_gaps = nowhere\\nho
;SETTING_3 le_xy_offset = 0\\ninfill_pattern = lines\\ninfill_sparse_density = 3
;SETTING_3 0\\ninfill_wipe_dist = 0.3\\ninitial_layer_line_width_factor = 103.0\
;SETTING_3 \njerk_print = 10\\nline_width = 0.5\\nmaterial_final_print_temperatu
;SETTING_3 re = 190\\nmaterial_flow = 83.33\\nmaterial_flow_layer_0 = 100\\nmate
;SETTING_3 rial_initial_print_temperature = 205\\nmaterial_print_temperature = 1
;SETTING_3 90\\nmin_infill_area = 30\\nretraction_amount = 4\\nretraction_extra_
;SETTING_3 prime_amount = 0.0\\nretraction_min_travel = 1\\nretraction_speed = 4
;SETTING_3 5\\nskin_line_width = 0.5\\nskin_material_flow = 100\\nskirt_brim_mat
;SETTING_3 erial_flow = 100\\nskirt_line_count = 2\\nsmall_feature_speed_factor 
;SETTING_3 = 30\\nsmall_hole_max_size = 5\\nspeed_layer_0 = 15.0\\nspeed_print =
;SETTING_3  40\\nspeed_travel = 60\\nsupport_infill_rate = 20\\nsupport_top_dist
;SETTING_3 ance = 0.15\\nsupport_use_towers = False\\ntop_layers = 3\\ntravel_co
;SETTING_3 mpensate_overlapping_walls_enabled = False\\nwall_line_count = 3\\nwa
;SETTING_3 ll_line_width_0 = 0.5\\nwall_line_width_x = 0.5\\nxy_offset = -0.2\\n
;SETTING_3 xy_offset_layer_0 = 0\\n\\n"]}
