;FLAVOR:Marlin
;TIME:1465
;Filament used: 1.20148m
;Layer height: 0.25
;MINX:38.067
;MINY:50.56
;MINZ:0.3
;MAXX:81.933
;MAXY:69.44
;MAXZ:39.3
;POSTPROCESSED
;Generated with Cura_SteamEngine 4.8.0
M140 S60
M105
M190 S60
M104 S190
M105
M109 S190
M82 ;absolute extrusion mode
G28 ;Home
G1 Z15.0 F6000 ;Move the platform down 15mm
;Prime the extruder
G92 E0
G1 F200 E3
G92 E0
G92 E0
G92 E0
G1 F2700 E-4
;LAYER_COUNT:157
;LAYER:0
M107
M204 S1000
M205 X30 Y30
G0 F1350 X39.945 Y51.386 Z0.3
M204 S500
M205 X10 Y10
;TYPE:SKIRT
G1 F2700 E0
G1 F900 X40.45 Y51.089 E0.03763
G1 X40.939 Y50.882 E0.07174
G1 X41.129 Y50.815 E0.08468
G1 X41.693 Y50.659 E0.12227
G1 X42.491 Y50.571 E0.17384
G1 X43.232 Y50.56 E0.22144
G1 X76.889 Y50.56 E2.38335
G1 X77.584 Y50.57 E2.428
G1 X78.167 Y50.619 E2.46558
G1 X78.738 Y50.746 E2.50315
G1 X79.287 Y50.95 E2.54077
G1 X79.803 Y51.227 E2.57839
G1 X80.276 Y51.571 E2.61596
G1 X80.698 Y51.977 E2.65357
G1 X81.038 Y52.397 E2.68828
G1 X81.36 Y52.885 E2.72584
G1 X81.613 Y53.413 E2.76345
G1 X81.791 Y53.971 E2.80107
G1 X81.892 Y54.547 E2.83863
G1 X81.915 Y54.917 E2.86244
G1 X81.933 Y55.907 E2.92605
G1 X81.933 Y64.344 E3.46799
G1 X81.923 Y65.048 E3.51321
G1 X81.874 Y65.631 E3.55079
G1 X81.747 Y66.203 E3.58843
G1 X81.543 Y66.751 E3.62599
G1 X81.148 Y67.446 E3.67734
G1 X81.043 Y67.596 E3.6891
G1 X80.675 Y68.052 E3.72674
G1 X80.249 Y68.453 E3.76432
G1 X79.772 Y68.792 E3.8019
G1 X79.253 Y69.063 E3.83951
G1 X78.703 Y69.262 E3.87708
G1 X78.13 Y69.383 E3.9147
G1 X77.603 Y69.424 E3.94865
G1 X76.648 Y69.44 E4.01001
G1 X43.173 Y69.439 E6.16023
G1 X42.481 Y69.429 E6.20468
G1 X41.898 Y69.38 E6.24226
G1 X41.275 Y69.237 E6.28332
G1 X41.107 Y69.185 E6.29462
G1 X40.561 Y68.974 E6.33221
G1 X40.049 Y68.691 E6.36979
G1 X39.58 Y68.341 E6.40738
G1 X39.163 Y67.93 E6.44499
G1 X38.806 Y67.466 E6.4826
G1 X38.516 Y66.958 E6.52017
G1 X38.297 Y66.415 E6.55778
G1 X38.155 Y65.847 E6.59539
G1 X38.088 Y65.176 E6.6387
G1 X38.067 Y64.107 E6.70738
G1 X38.067 Y55.535 E7.25799
G1 X38.077 Y54.862 E7.30122
G1 X38.126 Y54.279 E7.3388
G1 X38.254 Y53.708 E7.37639
G1 X38.458 Y53.159 E7.41401
G1 X38.735 Y52.643 E7.45163
G1 X39.08 Y52.17 E7.48924
G1 X39.486 Y51.749 E7.5268
G1 X39.621 Y51.642 E7.53787
G0 F720 X39.945 Y51.386
M204 S1000
M205 X30 Y30
G0 F1350 X40.437 Y51.683
M204 S500
M205 X10 Y10
G1 F900 X41.11 Y51.368 E7.5856
G1 X41.3 Y51.301 E7.59854
G1 X41.83 Y51.156 E7.63384
G1 X42.499 Y51.086 E7.67704
G1 X43.24 Y51.075 E7.72465
G1 X76.881 Y51.075 E9.88553
G1 X77.576 Y51.085 E9.93018
G1 X78.123 Y51.133 E9.96545
G1 X78.657 Y51.26 E10.0007
G1 X79.168 Y51.463 E10.03602
G1 X79.643 Y51.738 E10.07128
G1 X80.073 Y52.078 E10.10649
G1 X80.522 Y52.57 E10.14927
G1 X80.628 Y52.709 E10.1605
G1 X80.928 Y53.169 E10.19578
G1 X81.159 Y53.667 E10.23104
G1 X81.314 Y54.194 E10.26633
G1 X81.4 Y54.927 E10.31373
G1 X81.418 Y55.907 E10.37669
G1 X81.418 Y64.337 E10.91818
G1 X81.408 Y65.041 E10.96341
G1 X81.36 Y65.588 E10.99868
G1 X81.233 Y66.122 E11.03393
G1 X81.031 Y66.632 E11.06917
G1 X80.726 Y67.151 E11.10784
G1 X80.621 Y67.301 E11.1196
G1 X80.274 Y67.726 E11.15484
G1 X79.869 Y68.097 E11.19012
G1 X79.415 Y68.405 E11.22536
G1 X78.921 Y68.644 E11.26061
G1 X78.397 Y68.809 E11.2959
G1 X77.594 Y68.909 E11.34788
G1 X76.648 Y68.925 E11.40865
G1 X43.18 Y68.924 E13.55842
G1 X42.488 Y68.914 E13.60288
G1 X41.942 Y68.866 E13.63808
G1 X41.427 Y68.745 E13.67206
G1 X41.259 Y68.693 E13.68336
G1 X40.748 Y68.493 E13.71861
G1 X40.271 Y68.221 E13.75388
G1 X39.839 Y67.883 E13.78911
G1 X39.46 Y67.485 E13.82441
G1 X39.144 Y67.037 E13.85963
G1 X38.895 Y66.547 E13.89493
G1 X38.72 Y66.026 E13.93024
G1 X38.623 Y65.486 E13.96548
G1 X38.603 Y65.166 E13.98607
G1 X38.582 Y64.107 E14.05411
G1 X38.582 Y55.543 E14.60421
G1 X38.592 Y54.87 E14.64744
G1 X38.64 Y54.323 E14.68271
G1 X38.767 Y53.789 E14.71797
G1 X38.971 Y53.279 E14.75325
G1 X39.246 Y52.804 E14.78851
G1 X39.587 Y52.373 E14.82381
G1 X39.987 Y51.997 E14.85907
G1 X40.098 Y51.919 E14.86779
G0 F720 X40.437 Y51.683
M204 S1000
M205 X30 Y30
G0 F1350 X40.484 Y52.266
M204 S500
M205 X10 Y10
G1 F900 X40.922 Y52.005 E14.90054
G1 X41.472 Y51.786 E14.93856
G1 X41.964 Y51.655 E14.97127
G1 X42.507 Y51.601 E15.00632
G1 X43.248 Y51.59 E15.05392
G1 X76.874 Y51.59 E17.21384
G1 X77.569 Y51.6 E17.25849
G1 X78.077 Y51.648 E17.29126
G1 X78.571 Y51.774 E17.32401
G1 X79.04 Y51.975 E17.35679
G1 X79.471 Y52.247 E17.38952
G1 X79.855 Y52.584 E17.42234
G1 X80.219 Y53.021 E17.45887
G1 X80.495 Y53.45 E17.49164
G1 X80.702 Y53.917 E17.52445
G1 X80.833 Y54.41 E17.55722
G1 X80.885 Y54.936 E17.59117
G1 X80.903 Y55.907 E17.65355
G1 X80.903 Y64.329 E18.19453
G1 X80.893 Y65.033 E18.23975
G1 X80.846 Y65.541 E18.27252
G1 X80.72 Y66.036 E18.30533
G1 X80.518 Y66.504 E18.33807
G1 X80.199 Y67.005 E18.37622
G1 X79.875 Y67.399 E18.40899
G1 X79.493 Y67.737 E18.44175
G1 X79.063 Y68.012 E18.47454
G1 X78.595 Y68.216 E18.50733
G1 X78.102 Y68.344 E18.54005
G1 X77.585 Y68.395 E18.57342
G1 X76.648 Y68.41 E18.63361
G1 X43.188 Y68.409 E20.78287
G1 X42.496 Y68.399 E20.82733
G1 X41.988 Y68.351 E20.8601
G1 X41.412 Y68.201 E20.89833
G1 X40.938 Y68.013 E20.93109
G1 X40.499 Y67.753 E20.96386
G1 X40.106 Y67.427 E20.99666
G1 X39.769 Y67.044 E21.02943
G1 X39.496 Y66.613 E21.0622
G1 X39.293 Y66.145 E21.09497
G1 X39.166 Y65.651 E21.12773
G1 X39.118 Y65.155 E21.15974
G1 X39.097 Y64.107 E21.22707
G1 X39.097 Y55.551 E21.77665
G1 X39.107 Y54.878 E21.81989
G1 X39.155 Y54.37 E21.85266
G1 X39.281 Y53.875 E21.88547
G1 X39.483 Y53.407 E21.91821
G1 X39.755 Y52.976 E21.95095
G1 X40.092 Y52.592 E21.98377
G1 X40.166 Y52.53 E21.98997
G0 F720 X40.484 Y52.266
M204 S1000
M205 X30 Y30
G1 F2700 E17.98997
;MESH:RetractTower
G0 F1350 X43.14 Y54.183
G0 X43.14 Y55.633
G0 X76.359 Y63.866
M204 S500
M205 X10 Y10
;TYPE:WALL-INNER
G1 F2700 E21.98997
G1 F900 X43.641 Y63.865 E23.74123
G1 X43.641 Y56.134 E24.15504
G1 X76.359 Y56.134 E25.9063
G1 X76.359 Y63.453 E26.29805
G0 F720 X76.359 Y63.866
M204 S1000
M205 X30 Y30
G0 F1350 X76.874 Y64.381
M204 S500
M205 X10 Y10
G1 F900 X43.126 Y64.38 E28.10445
G1 X43.126 Y55.619 E28.57339
G1 X76.874 Y55.619 E30.37978
G1 X76.874 Y63.968 E30.82667
G0 F720 X76.874 Y64.381
M204 S1000
M205 X30 Y30
G0 F1350 X77.388 Y64.895
M204 S500
M205 X10 Y10
;TYPE:WALL-OUTER
G1 F900 X42.612 Y64.894 E32.68808
G1 X42.612 Y55.105 E33.21205
G1 X77.388 Y55.105 E35.07346
G1 X77.388 Y64.482 E35.57538
G0 F720 X77.388 Y64.895
M204 S1000
M205 X30 Y30
G0 F1350 X77.138 Y64.895
G0 X76.804 Y64.311
G0 X75.855 Y63.362
M204 S500
M205 X10 Y10
;TYPE:SKIN
G1 F900 X44.145 Y63.361 E37.61222
G1 X44.145 Y56.638 E38.04407
G1 X75.855 Y56.638 E40.08092
G1 X75.855 Y62.949 E40.48629
G0 F720 X75.855 Y63.362
M204 S1000
M205 X30 Y30
G0 F1350 X75.622 Y57.414
M204 S500
M205 X10 Y10
G1 F900 X75.077 Y56.869 E40.5358
M204 S1000
M205 X30 Y30
G0 F1350 X74.349 Y56.869
M204 S500
M205 X10 Y10
G1 F900 X75.622 Y58.142 E40.65144
M204 S1000
M205 X30 Y30
G0 F1350 X75.622 Y58.87
M204 S500
M205 X10 Y10
G1 F900 X73.621 Y56.869 E40.83321
M204 S1000
M205 X30 Y30
G0 F1350 X72.892 Y56.869
M204 S500
M205 X10 Y10
G1 F900 X75.622 Y59.599 E41.08121
M204 S1000
M205 X30 Y30
G0 F1350 X75.622 Y60.327
M204 S500
M205 X10 Y10
G1 F900 X72.164 Y56.869 E41.39533
M204 S1000
M205 X30 Y30
G0 F1350 X71.436 Y56.869
M204 S500
M205 X10 Y10
G1 F900 X75.622 Y61.055 E41.77559
M204 S1000
M205 X30 Y30
G0 F1350 X75.622 Y61.784
M204 S500
M205 X10 Y10
G1 F900 X70.707 Y56.869 E42.22207
M204 S1000
M205 X30 Y30
G0 F1350 X69.979 Y56.869
M204 S500
M205 X10 Y10
G1 F900 X75.622 Y62.512 E42.73468
M204 S1000
M205 X30 Y30
G0 F1350 X75.511 Y63.129
M204 S500
M205 X10 Y10
G1 F900 X69.251 Y56.869 E43.30334
M204 S1000
M205 X30 Y30
G0 F1350 X68.522 Y56.869
M204 S500
M205 X10 Y10
G1 F900 X74.782 Y63.129 E43.87199
M204 S1000
M205 X30 Y30
G0 F1350 X74.054 Y63.129
M204 S500
M205 X10 Y10
G1 F900 X67.794 Y56.869 E44.44065
M204 S1000
M205 X30 Y30
G0 F1350 X67.066 Y56.869
M204 S500
M205 X10 Y10
G1 F900 X73.326 Y63.129 E45.00931
M204 S1000
M205 X30 Y30
G0 F1350 X72.597 Y63.129
M204 S500
M205 X10 Y10
G1 F900 X66.337 Y56.869 E45.57797
M204 S1000
M205 X30 Y30
G0 F1350 X65.609 Y56.869
M204 S500
M205 X10 Y10
G1 F900 X71.869 Y63.129 E46.14663
M204 S1000
M205 X30 Y30
G0 F1350 X71.141 Y63.129
M204 S500
M205 X10 Y10
G1 F900 X64.881 Y56.869 E46.71529
M204 S1000
M205 X30 Y30
G0 F1350 X64.152 Y56.869
M204 S500
M205 X10 Y10
G1 F900 X70.412 Y63.129 E47.28395
M204 S1000
M205 X30 Y30
G0 F1350 X69.684 Y63.129
M204 S500
M205 X10 Y10
G1 F900 X63.424 Y56.869 E47.85261
M204 S1000
M205 X30 Y30
G0 F1350 X62.696 Y56.869
M204 S500
M205 X10 Y10
G1 F900 X68.956 Y63.129 E48.42127
M204 S1000
M205 X30 Y30
G0 F1350 X68.228 Y63.129
M204 S500
M205 X10 Y10
G1 F900 X61.968 Y56.869 E48.98992
M204 S1000
M205 X30 Y30
G0 F1350 X61.239 Y56.869
M204 S500
M205 X10 Y10
G1 F900 X67.499 Y63.129 E49.55858
M204 S1000
M205 X30 Y30
G0 F1350 X66.771 Y63.129
M204 S500
M205 X10 Y10
G1 F900 X60.511 Y56.869 E50.12724
M204 S1000
M205 X30 Y30
G0 F1350 X59.783 Y56.869
M204 S500
M205 X10 Y10
G1 F900 X66.043 Y63.129 E50.6959
M204 S1000
M205 X30 Y30
G0 F1350 X65.314 Y63.129
M204 S500
M205 X10 Y10
G1 F900 X59.054 Y56.869 E51.26456
M204 S1000
M205 X30 Y30
G0 F1350 X58.326 Y56.869
M204 S500
M205 X10 Y10
G1 F900 X64.585 Y63.129 E51.83317
M204 S1000
M205 X30 Y30
G0 F1350 X63.857 Y63.129
M204 S500
M205 X10 Y10
G1 F900 X57.598 Y56.869 E52.40179
M204 S1000
M205 X30 Y30
G0 F1350 X56.869 Y56.869
M204 S500
M205 X10 Y10
G1 F900 X63.129 Y63.129 E52.97045
M204 S1000
M205 X30 Y30
G0 F1350 X62.4 Y63.129
M204 S500
M205 X10 Y10
G1 F900 X56.141 Y56.869 E53.53906
M204 S1000
M205 X30 Y30
G0 F1350 X55.413 Y56.869
M204 S500
M205 X10 Y10
G1 F900 X61.672 Y63.129 E54.10767
M204 S1000
M205 X30 Y30
G0 F1350 X60.944 Y63.129
M204 S500
M205 X10 Y10
G1 F900 X54.684 Y56.869 E54.67633
M204 S1000
M205 X30 Y30
G0 F1350 X53.956 Y56.869
M204 S500
M205 X10 Y10
G1 F900 X60.215 Y63.129 E55.24495
M204 S1000
M205 X30 Y30
G0 F1350 X59.487 Y63.129
M204 S500
M205 X10 Y10
G1 F900 X53.228 Y56.869 E55.81356
M204 S1000
M205 X30 Y30
G0 F1350 X52.499 Y56.869
M204 S500
M205 X10 Y10
G1 F900 X58.759 Y63.129 E56.38222
M204 S1000
M205 X30 Y30
G0 F1350 X58.03 Y63.129
M204 S500
M205 X10 Y10
G1 F900 X51.771 Y56.869 E56.95083
M204 S1000
M205 X30 Y30
G0 F1350 X51.043 Y56.869
M204 S500
M205 X10 Y10
G1 F900 X57.302 Y63.129 E57.51944
M204 S1000
M205 X30 Y30
G0 F1350 X56.574 Y63.129
M204 S500
M205 X10 Y10
G1 F900 X50.314 Y56.869 E58.0881
M204 S1000
M205 X30 Y30
G0 F1350 X49.586 Y56.869
M204 S500
M205 X10 Y10
G1 F900 X55.845 Y63.129 E58.65672
M204 S1000
M205 X30 Y30
G0 F1350 X55.117 Y63.129
M204 S500
M205 X10 Y10
G1 F900 X48.858 Y56.869 E59.22533
M204 S1000
M205 X30 Y30
G0 F1350 X48.129 Y56.869
M204 S500
M205 X10 Y10
G1 F900 X54.388 Y63.128 E59.7939
M204 S1000
M205 X30 Y30
G0 F1350 X53.66 Y63.128
M204 S500
M205 X10 Y10
G1 F900 X47.401 Y56.869 E60.36247
M204 S1000
M205 X30 Y30
G0 F1350 X46.673 Y56.869
M204 S500
M205 X10 Y10
G1 F900 X52.931 Y63.128 E60.93099
M204 S1000
M205 X30 Y30
G0 F1350 X52.203 Y63.128
M204 S500
M205 X10 Y10
G1 F900 X45.944 Y56.869 E61.49956
M204 S1000
M205 X30 Y30
G0 F1350 X45.216 Y56.869
M204 S500
M205 X10 Y10
G1 F900 X51.475 Y63.128 E62.06813
M204 S1000
M205 X30 Y30
G0 F1350 X50.746 Y63.128
M204 S500
M205 X10 Y10
G1 F900 X44.488 Y56.869 E62.63665
M204 S1000
M205 X30 Y30
G0 F1350 X44.377 Y57.487
M204 S500
M205 X10 Y10
G1 F900 X50.018 Y63.128 E63.14908
M204 S1000
M205 X30 Y30
G0 F1350 X49.29 Y63.128
M204 S500
M205 X10 Y10
G1 F900 X44.377 Y58.215 E63.59537
M204 S1000
M205 X30 Y30
G0 F1350 X44.377 Y58.943
M204 S500
M205 X10 Y10
G1 F900 X48.561 Y63.128 E63.97549
M204 S1000
M205 X30 Y30
G0 F1350 X47.833 Y63.128
M204 S500
M205 X10 Y10
G1 F900 X44.377 Y59.672 E64.28944
M204 S1000
M205 X30 Y30
G0 F1350 X44.377 Y60.4
M204 S500
M205 X10 Y10
G1 F900 X47.105 Y63.128 E64.53725
M204 S1000
M205 X30 Y30
G0 F1350 X46.377 Y63.128
M204 S500
M205 X10 Y10
G1 F900 X44.377 Y61.128 E64.71893
M204 S1000
M205 X30 Y30
G0 F1350 X44.377 Y61.856
M204 S500
M205 X10 Y10
G1 F900 X45.648 Y63.128 E64.83443
M204 S1000
M205 X30 Y30
G0 F1350 X44.92 Y63.128
M204 S500
M205 X10 Y10
G1 F900 X44.377 Y62.585 E64.88376
M204 S1000
M205 X30 Y30
;MESH:NONMESH
G0 F600 X44.377 Y62.585 Z0.55
G0 F1350 X76.195 Y63.702
;TIME_ELAPSED:81.148634
;LAYER:1
M106 S127.5
M204 S500
M205 X10 Y10
;TYPE:WALL-INNER
;MESH:RetractTower
G1 F1650 X43.805 Y63.702 E66.28643
G1 X43.805 Y56.298 E66.60707
G1 X76.195 Y56.298 E68.00974
G1 X76.195 Y63.19 E68.3082
G0 F1320 X76.195 Y63.702
M204 S1500
M205 X30 Y30
G0 F2475 X76.695 Y64.202
M204 S500
M205 X10 Y10
G1 F1650 X43.305 Y64.202 E69.75418
G1 X43.305 Y55.798 E70.11812
G1 X76.695 Y55.798 E71.5641
G1 X76.695 Y63.69 E71.90587
G0 F1320 X76.695 Y64.202
M204 S1500
M205 X30 Y30
G0 F2475 X77.195 Y64.702
M204 S500
M205 X10 Y10
;TYPE:WALL-OUTER
G1 F1050 X42.805 Y64.702 E73.39516
G1 X42.805 Y55.298 E73.8024
G1 X77.195 Y55.298 E75.29169
G1 X77.195 Y64.19 E75.67676
G0 F840 X77.195 Y64.702
M204 S1500
M205 X30 Y30
G0 F2475 X76.945 Y64.702
G0 X76.625 Y64.132
G0 X75.705 Y63.212
M204 S500
M205 X10 Y10
;TYPE:SKIN
G1 F1050 X44.295 Y63.212 E77.30911
G1 X44.295 Y56.788 E77.64295
G1 X75.705 Y56.788 E79.2753
G1 X75.705 Y62.7 E79.58254
G0 F840 X75.705 Y63.212
M204 S1500
M205 X30 Y30
G0 F2475 X75.478 Y62.407
M204 S500
M205 X10 Y10
G1 F1050 X74.898 Y62.986 E79.62513
M204 S1500
M205 X30 Y30
G0 F2475 X74.191 Y62.986
M204 S500
M205 X10 Y10
G1 F1050 X75.478 Y61.7 E79.71968
M204 S1500
M205 X30 Y30
G0 F2475 X75.478 Y60.992
M204 S500
M205 X10 Y10
G1 F1050 X73.484 Y62.986 E79.86623
M204 S1500
M205 X30 Y30
G0 F2475 X72.777 Y62.986
M204 S500
M205 X10 Y10
G1 F1050 X75.478 Y60.285 E80.06474
M204 S1500
M205 X30 Y30
G0 F2475 X75.478 Y59.578
M204 S500
M205 X10 Y10
G1 F1050 X72.07 Y62.986 E80.31521
M204 S1500
M205 X30 Y30
G0 F2475 X71.363 Y62.986
M204 S500
M205 X10 Y10
G1 F1050 X75.478 Y58.871 E80.61765
M204 S1500
M205 X30 Y30
G0 F2475 X75.478 Y58.164
M204 S500
M205 X10 Y10
G1 F1050 X70.656 Y62.986 E80.97204
M204 S1500
M205 X30 Y30
G0 F2475 X69.949 Y62.986
M204 S500
M205 X10 Y10
G1 F1050 X75.478 Y57.457 E81.3784
M204 S1500
M205 X30 Y30
G0 F2475 X75.217 Y57.011
M204 S500
M205 X10 Y10
G1 F1050 X69.242 Y62.986 E81.81753
M204 S1500
M205 X30 Y30
G0 F2475 X68.534 Y62.986
M204 S500
M205 X10 Y10
G1 F1050 X74.509 Y57.011 E82.25666
M204 S1500
M205 X30 Y30
G0 F2475 X73.802 Y57.011
M204 S500
M205 X10 Y10
G1 F1050 X67.827 Y62.986 E82.6958
M204 S1500
M205 X30 Y30
G0 F2475 X67.12 Y62.986
M204 S500
M205 X10 Y10
G1 F1050 X73.095 Y57.011 E83.13493
M204 S1500
M205 X30 Y30
G0 F2475 X72.388 Y57.011
M204 S500
M205 X10 Y10
G1 F1050 X66.413 Y62.986 E83.57407
M204 S1500
M205 X30 Y30
G0 F2475 X65.706 Y62.986
M204 S500
M205 X10 Y10
G1 F1050 X71.681 Y57.011 E84.0132
M204 S1500
M205 X30 Y30
G0 F2475 X70.974 Y57.011
M204 S500
M205 X10 Y10
G1 F1050 X64.999 Y62.986 E84.45233
M204 S1500
M205 X30 Y30
G0 F2475 X64.292 Y62.986
M204 S500
M205 X10 Y10
G1 F1050 X70.267 Y57.011 E84.89147
M204 S1500
M205 X30 Y30
G0 F2475 X69.56 Y57.011
M204 S500
M205 X10 Y10
G1 F1050 X63.585 Y62.986 E85.3306
M204 S1500
M205 X30 Y30
G0 F2475 X62.878 Y62.986
M204 S500
M205 X10 Y10
G1 F1050 X68.853 Y57.011 E85.76973
M204 S1500
M205 X30 Y30
G0 F2475 X68.146 Y57.011
M204 S500
M205 X10 Y10
G1 F1050 X62.17 Y62.986 E86.20891
M204 S1500
M205 X30 Y30
G0 F2475 X61.463 Y62.986
M204 S500
M205 X10 Y10
G1 F1050 X67.438 Y57.011 E86.64804
M204 S1500
M205 X30 Y30
G0 F2475 X66.731 Y57.011
M204 S500
M205 X10 Y10
G1 F1050 X60.756 Y62.986 E87.08717
M204 S1500
M205 X30 Y30
G0 F2475 X60.049 Y62.986
M204 S500
M205 X10 Y10
G1 F1050 X66.024 Y57.011 E87.52631
M204 S1500
M205 X30 Y30
G0 F2475 X65.317 Y57.011
M204 S500
M205 X10 Y10
G1 F1050 X59.342 Y62.986 E87.96544
M204 S1500
M205 X30 Y30
G0 F2475 X58.635 Y62.986
M204 S500
M205 X10 Y10
G1 F1050 X64.61 Y57.011 E88.40457
M204 S1500
M205 X30 Y30
G0 F2475 X63.903 Y57.011
M204 S500
M205 X10 Y10
G1 F1050 X57.928 Y62.986 E88.84371
M204 S1500
M205 X30 Y30
G0 F2475 X57.221 Y62.986
M204 S500
M205 X10 Y10
G1 F1050 X63.196 Y57.011 E89.28284
M204 S1500
M205 X30 Y30
G0 F2475 X62.489 Y57.011
M204 S500
M205 X10 Y10
G1 F1050 X56.514 Y62.986 E89.72198
M204 S1500
M205 X30 Y30
G0 F2475 X55.806 Y62.986
M204 S500
M205 X10 Y10
G1 F1050 X61.782 Y57.011 E90.16115
M204 S1500
M205 X30 Y30
G0 F2475 X61.074 Y57.011
M204 S500
M205 X10 Y10
G1 F1050 X55.099 Y62.986 E90.60028
M204 S1500
M205 X30 Y30
G0 F2475 X54.392 Y62.986
M204 S500
M205 X10 Y10
G1 F1050 X60.367 Y57.011 E91.03941
M204 S1500
M205 X30 Y30
G0 F2475 X59.66 Y57.011
M204 S500
M205 X10 Y10
G1 F1050 X53.685 Y62.986 E91.47855
M204 S1500
M205 X30 Y30
G0 F2475 X52.978 Y62.986
M204 S500
M205 X10 Y10
G1 F1050 X58.953 Y57.011 E91.91768
M204 S1500
M205 X30 Y30
G0 F2475 X58.246 Y57.011
M204 S500
M205 X10 Y10
G1 F1050 X52.271 Y62.986 E92.35682
M204 S1500
M205 X30 Y30
G0 F2475 X51.564 Y62.986
M204 S500
M205 X10 Y10
G1 F1050 X57.539 Y57.011 E92.79595
M204 S1500
M205 X30 Y30
G0 F2475 X56.832 Y57.011
M204 S500
M205 X10 Y10
G1 F1050 X50.857 Y62.986 E93.23508
M204 S1500
M205 X30 Y30
G0 F2475 X50.15 Y62.986
M204 S500
M205 X10 Y10
G1 F1050 X56.125 Y57.011 E93.67422
M204 S1500
M205 X30 Y30
G0 F2475 X55.418 Y57.011
M204 S500
M205 X10 Y10
G1 F1050 X49.443 Y62.986 E94.11335
M204 S1500
M205 X30 Y30
G0 F2475 X48.735 Y62.986
M204 S500
M205 X10 Y10
G1 F1050 X54.71 Y57.011 E94.55249
M204 S1500
M205 X30 Y30
G0 F2475 X54.003 Y57.011
M204 S500
M205 X10 Y10
G1 F1050 X48.028 Y62.986 E94.99162
M204 S1500
M205 X30 Y30
G0 F2475 X47.321 Y62.986
M204 S500
M205 X10 Y10
G1 F1050 X53.296 Y57.011 E95.43075
M204 S1500
M205 X30 Y30
G0 F2475 X52.589 Y57.011
M204 S500
M205 X10 Y10
G1 F1050 X46.614 Y62.986 E95.86989
M204 S1500
M205 X30 Y30
G0 F2475 X45.907 Y62.986
M204 S500
M205 X10 Y10
G1 F1050 X51.882 Y57.011 E96.30902
M204 S1500
M205 X30 Y30
G0 F2475 X51.175 Y57.011
M204 S500
M205 X10 Y10
G1 F1050 X45.2 Y62.986 E96.74815
M204 S1500
M205 X30 Y30
G0 F2475 X44.52 Y62.96
M204 S500
M205 X10 Y10
G1 F1050 X50.468 Y57.011 E97.18534
M204 S1500
M205 X30 Y30
G0 F2475 X49.761 Y57.011
M204 S500
M205 X10 Y10
G1 F1050 X44.52 Y62.252 E97.57053
M204 S1500
M205 X30 Y30
G0 F2475 X44.52 Y61.545
M204 S500
M205 X10 Y10
G1 F1050 X49.054 Y57.011 E97.90376
M204 S1500
M205 X30 Y30
G0 F2475 X48.347 Y57.011
M204 S500
M205 X10 Y10
G1 F1050 X44.52 Y60.838 E98.18502
M204 S1500
M205 X30 Y30
G0 F2475 X44.52 Y60.131
M204 S500
M205 X10 Y10
G1 F1050 X47.639 Y57.011 E98.41429
M204 S1500
M205 X30 Y30
G0 F2475 X46.932 Y57.011
M204 S500
M205 X10 Y10
G1 F1050 X44.52 Y59.424 E98.5916
M204 S1500
M205 X30 Y30
G0 F2475 X44.52 Y58.717
M204 S500
M205 X10 Y10
G1 F1050 X46.225 Y57.011 E98.71694
M204 S1500
M205 X30 Y30
G0 F2475 X45.518 Y57.011
M204 S500
M205 X10 Y10
G1 F1050 X44.52 Y58.01 E98.79033
M204 S1500
M205 X30 Y30
G0 F2475 X44.52 Y57.303
M204 S500
M205 X10 Y10
G1 F1050 X44.811 Y57.011 E98.81175
M204 S1500
M205 X30 Y30
;MESH:NONMESH
G0 F600 X44.811 Y57.011 Z0.8
G0 F2475 X76.163 Y56.33
;TIME_ELAPSED:121.099326
;LAYER:2
M106 S255
M204 S500
M205 X10 Y10
;TYPE:WALL-INNER
;MESH:RetractTower
G1 F2400 X76.163 Y63.67 E99.12962
G1 X43.832 Y63.671 E100.52974
G1 X43.832 Y56.329 E100.84769
G1 X75.651 Y56.33 E102.22563
G0 F1920 X76.163 Y56.33
M204 S2000
M205 X30 Y30
G0 F3600 X76.663 Y55.83
M204 S500
M205 X10 Y10
G1 F2400 X76.663 Y64.17 E102.5868
G1 X43.332 Y64.171 E104.03022
G1 X43.332 Y55.829 E104.39148
G1 X76.151 Y55.83 E105.81273
G0 F1920 X76.663 Y55.83
M204 S2000
M205 X30 Y30
G0 F3600 X77.163 Y55.33
M204 S500
M205 X10 Y10
;TYPE:WALL-OUTER
G1 F1200 X77.163 Y64.67 E106.21721
G1 X42.832 Y64.671 E107.70394
G1 X42.832 Y55.329 E108.1085
G1 X76.651 Y55.33 E109.57306
G0 F960 X77.163 Y55.33
M204 S2000
M205 X30 Y30
G0 F3600 X77.163 Y55.58
G0 X76.593 Y55.9
G0 X75.673 Y56.82
M204 S500
M205 X10 Y10
;TYPE:SKIN
G1 F1200 X75.673 Y63.18 E109.90358
G1 X44.322 Y63.181 E111.53286
G1 X44.322 Y56.819 E111.86348
G1 X75.161 Y56.82 E113.46615
G0 F960 X75.673 Y56.82
M204 S2000
M205 X30 Y30
G0 F3600 X75.446 Y57.769
M204 S500
M205 X10 Y10
G1 F1200 X74.722 Y57.045 E113.51936
M204 S2000
M205 X30 Y30
G0 F3600 X74.015 Y57.045
M204 S500
M205 X10 Y10
G1 F1200 X75.446 Y58.476 E113.62454
M204 S2000
M205 X30 Y30
G0 F3600 X75.446 Y59.183
M204 S500
M205 X10 Y10
G1 F1200 X73.308 Y57.045 E113.78167
M204 S2000
M205 X30 Y30
G0 F3600 X72.601 Y57.045
M204 S500
M205 X10 Y10
G1 F1200 X75.446 Y59.89 E113.99076
M204 S2000
M205 X30 Y30
G0 F3600 X75.446 Y60.597
M204 S500
M205 X10 Y10
G1 F1200 X71.894 Y57.045 E114.25182
M204 S2000
M205 X30 Y30
G0 F3600 X71.187 Y57.045
M204 S500
M205 X10 Y10
G1 F1200 X75.446 Y61.304 E114.56483
M204 S2000
M205 X30 Y30
G0 F3600 X75.446 Y62.011
M204 S500
M205 X10 Y10
G1 F1200 X70.48 Y57.045 E114.92981
M204 S2000
M205 X30 Y30
G0 F3600 X69.773 Y57.045
M204 S500
M205 X10 Y10
G1 F1200 X75.446 Y62.718 E115.34675
M204 S2000
M205 X30 Y30
G0 F3600 X74.975 Y62.955
M204 S500
M205 X10 Y10
G1 F1200 X69.065 Y57.045 E115.78111
M204 S2000
M205 X30 Y30
G0 F3600 X68.358 Y57.045
M204 S500
M205 X10 Y10
G1 F1200 X74.268 Y62.955 E116.21546
M204 S2000
M205 X30 Y30
G0 F3600 X73.561 Y62.955
M204 S500
M205 X10 Y10
G1 F1200 X67.651 Y57.045 E116.64982
M204 S2000
M205 X30 Y30
G0 F3600 X66.944 Y57.045
M204 S500
M205 X10 Y10
G1 F1200 X72.854 Y62.955 E117.08418
M204 S2000
M205 X30 Y30
G0 F3600 X72.147 Y62.955
M204 S500
M205 X10 Y10
G1 F1200 X66.237 Y57.045 E117.51853
M204 S2000
M205 X30 Y30
G0 F3600 X65.53 Y57.045
M204 S500
M205 X10 Y10
G1 F1200 X71.44 Y62.955 E117.95289
M204 S2000
M205 X30 Y30
G0 F3600 X70.733 Y62.955
M204 S500
M205 X10 Y10
G1 F1200 X64.822 Y57.044 E118.38732
M204 S2000
M205 X30 Y30
G0 F3600 X64.115 Y57.044
M204 S500
M205 X10 Y10
G1 F1200 X70.026 Y62.955 E118.82175
M204 S2000
M205 X30 Y30
G0 F3600 X69.319 Y62.955
M204 S500
M205 X10 Y10
G1 F1200 X63.408 Y57.044 E119.25618
M204 S2000
M205 X30 Y30
G0 F3600 X62.701 Y57.044
M204 S500
M205 X10 Y10
G1 F1200 X68.611 Y62.955 E119.69057
M204 S2000
M205 X30 Y30
G0 F3600 X67.904 Y62.955
M204 S500
M205 X10 Y10
G1 F1200 X61.994 Y57.044 E120.12497
M204 S2000
M205 X30 Y30
G0 F3600 X61.287 Y57.044
M204 S500
M205 X10 Y10
G1 F1200 X67.197 Y62.955 E120.55936
M204 S2000
M205 X30 Y30
G0 F3600 X66.49 Y62.955
M204 S500
M205 X10 Y10
G1 F1200 X60.579 Y57.044 E120.99379
M204 S2000
M205 X30 Y30
G0 F3600 X59.872 Y57.044
M204 S500
M205 X10 Y10
G1 F1200 X65.783 Y62.955 E121.42822
M204 S2000
M205 X30 Y30
G0 F3600 X65.076 Y62.955
M204 S500
M205 X10 Y10
G1 F1200 X59.165 Y57.044 E121.86265
M204 S2000
M205 X30 Y30
G0 F3600 X58.458 Y57.044
M204 S500
M205 X10 Y10
G1 F1200 X64.369 Y62.955 E122.29708
M204 S2000
M205 X30 Y30
G0 F3600 X63.662 Y62.955
M204 S500
M205 X10 Y10
G1 F1200 X57.751 Y57.044 E122.73151
M204 S2000
M205 X30 Y30
G0 F3600 X57.044 Y57.044
M204 S500
M205 X10 Y10
G1 F1200 X62.955 Y62.955 E123.16594
M204 S2000
M205 X30 Y30
G0 F3600 X62.248 Y62.955
M204 S500
M205 X10 Y10
G1 F1200 X56.337 Y57.044 E123.60037
M204 S2000
M205 X30 Y30
G0 F3600 X55.63 Y57.044
M204 S500
M205 X10 Y10
G1 F1200 X61.54 Y62.955 E124.03477
M204 S2000
M205 X30 Y30
G0 F3600 X60.833 Y62.955
M204 S500
M205 X10 Y10
G1 F1200 X54.923 Y57.044 E124.46916
M204 S2000
M205 X30 Y30
G0 F3600 X54.215 Y57.043
M204 S500
M205 X10 Y10
G1 F1200 X60.126 Y62.955 E124.90363
M204 S2000
M205 X30 Y30
G0 F3600 X59.419 Y62.955
M204 S500
M205 X10 Y10
G1 F1200 X53.508 Y57.043 E125.33809
M204 S2000
M205 X30 Y30
G0 F3600 X52.801 Y57.043
M204 S500
M205 X10 Y10
G1 F1200 X58.712 Y62.955 E125.77256
M204 S2000
M205 X30 Y30
G0 F3600 X58.005 Y62.955
M204 S500
M205 X10 Y10
G1 F1200 X52.093 Y57.043 E126.20706
M204 S2000
M205 X30 Y30
G0 F3600 X51.386 Y57.043
M204 S500
M205 X10 Y10
G1 F1200 X57.298 Y62.955 E126.64157
M204 S2000
M205 X30 Y30
G0 F3600 X56.591 Y62.955
M204 S500
M205 X10 Y10
G1 F1200 X50.679 Y57.043 E127.07607
M204 S2000
M205 X30 Y30
G0 F3600 X49.972 Y57.043
M204 S500
M205 X10 Y10
G1 F1200 X55.884 Y62.955 E127.51057
M204 S2000
M205 X30 Y30
G0 F3600 X55.176 Y62.955
M204 S500
M205 X10 Y10
G1 F1200 X49.265 Y57.043 E127.94504
M204 S2000
M205 X30 Y30
G0 F3600 X48.558 Y57.043
M204 S500
M205 X10 Y10
G1 F1200 X54.469 Y62.955 E128.37951
M204 S2000
M205 X30 Y30
G0 F3600 X53.762 Y62.955
M204 S500
M205 X10 Y10
G1 F1200 X47.851 Y57.043 E128.81398
M204 S2000
M205 X30 Y30
G0 F3600 X47.144 Y57.043
M204 S500
M205 X10 Y10
G1 F1200 X53.055 Y62.955 E129.24844
M204 S2000
M205 X30 Y30
G0 F3600 X52.348 Y62.955
M204 S500
M205 X10 Y10
G1 F1200 X46.437 Y57.043 E129.68291
M204 S2000
M205 X30 Y30
G0 F3600 X45.73 Y57.043
M204 S500
M205 X10 Y10
G1 F1200 X51.641 Y62.955 E130.11738
M204 S2000
M205 X30 Y30
G0 F3600 X50.934 Y62.955
M204 S500
M205 X10 Y10
G1 F1200 X45.022 Y57.043 E130.55188
M204 S2000
M205 X30 Y30
G0 F3600 X44.547 Y57.274
M204 S500
M205 X10 Y10
G1 F1200 X50.227 Y62.955 E130.96937
M204 S2000
M205 X30 Y30
G0 F3600 X49.52 Y62.955
M204 S500
M205 X10 Y10
G1 F1200 X44.547 Y57.982 E131.33486
M204 S2000
M205 X30 Y30
G0 F3600 X44.547 Y58.689
M204 S500
M205 X10 Y10
G1 F1200 X48.812 Y62.955 E131.64835
M204 S2000
M205 X30 Y30
G0 F3600 X48.105 Y62.955
M204 S500
M205 X10 Y10
G1 F1200 X44.547 Y59.396 E131.90989
M204 S2000
M205 X30 Y30
G0 F3600 X44.547 Y60.103
M204 S500
M205 X10 Y10
G1 F1200 X47.398 Y62.955 E132.11946
M204 S2000
M205 X30 Y30
G0 F3600 X46.691 Y62.955
M204 S500
M205 X10 Y10
G1 F1200 X44.547 Y60.81 E132.27707
M204 S2000
M205 X30 Y30
G0 F3600 X44.547 Y61.517
M204 S500
M205 X10 Y10
G1 F1200 X45.984 Y62.955 E132.38272
M204 S2000
M205 X30 Y30
G0 F3600 X45.277 Y62.955
M204 S500
M205 X10 Y10
G1 F1200 X44.547 Y62.224 E132.43641
G1 X44.335 Y62.012
M204 S2000
M205 X30 Y30
;MESH:NONMESH
G0 F600 X44.335 Y62.012 Z1.05
G0 F3600 X48.204 Y57.649
;TIME_ELAPSED:154.605177
;LAYER:3
M204 S500
M205 X10 Y10
;TYPE:FILL
;MESH:RetractTower
G1 F2400 X46.135 Y59.718 E132.56312
G1 X45.923 Y59.93
M204 S2000
M205 X30 Y30
G0 F3600 X46.135 Y62.076
M204 S500
M205 X10 Y10
G1 F2400 X50.562 Y57.649 E132.83425
G1 X50.774 Y57.437
M204 S2000
M205 X30 Y30
G0 F3600 X50.834 Y59.734
M204 S500
M205 X10 Y10
G1 F2400 X48.219 Y62.349 E132.9944
G1 X48.007 Y62.561
M204 S2000
M205 X30 Y30
G0 F3600 X50.577 Y62.349
M204 S500
M205 X10 Y10
G1 F2400 X50.834 Y62.091 E133.01017
M204 S2000
M205 X30 Y30
G0 F3600 X51.035 Y62.55
M204 S500
M205 X10 Y10
;TYPE:WALL-INNER
G1 F2400 X45.935 Y62.55 E133.23103
G1 X45.935 Y57.45 E133.45189
G1 X51.035 Y57.45 E133.67275
G1 X51.035 Y62.038 E133.87143
G0 F1920 X51.035 Y62.55
M204 S2000
M205 X30 Y30
G0 F3600 X51.535 Y63.05
M204 S500
M205 X10 Y10
G1 F2400 X45.435 Y63.05 E134.1356
G1 X45.435 Y56.95 E134.39976
G1 X51.535 Y56.95 E134.66393
G1 X51.535 Y62.538 E134.90592
G0 F1920 X51.535 Y63.05
M204 S2000
M205 X30 Y30
G0 F3600 X52.035 Y63.55
M204 S500
M205 X10 Y10
;TYPE:WALL-OUTER
G1 F1200 X44.935 Y63.55 E135.21339
G1 X44.935 Y56.45 E135.52086
G1 X52.035 Y56.45 E135.82833
G1 X52.035 Y63.038 E136.11363
G0 F960 X52.035 Y63.55
M204 S2000
M205 X30 Y30
G0 F3600 X51.785 Y63.55
G0 X51.035 Y62.697
G1 F2700 E132.11363
G0 F3600 X51.515 Y61.261
G0 X52.95 Y61.261
G0 X68.1 Y60.779
G0 X69.526 Y60.63
G0 X70.524 Y61.261
M204 S500
M205 X10 Y10
;TYPE:FILL
G1 F2700 E136.11363
G1 F2400 X73.747 Y58.038 E136.31102
G1 X73.959 Y57.826
M204 S2000
M205 X30 Y30
G0 F3600 X74.737 Y59.406
M204 S500
M205 X10 Y10
G1 F2400 X71.89 Y62.252 E136.48535
G1 X71.678 Y62.464
M204 S2000
M205 X30 Y30
G0 F3600 X70.331 Y59.097
M204 S500
M205 X10 Y10
G1 F2400 X71.571 Y57.856 E136.56132
G1 X71.783 Y57.644
M204 S2000
M205 X30 Y30
G0 F3600 X73.273 Y57.584
M204 S500
M205 X10 Y10
;TYPE:WALL-INNER
G1 F2400 X73.757 Y57.799 E136.58425
G1 X74.183 Y58.109 E136.60707
G1 X74.541 Y58.505 E136.63019
G1 X74.805 Y58.963 E136.65308
G1 X74.972 Y59.475 E136.6764
G1 X75.027 Y60 E136.69926
G1 X74.972 Y60.525 E136.72212
G1 X74.805 Y61.037 E136.74545
G1 X74.541 Y61.495 E136.76834
G1 X74.183 Y61.891 E136.79146
G1 X73.757 Y62.201 E136.81427
G1 X73.273 Y62.416 E136.83721
G1 X72.747 Y62.528 E136.8605
G1 X72.223 Y62.528 E136.88319
G1 X71.697 Y62.416 E136.90648
G1 X71.216 Y62.202 E136.92928
G1 X70.785 Y61.889 E136.95235
G1 X70.427 Y61.492 E136.9755
G1 X70.164 Y61.035 E136.99833
G1 X69.998 Y60.526 E137.02151
G1 X69.943 Y60 E137.04442
G1 X69.998 Y59.474 E137.06732
G1 X70.164 Y58.965 E137.09051
G1 X70.427 Y58.508 E137.11334
G1 X70.785 Y58.111 E137.13649
G1 X71.216 Y57.798 E137.15956
G1 X71.697 Y57.584 E137.18236
G1 X72.223 Y57.472 E137.20565
G1 X72.747 Y57.472 E137.22834
G1 X72.772 Y57.478 E137.22945
G0 F1920 X73.273 Y57.584
M204 S2000
M205 X30 Y30
G0 F3600 X73.429 Y57.106
M204 S500
M205 X10 Y10
G1 F2400 X74.007 Y57.363 E137.25684
G1 X74.52 Y57.736 E137.28431
G1 X74.948 Y58.21 E137.31197
G1 X75.266 Y58.761 E137.33952
G1 X75.463 Y59.367 E137.36711
G1 X75.53 Y60 E137.39468
G1 X75.463 Y60.633 E137.42225
G1 X75.266 Y61.239 E137.44984
G1 X74.948 Y61.79 E137.47739
G1 X74.52 Y62.264 E137.50505
G1 X74.007 Y62.637 E137.53252
G1 X73.429 Y62.894 E137.55991
G1 X72.799 Y63.028 E137.5878
G1 X72.171 Y63.028 E137.615
G1 X71.541 Y62.894 E137.64289
G1 X70.963 Y62.637 E137.67028
G1 X70.451 Y62.265 E137.69769
G1 X70.02 Y61.787 E137.72556
G1 X69.703 Y61.237 E137.75305
G1 X69.507 Y60.634 E137.78051
G1 X69.44 Y60 E137.80812
G1 X69.507 Y59.366 E137.83573
G1 X69.703 Y58.763 E137.86319
G1 X70.02 Y58.213 E137.89068
G1 X70.451 Y57.735 E137.91855
G1 X70.963 Y57.363 E137.94596
G1 X71.541 Y57.106 E137.97335
G1 X72.171 Y56.972 E138.00125
G1 X72.799 Y56.972 E138.02844
G1 X72.929 Y57 E138.0342
G0 F1920 X73.429 Y57.106
M204 S2000
M205 X30 Y30
G0 F3600 X73.585 Y56.628
M204 S500
M205 X10 Y10
;TYPE:WALL-OUTER
G1 F1200 X74.257 Y56.927 E138.06605
G1 X74.857 Y57.363 E138.09817
G1 X75.355 Y57.915 E138.13037
G1 X75.726 Y58.558 E138.16252
G1 X75.954 Y59.26 E138.19448
G1 X76.032 Y60 E138.2267
G1 X75.954 Y60.74 E138.25893
G1 X75.726 Y61.442 E138.29089
G1 X75.355 Y62.085 E138.32304
G1 X74.857 Y62.637 E138.35523
G1 X74.257 Y63.073 E138.38735
G1 X73.585 Y63.372 E138.41921
G1 X72.851 Y63.528 E138.4517
G1 X72.119 Y63.528 E138.4834
G1 X71.385 Y63.372 E138.5159
G1 X70.71 Y63.072 E138.54789
G1 X70.114 Y62.639 E138.57979
G1 X69.615 Y62.085 E138.61208
G1 X69.245 Y61.443 E138.64417
G1 X69.015 Y60.738 E138.67628
G1 X68.938 Y60 E138.70841
G1 X69.015 Y59.262 E138.74055
G1 X69.245 Y58.557 E138.77266
G1 X69.615 Y57.915 E138.80475
G1 X70.114 Y57.361 E138.83704
G1 X70.71 Y56.928 E138.86894
G1 X71.385 Y56.628 E138.90093
G1 X72.119 Y56.472 E138.93343
G1 X72.851 Y56.472 E138.96513
G1 X73.084 Y56.522 E138.97545
G0 F960 X73.585 Y56.628
M204 S2000
M205 X30 Y30
G0 F3600 X73.813 Y56.729
G0 X73.406 Y57.643
G1 F2700 E134.97545
;MESH:NONMESH
G0 F600 X73.406 Y57.643 Z1.3
G0 F3600 X70.036 Y58.224
G0 X68.793 Y57.51
G0 X52.95 Y58.224
G0 X51.515 Y58.224
G0 X46.135 Y57.922
;TIME_ELAPSED:162.401349
;LAYER:4
M204 S500
M205 X10 Y10
;TYPE:FILL
;MESH:RetractTower
G1 F2700 E138.97545
G1 F2400 X50.561 Y62.349 E139.24654
G1 X50.773 Y62.561
M204 S2000
M205 X30 Y30
G0 F3600 X50.835 Y60.265
M204 S500
M205 X10 Y10
G1 F2400 X48.219 Y57.649 E139.40675
G1 X48.007 Y57.437
M204 S2000
M205 X30 Y30
G0 F3600 X50.577 Y57.649
M204 S500
M205 X10 Y10
G1 F2400 X50.835 Y57.907 E139.42255
M204 S2000
M205 X30 Y30
G0 F3600 X48.204 Y62.349
M204 S500
M205 X10 Y10
G1 F2400 X46.135 Y60.28 E139.54927
G1 X45.923 Y60.068
M204 S2000
M205 X30 Y30
G0 F3600 X51.035 Y62.55
M204 S500
M205 X10 Y10
;TYPE:WALL-INNER
G1 F2400 X45.935 Y62.55 E139.77013
G1 X45.935 Y57.45 E139.99099
G1 X51.035 Y57.45 E140.21185
G1 X51.035 Y62.038 E140.41053
G0 F1920 X51.035 Y62.55
M204 S2000
M205 X30 Y30
G0 F3600 X51.535 Y63.05
M204 S500
M205 X10 Y10
G1 F2400 X45.435 Y63.05 E140.6747
G1 X45.435 Y56.95 E140.93886
G1 X51.535 Y56.95 E141.20303
G1 X51.535 Y62.538 E141.44502
G0 F1920 X51.535 Y63.05
M204 S2000
M205 X30 Y30
G0 F3600 X52.035 Y63.55
M204 S500
M205 X10 Y10
;TYPE:WALL-OUTER
G1 F1200 X44.935 Y63.55 E141.75249
G1 X44.935 Y56.45 E142.05996
G1 X52.035 Y56.45 E142.36743
G1 X52.035 Y63.038 E142.65273
G0 F960 X52.035 Y63.55
M204 S2000
M205 X30 Y30
G0 F3600 X51.785 Y63.55
G0 X51.035 Y62.697
G1 F2700 E138.65273 ; Modi
G0 F3600 X51.515 Y60.896
G0 X52.95 Y60.896
G0 X68.035 Y60.149
G0 X69.46 Y60
G0 X70.326 Y60.896
M204 S500
M205 X10 Y10
;TYPE:FILL
G1 F2700 E142.65273
G1 F2400 X71.572 Y62.142 E142.72904
G1 X71.784 Y62.354
M204 S2000
M205 X30 Y30
G0 F3600 X73.747 Y61.96
M204 S500
M205 X10 Y10
G1 F2400 X70.524 Y58.737 E142.92643
G1 X70.312 Y58.525
M204 S2000
M205 X30 Y30
G0 F3600 X71.892 Y57.747
M204 S500
M205 X10 Y10
G1 F2400 X74.738 Y60.593 E143.10073
G1 X74.95 Y60.805
M204 S2000
M205 X30 Y30
G0 F3600 X73.273 Y57.584
M204 S500
M205 X10 Y10
;TYPE:WALL-INNER
G1 F2400 X73.757 Y57.799 E143.12366
G1 X74.183 Y58.109 E143.14648
G1 X74.541 Y58.505 E143.1696
G1 X74.805 Y58.963 E143.19249
G1 X74.972 Y59.475 E143.21581
G1 X75.027 Y60 E143.23867
G1 X74.972 Y60.525 E143.26153
G1 X74.805 Y61.037 E143.28485
G1 X74.541 Y61.495 E143.30775
G1 X74.183 Y61.891 E143.33086
G1 X73.757 Y62.201 E143.35368
G1 X73.273 Y62.416 E143.37661
G1 X72.747 Y62.528 E143.3999
G1 X72.223 Y62.528 E143.4226
G1 X71.697 Y62.416 E143.44589
G1 X71.216 Y62.202 E143.46868
G1 X70.786 Y61.89 E143.49169
G1 X70.426 Y61.49 E143.515
G1 X70.162 Y61.032 E143.53789
G1 X69.999 Y60.53 E143.56075
G1 X69.943 Y60 E143.58383
G1 X69.998 Y59.474 E143.60673
G1 X70.164 Y58.965 E143.62991
G1 X70.427 Y58.508 E143.65275
G1 X70.785 Y58.111 E143.6759
G1 X71.216 Y57.798 E143.69897
G1 X71.697 Y57.584 E143.72176
G1 X72.223 Y57.472 E143.74505
G1 X72.747 Y57.472 E143.76775
G1 X72.772 Y57.478 E143.76886
G0 F1920 X73.273 Y57.584
M204 S2000
M205 X30 Y30
G0 F3600 X73.429 Y57.106
M204 S500
M205 X10 Y10
G1 F2400 X74.007 Y57.363 E143.79625
G1 X74.52 Y57.736 E143.82372
G1 X74.948 Y58.21 E143.85138
G1 X75.266 Y58.761 E143.87893
G1 X75.463 Y59.367 E143.90652
G1 X75.53 Y60 E143.93409
G1 X75.463 Y60.633 E143.96165
G1 X75.266 Y61.239 E143.98925
G1 X74.948 Y61.79 E144.0168
G1 X74.52 Y62.264 E144.04446
G1 X74.007 Y62.637 E144.07192
G1 X73.429 Y62.894 E144.09932
G1 X72.799 Y63.028 E144.12721
G1 X72.171 Y63.028 E144.15441
G1 X71.541 Y62.894 E144.1823
G1 X70.963 Y62.637 E144.20969
G1 X70.451 Y62.265 E144.2371
G1 X70.019 Y61.785 E144.26507
G1 X69.704 Y61.238 E144.2924
G1 X69.507 Y60.634 E144.31991
G1 X69.44 Y60 E144.34752
G1 X69.507 Y59.366 E144.37513
G1 X69.703 Y58.763 E144.40259
G1 X70.02 Y58.213 E144.43008
G1 X70.451 Y57.735 E144.45795
G1 X70.963 Y57.363 E144.48536
G1 X71.541 Y57.106 E144.51275
G1 X72.171 Y56.972 E144.54065
G1 X72.799 Y56.972 E144.56784
G1 X72.929 Y57 E144.5736
G0 F1920 X73.429 Y57.106
M204 S2000
M205 X30 Y30
G0 F3600 X73.585 Y56.628
M204 S500
M205 X10 Y10
;TYPE:WALL-OUTER
G1 F1200 X74.257 Y56.927 E144.60545
G1 X74.857 Y57.363 E144.63757
G1 X75.355 Y57.915 E144.66977
G1 X75.726 Y58.558 E144.70192
G1 X75.954 Y59.26 E144.73388
G1 X76.032 Y60 E144.7661
G1 X75.954 Y60.74 E144.79833
G1 X75.726 Y61.442 E144.83029
G1 X75.355 Y62.085 E144.86244
G1 X74.857 Y62.637 E144.89463
G1 X74.257 Y63.073 E144.92675
G1 X73.585 Y63.372 E144.95861
G1 X72.851 Y63.528 E144.9911
G1 X72.119 Y63.528 E145.0228
G1 X71.385 Y63.372 E145.0553
G1 X70.71 Y63.072 E145.08729
G1 X70.114 Y62.639 E145.11919
G1 X69.615 Y62.085 E145.15148
G1 X69.245 Y61.442 E145.1836
G1 X69.015 Y60.738 E145.21568
G1 X68.938 Y60 E145.24781
G1 X69.015 Y59.262 E145.27994
G1 X69.245 Y58.557 E145.31206
G1 X69.615 Y57.915 E145.34415
G1 X70.114 Y57.361 E145.37644
G1 X70.71 Y56.928 E145.40834
G1 X71.385 Y56.628 E145.44033
G1 X72.119 Y56.472 E145.47282
G1 X72.851 Y56.472 E145.50452
G1 X73.084 Y56.522 E145.51484
G0 F960 X73.585 Y56.628
M204 S2000
M205 X30 Y30
G0 F3600 X73.813 Y56.729
G0 X73.406 Y57.643
G1 F2700 E141.51484 ; Modi
;MESH:NONMESH
G0 F600 X73.406 Y57.643 Z1.55
G0 F3600 X70.036 Y58.224
G0 X68.793 Y57.51
G0 X52.95 Y58.224
G0 X51.515 Y58.224
G0 X48.204 Y57.649
;TIME_ELAPSED:170.536537
;LAYER:5
M204 S500
M205 X10 Y10
;TYPE:FILL
;MESH:RetractTower
G1 F2700 E145.51484
G1 F2400 X46.135 Y59.718 E145.64156
G1 X45.923 Y59.93
M204 S2000
M205 X30 Y30
G0 F3600 X46.135 Y62.076
M204 S500
M205 X10 Y10
G1 F2400 X50.562 Y57.649 E145.91268
G1 X50.774 Y57.437
M204 S2000
M205 X30 Y30
G0 F3600 X50.834 Y59.734
M204 S500
M205 X10 Y10
G1 F2400 X48.219 Y62.349 E146.07283
G1 X48.007 Y62.561
M204 S2000
M205 X30 Y30
G0 F3600 X50.577 Y62.349
M204 S500
M205 X10 Y10
G1 F2400 X50.834 Y62.091 E146.0886
M204 S2000
M205 X30 Y30
G0 F3600 X51.035 Y62.55
M204 S500
M205 X10 Y10
;TYPE:WALL-INNER
G1 F2400 X45.935 Y62.55 E146.30946
G1 X45.935 Y57.45 E146.53032
G1 X51.035 Y57.45 E146.75118
G1 X51.035 Y62.038 E146.94987
G0 F1920 X51.035 Y62.55
M204 S2000
M205 X30 Y30
G0 F3600 X51.535 Y63.05
M204 S500
M205 X10 Y10
G1 F2400 X45.435 Y63.05 E147.21403
G1 X45.435 Y56.95 E147.4782
G1 X51.535 Y56.95 E147.74236
G1 X51.535 Y62.538 E147.98436
G0 F1920 X51.535 Y63.05
M204 S2000
M205 X30 Y30
G0 F3600 X52.035 Y63.55
M204 S500
M205 X10 Y10
;TYPE:WALL-OUTER
G1 F1200 X44.935 Y63.55 E148.29183
G1 X44.935 Y56.45 E148.5993
G1 X52.035 Y56.45 E148.90677
G1 X52.035 Y63.038 E149.19207
G0 F960 X52.035 Y63.55
M204 S2000
M205 X30 Y30
G0 F3600 X51.785 Y63.55
G0 X51.035 Y62.697
G1 F2700 E145.19207 ; Modi
G0 F3600 X51.515 Y61.261
G0 X52.95 Y61.261
G0 X68.1 Y60.781
G0 X69.526 Y60.632
G0 X70.524 Y61.261
M204 S500
M205 X10 Y10
;TYPE:FILL
G1 F2700 E149.19207
G1 F2400 X73.747 Y58.038 E149.38945
G1 X73.959 Y57.826
M204 S2000
M205 X30 Y30
G0 F3600 X74.737 Y59.406
M204 S500
M205 X10 Y10
G1 F2400 X71.89 Y62.252 E149.56378
G1 X71.678 Y62.464
M204 S2000
M205 X30 Y30
G0 F3600 X70.331 Y59.097
M204 S500
M205 X10 Y10
G1 F2400 X71.571 Y57.856 E149.63976
G1 X71.783 Y57.644
M204 S2000
M205 X30 Y30
G0 F3600 X73.273 Y57.584
M204 S500
M205 X10 Y10
;TYPE:WALL-INNER
G1 F2400 X73.757 Y57.799 E149.66269
G1 X74.183 Y58.109 E149.68551
G1 X74.541 Y58.505 E149.70862
G1 X74.805 Y58.963 E149.73152
G1 X74.972 Y59.475 E149.75484
G1 X75.027 Y60 E149.7777
G1 X74.972 Y60.525 E149.80056
G1 X74.805 Y61.037 E149.82388
G1 X74.541 Y61.495 E149.84678
G1 X74.183 Y61.891 E149.86989
G1 X73.757 Y62.201 E149.89271
G1 X73.273 Y62.416 E149.91564
G1 X72.747 Y62.528 E149.93893
G1 X72.223 Y62.528 E149.96163
G1 X71.697 Y62.416 E149.98492
G1 X71.216 Y62.202 E150.00771
G1 X70.785 Y61.889 E150.03078
G1 X70.427 Y61.492 E150.05393
G1 X70.162 Y61.031 E150.07696
G1 X69.998 Y60.527 E150.09991
G1 X69.943 Y60.001 E150.12281
G1 X69.998 Y59.474 E150.14576
G1 X70.164 Y58.965 E150.16895
G1 X70.427 Y58.508 E150.19178
G1 X70.785 Y58.111 E150.21493
G1 X71.216 Y57.798 E150.238
G1 X71.697 Y57.584 E150.2608
G1 X72.223 Y57.472 E150.28409
G1 X72.747 Y57.472 E150.30678
G1 X72.772 Y57.478 E150.30789
G0 F1920 X73.273 Y57.584
M204 S2000
M205 X30 Y30
G0 F3600 X73.429 Y57.106
M204 S500
M205 X10 Y10
G1 F2400 X74.007 Y57.363 E150.33528
G1 X74.52 Y57.736 E150.36275
G1 X74.948 Y58.21 E150.39041
G1 X75.266 Y58.761 E150.41796
G1 X75.463 Y59.367 E150.44555
G1 X75.53 Y60 E150.47312
G1 X75.463 Y60.633 E150.50069
G1 X75.266 Y61.239 E150.52828
G1 X74.948 Y61.79 E150.55583
G1 X74.52 Y62.264 E150.58349
G1 X74.007 Y62.637 E150.61096
G1 X73.429 Y62.894 E150.63835
G1 X72.799 Y63.028 E150.66624
G1 X72.171 Y63.028 E150.69344
G1 X71.541 Y62.894 E150.72133
G1 X70.963 Y62.637 E150.74872
G1 X70.451 Y62.265 E150.77613
G1 X70.02 Y61.787 E150.804
G1 X69.701 Y61.233 E150.83169
G1 X69.507 Y60.636 E150.85887
G1 X69.44 Y60 E150.88657
G1 X69.507 Y59.366 E150.91418
G1 X69.703 Y58.763 E150.94163
G1 X70.02 Y58.213 E150.96913
G1 X70.451 Y57.735 E150.997
G1 X70.963 Y57.363 E151.0244
G1 X71.541 Y57.106 E151.0518
G1 X72.171 Y56.972 E151.07969
G1 X72.799 Y56.972 E151.10689
G1 X72.929 Y57 E151.11265
G0 F1920 X73.429 Y57.106
M204 S2000
M205 X30 Y30
G0 F3600 X73.585 Y56.628
M204 S500
M205 X10 Y10
;TYPE:WALL-OUTER
G1 F1200 X74.257 Y56.927 E151.1445
G1 X74.857 Y57.363 E151.17662
G1 X75.355 Y57.915 E151.20881
G1 X75.726 Y58.558 E151.24096
G1 X75.954 Y59.26 E151.27292
G1 X76.032 Y60 E151.30515
G1 X75.954 Y60.74 E151.33737
G1 X75.726 Y61.442 E151.36934
G1 X75.355 Y62.085 E151.40148
G1 X74.857 Y62.637 E151.43368
G1 X74.257 Y63.073 E151.4658
G1 X73.585 Y63.372 E151.49765
G1 X72.851 Y63.528 E151.53015
G1 X72.119 Y63.528 E151.56185
G1 X71.385 Y63.372 E151.59434
G1 X70.71 Y63.072 E151.62633
G1 X70.114 Y62.639 E151.65823
G1 X69.615 Y62.085 E151.69052
G1 X69.243 Y61.439 E151.72281
G1 X69.015 Y60.74 E151.75465
G1 X68.938 Y60 E151.78687
G1 X69.015 Y59.262 E151.819
G1 X69.245 Y58.557 E151.85111
G1 X69.615 Y57.915 E151.8832
G1 X70.114 Y57.361 E151.91549
G1 X70.71 Y56.928 E151.94739
G1 X71.385 Y56.628 E151.97938
G1 X72.119 Y56.472 E152.01188
G1 X72.851 Y56.472 E152.04358
G1 X73.084 Y56.522 E152.0539
G0 F960 X73.585 Y56.628
M204 S2000
M205 X30 Y30
G0 F3600 X73.813 Y56.729
G0 X73.406 Y57.643
G1 F2700 E148.05390 ; Modi
;MESH:NONMESH
G0 F600 X73.406 Y57.643 Z1.8
G0 F3600 X70.036 Y58.224
G0 X68.793 Y57.51
G0 X52.95 Y58.224
G0 X51.515 Y58.224
G0 X46.135 Y57.922
;TIME_ELAPSED:178.498601
;LAYER:6
M204 S500
M205 X10 Y10
;TYPE:FILL
;MESH:RetractTower
G1 F2700 E152.0539
G1 F2400 X50.561 Y62.349 E152.32499
G1 X50.773 Y62.561
M204 S2000
M205 X30 Y30
G0 F3600 X50.835 Y60.265
M204 S500
M205 X10 Y10
G1 F2400 X48.219 Y57.649 E152.48521
G1 X48.007 Y57.437
M204 S2000
M205 X30 Y30
G0 F3600 X50.577 Y57.649
M204 S500
M205 X10 Y10
G1 F2400 X50.835 Y57.907 E152.50101
M204 S2000
M205 X30 Y30
G0 F3600 X48.204 Y62.349
M204 S500
M205 X10 Y10
G1 F2400 X46.135 Y60.28 E152.62772
G1 X45.923 Y60.068
M204 S2000
M205 X30 Y30
G0 F3600 X51.035 Y62.55
M204 S500
M205 X10 Y10
;TYPE:WALL-INNER
G1 F2400 X45.935 Y62.55 E152.84858
G1 X45.935 Y57.45 E153.06944
G1 X51.035 Y57.45 E153.2903
G1 X51.035 Y62.038 E153.48898
G0 F1920 X51.035 Y62.55
M204 S2000
M205 X30 Y30
G0 F3600 X51.535 Y63.05
M204 S500
M205 X10 Y10
G1 F2400 X45.435 Y63.05 E153.75315
G1 X45.435 Y56.95 E154.01731
G1 X51.535 Y56.95 E154.28148
G1 X51.535 Y62.538 E154.52347
G0 F1920 X51.535 Y63.05
M204 S2000
M205 X30 Y30
G0 F3600 X52.035 Y63.55
M204 S500
M205 X10 Y10
;TYPE:WALL-OUTER
G1 F1200 X44.935 Y63.55 E154.83094
G1 X44.935 Y56.45 E155.13841
G1 X52.035 Y56.45 E155.44588
G1 X52.035 Y63.038 E155.73118
G0 F960 X52.035 Y63.55
M204 S2000
M205 X30 Y30
G0 F3600 X51.785 Y63.55
G0 X51.035 Y62.697
G1 F2700 E151.73118 ; Modi
G0 F3600 X51.515 Y60.898
G0 X52.95 Y60.898
G0 X68.035 Y60.149
G0 X69.46 Y60
G0 X70.328 Y60.898
M204 S500
M205 X10 Y10
;TYPE:FILL
G1 F2700 E155.73118
G1 F2400 X71.572 Y62.142 E155.80737
G1 X71.784 Y62.354
M204 S2000
M205 X30 Y30
G0 F3600 X73.747 Y61.96
M204 S500
M205 X10 Y10
G1 F2400 X70.524 Y58.737 E156.00476
G1 X70.312 Y58.525
M204 S2000
M205 X30 Y30
G0 F3600 X71.892 Y57.747
M204 S500
M205 X10 Y10
G1 F2400 X74.738 Y60.593 E156.17906
G1 X74.95 Y60.805
M204 S2000
M205 X30 Y30
G0 F3600 X73.273 Y57.584
M204 S500
M205 X10 Y10
;TYPE:WALL-INNER
G1 F2400 X73.757 Y57.799 E156.20199
G1 X74.183 Y58.109 E156.22481
G1 X74.541 Y58.505 E156.24792
G1 X74.805 Y58.963 E156.27082
G1 X74.972 Y59.475 E156.29414
G1 X75.027 Y60 E156.317
G1 X74.972 Y60.525 E156.33986
G1 X74.805 Y61.037 E156.36318
G1 X74.541 Y61.495 E156.38607
G1 X74.183 Y61.891 E156.40919
G1 X73.757 Y62.201 E156.43201
G1 X73.273 Y62.416 E156.45494
G1 X72.747 Y62.528 E156.47823
G1 X72.223 Y62.528 E156.50093
G1 X71.697 Y62.416 E156.52421
G1 X71.216 Y62.202 E156.54701
G1 X70.785 Y61.889 E156.57008
G1 X70.429 Y61.494 E156.59311
G1 X70.161 Y61.027 E156.61643
G1 X69.999 Y60.53 E156.63906
G1 X69.943 Y60 E156.66214
G1 X69.998 Y59.474 E156.68505
G1 X70.164 Y58.965 E156.70823
G1 X70.427 Y58.508 E156.73107
G1 X70.785 Y58.111 E156.75422
G1 X71.216 Y57.798 E156.77728
G1 X71.697 Y57.584 E156.80008
G1 X72.223 Y57.472 E156.82337
G1 X72.747 Y57.472 E156.84606
G1 X72.772 Y57.478 E156.84718
G0 F1920 X73.273 Y57.584
M204 S2000
M205 X30 Y30
G0 F3600 X73.429 Y57.106
M204 S500
M205 X10 Y10
G1 F2400 X74.007 Y57.363 E156.87457
G1 X74.52 Y57.736 E156.90204
G1 X74.948 Y58.21 E156.92969
G1 X75.266 Y58.761 E156.95724
G1 X75.463 Y59.367 E156.98484
G1 X75.53 Y60 E157.01241
G1 X75.463 Y60.633 E157.03997
G1 X75.266 Y61.239 E157.06757
G1 X74.948 Y61.79 E157.09512
G1 X74.52 Y62.264 E157.12277
G1 X74.007 Y62.637 E157.15024
G1 X73.429 Y62.894 E157.17763
G1 X72.799 Y63.028 E157.20553
G1 X72.171 Y63.028 E157.23272
G1 X71.541 Y62.894 E157.26062
G1 X70.963 Y62.637 E157.28801
G1 X70.448 Y62.263 E157.31557
G1 X70.022 Y61.79 E157.34314
G1 X69.703 Y61.234 E157.3709
G1 X69.507 Y60.634 E157.39823
G1 X69.44 Y60 E157.42584
G1 X69.507 Y59.366 E157.45345
G1 X69.703 Y58.763 E157.48091
G1 X70.02 Y58.213 E157.5084
G1 X70.451 Y57.735 E157.53627
G1 X70.963 Y57.363 E157.56368
G1 X71.541 Y57.106 E157.59107
G1 X72.171 Y56.972 E157.61897
G1 X72.799 Y56.972 E157.64616
G1 X72.929 Y57 E157.65192
G0 F1920 X73.429 Y57.106
M204 S2000
M205 X30 Y30
G0 F3600 X73.585 Y56.628
M204 S500
M205 X10 Y10
;TYPE:WALL-OUTER
G1 F1200 X74.257 Y56.927 E157.68377
G1 X74.857 Y57.363 E157.71589
G1 X75.355 Y57.915 E157.74809
G1 X75.726 Y58.558 E157.78024
G1 X75.954 Y59.26 E157.8122
G1 X76.032 Y60 E157.84442
G1 X75.954 Y60.74 E157.87665
G1 X75.726 Y61.442 E157.90861
G1 X75.355 Y62.085 E157.94076
G1 X74.857 Y62.637 E157.97295
G1 X74.257 Y63.073 E158.00507
G1 X73.585 Y63.372 E158.03693
G1 X72.851 Y63.528 E158.06942
G1 X72.119 Y63.528 E158.10112
G1 X71.385 Y63.372 E158.13362
G1 X70.71 Y63.072 E158.16561
G1 X70.114 Y62.639 E158.19751
G1 X69.613 Y62.083 E158.22992
G1 X69.245 Y61.441 E158.26197
G1 X69.015 Y60.738 E158.294
G1 X68.938 Y60 E158.32613
G1 X69.015 Y59.262 E158.35826
G1 X69.245 Y58.557 E158.39038
G1 X69.615 Y57.915 E158.42247
G1 X70.114 Y57.361 E158.45476
G1 X70.71 Y56.928 E158.48666
G1 X71.385 Y56.628 E158.51865
G1 X72.119 Y56.472 E158.55114
G1 X72.851 Y56.472 E158.58284
G1 X73.084 Y56.522 E158.59316
G0 F960 X73.585 Y56.628
M204 S2000
M205 X30 Y30
G0 F3600 X73.813 Y56.729
G0 X73.406 Y57.643
G1 F2700 E154.59316 ; Modi
;MESH:NONMESH
G0 F600 X73.406 Y57.643 Z2.05
G0 F3600 X70.036 Y58.224
G0 X68.793 Y57.51
G0 X52.95 Y58.224
G0 X51.515 Y58.224
G0 X48.204 Y57.649
;TIME_ELAPSED:186.633731
;LAYER:7
M204 S500
M205 X10 Y10
;TYPE:FILL
;MESH:RetractTower
G1 F2700 E158.59316
G1 F2400 X46.135 Y59.718 E158.71988
G1 X45.923 Y59.93
M204 S2000
M205 X30 Y30
G0 F3600 X46.135 Y62.076
M204 S500
M205 X10 Y10
G1 F2400 X50.562 Y57.649 E158.991
G1 X50.774 Y57.437
M204 S2000
M205 X30 Y30
G0 F3600 X50.834 Y59.734
M204 S500
M205 X10 Y10
G1 F2400 X48.219 Y62.349 E159.15115
G1 X48.007 Y62.561
M204 S2000
M205 X30 Y30
G0 F3600 X50.577 Y62.349
M204 S500
M205 X10 Y10
G1 F2400 X50.834 Y62.091 E159.16692
M204 S2000
M205 X30 Y30
G0 F3600 X51.035 Y62.55
M204 S500
M205 X10 Y10
;TYPE:WALL-INNER
G1 F2400 X45.935 Y62.55 E159.38778
G1 X45.935 Y57.45 E159.60864
G1 X51.035 Y57.45 E159.8295
G1 X51.035 Y62.038 E160.02819
G0 F1920 X51.035 Y62.55
M204 S2000
M205 X30 Y30
G0 F3600 X51.535 Y63.05
M204 S500
M205 X10 Y10
G1 F2400 X45.435 Y63.05 E160.29235
G1 X45.435 Y56.95 E160.55652
G1 X51.535 Y56.95 E160.82068
G1 X51.535 Y62.538 E161.06268
G0 F1920 X51.535 Y63.05
M204 S2000
M205 X30 Y30
G0 F3600 X52.035 Y63.55
M204 S500
M205 X10 Y10
;TYPE:WALL-OUTER
G1 F1200 X44.935 Y63.55 E161.37015
G1 X44.935 Y56.45 E161.67762
G1 X52.035 Y56.45 E161.98509
G1 X52.035 Y63.038 E162.27039
G0 F960 X52.035 Y63.55
M204 S2000
M205 X30 Y30
G0 F3600 X51.785 Y63.55
G0 X51.035 Y62.697
G1 F2700 E158.27039 ; Modi
G0 F3600 X51.515 Y61.262
G0 X52.95 Y61.262
G0 X68.1 Y60.777
G0 X69.525 Y60.628
G0 X70.524 Y61.262
M204 S500
M205 X10 Y10
;TYPE:FILL
G1 F2700 E162.27039
G1 F2400 X73.747 Y58.038 E162.4678
G1 X73.959 Y57.826
M204 S2000
M205 X30 Y30
G0 F3600 X74.737 Y59.406
M204 S500
M205 X10 Y10
G1 F2400 X71.89 Y62.252 E162.64213
G1 X71.678 Y62.464
M204 S2000
M205 X30 Y30
G0 F3600 X70.331 Y59.097
M204 S500
M205 X10 Y10
G1 F2400 X71.571 Y57.856 E162.71811
G1 X71.783 Y57.644
M204 S2000
M205 X30 Y30
G0 F3600 X73.273 Y57.584
M204 S500
M205 X10 Y10
;TYPE:WALL-INNER
G1 F2400 X73.757 Y57.799 E162.74104
G1 X74.183 Y58.109 E162.76386
G1 X74.541 Y58.505 E162.78698
G1 X74.805 Y58.963 E162.80987
G1 X74.972 Y59.475 E162.83319
G1 X75.027 Y60 E162.85605
G1 X74.972 Y60.525 E162.87891
G1 X74.805 Y61.037 E162.90223
G1 X74.541 Y61.495 E162.92513
G1 X74.183 Y61.891 E162.94824
G1 X73.757 Y62.201 E162.97106
G1 X73.273 Y62.416 E162.994
G1 X72.747 Y62.528 E163.01728
G1 X72.223 Y62.528 E163.03998
G1 X71.697 Y62.416 E163.06327
G1 X71.216 Y62.202 E163.08607
G1 X70.782 Y61.887 E163.10929
G1 X70.427 Y61.493 E163.13226
G1 X70.163 Y61.032 E163.15526
G1 X69.997 Y60.526 E163.17832
G1 X69.943 Y60.001 E163.20118
G1 X69.998 Y59.474 E163.22412
G1 X70.164 Y58.965 E163.24731
G1 X70.427 Y58.508 E163.27014
G1 X70.785 Y58.111 E163.29329
G1 X71.216 Y57.798 E163.31636
G1 X71.697 Y57.584 E163.33916
G1 X72.223 Y57.472 E163.36245
G1 X72.747 Y57.472 E163.38514
G1 X72.772 Y57.478 E163.38626
G0 F1920 X73.273 Y57.584
M204 S2000
M205 X30 Y30
G0 F3600 X73.429 Y57.106
M204 S500
M205 X10 Y10
G1 F2400 X74.007 Y57.363 E163.41365
G1 X74.52 Y57.736 E163.44112
G1 X74.948 Y58.21 E163.46877
G1 X75.266 Y58.761 E163.49632
G1 X75.463 Y59.367 E163.52392
G1 X75.53 Y60 E163.55148
G1 X75.463 Y60.633 E163.57905
G1 X75.266 Y61.239 E163.60664
G1 X74.948 Y61.79 E163.63419
G1 X74.52 Y62.264 E163.66185
G1 X74.007 Y62.637 E163.68932
G1 X73.429 Y62.894 E163.71671
G1 X72.799 Y63.028 E163.74461
G1 X72.171 Y63.028 E163.7718
G1 X71.541 Y62.894 E163.79969
G1 X70.963 Y62.637 E163.82709
G1 X70.448 Y62.263 E163.85465
G1 X70.02 Y61.788 E163.88234
G1 X69.704 Y61.236 E163.90988
G1 X69.506 Y60.632 E163.93741
G1 X69.44 Y60 E163.96493
G1 X69.507 Y59.366 E163.99254
G1 X69.703 Y58.763 E164.02
G1 X70.02 Y58.213 E164.04749
G1 X70.451 Y57.735 E164.07536
G1 X70.963 Y57.363 E164.10277
G1 X71.541 Y57.106 E164.13016
G1 X72.171 Y56.972 E164.15805
G1 X72.799 Y56.972 E164.18525
G1 X72.929 Y57 E164.19101
G0 F1920 X73.429 Y57.106
M204 S2000
M205 X30 Y30
G0 F3600 X73.585 Y56.628
M204 S500
M205 X10 Y10
;TYPE:WALL-OUTER
G1 F1200 X74.257 Y56.927 E164.22286
G1 X74.857 Y57.363 E164.25498
G1 X75.355 Y57.915 E164.28717
G1 X75.726 Y58.558 E164.31932
G1 X75.954 Y59.26 E164.35129
G1 X76.032 Y60 E164.38351
G1 X75.954 Y60.74 E164.41573
G1 X75.726 Y61.442 E164.4477
G1 X75.355 Y62.085 E164.47985
G1 X74.857 Y62.637 E164.51204
G1 X74.257 Y63.073 E164.54416
G1 X73.585 Y63.372 E164.57601
G1 X72.851 Y63.528 E164.60851
G1 X72.119 Y63.528 E164.64021
G1 X71.385 Y63.372 E164.67271
G1 X70.71 Y63.072 E164.70469
G1 X70.114 Y62.639 E164.7366
G1 X69.613 Y62.083 E164.76901
G1 X69.245 Y61.44 E164.80109
G1 X69.015 Y60.738 E164.83308
G1 X68.938 Y60 E164.86521
G1 X69.015 Y59.262 E164.89735
G1 X69.245 Y58.557 E164.92946
G1 X69.615 Y57.915 E164.96155
G1 X70.114 Y57.361 E164.99384
G1 X70.71 Y56.928 E165.02574
G1 X71.385 Y56.628 E165.05773
G1 X72.119 Y56.472 E165.09023
G1 X72.851 Y56.472 E165.12193
G1 X73.084 Y56.522 E165.13225
G0 F960 X73.585 Y56.628
M204 S2000
M205 X30 Y30
G0 F3600 X73.813 Y56.729
G0 X73.406 Y57.643
G1 F2700 E161.13225 ; Modi
;MESH:NONMESH
G0 F600 X73.406 Y57.643 Z2.3
G0 F3600 X70.036 Y58.224
G0 X68.793 Y57.51
G0 X52.95 Y58.224
G0 X51.515 Y58.224
G0 X46.135 Y57.922
;TIME_ELAPSED:194.595881
;LAYER:8
M204 S500
M205 X10 Y10
;TYPE:FILL
;MESH:RetractTower
G1 F2700 E165.13225
G1 F2400 X50.561 Y62.349 E165.40334
G1 X50.773 Y62.561
M204 S2000
M205 X30 Y30
G0 F3600 X50.835 Y60.265
M204 S500
M205 X10 Y10
G1 F2400 X48.219 Y57.649 E165.56355
G1 X48.007 Y57.437
M204 S2000
M205 X30 Y30
G0 F3600 X50.577 Y57.649
M204 S500
M205 X10 Y10
G1 F2400 X50.835 Y57.907 E165.57936
M204 S2000
M205 X30 Y30
G0 F3600 X48.204 Y62.349
M204 S500
M205 X10 Y10
G1 F2400 X46.135 Y60.28 E165.70607
G1 X45.923 Y60.068
M204 S2000
M205 X30 Y30
G0 F3600 X51.035 Y62.55
M204 S500
M205 X10 Y10
;TYPE:WALL-INNER
G1 F2400 X45.935 Y62.55 E165.92693
G1 X45.935 Y57.45 E166.14779
G1 X51.035 Y57.45 E166.36865
G1 X51.035 Y62.038 E166.56733
G0 F1920 X51.035 Y62.55
M204 S2000
M205 X30 Y30
G0 F3600 X51.535 Y63.05
M204 S500
M205 X10 Y10
G1 F2400 X45.435 Y63.05 E166.8315
G1 X45.435 Y56.95 E167.09566
G1 X51.535 Y56.95 E167.35983
G1 X51.535 Y62.538 E167.60182
G0 F1920 X51.535 Y63.05
M204 S2000
M205 X30 Y30
G0 F3600 X52.035 Y63.55
M204 S500
M205 X10 Y10
;TYPE:WALL-OUTER
G1 F1200 X44.935 Y63.55 E167.90929
G1 X44.935 Y56.45 E168.21676
G1 X52.035 Y56.45 E168.52423
G1 X52.035 Y63.038 E168.80953
G0 F960 X52.035 Y63.55
M204 S2000
M205 X30 Y30
G0 F3600 X51.785 Y63.55
G0 X51.035 Y62.697
G1 F2700 E164.80953 ; Modi
G0 F3600 X51.515 Y60.896
G0 X52.95 Y60.896
G0 X68.035 Y60.149
G0 X69.46 Y60
G0 X70.326 Y60.896
M204 S500
M205 X10 Y10
;TYPE:FILL
G1 F2700 E168.80953
G1 F2400 X71.572 Y62.142 E168.88584
G1 X71.784 Y62.354
M204 S2000
M205 X30 Y30
G0 F3600 X73.747 Y61.96
M204 S500
M205 X10 Y10
G1 F2400 X70.524 Y58.737 E169.08323
G1 X70.312 Y58.525
M204 S2000
M205 X30 Y30
G0 F3600 X71.892 Y57.747
M204 S500
M205 X10 Y10
G1 F2400 X74.738 Y60.593 E169.25753
G1 X74.95 Y60.805
M204 S2000
M205 X30 Y30
G0 F3600 X73.273 Y57.584
M204 S500
M205 X10 Y10
;TYPE:WALL-INNER
G1 F2400 X73.757 Y57.799 E169.28046
G1 X74.183 Y58.109 E169.30328
G1 X74.541 Y58.505 E169.3264
G1 X74.805 Y58.963 E169.34929
G1 X74.972 Y59.475 E169.37261
G1 X75.027 Y60 E169.39547
G1 X74.972 Y60.525 E169.41833
G1 X74.805 Y61.037 E169.44165
G1 X74.541 Y61.495 E169.46455
G1 X74.183 Y61.891 E169.48766
G1 X73.757 Y62.201 E169.51048
G1 X73.273 Y62.416 E169.53342
G1 X72.747 Y62.528 E169.5567
G1 X72.223 Y62.528 E169.5794
G1 X71.697 Y62.416 E169.60269
G1 X71.216 Y62.202 E169.62549
G1 X70.786 Y61.89 E169.64849
G1 X70.426 Y61.49 E169.6718
G1 X70.161 Y61.031 E169.69475
G1 X69.998 Y60.529 E169.71761
G1 X69.943 Y60.001 E169.74059
G1 X69.998 Y59.474 E169.76354
G1 X70.164 Y58.965 E169.78673
G1 X70.427 Y58.508 E169.80956
G1 X70.785 Y58.111 E169.83271
G1 X71.216 Y57.798 E169.85578
G1 X71.697 Y57.584 E169.87858
G1 X72.223 Y57.472 E169.90187
G1 X72.747 Y57.472 E169.92456
G1 X72.772 Y57.478 E169.92567
G0 F1920 X73.273 Y57.584
M204 S2000
M205 X30 Y30
G0 F3600 X73.429 Y57.106
M204 S500
M205 X10 Y10
G1 F2400 X74.007 Y57.363 E169.95307
G1 X74.52 Y57.736 E169.98053
G1 X74.948 Y58.21 E170.00819
G1 X75.266 Y58.761 E170.03574
G1 X75.463 Y59.367 E170.06333
G1 X75.53 Y60 E170.0909
G1 X75.463 Y60.633 E170.11847
G1 X75.266 Y61.239 E170.14606
G1 X74.948 Y61.79 E170.17361
G1 X74.52 Y62.264 E170.20127
G1 X74.007 Y62.637 E170.22874
G1 X73.429 Y62.894 E170.25613
G1 X72.799 Y63.028 E170.28402
G1 X72.171 Y63.028 E170.31122
G1 X71.541 Y62.894 E170.33911
G1 X70.963 Y62.637 E170.3665
G1 X70.451 Y62.265 E170.39391
G1 X70.019 Y61.785 E170.42188
G1 X69.701 Y61.234 E170.44943
G1 X69.507 Y60.636 E170.47665
G1 X69.44 Y60 E170.50435
G1 X69.507 Y59.366 E170.53196
G1 X69.703 Y58.763 E170.55941
G1 X70.02 Y58.213 E170.58691
G1 X70.451 Y57.735 E170.61478
G1 X70.963 Y57.363 E170.64219
G1 X71.541 Y57.106 E170.66958
G1 X72.171 Y56.972 E170.69747
G1 X72.799 Y56.972 E170.72467
G1 X72.929 Y57 E170.73043
G0 F1920 X73.429 Y57.106
M204 S2000
M205 X30 Y30
G0 F3600 X73.585 Y56.628
M204 S500
M205 X10 Y10
;TYPE:WALL-OUTER
G1 F1200 X74.257 Y56.927 E170.76228
G1 X74.857 Y57.363 E170.7944
G1 X75.355 Y57.915 E170.82659
G1 X75.726 Y58.558 E170.85874
G1 X75.954 Y59.26 E170.89071
G1 X76.032 Y60 E170.92293
G1 X75.954 Y60.74 E170.95515
G1 X75.726 Y61.442 E170.98712
G1 X75.355 Y62.085 E171.01926
G1 X74.857 Y62.637 E171.05146
G1 X74.257 Y63.073 E171.08358
G1 X73.585 Y63.372 E171.11543
G1 X72.851 Y63.528 E171.14793
G1 X72.119 Y63.528 E171.17963
G1 X71.385 Y63.372 E171.21212
G1 X70.71 Y63.072 E171.24411
G1 X70.114 Y62.639 E171.27602
G1 X69.615 Y62.085 E171.3083
G1 X69.242 Y61.437 E171.34068
G1 X69.015 Y60.74 E171.37243
G1 X68.938 Y60 E171.40465
G1 X69.015 Y59.262 E171.43678
G1 X69.245 Y58.557 E171.46889
G1 X69.615 Y57.915 E171.50098
G1 X70.114 Y57.361 E171.53327
G1 X70.71 Y56.928 E171.56517
G1 X71.385 Y56.628 E171.59716
G1 X72.119 Y56.472 E171.62966
G1 X72.851 Y56.472 E171.66136
G1 X73.084 Y56.522 E171.67168
G0 F960 X73.585 Y56.628
M204 S2000
M205 X30 Y30
G0 F3600 X73.813 Y56.729
G0 X73.406 Y57.643
G1 F2700 E167.67168 ; Modi
;MESH:NONMESH
G0 F600 X73.406 Y57.643 Z2.55
G0 F3600 X70.036 Y58.224
G0 X68.793 Y57.51
G0 X52.95 Y58.224
G0 X51.515 Y58.224
G0 X48.204 Y57.649
;TIME_ELAPSED:202.731095
;LAYER:9
M204 S500
M205 X10 Y10
;TYPE:FILL
;MESH:RetractTower
G1 F2700 E171.67168
G1 F2400 X46.135 Y59.718 E171.79839
G1 X45.923 Y59.93
M204 S2000
M205 X30 Y30
G0 F3600 X46.135 Y62.076
M204 S500
M205 X10 Y10
G1 F2400 X50.562 Y57.649 E172.06952
G1 X50.774 Y57.437
M204 S2000
M205 X30 Y30
G0 F3600 X50.834 Y59.734
M204 S500
M205 X10 Y10
G1 F2400 X48.219 Y62.349 E172.22967
G1 X48.007 Y62.561
M204 S2000
M205 X30 Y30
G0 F3600 X50.577 Y62.349
M204 S500
M205 X10 Y10
G1 F2400 X50.834 Y62.091 E172.24544
M204 S2000
M205 X30 Y30
G0 F3600 X51.035 Y62.55
M204 S500
M205 X10 Y10
;TYPE:WALL-INNER
G1 F2400 X45.935 Y62.55 E172.4663
G1 X45.935 Y57.45 E172.68716
G1 X51.035 Y57.45 E172.90802
G1 X51.035 Y62.038 E173.1067
G0 F1920 X51.035 Y62.55
M204 S2000
M205 X30 Y30
G0 F3600 X51.535 Y63.05
M204 S500
M205 X10 Y10
G1 F2400 X45.435 Y63.05 E173.37087
G1 X45.435 Y56.95 E173.63503
G1 X51.535 Y56.95 E173.8992
G1 X51.535 Y62.538 E174.14119
G0 F1920 X51.535 Y63.05
M204 S2000
M205 X30 Y30
G0 F3600 X52.035 Y63.55
M204 S500
M205 X10 Y10
;TYPE:WALL-OUTER
G1 F1200 X44.935 Y63.55 E174.44866
G1 X44.935 Y56.45 E174.75613
G1 X52.035 Y56.45 E175.0636
G1 X52.035 Y63.038 E175.3489
G0 F960 X52.035 Y63.55
M204 S2000
M205 X30 Y30
G0 F3600 X51.785 Y63.55
G0 X51.035 Y62.697
G1 F2700 E171.34890 ; Modi
G0 F3600 X51.515 Y61.261
G0 X52.95 Y61.261
G0 X68.1 Y60.779
G0 X69.526 Y60.63
G0 X70.524 Y61.261
M204 S500
M205 X10 Y10
;TYPE:FILL
G1 F2700 E175.3489
G1 F2400 X73.747 Y58.038 E175.54629
G1 X73.959 Y57.826
M204 S2000
M205 X30 Y30
G0 F3600 X74.737 Y59.406
M204 S500
M205 X10 Y10
G1 F2400 X71.89 Y62.252 E175.72062
G1 X71.678 Y62.464
M204 S2000
M205 X30 Y30
G0 F3600 X70.331 Y59.097
M204 S500
M205 X10 Y10
G1 F2400 X71.571 Y57.856 E175.79659
G1 X71.783 Y57.644
M204 S2000
M205 X30 Y30
G0 F3600 X73.273 Y57.584
M204 S500
M205 X10 Y10
;TYPE:WALL-INNER
G1 F2400 X73.757 Y57.799 E175.81953
G1 X74.183 Y58.109 E175.84234
G1 X74.541 Y58.505 E175.86546
G1 X74.805 Y58.963 E175.88835
G1 X74.972 Y59.475 E175.91168
G1 X75.027 Y60 E175.93454
G1 X74.972 Y60.525 E175.9574
G1 X74.805 Y61.037 E175.98072
G1 X74.541 Y61.495 E176.00361
G1 X74.183 Y61.891 E176.02673
G1 X73.757 Y62.201 E176.04955
G1 X73.273 Y62.416 E176.07248
G1 X72.747 Y62.528 E176.09577
G1 X72.223 Y62.528 E176.11846
G1 X71.697 Y62.416 E176.14175
G1 X71.216 Y62.202 E176.16455
G1 X70.785 Y61.889 E176.18762
G1 X70.427 Y61.492 E176.21077
G1 X70.164 Y61.035 E176.2336
G1 X69.998 Y60.526 E176.25679
G1 X69.943 Y60 E176.27969
G1 X69.998 Y59.474 E176.30259
G1 X70.164 Y58.965 E176.32578
G1 X70.427 Y58.508 E176.34861
G1 X70.785 Y58.111 E176.37176
G1 X71.216 Y57.798 E176.39483
G1 X71.697 Y57.584 E176.41763
G1 X72.223 Y57.472 E176.44092
G1 X72.747 Y57.472 E176.46361
G1 X72.772 Y57.478 E176.46472
G0 F1920 X73.273 Y57.584
M204 S2000
M205 X30 Y30
G0 F3600 X73.429 Y57.106
M204 S500
M205 X10 Y10
G1 F2400 X74.007 Y57.363 E176.49212
G1 X74.52 Y57.736 E176.51958
G1 X74.948 Y58.21 E176.54724
G1 X75.266 Y58.761 E176.57479
G1 X75.463 Y59.367 E176.60239
G1 X75.53 Y60 E176.62995
G1 X75.463 Y60.633 E176.65752
G1 X75.266 Y61.239 E176.68511
G1 X74.948 Y61.79 E176.71266
G1 X74.52 Y62.264 E176.74032
G1 X74.007 Y62.637 E176.76779
G1 X73.429 Y62.894 E176.79518
G1 X72.799 Y63.028 E176.82307
G1 X72.171 Y63.028 E176.85027
G1 X71.541 Y62.894 E176.87816
G1 X70.963 Y62.637 E176.90556
G1 X70.451 Y62.265 E176.93296
G1 X70.02 Y61.787 E176.96084
G1 X69.703 Y61.237 E176.98833
G1 X69.507 Y60.634 E177.01579
G1 X69.44 Y60 E177.04339
G1 X69.507 Y59.366 E177.071
G1 X69.703 Y58.763 E177.09846
G1 X70.02 Y58.213 E177.12595
G1 X70.451 Y57.735 E177.15382
G1 X70.963 Y57.363 E177.18123
G1 X71.541 Y57.106 E177.20862
G1 X72.171 Y56.972 E177.23652
G1 X72.799 Y56.972 E177.26371
G1 X72.929 Y57 E177.26947
G0 F1920 X73.429 Y57.106
M204 S2000
M205 X30 Y30
G0 F3600 X73.585 Y56.628
M204 S500
M205 X10 Y10
;TYPE:WALL-OUTER
G1 F1200 X74.257 Y56.927 E177.30132
G1 X74.857 Y57.363 E177.33344
G1 X75.355 Y57.915 E177.36564
G1 X75.726 Y58.558 E177.39779
G1 X75.954 Y59.26 E177.42975
G1 X76.032 Y60 E177.46197
G1 X75.954 Y60.74 E177.4942
G1 X75.726 Y61.442 E177.52616
G1 X75.355 Y62.085 E177.55831
G1 X74.857 Y62.637 E177.59051
G1 X74.257 Y63.073 E177.62263
G1 X73.585 Y63.372 E177.65448
G1 X72.851 Y63.528 E177.68697
G1 X72.119 Y63.528 E177.71867
G1 X71.385 Y63.372 E177.75117
G1 X70.71 Y63.072 E177.78316
G1 X70.114 Y62.639 E177.81506
G1 X69.615 Y62.085 E177.84735
G1 X69.245 Y61.443 E177.87944
G1 X69.015 Y60.738 E177.91155
G1 X68.938 Y60 E177.94369
G1 X69.015 Y59.262 E177.97582
G1 X69.245 Y58.557 E178.00793
G1 X69.615 Y57.915 E178.04002
G1 X70.114 Y57.361 E178.07231
G1 X70.71 Y56.928 E178.10421
G1 X71.385 Y56.628 E178.1362
G1 X72.119 Y56.472 E178.1687
G1 X72.851 Y56.472 E178.2004
G1 X73.084 Y56.522 E178.21072
G0 F960 X73.585 Y56.628
M204 S2000
M205 X30 Y30
G0 F3600 X73.813 Y56.729
G0 X73.406 Y57.643
G1 F2700 E174.21072 ; Modi
;MESH:NONMESH
G0 F600 X73.406 Y57.643 Z2.8
G0 F3600 X70.036 Y58.224
G0 X68.793 Y57.51
G0 X52.95 Y58.224
G0 X51.515 Y58.224
G0 X46.135 Y57.922
;TIME_ELAPSED:210.693188
;LAYER:10
M204 S500
M205 X10 Y10
;TYPE:FILL
;MESH:RetractTower
G1 F2700 E178.21072
G1 F2400 X50.561 Y62.349 E178.48181
G1 X50.773 Y62.561
M204 S2000
M205 X30 Y30
G0 F3600 X50.835 Y60.265
M204 S500
M205 X10 Y10
G1 F2400 X48.219 Y57.649 E178.64203
G1 X48.007 Y57.437
M204 S2000
M205 X30 Y30
G0 F3600 X50.577 Y57.649
M204 S500
M205 X10 Y10
G1 F2400 X50.835 Y57.907 E178.65783
M204 S2000
M205 X30 Y30
G0 F3600 X48.204 Y62.349
M204 S500
M205 X10 Y10
G1 F2400 X46.135 Y60.28 E178.78454
G1 X45.923 Y60.068
M204 S2000
M205 X30 Y30
G0 F3600 X51.035 Y62.55
M204 S500
M205 X10 Y10
;TYPE:WALL-INNER
G1 F2400 X45.935 Y62.55 E179.0054
G1 X45.935 Y57.45 E179.22626
G1 X51.035 Y57.45 E179.44712
G1 X51.035 Y62.038 E179.6458
G0 F1920 X51.035 Y62.55
M204 S2000
M205 X30 Y30
G0 F3600 X51.535 Y63.05
M204 S500
M205 X10 Y10
G1 F2400 X45.435 Y63.05 E179.90997
G1 X45.435 Y56.95 E180.17413
G1 X51.535 Y56.95 E180.4383
G1 X51.535 Y62.538 E180.68029
G0 F1920 X51.535 Y63.05
M204 S2000
M205 X30 Y30
G0 F3600 X52.035 Y63.55
M204 S500
M205 X10 Y10
;TYPE:WALL-OUTER
G1 F1200 X44.935 Y63.55 E180.98776
G1 X44.935 Y56.45 E181.29523
G1 X52.035 Y56.45 E181.6027
G1 X52.035 Y63.038 E181.888
G0 F960 X52.035 Y63.55
M204 S2000
M205 X30 Y30
G0 F3600 X51.785 Y63.55
G0 X51.035 Y62.697
G1 F2700 E177.88800 ; Modi
G0 F3600 X51.515 Y60.899
G0 X52.95 Y60.899
G0 X68.035 Y60.149
G0 X69.46 Y60
G0 X70.329 Y60.899
M204 S500
M205 X10 Y10
;TYPE:FILL
G1 F2700 E181.888
G1 F2400 X71.572 Y62.142 E181.96413
G1 X71.784 Y62.354
M204 S2000
M205 X30 Y30
G0 F3600 X73.747 Y61.96
M204 S500
M205 X10 Y10
G1 F2400 X70.524 Y58.737 E182.16152
G1 X70.312 Y58.525
M204 S2000
M205 X30 Y30
G0 F3600 X71.892 Y57.747
M204 S500
M205 X10 Y10
G1 F2400 X74.738 Y60.593 E182.33582
G1 X74.95 Y60.805
M204 S2000
M205 X30 Y30
G0 F3600 X73.273 Y57.584
M204 S500
M205 X10 Y10
;TYPE:WALL-INNER
G1 F2400 X73.757 Y57.799 E182.35875
G1 X74.183 Y58.109 E182.38157
G1 X74.541 Y58.505 E182.40468
G1 X74.805 Y58.963 E182.42758
G1 X74.972 Y59.475 E182.4509
G1 X75.027 Y60 E182.47376
G1 X74.972 Y60.525 E182.49662
G1 X74.805 Y61.037 E182.51994
G1 X74.541 Y61.495 E182.54283
G1 X74.183 Y61.891 E182.56595
G1 X73.757 Y62.201 E182.58877
G1 X73.273 Y62.416 E182.6117
G1 X72.747 Y62.528 E182.63499
G1 X72.223 Y62.528 E182.65768
G1 X71.697 Y62.416 E182.68097
G1 X71.216 Y62.202 E182.70377
G1 X70.785 Y61.889 E182.72684
G1 X70.427 Y61.492 E182.74999
G1 X70.164 Y61.035 E182.77282
G1 X69.998 Y60.526 E182.79601
G1 X69.943 Y60 E182.81891
G1 X69.998 Y59.474 E182.84182
G1 X70.164 Y58.965 E182.865
G1 X70.427 Y58.508 E182.88784
G1 X70.785 Y58.111 E182.91099
G1 X71.216 Y57.798 E182.93405
G1 X71.697 Y57.584 E182.95685
G1 X72.223 Y57.472 E182.98014
G1 X72.747 Y57.472 E183.00283
G1 X72.772 Y57.478 E183.00395
G0 F1920 X73.273 Y57.584
M204 S2000
M205 X30 Y30
G0 F3600 X73.429 Y57.106
M204 S500
M205 X10 Y10
G1 F2400 X74.007 Y57.363 E183.03134
G1 X74.52 Y57.736 E183.05881
G1 X74.948 Y58.21 E183.08646
G1 X75.266 Y58.761 E183.11401
G1 X75.463 Y59.367 E183.14161
G1 X75.53 Y60 E183.16918
G1 X75.463 Y60.633 E183.19674
G1 X75.266 Y61.239 E183.22434
G1 X74.948 Y61.79 E183.25189
G1 X74.52 Y62.264 E183.27954
G1 X74.007 Y62.637 E183.30701
G1 X73.429 Y62.894 E183.3344
G1 X72.799 Y63.028 E183.3623
G1 X72.171 Y63.028 E183.38949
G1 X71.541 Y62.894 E183.41739
G1 X70.963 Y62.637 E183.44478
G1 X70.451 Y62.265 E183.47219
G1 X70.02 Y61.787 E183.50006
G1 X69.703 Y61.237 E183.52755
G1 X69.507 Y60.634 E183.55501
G1 X69.44 Y60 E183.58262
G1 X69.507 Y59.366 E183.61023
G1 X69.703 Y58.763 E183.63768
G1 X70.02 Y58.213 E183.66517
G1 X70.451 Y57.735 E183.69305
G1 X70.963 Y57.363 E183.72045
G1 X71.541 Y57.106 E183.74785
G1 X72.171 Y56.972 E183.77574
G1 X72.799 Y56.972 E183.80294
G1 X72.929 Y57 E183.8087
G0 F1920 X73.429 Y57.106
M204 S2000
M205 X30 Y30
G0 F3600 X73.585 Y56.628
M204 S500
M205 X10 Y10
;TYPE:WALL-OUTER
G1 F1200 X74.257 Y56.927 E183.84055
G1 X74.857 Y57.363 E183.87267
G1 X75.355 Y57.915 E183.90486
G1 X75.726 Y58.558 E183.93701
G1 X75.954 Y59.26 E183.96897
G1 X76.032 Y60 E184.0012
G1 X75.954 Y60.74 E184.03342
G1 X75.726 Y61.442 E184.06539
G1 X75.355 Y62.085 E184.09753
G1 X74.857 Y62.637 E184.12973
G1 X74.257 Y63.073 E184.16185
G1 X73.585 Y63.372 E184.1937
G1 X72.851 Y63.528 E184.2262
G1 X72.119 Y63.528 E184.2579
G1 X71.385 Y63.372 E184.29039
G1 X70.71 Y63.072 E184.32238
G1 X70.114 Y62.639 E184.35428
G1 X69.615 Y62.085 E184.38657
G1 X69.245 Y61.443 E184.41866
G1 X69.015 Y60.738 E184.45078
G1 X68.938 Y60 E184.48291
G1 X69.015 Y59.262 E184.51504
G1 X69.245 Y58.557 E184.54716
G1 X69.615 Y57.915 E184.57925
G1 X70.114 Y57.361 E184.61153
G1 X70.71 Y56.928 E184.64344
G1 X71.385 Y56.628 E184.67543
G1 X72.119 Y56.472 E184.70792
G1 X72.851 Y56.472 E184.73962
G1 X73.084 Y56.522 E184.74994
G0 F960 X73.585 Y56.628
M204 S2000
M205 X30 Y30
G0 F3600 X73.813 Y56.729
G0 X73.406 Y57.643
G1 F2700 E180.74994 ; Modi
;MESH:NONMESH
G0 F600 X73.406 Y57.643 Z3.05
G0 F3600 X70.036 Y58.224
G0 X68.793 Y57.51
G0 X52.95 Y58.224
G0 X51.515 Y58.224
G0 X48.204 Y57.649
;TIME_ELAPSED:218.828303
;LAYER:11
M204 S500
M205 X10 Y10
;TYPE:FILL
;MESH:RetractTower
G1 F2700 E184.74994
G1 F2400 X46.135 Y59.718 E184.87665
G1 X45.923 Y59.93
M204 S2000
M205 X30 Y30
G0 F3600 X46.135 Y62.076
M204 S500
M205 X10 Y10
G1 F2400 X50.562 Y57.649 E185.14778
G1 X50.774 Y57.437
M204 S2000
M205 X30 Y30
G0 F3600 X50.834 Y59.734
M204 S500
M205 X10 Y10
G1 F2400 X48.219 Y62.349 E185.30793
G1 X48.007 Y62.561
M204 S2000
M205 X30 Y30
G0 F3600 X50.577 Y62.349
M204 S500
M205 X10 Y10
G1 F2400 X50.834 Y62.091 E185.3237
M204 S2000
M205 X30 Y30
G0 F3600 X51.035 Y62.55
M204 S500
M205 X10 Y10
;TYPE:WALL-INNER
G1 F2400 X45.935 Y62.55 E185.54456
G1 X45.935 Y57.45 E185.76542
G1 X51.035 Y57.45 E185.98628
G1 X51.035 Y62.038 E186.18497
G0 F1920 X51.035 Y62.55
M204 S2000
M205 X30 Y30
G0 F3600 X51.535 Y63.05
M204 S500
M205 X10 Y10
G1 F2400 X45.435 Y63.05 E186.44913
G1 X45.435 Y56.95 E186.7133
G1 X51.535 Y56.95 E186.97746
G1 X51.535 Y62.538 E187.21945
G0 F1920 X51.535 Y63.05
M204 S2000
M205 X30 Y30
G0 F3600 X52.035 Y63.55
M204 S500
M205 X10 Y10
;TYPE:WALL-OUTER
G1 F1200 X44.935 Y63.55 E187.52692
G1 X44.935 Y56.45 E187.8344
G1 X52.035 Y56.45 E188.14187
G1 X52.035 Y63.038 E188.42716
G0 F960 X52.035 Y63.55
M204 S2000
M205 X30 Y30
G0 F3600 X51.785 Y63.55
G0 X51.035 Y62.697
G1 F2700 E184.42716 ; Modi
G0 F3600 X51.515 Y61.261
G0 X52.95 Y61.261
G0 X68.1 Y60.779
G0 X69.526 Y60.63
G0 X70.524 Y61.261
M204 S500
M205 X10 Y10
;TYPE:FILL
G1 F2700 E188.42716
G1 F2400 X73.747 Y58.038 E188.62455
G1 X73.959 Y57.826
M204 S2000
M205 X30 Y30
G0 F3600 X74.737 Y59.406
M204 S500
M205 X10 Y10
G1 F2400 X71.89 Y62.252 E188.79888
G1 X71.678 Y62.464
M204 S2000
M205 X30 Y30
G0 F3600 X70.331 Y59.097
M204 S500
M205 X10 Y10
G1 F2400 X71.571 Y57.856 E188.87485
G1 X71.783 Y57.644
M204 S2000
M205 X30 Y30
G0 F3600 X73.273 Y57.584
M204 S500
M205 X10 Y10
;TYPE:WALL-INNER
G1 F2400 X73.757 Y57.799 E188.89779
G1 X74.183 Y58.109 E188.92061
G1 X74.541 Y58.505 E188.94372
G1 X74.805 Y58.963 E188.96662
G1 X74.972 Y59.475 E188.98994
G1 X75.027 Y60 E189.0128
G1 X74.972 Y60.525 E189.03566
G1 X74.805 Y61.037 E189.05898
G1 X74.541 Y61.495 E189.08187
G1 X74.183 Y61.891 E189.10499
G1 X73.757 Y62.201 E189.12781
G1 X73.273 Y62.416 E189.15074
G1 X72.747 Y62.528 E189.17403
G1 X72.223 Y62.528 E189.19672
G1 X71.697 Y62.416 E189.22001
G1 X71.216 Y62.202 E189.24281
G1 X70.785 Y61.889 E189.26588
G1 X70.427 Y61.492 E189.28903
G1 X70.164 Y61.035 E189.31186
G1 X69.998 Y60.526 E189.33505
G1 X69.943 Y60 E189.35795
G1 X69.998 Y59.474 E189.38086
G1 X70.164 Y58.965 E189.40404
G1 X70.427 Y58.508 E189.42687
G1 X70.785 Y58.111 E189.45002
G1 X71.216 Y57.798 E189.47309
G1 X71.697 Y57.584 E189.49589
G1 X72.223 Y57.472 E189.51918
G1 X72.747 Y57.472 E189.54187
G1 X72.772 Y57.478 E189.54299
G0 F1920 X73.273 Y57.584
M204 S2000
M205 X30 Y30
G0 F3600 X73.429 Y57.106
M204 S500
M205 X10 Y10
G1 F2400 X74.007 Y57.363 E189.57038
G1 X74.52 Y57.736 E189.59785
G1 X74.948 Y58.21 E189.6255
G1 X75.266 Y58.761 E189.65305
G1 X75.463 Y59.367 E189.68065
G1 X75.53 Y60 E189.70821
G1 X75.463 Y60.633 E189.73578
G1 X75.266 Y61.239 E189.76338
G1 X74.948 Y61.79 E189.79093
G1 X74.52 Y62.264 E189.81858
G1 X74.007 Y62.637 E189.84605
G1 X73.429 Y62.894 E189.87344
G1 X72.799 Y63.028 E189.90134
G1 X72.171 Y63.028 E189.92853
G1 X71.541 Y62.894 E189.95643
G1 X70.963 Y62.637 E189.98382
G1 X70.451 Y62.265 E190.01123
G1 X70.02 Y61.787 E190.0391
G1 X69.703 Y61.237 E190.06659
G1 X69.507 Y60.634 E190.09405
G1 X69.44 Y60 E190.12166
G1 X69.507 Y59.366 E190.14926
G1 X69.703 Y58.763 E190.17672
G1 X70.02 Y58.213 E190.20421
G1 X70.451 Y57.735 E190.23209
G1 X70.963 Y57.363 E190.25949
G1 X71.541 Y57.106 E190.28689
G1 X72.171 Y56.972 E190.31478
G1 X72.799 Y56.972 E190.34198
G1 X72.929 Y57 E190.34773
G0 F1920 X73.429 Y57.106
M204 S2000
M205 X30 Y30
G0 F3600 X73.585 Y56.628
M204 S500
M205 X10 Y10
;TYPE:WALL-OUTER
G1 F1200 X74.257 Y56.927 E190.37959
G1 X74.857 Y57.363 E190.41171
G1 X75.355 Y57.915 E190.4439
G1 X75.726 Y58.558 E190.47605
G1 X75.954 Y59.26 E190.50801
G1 X76.032 Y60 E190.54024
G1 X75.954 Y60.74 E190.57246
G1 X75.726 Y61.442 E190.60442
G1 X75.355 Y62.085 E190.63657
G1 X74.857 Y62.637 E190.66877
G1 X74.257 Y63.073 E190.70089
G1 X73.585 Y63.372 E190.73274
G1 X72.851 Y63.528 E190.76524
G1 X72.119 Y63.528 E190.79694
G1 X71.385 Y63.372 E190.82943
G1 X70.71 Y63.072 E190.86142
G1 X70.114 Y62.639 E190.89332
G1 X69.615 Y62.085 E190.92561
G1 X69.245 Y61.443 E190.9577
G1 X69.015 Y60.738 E190.98982
G1 X68.938 Y60 E191.02195
G1 X69.015 Y59.262 E191.05408
G1 X69.245 Y58.557 E191.0862
G1 X69.615 Y57.915 E191.11828
G1 X70.114 Y57.361 E191.15057
G1 X70.71 Y56.928 E191.18248
G1 X71.385 Y56.628 E191.21446
G1 X72.119 Y56.472 E191.24696
G1 X72.851 Y56.472 E191.27866
G1 X73.084 Y56.522 E191.28898
G0 F960 X73.585 Y56.628
M204 S2000
M205 X30 Y30
G0 F3600 X73.813 Y56.729
G0 X73.406 Y57.643
G1 F2700 E187.28898 ; Modi
;MESH:NONMESH
G0 F600 X73.406 Y57.643 Z3.3
G0 F3600 X70.036 Y58.224
G0 X68.793 Y57.51
G0 X52.95 Y58.224
G0 X51.515 Y58.224
G0 X46.135 Y57.922
;TIME_ELAPSED:226.790397
;LAYER:12
M204 S500
M205 X10 Y10
;TYPE:FILL
;MESH:RetractTower
G1 F2700 E191.28898
G1 F2400 X50.561 Y62.349 E191.56008
G1 X50.773 Y62.561
M204 S2000
M205 X30 Y30
G0 F3600 X50.835 Y60.265
M204 S500
M205 X10 Y10
G1 F2400 X48.219 Y57.649 E191.72029
G1 X48.007 Y57.437
M204 S2000
M205 X30 Y30
G0 F3600 X50.577 Y57.649
M204 S500
M205 X10 Y10
G1 F2400 X50.835 Y57.907 E191.73609
M204 S2000
M205 X30 Y30
G0 F3600 X48.204 Y62.349
M204 S500
M205 X10 Y10
G1 F2400 X46.135 Y60.28 E191.8628
G1 X45.923 Y60.068
M204 S2000
M205 X30 Y30
G0 F3600 X51.035 Y62.55
M204 S500
M205 X10 Y10
;TYPE:WALL-INNER
G1 F2400 X45.935 Y62.55 E192.08366
G1 X45.935 Y57.45 E192.30452
G1 X51.035 Y57.45 E192.52538
G1 X51.035 Y62.038 E192.72407
G0 F1920 X51.035 Y62.55
M204 S2000
M205 X30 Y30
G0 F3600 X51.535 Y63.05
M204 S500
M205 X10 Y10
G1 F2400 X45.435 Y63.05 E192.98823
G1 X45.435 Y56.95 E193.2524
G1 X51.535 Y56.95 E193.51656
G1 X51.535 Y62.538 E193.75855
G0 F1920 X51.535 Y63.05
M204 S2000
M205 X30 Y30
G0 F3600 X52.035 Y63.55
M204 S500
M205 X10 Y10
;TYPE:WALL-OUTER
G1 F1200 X44.935 Y63.55 E194.06602
G1 X44.935 Y56.45 E194.3735
G1 X52.035 Y56.45 E194.68097
G1 X52.035 Y63.038 E194.96626
G0 F960 X52.035 Y63.55
M204 S2000
M205 X30 Y30
G0 F3600 X51.785 Y63.55
G0 X51.035 Y62.697
G1 F2700 E190.96626 ; Modi
G0 F3600 X51.515 Y60.899
G0 X52.95 Y60.899
G0 X68.035 Y60.149
G0 X69.46 Y60
G0 X70.329 Y60.899
M204 S500
M205 X10 Y10
;TYPE:FILL
G1 F2700 E194.96626
G1 F2400 X71.572 Y62.142 E195.04239
G1 X71.784 Y62.354
M204 S2000
M205 X30 Y30
G0 F3600 X73.747 Y61.96
M204 S500
M205 X10 Y10
G1 F2400 X70.524 Y58.737 E195.23978
G1 X70.312 Y58.525
M204 S2000
M205 X30 Y30
G0 F3600 X71.892 Y57.747
M204 S500
M205 X10 Y10
G1 F2400 X74.738 Y60.593 E195.41408
G1 X74.95 Y60.805
M204 S2000
M205 X30 Y30
G0 F3600 X73.273 Y57.584
M204 S500
M205 X10 Y10
;TYPE:WALL-INNER
G1 F2400 X73.757 Y57.799 E195.43701
G1 X74.183 Y58.109 E195.45983
G1 X74.541 Y58.505 E195.48295
G1 X74.805 Y58.963 E195.50584
G1 X74.972 Y59.475 E195.52916
G1 X75.027 Y60 E195.55202
G1 X74.972 Y60.525 E195.57488
G1 X74.805 Y61.037 E195.5982
G1 X74.541 Y61.495 E195.6211
G1 X74.183 Y61.891 E195.64421
G1 X73.757 Y62.201 E195.66703
G1 X73.273 Y62.416 E195.68997
G1 X72.747 Y62.528 E195.71326
G1 X72.223 Y62.528 E195.73595
G1 X71.697 Y62.416 E195.75924
G1 X71.216 Y62.202 E195.78204
G1 X70.785 Y61.889 E195.8051
G1 X70.427 Y61.492 E195.82825
G1 X70.164 Y61.035 E195.85109
G1 X69.998 Y60.526 E195.87427
G1 X69.943 Y60 E195.89718
G1 X69.998 Y59.474 E195.92008
G1 X70.164 Y58.965 E195.94326
G1 X70.427 Y58.508 E195.9661
G1 X70.785 Y58.111 E195.98925
G1 X71.216 Y57.798 E196.01232
G1 X71.697 Y57.584 E196.03511
G1 X72.223 Y57.472 E196.0584
G1 X72.747 Y57.472 E196.0811
G1 X72.772 Y57.478 E196.08221
G0 F1920 X73.273 Y57.584
M204 S2000
M205 X30 Y30
G0 F3600 X73.429 Y57.106
M204 S500
M205 X10 Y10
G1 F2400 X74.007 Y57.363 E196.1096
G1 X74.52 Y57.736 E196.13707
G1 X74.948 Y58.21 E196.16473
G1 X75.266 Y58.761 E196.19228
G1 X75.463 Y59.367 E196.21987
G1 X75.53 Y60 E196.24744
G1 X75.463 Y60.633 E196.275
G1 X75.266 Y61.239 E196.3026
G1 X74.948 Y61.79 E196.33015
G1 X74.52 Y62.264 E196.35781
G1 X74.007 Y62.637 E196.38527
G1 X73.429 Y62.894 E196.41267
G1 X72.799 Y63.028 E196.44056
G1 X72.171 Y63.028 E196.46776
G1 X71.541 Y62.894 E196.49565
G1 X70.963 Y62.637 E196.52304
G1 X70.451 Y62.265 E196.55045
G1 X70.02 Y61.787 E196.57832
G1 X69.703 Y61.237 E196.60581
G1 X69.507 Y60.634 E196.63327
G1 X69.44 Y60 E196.66088
G1 X69.507 Y59.366 E196.68849
G1 X69.703 Y58.763 E196.71595
G1 X70.02 Y58.213 E196.74344
G1 X70.451 Y57.735 E196.77131
G1 X70.963 Y57.363 E196.79872
G1 X71.541 Y57.106 E196.82611
G1 X72.171 Y56.972 E196.854
G1 X72.799 Y56.972 E196.8812
G1 X72.929 Y57 E196.88696
G0 F1920 X73.429 Y57.106
M204 S2000
M205 X30 Y30
G0 F3600 X73.585 Y56.628
M204 S500
M205 X10 Y10
;TYPE:WALL-OUTER
G1 F1200 X74.257 Y56.927 E196.91881
G1 X74.857 Y57.363 E196.95093
G1 X75.355 Y57.915 E196.98312
G1 X75.726 Y58.558 E197.01527
G1 X75.954 Y59.26 E197.04724
G1 X76.032 Y60 E197.07946
G1 X75.954 Y60.74 E197.11168
G1 X75.726 Y61.442 E197.14365
G1 X75.355 Y62.085 E197.1758
G1 X74.857 Y62.637 E197.20799
G1 X74.257 Y63.073 E197.24011
G1 X73.585 Y63.372 E197.27196
G1 X72.851 Y63.528 E197.30446
G1 X72.119 Y63.528 E197.33616
G1 X71.385 Y63.372 E197.36866
G1 X70.71 Y63.072 E197.40064
G1 X70.114 Y62.639 E197.43255
G1 X69.615 Y62.085 E197.46484
G1 X69.245 Y61.443 E197.49692
G1 X69.015 Y60.738 E197.52904
G1 X68.938 Y60 E197.56117
G1 X69.015 Y59.262 E197.5933
G1 X69.245 Y58.557 E197.62542
G1 X69.615 Y57.915 E197.65751
G1 X70.114 Y57.361 E197.6898
G1 X70.71 Y56.928 E197.7217
G1 X71.385 Y56.628 E197.75369
G1 X72.119 Y56.472 E197.78618
G1 X72.851 Y56.472 E197.81788
G1 X73.084 Y56.522 E197.8282
G0 F960 X73.585 Y56.628
M204 S2000
M205 X30 Y30
G0 F3600 X73.813 Y56.729
G0 X73.406 Y57.643
G1 F2700 E193.82820 ; Modi
;MESH:NONMESH
G0 F600 X73.406 Y57.643 Z3.55
G0 F3600 X70.036 Y58.224
G0 X68.793 Y57.51
G0 X52.95 Y58.224
G0 X51.515 Y58.224
G0 X48.054 Y57.799
;TIME_ELAPSED:234.927619
;LAYER:13
M204 S500
M205 X10 Y10
;TYPE:FILL
;MESH:RetractTower
G1 F2700 E197.8282
G1 F2400 X46.135 Y59.718 E197.94573
G1 X45.923 Y59.93
M204 S2000
M205 X30 Y30
G0 F3600 X46.135 Y62.076
M204 S500
M205 X10 Y10
G1 F2400 X50.411 Y57.799 E198.20764
G1 X50.623 Y57.587
M204 S2000
M205 X30 Y30
G0 F3600 X50.834 Y59.734
M204 S500
M205 X10 Y10
G1 F2400 X48.219 Y62.349 E198.36779
G1 X48.007 Y62.561
M204 S2000
M205 X30 Y30
G0 F3600 X50.577 Y62.349
M204 S500
M205 X10 Y10
G1 F2400 X50.834 Y62.091 E198.38356
M204 S2000
M205 X30 Y30
G0 F3600 X46.96 Y57.6
M204 S500
M205 X10 Y10
;TYPE:WALL-INNER
G1 F2400 X50.466 Y57.6 E198.53539
G1 X50.466 Y57.45 E198.54189
G1 X51.035 Y57.45 E198.56653
G1 X51.035 Y62.55 E198.78739
G1 X45.935 Y62.55 E199.00825
G1 X45.935 Y57.45 E199.22911
G1 X46.598 Y57.45 E199.25782
G0 F1920 X46.96 Y57.45
G0 X46.96 Y57.6
M204 S2000
M205 X30 Y30
G0 F3600 X47.46 Y57.1
M204 S500
M205 X10 Y10
G1 F2400 X49.966 Y57.1 E199.36634
G1 X49.966 Y56.95 E199.37284
G1 X51.535 Y56.95 E199.44078
G1 X51.535 Y63.05 E199.70495
G1 X45.435 Y63.05 E199.96911
G1 X45.435 Y56.95 E200.23328
G1 X47.098 Y56.95 E200.3053
G0 F1920 X47.46 Y56.95
G0 X47.46 Y57.1
M204 S2000
M205 X30 Y30
G0 F3600 X47.96 Y56.6
M204 S500
M205 X10 Y10
;TYPE:WALL-OUTER
G1 F1200 X49.466 Y56.6 E200.37051
G1 X49.466 Y56.45 E200.37701
G1 X52.035 Y56.45 E200.48826
G1 X52.035 Y63.55 E200.79573
G1 X44.935 Y63.55 E201.1032
G1 X44.935 Y56.45 E201.41067
G1 X47.598 Y56.45 E201.526
G0 F960 X47.96 Y56.45
G0 X47.96 Y56.6
M204 S2000
M205 X30 Y30
G0 F3600 X48.21 Y56.6
G0 X48.21 Y57.6
G1 F2700 E197.52600 ; Modi
G0 F3600 X51.515 Y59.097
G0 X52.95 Y59.097
G0 X68.034 Y59.852
G0 X69.46 Y60
G0 X70.331 Y59.097
M204 S500
M205 X10 Y10
;TYPE:FILL
G1 F2700 E201.526
G1 F2400 X71.571 Y57.856 E201.60197
G1 X71.783 Y57.644
M204 S2000
M205 X30 Y30
G0 F3600 X73.747 Y58.038
M204 S500
M205 X10 Y10
G1 F2400 X70.524 Y61.261 E201.79936
G1 X70.312 Y61.473
M204 S2000
M205 X30 Y30
G0 F3600 X71.89 Y62.252
M204 S500
M205 X10 Y10
G1 F2400 X74.737 Y59.406 E201.97369
G1 X74.949 Y59.194
M204 S2000
M205 X30 Y30
G0 F3600 X73.273 Y57.584
M204 S500
M205 X10 Y10
;TYPE:WALL-INNER
G1 F2400 X73.757 Y57.799 E201.99662
G1 X74.183 Y58.109 E202.01944
G1 X74.541 Y58.505 E202.04256
G1 X74.805 Y58.963 E202.06545
G1 X74.972 Y59.475 E202.08877
G1 X75.027 Y60 E202.11163
G1 X74.972 Y60.525 E202.13449
G1 X74.805 Y61.037 E202.15781
G1 X74.541 Y61.495 E202.18071
G1 X74.183 Y61.891 E202.20383
G1 X73.757 Y62.201 E202.22664
G1 X73.273 Y62.416 E202.24958
G1 X72.747 Y62.528 E202.27287
G1 X72.223 Y62.528 E202.29556
G1 X71.697 Y62.416 E202.31885
G1 X71.216 Y62.202 E202.34165
G1 X70.785 Y61.889 E202.36471
G1 X70.427 Y61.492 E202.38786
G1 X70.164 Y61.035 E202.4107
G1 X69.998 Y60.526 E202.43388
G1 X69.943 Y60 E202.45679
G1 X69.998 Y59.474 E202.47969
G1 X70.164 Y58.965 E202.50287
G1 X70.427 Y58.508 E202.52571
G1 X70.785 Y58.111 E202.54886
G1 X71.216 Y57.798 E202.57193
G1 X71.697 Y57.584 E202.59472
G1 X72.223 Y57.472 E202.61801
G1 X72.747 Y57.472 E202.64071
G1 X72.772 Y57.478 E202.64182
G0 F1920 X73.273 Y57.584
M204 S2000
M205 X30 Y30
G0 F3600 X73.429 Y57.106
M204 S500
M205 X10 Y10
G1 F2400 X74.007 Y57.363 E202.66921
G1 X74.52 Y57.736 E202.69668
G1 X74.948 Y58.21 E202.72434
G1 X75.266 Y58.761 E202.75189
G1 X75.463 Y59.367 E202.77948
G1 X75.53 Y60 E202.80705
G1 X75.463 Y60.633 E202.83461
G1 X75.266 Y61.239 E202.86221
G1 X74.948 Y61.79 E202.88976
G1 X74.52 Y62.264 E202.91742
G1 X74.007 Y62.637 E202.94488
G1 X73.429 Y62.894 E202.97228
G1 X72.799 Y63.028 E203.00017
G1 X72.171 Y63.028 E203.02737
G1 X71.541 Y62.894 E203.05526
G1 X70.963 Y62.637 E203.08265
G1 X70.451 Y62.265 E203.11006
G1 X70.02 Y61.787 E203.13793
G1 X69.703 Y61.237 E203.16542
G1 X69.507 Y60.634 E203.19288
G1 X69.44 Y60 E203.22049
G1 X69.507 Y59.366 E203.2481
G1 X69.703 Y58.763 E203.27556
G1 X70.02 Y58.213 E203.30305
G1 X70.451 Y57.735 E203.33092
G1 X70.963 Y57.363 E203.35833
G1 X71.541 Y57.106 E203.38572
G1 X72.171 Y56.972 E203.41361
G1 X72.799 Y56.972 E203.44081
G1 X72.929 Y57 E203.44657
G0 F1920 X73.429 Y57.106
M204 S2000
M205 X30 Y30
G0 F3600 X73.585 Y56.628
M204 S500
M205 X10 Y10
;TYPE:WALL-OUTER
G1 F1200 X74.257 Y56.927 E203.47842
G1 X74.857 Y57.363 E203.51054
G1 X75.355 Y57.915 E203.54274
G1 X75.726 Y58.558 E203.57488
G1 X75.954 Y59.26 E203.60685
G1 X76.032 Y60 E203.63907
G1 X75.954 Y60.74 E203.6713
G1 X75.726 Y61.442 E203.70326
G1 X75.355 Y62.085 E203.73541
G1 X74.857 Y62.637 E203.7676
G1 X74.257 Y63.073 E203.79972
G1 X73.585 Y63.372 E203.83157
G1 X72.851 Y63.528 E203.86407
G1 X72.119 Y63.528 E203.89577
G1 X71.385 Y63.372 E203.92827
G1 X70.71 Y63.072 E203.96025
G1 X70.114 Y62.639 E203.99216
G1 X69.615 Y62.085 E204.02445
G1 X69.245 Y61.443 E204.05654
G1 X69.015 Y60.738 E204.08865
G1 X68.938 Y60 E204.12078
G1 X69.015 Y59.262 E204.15292
G1 X69.245 Y58.557 E204.18503
G1 X69.615 Y57.915 E204.21712
G1 X70.114 Y57.361 E204.24941
G1 X70.71 Y56.928 E204.28131
G1 X71.385 Y56.628 E204.3133
G1 X72.119 Y56.472 E204.3458
G1 X72.851 Y56.472 E204.37749
G1 X73.084 Y56.522 E204.38781
G0 F960 X73.585 Y56.628
M204 S2000
M205 X30 Y30
G0 F3600 X73.813 Y56.729
G0 X73.406 Y57.643
G1 F2700 E200.38781 ; Modi
;MESH:NONMESH
G0 F600 X73.406 Y57.643 Z3.8
G0 F3600 X70.036 Y58.224
G0 X68.793 Y57.51
G0 X52.95 Y58.224
G0 X51.515 Y58.224
G0 X46.135 Y57.922
;TIME_ELAPSED:243.350595
;LAYER:14
M204 S500
M205 X10 Y10
;TYPE:FILL
;MESH:RetractTower
G1 F2700 E204.38781
G1 F2400 X50.561 Y62.349 E204.65891
G1 X50.773 Y62.561
M204 S2000
M205 X30 Y30
G0 F3600 X50.835 Y60.265
M204 S500
M205 X10 Y10
G1 F2400 X48.369 Y57.799 E204.80994
G1 X48.157 Y57.587
M204 S2000
M205 X30 Y30
G0 F3600 X50.665 Y57.738
M204 S500
M205 X10 Y10
G1 F2400 X50.835 Y57.907 E204.82032
M204 S2000
M205 X30 Y30
G0 F3600 X48.204 Y62.349
M204 S500
M205 X10 Y10
G1 F2400 X46.135 Y60.28 E204.94703
G1 X45.923 Y60.068
M204 S2000
M205 X30 Y30
G0 F3600 X46.96 Y57.6
M204 S500
M205 X10 Y10
;TYPE:WALL-INNER
G1 F2400 X50.466 Y57.6 E205.09886
G1 X50.466 Y57.45 E205.10536
G1 X51.035 Y57.45 E205.13
G1 X51.035 Y62.55 E205.35086
G1 X45.935 Y62.55 E205.57171
G1 X45.935 Y57.45 E205.79257
G1 X46.598 Y57.45 E205.82129
G0 F1920 X46.96 Y57.45
G0 X46.96 Y57.6
M204 S2000
M205 X30 Y30
G0 F3600 X47.46 Y57.1
M204 S500
M205 X10 Y10
G1 F2400 X49.966 Y57.1 E205.92981
G1 X49.966 Y56.95 E205.93631
G1 X51.535 Y56.95 E206.00425
G1 X51.535 Y63.05 E206.26842
G1 X45.435 Y63.05 E206.53258
G1 X45.435 Y56.95 E206.79675
G1 X47.098 Y56.95 E206.86877
G0 F1920 X47.46 Y56.95
G0 X47.46 Y57.1
M204 S2000
M205 X30 Y30
G0 F3600 X47.96 Y56.6
M204 S500
M205 X10 Y10
;TYPE:WALL-OUTER
G1 F1200 X49.466 Y56.6 E206.93398
G1 X49.466 Y56.45 E206.94048
G1 X52.035 Y56.45 E207.05173
G1 X52.035 Y63.55 E207.3592
G1 X44.935 Y63.55 E207.66667
G1 X44.935 Y56.45 E207.97414
G1 X47.598 Y56.45 E208.08947
G0 F960 X47.96 Y56.45
G0 X47.96 Y56.6
M204 S2000
M205 X30 Y30
G0 F3600 X48.21 Y56.6
G0 X48.21 Y57.6
G1 F2700 E204.08947 ; Modi
G0 F3600 X51.515 Y58.737
G0 X52.95 Y58.737
G0 X68.099 Y59.222
G0 X69.526 Y59.37
G0 X70.524 Y58.737
M204 S500
M205 X10 Y10
;TYPE:FILL
G1 F2700 E208.08947
G1 F2400 X73.747 Y61.96 E208.28686
G1 X73.959 Y62.172
M204 S2000
M205 X30 Y30
G0 F3600 X74.738 Y60.593
M204 S500
M205 X10 Y10
G1 F2400 X71.892 Y57.747 E208.46115
G1 X71.68 Y57.535
M204 S2000
M205 X30 Y30
G0 F3600 X70.329 Y60.899
M204 S500
M205 X10 Y10
G1 F2400 X71.572 Y62.142 E208.53728
G1 X71.784 Y62.354
M204 S2000
M205 X30 Y30
G0 F3600 X73.273 Y57.584
M204 S500
M205 X10 Y10
;TYPE:WALL-INNER
G1 F2400 X73.757 Y57.799 E208.56021
G1 X74.183 Y58.109 E208.58303
G1 X74.541 Y58.505 E208.60615
G1 X74.805 Y58.963 E208.62904
G1 X74.972 Y59.475 E208.65236
G1 X75.027 Y60 E208.67522
G1 X74.972 Y60.525 E208.69808
G1 X74.805 Y61.037 E208.72141
G1 X74.541 Y61.495 E208.7443
G1 X74.183 Y61.891 E208.76742
G1 X73.757 Y62.201 E208.79023
G1 X73.273 Y62.416 E208.81317
G1 X72.747 Y62.528 E208.83646
G1 X72.223 Y62.528 E208.85915
G1 X71.697 Y62.416 E208.88244
G1 X71.216 Y62.202 E208.90524
G1 X70.785 Y61.889 E208.92831
G1 X70.427 Y61.492 E208.95146
G1 X70.164 Y61.035 E208.97429
G1 X69.998 Y60.526 E208.99747
G1 X69.943 Y60 E209.02038
G1 X69.998 Y59.474 E209.04328
G1 X70.164 Y58.965 E209.06647
G1 X70.427 Y58.508 E209.0893
G1 X70.785 Y58.111 E209.11245
G1 X71.216 Y57.798 E209.13552
G1 X71.697 Y57.584 E209.15832
G1 X72.223 Y57.472 E209.18161
G1 X72.747 Y57.472 E209.2043
G1 X72.772 Y57.478 E209.20541
G0 F1920 X73.273 Y57.584
M204 S2000
M205 X30 Y30
G0 F3600 X73.429 Y57.106
M204 S500
M205 X10 Y10
G1 F2400 X74.007 Y57.363 E209.2328
G1 X74.52 Y57.736 E209.26027
G1 X74.948 Y58.21 E209.28793
G1 X75.266 Y58.761 E209.31548
G1 X75.463 Y59.367 E209.34307
G1 X75.53 Y60 E209.37064
G1 X75.463 Y60.633 E209.39821
G1 X75.266 Y61.239 E209.4258
G1 X74.948 Y61.79 E209.45335
G1 X74.52 Y62.264 E209.48101
G1 X74.007 Y62.637 E209.50848
G1 X73.429 Y62.894 E209.53587
G1 X72.799 Y63.028 E209.56376
G1 X72.171 Y63.028 E209.59096
G1 X71.541 Y62.894 E209.61885
G1 X70.963 Y62.637 E209.64624
G1 X70.451 Y62.265 E209.67365
G1 X70.02 Y61.787 E209.70152
G1 X69.703 Y61.237 E209.72901
G1 X69.507 Y60.634 E209.75647
G1 X69.44 Y60 E209.78408
G1 X69.507 Y59.366 E209.81169
G1 X69.703 Y58.763 E209.83915
G1 X70.02 Y58.213 E209.86664
G1 X70.451 Y57.735 E209.89451
G1 X70.963 Y57.363 E209.92192
G1 X71.541 Y57.106 E209.94931
G1 X72.171 Y56.972 E209.97721
G1 X72.799 Y56.972 E210.0044
G1 X72.929 Y57 E210.01016
G0 F1920 X73.429 Y57.106
M204 S2000
M205 X30 Y30
G0 F3600 X73.585 Y56.628
M204 S500
M205 X10 Y10
;TYPE:WALL-OUTER
G1 F1200 X74.257 Y56.927 E210.04201
G1 X74.857 Y57.363 E210.07413
G1 X75.355 Y57.915 E210.10633
G1 X75.726 Y58.558 E210.13848
G1 X75.954 Y59.26 E210.17044
G1 X76.032 Y60 E210.20266
G1 X75.954 Y60.74 E210.23489
G1 X75.726 Y61.442 E210.26685
G1 X75.355 Y62.085 E210.299
G1 X74.857 Y62.637 E210.33119
G1 X74.257 Y63.073 E210.36331
G1 X73.585 Y63.372 E210.39517
G1 X72.851 Y63.528 E210.42766
G1 X72.119 Y63.528 E210.45936
G1 X71.385 Y63.372 E210.49186
G1 X70.71 Y63.072 E210.52385
G1 X70.114 Y62.639 E210.55575
G1 X69.615 Y62.085 E210.58804
G1 X69.245 Y61.443 E210.62013
G1 X69.015 Y60.738 E210.65224
G1 X68.938 Y60 E210.68437
G1 X69.015 Y59.262 E210.71651
G1 X69.245 Y58.557 E210.74862
G1 X69.615 Y57.915 E210.78071
G1 X70.114 Y57.361 E210.813
G1 X70.71 Y56.928 E210.8449
G1 X71.385 Y56.628 E210.87689
G1 X72.119 Y56.472 E210.90939
G1 X72.851 Y56.472 E210.94109
G1 X73.084 Y56.522 E210.95141
G0 F960 X73.585 Y56.628
M204 S2000
M205 X30 Y30
G0 F3600 X73.813 Y56.729
G0 X73.406 Y57.643
G1 F2700 E206.95141 ; Modi
;MESH:NONMESH
G0 F600 X73.406 Y57.643 Z4.05
G0 F3600 X70.036 Y58.224
G0 X68.793 Y57.51
G0 X52.95 Y58.224
G0 X51.515 Y58.224
G0 X48.054 Y57.799
;TIME_ELAPSED:251.808403
;LAYER:15
M204 S500
M205 X10 Y10
;TYPE:FILL
;MESH:RetractTower
G1 F2700 E210.95141
G1 F2400 X46.135 Y59.718 E211.06893
G1 X45.923 Y59.93
M204 S2000
M205 X30 Y30
G0 F3600 X46.135 Y62.076
M204 S500
M205 X10 Y10
G1 F2400 X50.411 Y57.799 E211.33084
G1 X50.623 Y57.587
M204 S2000
M205 X30 Y30
G0 F3600 X50.834 Y59.734
M204 S500
M205 X10 Y10
G1 F2400 X48.219 Y62.349 E211.49099
G1 X48.007 Y62.561
M204 S2000
M205 X30 Y30
G0 F3600 X50.577 Y62.349
M204 S500
M205 X10 Y10
G1 F2400 X50.834 Y62.091 E211.50676
M204 S2000
M205 X30 Y30
G0 F3600 X46.96 Y57.6
M204 S500
M205 X10 Y10
;TYPE:WALL-INNER
G1 F2400 X50.466 Y57.6 E211.65859
G1 X50.466 Y57.45 E211.66509
G1 X51.035 Y57.45 E211.68973
G1 X51.035 Y62.55 E211.91059
G1 X45.935 Y62.55 E212.13145
G1 X45.935 Y57.45 E212.35231
G1 X46.598 Y57.45 E212.38102
G0 F1920 X46.96 Y57.45
G0 X46.96 Y57.6
M204 S2000
M205 X30 Y30
G0 F3600 X47.46 Y57.1
M204 S500
M205 X10 Y10
G1 F2400 X49.966 Y57.1 E212.48954
G1 X49.966 Y56.95 E212.49604
G1 X51.535 Y56.95 E212.56399
G1 X51.535 Y63.05 E212.82815
G1 X45.435 Y63.05 E213.09232
G1 X45.435 Y56.95 E213.35648
G1 X47.098 Y56.95 E213.4285
G0 F1920 X47.46 Y56.95
G0 X47.46 Y57.1
M204 S2000
M205 X30 Y30
G0 F3600 X47.96 Y56.6
M204 S500
M205 X10 Y10
;TYPE:WALL-OUTER
G1 F1200 X49.466 Y56.6 E213.49372
G1 X49.466 Y56.45 E213.50021
G1 X52.035 Y56.45 E213.61147
G1 X52.035 Y63.55 E213.91894
G1 X44.935 Y63.55 E214.22641
G1 X44.935 Y56.45 E214.53388
G1 X47.598 Y56.45 E214.6492
G0 F960 X47.96 Y56.45
G0 X47.96 Y56.6
M204 S2000
M205 X30 Y30
G0 F3600 X48.21 Y56.6
G0 X48.21 Y57.6
G1 F2700 E210.64920 ; Modi
G0 F3600 X51.515 Y59.097
G0 X52.95 Y59.097
G0 X68.034 Y59.852
G0 X69.46 Y60
G0 X70.331 Y59.097
M204 S500
M205 X10 Y10
;TYPE:FILL
G1 F2700 E214.6492
G1 F2400 X71.571 Y57.856 E214.72517
G1 X71.783 Y57.644
M204 S2000
M205 X30 Y30
G0 F3600 X73.747 Y58.038
M204 S500
M205 X10 Y10
G1 F2400 X70.524 Y61.261 E214.92256
G1 X70.312 Y61.473
M204 S2000
M205 X30 Y30
G0 F3600 X71.89 Y62.252
M204 S500
M205 X10 Y10
G1 F2400 X74.737 Y59.406 E215.09689
G1 X74.949 Y59.194
M204 S2000
M205 X30 Y30
G0 F3600 X73.273 Y57.584
M204 S500
M205 X10 Y10
;TYPE:WALL-INNER
G1 F2400 X73.757 Y57.799 E215.11983
G1 X74.183 Y58.109 E215.14264
G1 X74.541 Y58.505 E215.16576
G1 X74.805 Y58.963 E215.18865
G1 X74.972 Y59.475 E215.21198
G1 X75.027 Y60 E215.23483
G1 X74.972 Y60.525 E215.25769
G1 X74.805 Y61.037 E215.28102
G1 X74.541 Y61.495 E215.30391
G1 X74.183 Y61.891 E215.32703
G1 X73.757 Y62.201 E215.34984
G1 X73.273 Y62.416 E215.37278
G1 X72.747 Y62.528 E215.39607
G1 X72.223 Y62.528 E215.41876
G1 X71.697 Y62.416 E215.44205
G1 X71.216 Y62.202 E215.46485
G1 X70.785 Y61.889 E215.48792
G1 X70.427 Y61.492 E215.51107
G1 X70.164 Y61.035 E215.5339
G1 X69.998 Y60.526 E215.55709
G1 X69.943 Y60 E215.57999
G1 X69.998 Y59.474 E215.60289
G1 X70.164 Y58.965 E215.62608
G1 X70.427 Y58.508 E215.64891
G1 X70.785 Y58.111 E215.67206
G1 X71.216 Y57.798 E215.69513
G1 X71.697 Y57.584 E215.71793
G1 X72.223 Y57.472 E215.74122
G1 X72.747 Y57.472 E215.76391
G1 X72.772 Y57.478 E215.76502
G0 F1920 X73.273 Y57.584
M204 S2000
M205 X30 Y30
G0 F3600 X73.429 Y57.106
M204 S500
M205 X10 Y10
G1 F2400 X74.007 Y57.363 E215.79242
G1 X74.52 Y57.736 E215.81988
G1 X74.948 Y58.21 E215.84754
G1 X75.266 Y58.761 E215.87509
G1 X75.463 Y59.367 E215.90269
G1 X75.53 Y60 E215.93025
G1 X75.463 Y60.633 E215.95782
G1 X75.266 Y61.239 E215.98541
G1 X74.948 Y61.79 E216.01296
G1 X74.52 Y62.264 E216.04062
G1 X74.007 Y62.637 E216.06809
G1 X73.429 Y62.894 E216.09548
G1 X72.799 Y63.028 E216.12337
G1 X72.171 Y63.028 E216.15057
G1 X71.541 Y62.894 E216.17846
G1 X70.963 Y62.637 E216.20586
G1 X70.451 Y62.265 E216.23326
G1 X70.02 Y61.787 E216.26113
G1 X69.703 Y61.237 E216.28863
G1 X69.507 Y60.634 E216.31608
G1 X69.44 Y60 E216.34369
G1 X69.507 Y59.366 E216.3713
G1 X69.703 Y58.763 E216.39876
G1 X70.02 Y58.213 E216.42625
G1 X70.451 Y57.735 E216.45412
G1 X70.963 Y57.363 E216.48153
G1 X71.541 Y57.106 E216.50892
G1 X72.171 Y56.972 E216.53682
G1 X72.799 Y56.972 E216.56401
G1 X72.929 Y57 E216.56977
G0 F1920 X73.429 Y57.106
M204 S2000
M205 X30 Y30
G0 F3600 X73.585 Y56.628
M204 S500
M205 X10 Y10
;TYPE:WALL-OUTER
G1 F1200 X74.257 Y56.927 E216.60162
G1 X74.857 Y57.363 E216.63374
G1 X75.355 Y57.915 E216.66594
G1 X75.726 Y58.558 E216.69809
G1 X75.954 Y59.26 E216.73005
G1 X76.032 Y60 E216.76227
G1 X75.954 Y60.74 E216.7945
G1 X75.726 Y61.442 E216.82646
G1 X75.355 Y62.085 E216.85861
G1 X74.857 Y62.637 E216.8908
G1 X74.257 Y63.073 E216.92292
G1 X73.585 Y63.372 E216.95478
G1 X72.851 Y63.528 E216.98727
G1 X72.119 Y63.528 E217.01897
G1 X71.385 Y63.372 E217.05147
G1 X70.71 Y63.072 E217.08346
G1 X70.114 Y62.639 E217.11536
G1 X69.615 Y62.085 E217.14765
G1 X69.245 Y61.443 E217.17974
G1 X69.015 Y60.738 E217.21185
G1 X68.938 Y60 E217.24398
G1 X69.015 Y59.262 E217.27612
G1 X69.245 Y58.557 E217.30823
G1 X69.615 Y57.915 E217.34032
G1 X70.114 Y57.361 E217.37261
G1 X70.71 Y56.928 E217.40451
G1 X71.385 Y56.628 E217.4365
G1 X72.119 Y56.472 E217.469
G1 X72.851 Y56.472 E217.5007
G1 X73.084 Y56.522 E217.51102
G0 F960 X73.585 Y56.628
M204 S2000
M205 X30 Y30
G0 F3600 X73.813 Y56.729
G0 X73.406 Y57.643
G1 F2700 E213.51102 ; Modi
;MESH:NONMESH
G0 F600 X73.406 Y57.643 Z4.3
G0 F3600 X70.036 Y58.224
G0 X68.793 Y57.51
G0 X52.95 Y58.224
G0 X51.515 Y58.224
G0 X46.135 Y57.922
;TIME_ELAPSED:260.231379
;LAYER:16
M204 S500
M205 X10 Y10
;TYPE:FILL
;MESH:RetractTower
G1 F2700 E217.51102
G1 F2400 X50.561 Y62.349 E217.78211
G1 X50.773 Y62.561
M204 S2000
M205 X30 Y30
G0 F3600 X50.835 Y60.265
M204 S500
M205 X10 Y10
G1 F2400 X48.369 Y57.799 E217.93314
G1 X48.157 Y57.587
M204 S2000
M205 X30 Y30
G0 F3600 X50.665 Y57.738
M204 S500
M205 X10 Y10
G1 F2400 X50.835 Y57.907 E217.94352
M204 S2000
M205 X30 Y30
G0 F3600 X48.204 Y62.349
M204 S500
M205 X10 Y10
G1 F2400 X46.135 Y60.28 E218.07023
G1 X45.923 Y60.068
M204 S2000
M205 X30 Y30
G0 F3600 X46.96 Y57.6
M204 S500
M205 X10 Y10
;TYPE:WALL-INNER
G1 F2400 X50.466 Y57.6 E218.22206
G1 X50.466 Y57.45 E218.22856
G1 X51.035 Y57.45 E218.2532
G1 X51.035 Y62.55 E218.47406
G1 X45.935 Y62.55 E218.69492
G1 X45.935 Y57.45 E218.91578
G1 X46.598 Y57.45 E218.94449
G0 F1920 X46.96 Y57.45
G0 X46.96 Y57.6
M204 S2000
M205 X30 Y30
G0 F3600 X47.46 Y57.1
M204 S500
M205 X10 Y10
G1 F2400 X49.966 Y57.1 E219.05301
G1 X49.966 Y56.95 E219.05951
G1 X51.535 Y56.95 E219.12746
G1 X51.535 Y63.05 E219.39162
G1 X45.435 Y63.05 E219.65579
G1 X45.435 Y56.95 E219.91995
G1 X47.098 Y56.95 E219.99197
G0 F1920 X47.46 Y56.95
G0 X47.46 Y57.1
M204 S2000
M205 X30 Y30
G0 F3600 X47.96 Y56.6
M204 S500
M205 X10 Y10
;TYPE:WALL-OUTER
G1 F1200 X49.466 Y56.6 E220.05719
G1 X49.466 Y56.45 E220.06368
G1 X52.035 Y56.45 E220.17493
G1 X52.035 Y63.55 E220.48241
G1 X44.935 Y63.55 E220.78988
G1 X44.935 Y56.45 E221.09735
G1 X47.598 Y56.45 E221.21267
G0 F960 X47.96 Y56.45
G0 X47.96 Y56.6
M204 S2000
M205 X30 Y30
G0 F3600 X48.21 Y56.6
G0 X48.21 Y57.6
G1 F2700 E217.21267 ; Modi
G0 F3600 X51.515 Y58.737
G0 X52.95 Y58.737
G0 X68.099 Y59.222
G0 X69.526 Y59.37
G0 X70.524 Y58.737
M204 S500
M205 X10 Y10
;TYPE:FILL
G1 F2700 E221.21267
G1 F2400 X73.747 Y61.96 E221.41006
G1 X73.959 Y62.172
M204 S2000
M205 X30 Y30
G0 F3600 X74.738 Y60.593
M204 S500
M205 X10 Y10
G1 F2400 X71.892 Y57.747 E221.58436
G1 X71.68 Y57.535
M204 S2000
M205 X30 Y30
G0 F3600 X70.329 Y60.899
M204 S500
M205 X10 Y10
G1 F2400 X71.572 Y62.142 E221.66048
G1 X71.784 Y62.354
M204 S2000
M205 X30 Y30
G0 F3600 X73.273 Y57.584
M204 S500
M205 X10 Y10
;TYPE:WALL-INNER
G1 F2400 X73.757 Y57.799 E221.68342
G1 X74.183 Y58.109 E221.70623
G1 X74.541 Y58.505 E221.72935
G1 X74.805 Y58.963 E221.75224
G1 X74.972 Y59.475 E221.77557
G1 X75.027 Y60 E221.79843
G1 X74.972 Y60.525 E221.82129
G1 X74.805 Y61.037 E221.84461
G1 X74.541 Y61.495 E221.8675
G1 X74.183 Y61.891 E221.89062
G1 X73.757 Y62.201 E221.91344
G1 X73.273 Y62.416 E221.93637
G1 X72.747 Y62.528 E221.95966
G1 X72.223 Y62.528 E221.98235
G1 X71.697 Y62.416 E222.00564
G1 X71.216 Y62.202 E222.02844
G1 X70.785 Y61.889 E222.05151
G1 X70.427 Y61.492 E222.07466
G1 X70.164 Y61.035 E222.09749
G1 X69.998 Y60.526 E222.12068
G1 X69.943 Y60 E222.14358
G1 X69.998 Y59.474 E222.16648
G1 X70.164 Y58.965 E222.18967
G1 X70.427 Y58.508 E222.2125
G1 X70.785 Y58.111 E222.23565
G1 X71.216 Y57.798 E222.25872
G1 X71.697 Y57.584 E222.28152
G1 X72.223 Y57.472 E222.30481
G1 X72.747 Y57.472 E222.3275
G1 X72.772 Y57.478 E222.32861
G0 F1920 X73.273 Y57.584
M204 S2000
M205 X30 Y30
G0 F3600 X73.429 Y57.106
M204 S500
M205 X10 Y10
G1 F2400 X74.007 Y57.363 E222.35601
G1 X74.52 Y57.736 E222.38347
G1 X74.948 Y58.21 E222.41113
G1 X75.266 Y58.761 E222.43868
G1 X75.463 Y59.367 E222.46628
G1 X75.53 Y60 E222.49384
G1 X75.463 Y60.633 E222.52141
G1 X75.266 Y61.239 E222.549
G1 X74.948 Y61.79 E222.57655
G1 X74.52 Y62.264 E222.60421
G1 X74.007 Y62.637 E222.63168
G1 X73.429 Y62.894 E222.65907
G1 X72.799 Y63.028 E222.68696
G1 X72.171 Y63.028 E222.71416
G1 X71.541 Y62.894 E222.74205
G1 X70.963 Y62.637 E222.76945
G1 X70.451 Y62.265 E222.79685
G1 X70.02 Y61.787 E222.82473
G1 X69.703 Y61.237 E222.85222
G1 X69.507 Y60.634 E222.87968
G1 X69.44 Y60 E222.90728
G1 X69.507 Y59.366 E222.93489
G1 X69.703 Y58.763 E222.96235
G1 X70.02 Y58.213 E222.98984
G1 X70.451 Y57.735 E223.01771
G1 X70.963 Y57.363 E223.04512
G1 X71.541 Y57.106 E223.07252
G1 X72.171 Y56.972 E223.10041
G1 X72.799 Y56.972 E223.1276
G1 X72.929 Y57 E223.13336
G0 F1920 X73.429 Y57.106
M204 S2000
M205 X30 Y30
G0 F3600 X73.585 Y56.628
M204 S500
M205 X10 Y10
;TYPE:WALL-OUTER
G1 F1200 X74.257 Y56.927 E223.16522
G1 X74.857 Y57.363 E223.19733
G1 X75.355 Y57.915 E223.22953
G1 X75.726 Y58.558 E223.26168
G1 X75.954 Y59.26 E223.29364
G1 X76.032 Y60 E223.32587
G1 X75.954 Y60.74 E223.35809
G1 X75.726 Y61.442 E223.39005
G1 X75.355 Y62.085 E223.4222
G1 X74.857 Y62.637 E223.4544
G1 X74.257 Y63.073 E223.48652
G1 X73.585 Y63.372 E223.51837
G1 X72.851 Y63.528 E223.55086
G1 X72.119 Y63.528 E223.58256
G1 X71.385 Y63.372 E223.61506
G1 X70.71 Y63.072 E223.64705
G1 X70.114 Y62.639 E223.67895
G1 X69.615 Y62.085 E223.71124
G1 X69.245 Y61.443 E223.74333
G1 X69.015 Y60.738 E223.77544
G1 X68.938 Y60 E223.80758
G1 X69.015 Y59.262 E223.83971
G1 X69.245 Y58.557 E223.87182
G1 X69.615 Y57.915 E223.90391
G1 X70.114 Y57.361 E223.9362
G1 X70.71 Y56.928 E223.9681
G1 X71.385 Y56.628 E224.00009
G1 X72.119 Y56.472 E224.03259
G1 X72.851 Y56.472 E224.06429
G1 X73.084 Y56.522 E224.07461
G0 F960 X73.585 Y56.628
M204 S2000
M205 X30 Y30
G0 F3600 X73.813 Y56.729
G0 X73.406 Y57.643
G1 F2700 E220.07461 ; Modi
;MESH:NONMESH
G0 F600 X73.406 Y57.643 Z4.55
G0 F3600 X70.036 Y58.224
G0 X68.793 Y57.51
G0 X52.95 Y58.224
G0 X51.515 Y58.224
G0 X48.054 Y57.799
;TIME_ELAPSED:268.689187
;LAYER:17
M204 S500
M205 X10 Y10
;TYPE:FILL
;MESH:RetractTower
G1 F2700 E224.07461
G1 F2400 X46.135 Y59.718 E224.19214
G1 X45.923 Y59.93
M204 S2000
M205 X30 Y30
G0 F3600 X46.135 Y62.076
M204 S500
M205 X10 Y10
G1 F2400 X50.411 Y57.799 E224.45404
G1 X50.623 Y57.587
M204 S2000
M205 X30 Y30
G0 F3600 X50.834 Y59.734
M204 S500
M205 X10 Y10
G1 F2400 X48.219 Y62.349 E224.6142
G1 X48.007 Y62.561
M204 S2000
M205 X30 Y30
G0 F3600 X50.577 Y62.349
M204 S500
M205 X10 Y10
G1 F2400 X50.834 Y62.091 E224.62997
M204 S2000
M205 X30 Y30
G0 F3600 X46.96 Y57.6
M204 S500
M205 X10 Y10
;TYPE:WALL-INNER
G1 F2400 X50.466 Y57.6 E224.7818
G1 X50.466 Y57.45 E224.78829
G1 X51.035 Y57.45 E224.81293
G1 X51.035 Y62.55 E225.03379
G1 X45.935 Y62.55 E225.25465
G1 X45.935 Y57.45 E225.47551
G1 X46.598 Y57.45 E225.50422
G0 F1920 X46.96 Y57.45
G0 X46.96 Y57.6
M204 S2000
M205 X30 Y30
G0 F3600 X47.46 Y57.1
M204 S500
M205 X10 Y10
G1 F2400 X49.966 Y57.1 E225.61275
G1 X49.966 Y56.95 E225.61924
G1 X51.535 Y56.95 E225.68719
G1 X51.535 Y63.05 E225.95135
G1 X45.435 Y63.05 E226.21552
G1 X45.435 Y56.95 E226.47968
G1 X47.098 Y56.95 E226.5517
G0 F1920 X47.46 Y56.95
G0 X47.46 Y57.1
M204 S2000
M205 X30 Y30
G0 F3600 X47.96 Y56.6
M204 S500
M205 X10 Y10
;TYPE:WALL-OUTER
G1 F1200 X49.466 Y56.6 E226.61692
G1 X49.466 Y56.45 E226.62342
G1 X52.035 Y56.45 E226.73467
G1 X52.035 Y63.55 E227.04214
G1 X44.935 Y63.55 E227.34961
G1 X44.935 Y56.45 E227.65708
G1 X47.598 Y56.45 E227.7724
G0 F960 X47.96 Y56.45
G0 X47.96 Y56.6
M204 S2000
M205 X30 Y30
G0 F3600 X48.21 Y56.6
G0 X48.21 Y57.6
G1 F2700 E223.77240 ; Modi
G0 F3600 X51.515 Y59.097
G0 X52.95 Y59.097
G0 X68.034 Y59.852
G0 X69.46 Y60
G0 X70.331 Y59.097
M204 S500
M205 X10 Y10
;TYPE:FILL
G1 F2700 E227.7724
G1 F2400 X71.571 Y57.856 E227.84838
G1 X71.783 Y57.644
M204 S2000
M205 X30 Y30
G0 F3600 X73.747 Y58.038
M204 S500
M205 X10 Y10
G1 F2400 X70.524 Y61.261 E228.04576
G1 X70.312 Y61.473
M204 S2000
M205 X30 Y30
G0 F3600 X71.89 Y62.252
M204 S500
M205 X10 Y10
G1 F2400 X74.737 Y59.406 E228.22009
G1 X74.949 Y59.194
M204 S2000
M205 X30 Y30
G0 F3600 X73.273 Y57.584
M204 S500
M205 X10 Y10
;TYPE:WALL-INNER
G1 F2400 X73.757 Y57.799 E228.24303
G1 X74.183 Y58.109 E228.26584
G1 X74.541 Y58.505 E228.28896
G1 X74.805 Y58.963 E228.31186
G1 X74.972 Y59.475 E228.33518
G1 X75.027 Y60 E228.35804
G1 X74.972 Y60.525 E228.3809
G1 X74.805 Y61.037 E228.40422
G1 X74.541 Y61.495 E228.42711
G1 X74.183 Y61.891 E228.45023
G1 X73.757 Y62.201 E228.47305
G1 X73.273 Y62.416 E228.49598
G1 X72.747 Y62.528 E228.51927
G1 X72.223 Y62.528 E228.54196
G1 X71.697 Y62.416 E228.56525
G1 X71.216 Y62.202 E228.58805
G1 X70.785 Y61.889 E228.61112
G1 X70.427 Y61.492 E228.63427
G1 X70.164 Y61.035 E228.6571
G1 X69.998 Y60.526 E228.68029
G1 X69.943 Y60 E228.70319
G1 X69.998 Y59.474 E228.72609
G1 X70.164 Y58.965 E228.74928
G1 X70.427 Y58.508 E228.77211
G1 X70.785 Y58.111 E228.79526
G1 X71.216 Y57.798 E228.81833
G1 X71.697 Y57.584 E228.84113
G1 X72.223 Y57.472 E228.86442
G1 X72.747 Y57.472 E228.88711
G1 X72.772 Y57.478 E228.88822
G0 F1920 X73.273 Y57.584
M204 S2000
M205 X30 Y30
G0 F3600 X73.429 Y57.106
M204 S500
M205 X10 Y10
G1 F2400 X74.007 Y57.363 E228.91562
G1 X74.52 Y57.736 E228.94309
G1 X74.948 Y58.21 E228.97074
G1 X75.266 Y58.761 E228.99829
G1 X75.463 Y59.367 E229.02589
G1 X75.53 Y60 E229.05345
G1 X75.463 Y60.633 E229.08102
G1 X75.266 Y61.239 E229.10861
G1 X74.948 Y61.79 E229.13616
G1 X74.52 Y62.264 E229.16382
G1 X74.007 Y62.637 E229.19129
G1 X73.429 Y62.894 E229.21868
G1 X72.799 Y63.028 E229.24658
G1 X72.171 Y63.028 E229.27377
G1 X71.541 Y62.894 E229.30166
G1 X70.963 Y62.637 E229.32906
G1 X70.451 Y62.265 E229.35646
G1 X70.02 Y61.787 E229.38434
G1 X69.703 Y61.237 E229.41183
G1 X69.507 Y60.634 E229.43929
G1 X69.44 Y60 E229.4669
G1 X69.507 Y59.366 E229.4945
G1 X69.703 Y58.763 E229.52196
G1 X70.02 Y58.213 E229.54945
G1 X70.451 Y57.735 E229.57733
G1 X70.963 Y57.363 E229.60473
G1 X71.541 Y57.106 E229.63213
G1 X72.171 Y56.972 E229.66002
G1 X72.799 Y56.972 E229.68721
G1 X72.929 Y57 E229.69297
G0 F1920 X73.429 Y57.106
M204 S2000
M205 X30 Y30
G0 F3600 X73.585 Y56.628
M204 S500
M205 X10 Y10
;TYPE:WALL-OUTER
G1 F1200 X74.257 Y56.927 E229.72483
G1 X74.857 Y57.363 E229.75695
G1 X75.355 Y57.915 E229.78914
G1 X75.726 Y58.558 E229.82129
G1 X75.954 Y59.26 E229.85325
G1 X76.032 Y60 E229.88548
G1 X75.954 Y60.74 E229.9177
G1 X75.726 Y61.442 E229.94966
G1 X75.355 Y62.085 E229.98181
G1 X74.857 Y62.637 E230.01401
G1 X74.257 Y63.073 E230.04613
G1 X73.585 Y63.372 E230.07798
G1 X72.851 Y63.528 E230.11048
G1 X72.119 Y63.528 E230.14217
G1 X71.385 Y63.372 E230.17467
G1 X70.71 Y63.072 E230.20666
G1 X70.114 Y62.639 E230.23856
G1 X69.615 Y62.085 E230.27085
G1 X69.245 Y61.443 E230.30294
G1 X69.015 Y60.738 E230.33505
G1 X68.938 Y60 E230.36719
G1 X69.015 Y59.262 E230.39932
G1 X69.245 Y58.557 E230.43143
G1 X69.615 Y57.915 E230.46352
G1 X70.114 Y57.361 E230.49581
G1 X70.71 Y56.928 E230.52772
G1 X71.385 Y56.628 E230.5597
G1 X72.119 Y56.472 E230.5922
G1 X72.851 Y56.472 E230.6239
G1 X73.084 Y56.522 E230.63422
G0 F960 X73.585 Y56.628
M204 S2000
M205 X30 Y30
G0 F3600 X73.813 Y56.729
G0 X73.406 Y57.643
G1 F2700 E226.63422 ; Modi
;MESH:NONMESH
G0 F600 X73.406 Y57.643 Z4.8
G0 F3600 X70.036 Y58.224
G0 X68.793 Y57.51
G0 X52.95 Y58.224
G0 X51.515 Y58.224
G0 X46.135 Y57.922
;TIME_ELAPSED:277.112163
;LAYER:18
M204 S500
M205 X10 Y10
;TYPE:FILL
;MESH:RetractTower
G1 F2700 E230.63422
G1 F2400 X50.561 Y62.349 E230.90531
G1 X50.773 Y62.561
M204 S2000
M205 X30 Y30
G0 F3600 X50.835 Y60.265
M204 S500
M205 X10 Y10
G1 F2400 X48.369 Y57.799 E231.05634
G1 X48.157 Y57.587
M204 S2000
M205 X30 Y30
G0 F3600 X50.665 Y57.738
M204 S500
M205 X10 Y10
G1 F2400 X50.835 Y57.907 E231.06672
M204 S2000
M205 X30 Y30
G0 F3600 X48.204 Y62.349
M204 S500
M205 X10 Y10
G1 F2400 X46.135 Y60.28 E231.19343
G1 X45.923 Y60.068
M204 S2000
M205 X30 Y30
G0 F3600 X46.96 Y57.6
M204 S500
M205 X10 Y10
;TYPE:WALL-INNER
G1 F2400 X50.466 Y57.6 E231.34526
G1 X50.466 Y57.45 E231.35176
G1 X51.035 Y57.45 E231.3764
G1 X51.035 Y62.55 E231.59726
G1 X45.935 Y62.55 E231.81812
G1 X45.935 Y57.45 E232.03898
G1 X46.598 Y57.45 E232.06769
G0 F1920 X46.96 Y57.45
G0 X46.96 Y57.6
M204 S2000
M205 X30 Y30
G0 F3600 X47.46 Y57.1
M204 S500
M205 X10 Y10
G1 F2400 X49.966 Y57.1 E232.17622
G1 X49.966 Y56.95 E232.18271
G1 X51.535 Y56.95 E232.25066
G1 X51.535 Y63.05 E232.51482
G1 X45.435 Y63.05 E232.77899
G1 X45.435 Y56.95 E233.04315
G1 X47.098 Y56.95 E233.11517
G0 F1920 X47.46 Y56.95
G0 X47.46 Y57.1
M204 S2000
M205 X30 Y30
G0 F3600 X47.96 Y56.6
M204 S500
M205 X10 Y10
;TYPE:WALL-OUTER
G1 F1200 X49.466 Y56.6 E233.18039
G1 X49.466 Y56.45 E233.18688
G1 X52.035 Y56.45 E233.29814
G1 X52.035 Y63.55 E233.60561
G1 X44.935 Y63.55 E233.91308
G1 X44.935 Y56.45 E234.22055
G1 X47.598 Y56.45 E234.33587
G0 F960 X47.96 Y56.45
G0 X47.96 Y56.6
M204 S2000
M205 X30 Y30
G0 F3600 X48.21 Y56.6
G0 X48.21 Y57.6
G1 F2700 E230.33587 ; Modi
G0 F3600 X51.515 Y58.737
G0 X52.95 Y58.737
G0 X68.099 Y59.222
G0 X69.526 Y59.37
G0 X70.524 Y58.737
M204 S500
M205 X10 Y10
;TYPE:FILL
G1 F2700 E234.33587
G1 F2400 X73.747 Y61.96 E234.53326
G1 X73.959 Y62.172
M204 S2000
M205 X30 Y30
G0 F3600 X74.738 Y60.593
M204 S500
M205 X10 Y10
G1 F2400 X71.892 Y57.747 E234.70756
G1 X71.68 Y57.535
M204 S2000
M205 X30 Y30
G0 F3600 X70.329 Y60.899
M204 S500
M205 X10 Y10
G1 F2400 X71.572 Y62.142 E234.78369
G1 X71.784 Y62.354
M204 S2000
M205 X30 Y30
G0 F3600 X73.273 Y57.584
M204 S500
M205 X10 Y10
;TYPE:WALL-INNER
G1 F2400 X73.757 Y57.799 E234.80662
G1 X74.183 Y58.109 E234.82944
G1 X74.541 Y58.505 E234.85255
G1 X74.805 Y58.963 E234.87545
G1 X74.972 Y59.475 E234.89877
G1 X75.027 Y60 E234.92163
G1 X74.972 Y60.525 E234.94449
G1 X74.805 Y61.037 E234.96781
G1 X74.541 Y61.495 E234.9907
G1 X74.183 Y61.891 E235.01382
G1 X73.757 Y62.201 E235.03664
G1 X73.273 Y62.416 E235.05957
G1 X72.747 Y62.528 E235.08286
G1 X72.223 Y62.528 E235.10555
G1 X71.697 Y62.416 E235.12884
G1 X71.216 Y62.202 E235.15164
G1 X70.785 Y61.889 E235.17471
G1 X70.427 Y61.492 E235.19786
G1 X70.164 Y61.035 E235.22069
G1 X69.998 Y60.526 E235.24388
G1 X69.943 Y60 E235.26678
G1 X69.998 Y59.474 E235.28969
G1 X70.164 Y58.965 E235.31287
G1 X70.427 Y58.508 E235.33571
G1 X70.785 Y58.111 E235.35886
G1 X71.216 Y57.798 E235.38192
G1 X71.697 Y57.584 E235.40472
G1 X72.223 Y57.472 E235.42801
G1 X72.747 Y57.472 E235.4507
G1 X72.772 Y57.478 E235.45182
G0 F1920 X73.273 Y57.584
M204 S2000
M205 X30 Y30
G0 F3600 X73.429 Y57.106
M204 S500
M205 X10 Y10
G1 F2400 X74.007 Y57.363 E235.47921
G1 X74.52 Y57.736 E235.50668
G1 X74.948 Y58.21 E235.53433
G1 X75.266 Y58.761 E235.56188
G1 X75.463 Y59.367 E235.58948
G1 X75.53 Y60 E235.61705
G1 X75.463 Y60.633 E235.64461
G1 X75.266 Y61.239 E235.67221
G1 X74.948 Y61.79 E235.69976
G1 X74.52 Y62.264 E235.72741
G1 X74.007 Y62.637 E235.75488
G1 X73.429 Y62.894 E235.78227
G1 X72.799 Y63.028 E235.81017
G1 X72.171 Y63.028 E235.83736
G1 X71.541 Y62.894 E235.86526
G1 X70.963 Y62.637 E235.89265
G1 X70.451 Y62.265 E235.92006
G1 X70.02 Y61.787 E235.94793
G1 X69.703 Y61.237 E235.97542
G1 X69.507 Y60.634 E236.00288
G1 X69.44 Y60 E236.03049
G1 X69.507 Y59.366 E236.0581
G1 X69.703 Y58.763 E236.08555
G1 X70.02 Y58.213 E236.11304
G1 X70.451 Y57.735 E236.14092
G1 X70.963 Y57.363 E236.16832
G1 X71.541 Y57.106 E236.19572
G1 X72.171 Y56.972 E236.22361
G1 X72.799 Y56.972 E236.25081
G1 X72.929 Y57 E236.25657
G0 F1920 X73.429 Y57.106
M204 S2000
M205 X30 Y30
G0 F3600 X73.585 Y56.628
M204 S500
M205 X10 Y10
;TYPE:WALL-OUTER
G1 F1200 X74.257 Y56.927 E236.28842
G1 X74.857 Y57.363 E236.32054
G1 X75.355 Y57.915 E236.35273
G1 X75.726 Y58.558 E236.38488
G1 X75.954 Y59.26 E236.41684
G1 X76.032 Y60 E236.44907
G1 X75.954 Y60.74 E236.48129
G1 X75.726 Y61.442 E236.51326
G1 X75.355 Y62.085 E236.5454
G1 X74.857 Y62.637 E236.5776
G1 X74.257 Y63.073 E236.60972
G1 X73.585 Y63.372 E236.64157
G1 X72.851 Y63.528 E236.67407
G1 X72.119 Y63.528 E236.70577
G1 X71.385 Y63.372 E236.73826
G1 X70.71 Y63.072 E236.77025
G1 X70.114 Y62.639 E236.80215
G1 X69.615 Y62.085 E236.83444
G1 X69.245 Y61.443 E236.86653
G1 X69.015 Y60.738 E236.89865
G1 X68.938 Y60 E236.93078
G1 X69.015 Y59.262 E236.96291
G1 X69.245 Y58.557 E236.99503
G1 X69.615 Y57.915 E237.02712
G1 X70.114 Y57.361 E237.0594
G1 X70.71 Y56.928 E237.09131
G1 X71.385 Y56.628 E237.1233
G1 X72.119 Y56.472 E237.15579
G1 X72.851 Y56.472 E237.18749
G1 X73.084 Y56.522 E237.19781
G0 F960 X73.585 Y56.628
M204 S2000
M205 X30 Y30
G0 F3600 X73.813 Y56.729
G0 X73.406 Y57.643
G1 F2700 E233.19781 ; Modi
;MESH:NONMESH
G0 F600 X73.406 Y57.643 Z5.05
G0 F3600 X70.036 Y58.224
G0 X68.793 Y57.51
G0 X52.95 Y58.224
G0 X51.515 Y58.224
G0 X48.054 Y57.799
;TIME_ELAPSED:285.569971
;LAYER:19
M204 S500
M205 X10 Y10
;TYPE:FILL
;MESH:RetractTower
G1 F2700 E237.19781
G1 F2400 X46.135 Y59.718 E237.31534
G1 X45.923 Y59.93
M204 S2000
M205 X30 Y30
G0 F3600 X46.135 Y62.076
M204 S500
M205 X10 Y10
G1 F2400 X50.411 Y57.799 E237.57725
G1 X50.623 Y57.587
M204 S2000
M205 X30 Y30
G0 F3600 X50.834 Y59.734
M204 S500
M205 X10 Y10
G1 F2400 X48.219 Y62.349 E237.7374
G1 X48.007 Y62.561
M204 S2000
M205 X30 Y30
G0 F3600 X50.577 Y62.349
M204 S500
M205 X10 Y10
G1 F2400 X50.834 Y62.091 E237.75317
M204 S2000
M205 X30 Y30
G0 F3600 X46.96 Y57.6
M204 S500
M205 X10 Y10
;TYPE:WALL-INNER
G1 F2400 X50.466 Y57.6 E237.905
G1 X50.466 Y57.45 E237.91149
G1 X51.035 Y57.45 E237.93613
G1 X51.035 Y62.55 E238.15699
G1 X45.935 Y62.55 E238.37785
G1 X45.935 Y57.45 E238.59871
G1 X46.598 Y57.45 E238.62742
G0 F1920 X46.96 Y57.45
G0 X46.96 Y57.6
M204 S2000
M205 X30 Y30
G0 F3600 X47.46 Y57.1
M204 S500
M205 X10 Y10
G1 F2400 X49.966 Y57.1 E238.73595
G1 X49.966 Y56.95 E238.74244
G1 X51.535 Y56.95 E238.81039
G1 X51.535 Y63.05 E239.07456
G1 X45.435 Y63.05 E239.33872
G1 X45.435 Y56.95 E239.60289
G1 X47.098 Y56.95 E239.6749
G0 F1920 X47.46 Y56.95
G0 X47.46 Y57.1
M204 S2000
M205 X30 Y30
G0 F3600 X47.96 Y56.6
M204 S500
M205 X10 Y10
;TYPE:WALL-OUTER
G1 F1200 X49.466 Y56.6 E239.74012
G1 X49.466 Y56.45 E239.74662
G1 X52.035 Y56.45 E239.85787
G1 X52.035 Y63.55 E240.16534
G1 X44.935 Y63.55 E240.47281
G1 X44.935 Y56.45 E240.78028
G1 X47.598 Y56.45 E240.89561
G0 F960 X47.96 Y56.45
G0 X47.96 Y56.6
M204 S2000
M205 X30 Y30
G0 F3600 X48.21 Y56.6
G0 X48.21 Y57.6
G1 F2700 E236.89561 ; Modi
G0 F3600 X51.515 Y59.097
G0 X52.95 Y59.097
G0 X68.034 Y59.852
G0 X69.46 Y60
G0 X70.331 Y59.097
M204 S500
M205 X10 Y10
;TYPE:FILL
G1 F2700 E240.89561
G1 F2400 X71.571 Y57.856 E240.97158
G1 X71.783 Y57.644
M204 S2000
M205 X30 Y30
G0 F3600 X73.747 Y58.038
M204 S500
M205 X10 Y10
G1 F2400 X70.524 Y61.261 E241.16897
G1 X70.312 Y61.473
M204 S2000
M205 X30 Y30
G0 F3600 X71.89 Y62.252
M204 S500
M205 X10 Y10
G1 F2400 X74.737 Y59.406 E241.3433
G1 X74.949 Y59.194
M204 S2000
M205 X30 Y30
G0 F3600 X73.273 Y57.584
M204 S500
M205 X10 Y10
;TYPE:WALL-INNER
G1 F2400 X73.757 Y57.799 E241.36623
G1 X74.183 Y58.109 E241.38905
G1 X74.541 Y58.505 E241.41216
G1 X74.805 Y58.963 E241.43506
G1 X74.972 Y59.475 E241.45838
G1 X75.027 Y60 E241.48124
G1 X74.972 Y60.525 E241.5041
G1 X74.805 Y61.037 E241.52742
G1 X74.541 Y61.495 E241.55032
G1 X74.183 Y61.891 E241.57343
G1 X73.757 Y62.201 E241.59625
G1 X73.273 Y62.416 E241.61918
G1 X72.747 Y62.528 E241.64247
G1 X72.223 Y62.528 E241.66517
G1 X71.697 Y62.416 E241.68846
G1 X71.216 Y62.202 E241.71125
G1 X70.785 Y61.889 E241.73432
G1 X70.427 Y61.492 E241.75747
G1 X70.164 Y61.035 E241.78031
G1 X69.998 Y60.526 E241.80349
G1 X69.943 Y60 E241.82639
G1 X69.998 Y59.474 E241.8493
G1 X70.164 Y58.965 E241.87248
G1 X70.427 Y58.508 E241.89532
G1 X70.785 Y58.111 E241.91847
G1 X71.216 Y57.798 E241.94153
G1 X71.697 Y57.584 E241.96433
G1 X72.223 Y57.472 E241.98762
G1 X72.747 Y57.472 E242.01031
G1 X72.772 Y57.478 E242.01143
G0 F1920 X73.273 Y57.584
M204 S2000
M205 X30 Y30
G0 F3600 X73.429 Y57.106
M204 S500
M205 X10 Y10
G1 F2400 X74.007 Y57.363 E242.03882
G1 X74.52 Y57.736 E242.06629
G1 X74.948 Y58.21 E242.09395
G1 X75.266 Y58.761 E242.1215
G1 X75.463 Y59.367 E242.14909
G1 X75.53 Y60 E242.17666
G1 X75.463 Y60.633 E242.20422
G1 X75.266 Y61.239 E242.23182
G1 X74.948 Y61.79 E242.25937
G1 X74.52 Y62.264 E242.28702
G1 X74.007 Y62.637 E242.31449
G1 X73.429 Y62.894 E242.34188
G1 X72.799 Y63.028 E242.36978
G1 X72.171 Y63.028 E242.39697
G1 X71.541 Y62.894 E242.42487
G1 X70.963 Y62.637 E242.45226
G1 X70.451 Y62.265 E242.47967
G1 X70.02 Y61.787 E242.50754
G1 X69.703 Y61.237 E242.53503
G1 X69.507 Y60.634 E242.56249
G1 X69.44 Y60 E242.5901
G1 X69.507 Y59.366 E242.61771
G1 X69.703 Y58.763 E242.64516
G1 X70.02 Y58.213 E242.67266
G1 X70.451 Y57.735 E242.70053
G1 X70.963 Y57.363 E242.72794
G1 X71.541 Y57.106 E242.75533
G1 X72.171 Y56.972 E242.78322
G1 X72.799 Y56.972 E242.81042
G1 X72.929 Y57 E242.81618
G0 F1920 X73.429 Y57.106
M204 S2000
M205 X30 Y30
G0 F3600 X73.585 Y56.628
M204 S500
M205 X10 Y10
;TYPE:WALL-OUTER
G1 F1200 X74.257 Y56.927 E242.84803
G1 X74.857 Y57.363 E242.88015
G1 X75.355 Y57.915 E242.91234
G1 X75.726 Y58.558 E242.94449
G1 X75.954 Y59.26 E242.97646
G1 X76.032 Y60 E243.00868
G1 X75.954 Y60.74 E243.0409
G1 X75.726 Y61.442 E243.07287
G1 X75.355 Y62.085 E243.10501
G1 X74.857 Y62.637 E243.13721
G1 X74.257 Y63.073 E243.16933
G1 X73.585 Y63.372 E243.20118
G1 X72.851 Y63.528 E243.23368
G1 X72.119 Y63.528 E243.26538
G1 X71.385 Y63.372 E243.29787
G1 X70.71 Y63.072 E243.32986
G1 X70.114 Y62.639 E243.36176
G1 X69.615 Y62.085 E243.39405
G1 X69.245 Y61.443 E243.42614
G1 X69.015 Y60.738 E243.45826
G1 X68.938 Y60 E243.49039
G1 X69.015 Y59.262 E243.52252
G1 X69.245 Y58.557 E243.55464
G1 X69.615 Y57.915 E243.58673
G1 X70.114 Y57.361 E243.61902
G1 X70.71 Y56.928 E243.65092
G1 X71.385 Y56.628 E243.68291
G1 X72.119 Y56.472 E243.7154
G1 X72.851 Y56.472 E243.7471
G1 X73.084 Y56.522 E243.75742
G0 F960 X73.585 Y56.628
M204 S2000
M205 X30 Y30
G0 F3600 X73.813 Y56.729
G0 X73.406 Y57.643
G1 F2700 E239.75742 ; Modi
;MESH:NONMESH
G0 F600 X73.406 Y57.643 Z5.3
G0 F3600 X70.036 Y58.224
G0 X68.793 Y57.51
G0 X52.95 Y58.224
G0 X51.515 Y58.224
G0 X46.135 Y57.922
;TIME_ELAPSED:293.992947
;LAYER:20
M204 S500
M205 X10 Y10
;TYPE:FILL
;MESH:RetractTower
G1 F2700 E243.75742
G1 F2400 X50.561 Y62.349 E244.02852
G1 X50.773 Y62.561
M204 S2000
M205 X30 Y30
G0 F3600 X50.835 Y60.265
M204 S500
M205 X10 Y10
G1 F2400 X48.369 Y57.799 E244.17954
G1 X48.157 Y57.587
M204 S2000
M205 X30 Y30
G0 F3600 X50.665 Y57.738
M204 S500
M205 X10 Y10
G1 F2400 X50.835 Y57.907 E244.18992
M204 S2000
M205 X30 Y30
G0 F3600 X48.204 Y62.349
M204 S500
M205 X10 Y10
G1 F2400 X46.135 Y60.28 E244.31664
G1 X45.923 Y60.068
M204 S2000
M205 X30 Y30
G0 F3600 X46.177 Y57.637
M204 S500
M205 X10 Y10
;TYPE:WALL-INNER
G1 F2400 X47.633 Y57.6 E244.37971
G1 X50.466 Y57.6 E244.5024
G1 X50.466 Y57.45 E244.50889
G1 X51.035 Y57.45 E244.53353
G1 X51.035 Y62.55 E244.75439
G1 X45.935 Y62.55 E244.97525
G1 X45.935 Y57.533 E245.19252
G0 F1920 X45.935 Y57.45
G0 X46.177 Y57.45
G0 X46.177 Y57.637
M204 S2000
M205 X30 Y30
G0 F3600 X46.677 Y57.124
M204 S500
M205 X10 Y10
G1 F2400 X47.62 Y57.1 E245.23337
G1 X49.966 Y57.1 E245.33496
G1 X49.966 Y56.95 E245.34146
G1 X51.535 Y56.95 E245.4094
G1 X51.535 Y63.05 E245.67357
G1 X45.435 Y63.05 E245.93773
G1 X45.435 Y56.95 E246.2019
G1 X46.339 Y56.95 E246.24105
G0 F1920 X46.677 Y56.95
G0 X46.677 Y57.124
M204 S2000
M205 X30 Y30
G0 F3600 X47.177 Y56.611
M204 S500
M205 X10 Y10
;TYPE:WALL-OUTER
G1 F1200 X47.96 Y56.591 E246.27497
G1 X47.96 Y56.6 E246.27536
G1 X49.466 Y56.6 E246.34058
G1 X49.466 Y56.45 E246.34707
G1 X52.035 Y56.45 E246.45832
G1 X52.035 Y63.55 E246.76579
G1 X44.935 Y63.55 E247.07327
G1 X44.935 Y56.45 E247.38074
G1 X46.826 Y56.45 E247.46263
G0 F960 X47.177 Y56.45
G0 X47.177 Y56.611
M204 S2000
M205 X30 Y30
G0 F3600 X47.427 Y56.605
G0 X47.443 Y57.355
G1 F2700 E243.46263 ; Modi
G0 F3600 X51.765 Y58.737
G0 X52.95 Y58.737
G0 X68.099 Y59.222
G0 X69.526 Y59.37
G0 X70.524 Y58.737
M204 S500
M205 X10 Y10
;TYPE:FILL
G1 F2700 E247.46263
G1 F2400 X73.747 Y61.96 E247.66002
G1 X73.959 Y62.172
M204 S2000
M205 X30 Y30
G0 F3600 X74.738 Y60.593
M204 S500
M205 X10 Y10
G1 F2400 X71.892 Y57.747 E247.83431
G1 X71.68 Y57.535
M204 S2000
M205 X30 Y30
G0 F3600 X70.329 Y60.899
M204 S500
M205 X10 Y10
G1 F2400 X71.572 Y62.142 E247.91044
G1 X71.784 Y62.354
M204 S2000
M205 X30 Y30
G0 F3600 X73.273 Y57.584
M204 S500
M205 X10 Y10
;TYPE:WALL-INNER
G1 F2400 X73.757 Y57.799 E247.93337
G1 X74.183 Y58.109 E247.95619
G1 X74.541 Y58.505 E247.97931
G1 X74.805 Y58.963 E248.0022
G1 X74.972 Y59.475 E248.02552
G1 X75.027 Y60 E248.04838
G1 X74.972 Y60.525 E248.07124
G1 X74.805 Y61.037 E248.09457
G1 X74.541 Y61.495 E248.11746
G1 X74.183 Y61.891 E248.14058
G1 X73.757 Y62.201 E248.16339
G1 X73.273 Y62.416 E248.18633
G1 X72.747 Y62.528 E248.20962
G1 X72.223 Y62.528 E248.23231
G1 X71.697 Y62.416 E248.2556
G1 X71.216 Y62.202 E248.2784
G1 X70.785 Y61.889 E248.30147
G1 X70.427 Y61.492 E248.32462
G1 X70.164 Y61.035 E248.34745
G1 X69.998 Y60.526 E248.37063
G1 X69.943 Y60 E248.39354
G1 X69.998 Y59.474 E248.41644
G1 X70.164 Y58.965 E248.43963
G1 X70.427 Y58.508 E248.46246
G1 X70.785 Y58.111 E248.48561
G1 X71.216 Y57.798 E248.50868
G1 X71.697 Y57.584 E248.53148
G1 X72.223 Y57.472 E248.55477
G1 X72.747 Y57.472 E248.57746
G1 X72.772 Y57.478 E248.57857
G0 F1920 X73.273 Y57.584
M204 S2000
M205 X30 Y30
G0 F3600 X73.429 Y57.106
M204 S500
M205 X10 Y10
G1 F2400 X74.007 Y57.363 E248.60596
G1 X74.52 Y57.736 E248.63343
G1 X74.948 Y58.21 E248.66109
G1 X75.266 Y58.761 E248.68864
G1 X75.463 Y59.367 E248.71623
G1 X75.53 Y60 E248.7438
G1 X75.463 Y60.633 E248.77137
G1 X75.266 Y61.239 E248.79896
G1 X74.948 Y61.79 E248.82651
G1 X74.52 Y62.264 E248.85417
G1 X74.007 Y62.637 E248.88164
G1 X73.429 Y62.894 E248.90903
G1 X72.799 Y63.028 E248.93692
G1 X72.171 Y63.028 E248.96412
G1 X71.541 Y62.894 E248.99201
G1 X70.963 Y62.637 E249.0194
G1 X70.451 Y62.265 E249.04681
G1 X70.02 Y61.787 E249.07468
G1 X69.703 Y61.237 E249.10217
G1 X69.507 Y60.634 E249.12963
G1 X69.44 Y60 E249.15724
G1 X69.507 Y59.366 E249.18485
G1 X69.703 Y58.763 E249.21231
G1 X70.02 Y58.213 E249.2398
G1 X70.451 Y57.735 E249.26767
G1 X70.963 Y57.363 E249.29508
G1 X71.541 Y57.106 E249.32247
G1 X72.171 Y56.972 E249.35037
G1 X72.799 Y56.972 E249.37756
G1 X72.929 Y57 E249.38332
G0 F1920 X73.429 Y57.106
M204 S2000
M205 X30 Y30
G0 F3600 X73.585 Y56.628
M204 S500
M205 X10 Y10
;TYPE:WALL-OUTER
G1 F1200 X74.257 Y56.927 E249.41517
G1 X74.857 Y57.363 E249.44729
G1 X75.355 Y57.915 E249.47949
G1 X75.726 Y58.558 E249.51164
G1 X75.954 Y59.26 E249.5436
G1 X76.032 Y60 E249.57582
G1 X75.954 Y60.74 E249.60805
G1 X75.726 Y61.442 E249.64001
G1 X75.355 Y62.085 E249.67216
G1 X74.857 Y62.637 E249.70435
G1 X74.257 Y63.073 E249.73647
G1 X73.585 Y63.372 E249.76833
G1 X72.851 Y63.528 E249.80082
G1 X72.119 Y63.528 E249.83252
G1 X71.385 Y63.372 E249.86502
G1 X70.71 Y63.072 E249.89701
G1 X70.114 Y62.639 E249.92891
G1 X69.615 Y62.085 E249.9612
G1 X69.245 Y61.443 E249.99329
G1 X69.015 Y60.738 E250.0254
G1 X68.938 Y60 E250.05753
G1 X69.015 Y59.262 E250.08967
G1 X69.245 Y58.557 E250.12178
G1 X69.615 Y57.915 E250.15387
G1 X70.114 Y57.361 E250.18616
G1 X70.71 Y56.928 E250.21806
G1 X71.385 Y56.628 E250.25005
G1 X72.119 Y56.472 E250.28255
G1 X72.851 Y56.472 E250.31425
G1 X73.084 Y56.522 E250.32457
G0 F960 X73.585 Y56.628
M204 S2000
M205 X30 Y30
G0 F3600 X73.813 Y56.729
G0 X73.406 Y57.643
G1 F2700 E246.32457 ; Modi
;MESH:NONMESH
G0 F600 X73.406 Y57.643 Z5.55
G0 F3600 X70.036 Y58.224
G0 X68.793 Y57.51
G0 X52.95 Y58.224
G0 X51.765 Y58.224
G0 X48.054 Y57.799
;TIME_ELAPSED:302.445833
;LAYER:21
M204 S500
M205 X10 Y10
;TYPE:FILL
;MESH:RetractTower
G1 F2700 E250.32457
G1 F2400 X46.135 Y59.718 E250.44209
G1 X45.923 Y59.93
M204 S2000
M205 X30 Y30
G0 F3600 X46.135 Y62.076
M204 S500
M205 X10 Y10
G1 F2400 X50.411 Y57.799 E250.704
G1 X50.623 Y57.587
M204 S2000
M205 X30 Y30
G0 F3600 X50.834 Y59.734
M204 S500
M205 X10 Y10
G1 F2400 X48.219 Y62.349 E250.86415
G1 X48.007 Y62.561
M204 S2000
M205 X30 Y30
G0 F3600 X50.577 Y62.349
M204 S500
M205 X10 Y10
G1 F2400 X50.834 Y62.091 E250.87992
M204 S2000
M205 X30 Y30
G0 F3600 X46.177 Y57.6
M204 S500
M205 X10 Y10
;TYPE:WALL-INNER
G1 F2400 X50.466 Y57.6 E251.06566
G1 X50.466 Y57.45 E251.07216
G1 X51.035 Y57.45 E251.0968
G1 X51.035 Y62.55 E251.31766
G1 X45.935 Y62.55 E251.53852
G1 X45.935 Y57.57 E251.75418
G0 F1920 X45.935 Y57.45
G0 X46.177 Y57.45
G0 X46.177 Y57.6
M204 S2000
M205 X30 Y30
G0 F3600 X46.677 Y57.1
M204 S500
M205 X10 Y10
G1 F2400 X49.966 Y57.1 E251.89661
G1 X49.966 Y56.95 E251.90311
G1 X51.535 Y56.95 E251.97105
G1 X51.535 Y63.05 E252.23522
G1 X45.435 Y63.05 E252.49938
G1 X45.435 Y56.95 E252.76355
G1 X46.315 Y56.95 E252.80166
G0 F1920 X46.677 Y56.95
G0 X46.677 Y57.1
M204 S2000
M205 X30 Y30
G0 F3600 X47.177 Y56.6
M204 S500
M205 X10 Y10
;TYPE:WALL-OUTER
G1 F1200 X49.466 Y56.6 E252.90079
G1 X49.466 Y56.45 E252.90728
G1 X52.035 Y56.45 E253.01853
G1 X52.035 Y63.55 E253.326
G1 X44.935 Y63.55 E253.63347
G1 X44.935 Y56.45 E253.94095
G1 X46.815 Y56.45 E254.02236
G0 F960 X47.177 Y56.45
G0 X47.177 Y56.6
M204 S2000
M205 X30 Y30
G0 F3600 X47.427 Y56.6
G0 X47.427 Y57.6
G1 F2700 E250.02236 ; Modi
G0 F3600 X51.515 Y59.097
G0 X52.95 Y59.097
G0 X68.034 Y59.852
G0 X69.46 Y60
G0 X70.331 Y59.097
M204 S500
M205 X10 Y10
;TYPE:FILL
G1 F2700 E254.02236
G1 F2400 X71.571 Y57.856 E254.09833
G1 X71.783 Y57.644
M204 S2000
M205 X30 Y30
G0 F3600 X73.747 Y58.038
M204 S500
M205 X10 Y10
G1 F2400 X70.524 Y61.261 E254.29572
G1 X70.312 Y61.473
M204 S2000
M205 X30 Y30
G0 F3600 X71.89 Y62.252
M204 S500
M205 X10 Y10
G1 F2400 X74.737 Y59.406 E254.47005
G1 X74.949 Y59.194
M204 S2000
M205 X30 Y30
G0 F3600 X73.273 Y57.584
M204 S500
M205 X10 Y10
;TYPE:WALL-INNER
G1 F2400 X73.757 Y57.799 E254.49299
G1 X74.183 Y58.109 E254.5158
G1 X74.541 Y58.505 E254.53892
G1 X74.805 Y58.963 E254.56181
G1 X74.972 Y59.475 E254.58514
G1 X75.027 Y60 E254.60799
G1 X74.972 Y60.525 E254.63085
G1 X74.805 Y61.037 E254.65418
G1 X74.541 Y61.495 E254.67707
G1 X74.183 Y61.891 E254.70019
G1 X73.757 Y62.201 E254.723
G1 X73.273 Y62.416 E254.74594
G1 X72.747 Y62.528 E254.76923
G1 X72.223 Y62.528 E254.79192
G1 X71.697 Y62.416 E254.81521
G1 X71.216 Y62.202 E254.83801
G1 X70.785 Y61.889 E254.86108
G1 X70.427 Y61.492 E254.88423
G1 X70.164 Y61.035 E254.90706
G1 X69.998 Y60.526 E254.93025
G1 X69.943 Y60 E254.95315
G1 X69.998 Y59.474 E254.97605
G1 X70.164 Y58.965 E254.99924
G1 X70.427 Y58.508 E255.02207
G1 X70.785 Y58.111 E255.04522
G1 X71.216 Y57.798 E255.06829
G1 X71.697 Y57.584 E255.09109
G1 X72.223 Y57.472 E255.11438
G1 X72.747 Y57.472 E255.13707
G1 X72.772 Y57.478 E255.13818
G0 F1920 X73.273 Y57.584
M204 S2000
M205 X30 Y30
G0 F3600 X73.429 Y57.106
M204 S500
M205 X10 Y10
G1 F2400 X74.007 Y57.363 E255.16558
G1 X74.52 Y57.736 E255.19304
G1 X74.948 Y58.21 E255.2207
G1 X75.266 Y58.761 E255.24825
G1 X75.463 Y59.367 E255.27585
G1 X75.53 Y60 E255.30341
G1 X75.463 Y60.633 E255.33098
G1 X75.266 Y61.239 E255.35857
G1 X74.948 Y61.79 E255.38612
G1 X74.52 Y62.264 E255.41378
G1 X74.007 Y62.637 E255.44125
G1 X73.429 Y62.894 E255.46864
G1 X72.799 Y63.028 E255.49653
G1 X72.171 Y63.028 E255.52373
G1 X71.541 Y62.894 E255.55162
G1 X70.963 Y62.637 E255.57902
G1 X70.451 Y62.265 E255.60642
G1 X70.02 Y61.787 E255.63429
G1 X69.703 Y61.237 E255.66179
G1 X69.507 Y60.634 E255.68924
G1 X69.44 Y60 E255.71685
G1 X69.507 Y59.366 E255.74446
G1 X69.703 Y58.763 E255.77192
G1 X70.02 Y58.213 E255.79941
G1 X70.451 Y57.735 E255.82728
G1 X70.963 Y57.363 E255.85469
G1 X71.541 Y57.106 E255.88208
G1 X72.171 Y56.972 E255.90998
G1 X72.799 Y56.972 E255.93717
G1 X72.929 Y57 E255.94293
G0 F1920 X73.429 Y57.106
M204 S2000
M205 X30 Y30
G0 F3600 X73.585 Y56.628
M204 S500
M205 X10 Y10
;TYPE:WALL-OUTER
G1 F1200 X74.257 Y56.927 E255.97478
G1 X74.857 Y57.363 E256.0069
G1 X75.355 Y57.915 E256.0391
G1 X75.726 Y58.558 E256.07125
G1 X75.954 Y59.26 E256.10321
G1 X76.032 Y60 E256.13543
G1 X75.954 Y60.74 E256.16766
G1 X75.726 Y61.442 E256.19962
G1 X75.355 Y62.085 E256.23177
G1 X74.857 Y62.637 E256.26396
G1 X74.257 Y63.073 E256.29608
G1 X73.585 Y63.372 E256.32794
G1 X72.851 Y63.528 E256.36043
G1 X72.119 Y63.528 E256.39213
G1 X71.385 Y63.372 E256.42463
G1 X70.71 Y63.072 E256.45662
G1 X70.114 Y62.639 E256.48852
G1 X69.615 Y62.085 E256.52081
G1 X69.245 Y61.443 E256.5529
G1 X69.015 Y60.738 E256.58501
G1 X68.938 Y60 E256.61714
G1 X69.015 Y59.262 E256.64928
G1 X69.245 Y58.557 E256.68139
G1 X69.615 Y57.915 E256.71348
G1 X70.114 Y57.361 E256.74577
G1 X70.71 Y56.928 E256.77767
G1 X71.385 Y56.628 E256.80966
G1 X72.119 Y56.472 E256.84216
G1 X72.851 Y56.472 E256.87386
G1 X73.084 Y56.522 E256.88418
G0 F960 X73.585 Y56.628
M204 S2000
M205 X30 Y30
G0 F3600 X73.813 Y56.729
G0 X73.406 Y57.643
G1 F2700 E252.88418 ; Modi
;MESH:NONMESH
G0 F600 X73.406 Y57.643 Z5.8
G0 F3600 X70.036 Y58.224
G0 X68.793 Y57.51
G0 X52.95 Y58.224
G0 X51.515 Y58.224
G0 X46.135 Y57.922
;TIME_ELAPSED:310.860539
;LAYER:22
M204 S500
M205 X10 Y10
;TYPE:FILL
;MESH:RetractTower
G1 F2700 E256.88418
G1 F2400 X50.561 Y62.349 E257.15527
G1 X50.773 Y62.561
M204 S2000
M205 X30 Y30
G0 F3600 X50.835 Y60.265
M204 S500
M205 X10 Y10
G1 F2400 X48.369 Y57.799 E257.3063
G1 X48.157 Y57.587
M204 S2000
M205 X30 Y30
G0 F3600 X50.665 Y57.738
M204 S500
M205 X10 Y10
G1 F2400 X50.835 Y57.907 E257.31668
M204 S2000
M205 X30 Y30
G0 F3600 X48.204 Y62.349
M204 S500
M205 X10 Y10
G1 F2400 X46.135 Y60.28 E257.44339
G1 X45.923 Y60.068
M204 S2000
M205 X30 Y30
G0 F3600 X46.376 Y57.6
M204 S500
M205 X10 Y10
;TYPE:WALL-INNER
G1 F2400 X50.466 Y57.6 E257.62051
G1 X50.466 Y57.45 E257.62701
G1 X51.035 Y57.45 E257.65165
G1 X51.035 Y62.55 E257.87251
G1 X45.935 Y62.55 E258.09337
G1 X45.935 Y57.45 E258.31423
G1 X46.014 Y57.45 E258.31765
G0 F1920 X46.376 Y57.45
G0 X46.376 Y57.6
M204 S2000
M205 X30 Y30
G0 F3600 X46.876 Y57.1
M204 S500
M205 X10 Y10
G1 F2400 X49.966 Y57.1 E258.45146
G1 X49.966 Y56.95 E258.45796
G1 X51.535 Y56.95 E258.52591
G1 X51.535 Y63.05 E258.79007
G1 X45.435 Y63.05 E259.05424
G1 X45.435 Y56.95 E259.3184
G1 X46.514 Y56.95 E259.36513
G0 F1920 X46.876 Y56.95
G0 X46.876 Y57.1
M204 S2000
M205 X30 Y30
G0 F3600 X47.376 Y56.6
M204 S500
M205 X10 Y10
;TYPE:WALL-OUTER
G1 F1200 X49.466 Y56.6 E259.45564
G1 X49.466 Y56.45 E259.46213
G1 X52.035 Y56.45 E259.57338
G1 X52.035 Y63.55 E259.88086
G1 X44.935 Y63.55 E260.18833
G1 X44.935 Y56.45 E260.4958
G1 X47.014 Y56.45 E260.58583
G0 F960 X47.376 Y56.45
G0 X47.376 Y56.6
M204 S2000
M205 X30 Y30
G0 F3600 X47.626 Y56.6
G0 X47.626 Y57.6
G1 F2700 E256.58583 ; Modi
G0 F3600 X51.515 Y58.737
G0 X52.95 Y58.737
G0 X68.099 Y59.222
G0 X69.526 Y59.37
G0 X70.524 Y58.737
M204 S500
M205 X10 Y10
;TYPE:FILL
G1 F2700 E260.58583
G1 F2400 X73.747 Y61.96 E260.78322
G1 X73.959 Y62.172
M204 S2000
M205 X30 Y30
G0 F3600 X74.738 Y60.593
M204 S500
M205 X10 Y10
G1 F2400 X71.892 Y57.747 E260.95752
G1 X71.68 Y57.535
M204 S2000
M205 X30 Y30
G0 F3600 X70.329 Y60.899
M204 S500
M205 X10 Y10
G1 F2400 X71.572 Y62.142 E261.03364
G1 X71.784 Y62.354
M204 S2000
M205 X30 Y30
G0 F3600 X73.273 Y57.584
M204 S500
M205 X10 Y10
;TYPE:WALL-INNER
G1 F2400 X73.757 Y57.799 E261.05658
G1 X74.183 Y58.109 E261.07939
G1 X74.541 Y58.505 E261.10251
G1 X74.805 Y58.963 E261.1254
G1 X74.972 Y59.475 E261.14873
G1 X75.027 Y60 E261.17159
G1 X74.972 Y60.525 E261.19445
G1 X74.805 Y61.037 E261.21777
G1 X74.541 Y61.495 E261.24066
G1 X74.183 Y61.891 E261.26378
G1 X73.757 Y62.201 E261.2866
G1 X73.273 Y62.416 E261.30953
G1 X72.747 Y62.528 E261.33282
G1 X72.223 Y62.528 E261.35551
G1 X71.697 Y62.416 E261.3788
G1 X71.216 Y62.202 E261.4016
G1 X70.785 Y61.889 E261.42467
G1 X70.427 Y61.492 E261.44782
G1 X70.164 Y61.035 E261.47065
G1 X69.998 Y60.526 E261.49384
G1 X69.943 Y60 E261.51674
G1 X69.998 Y59.474 E261.53964
G1 X70.164 Y58.965 E261.56283
G1 X70.427 Y58.508 E261.58566
G1 X70.785 Y58.111 E261.60881
G1 X71.216 Y57.798 E261.63188
G1 X71.697 Y57.584 E261.65468
G1 X72.223 Y57.472 E261.67797
G1 X72.747 Y57.472 E261.70066
G1 X72.772 Y57.478 E261.70177
G0 F1920 X73.273 Y57.584
M204 S2000
M205 X30 Y30
G0 F3600 X73.429 Y57.106
M204 S500
M205 X10 Y10
G1 F2400 X74.007 Y57.363 E261.72917
G1 X74.52 Y57.736 E261.75663
G1 X74.948 Y58.21 E261.78429
G1 X75.266 Y58.761 E261.81184
G1 X75.463 Y59.367 E261.83944
G1 X75.53 Y60 E261.867
G1 X75.463 Y60.633 E261.89457
G1 X75.266 Y61.239 E261.92216
G1 X74.948 Y61.79 E261.94971
G1 X74.52 Y62.264 E261.97737
G1 X74.007 Y62.637 E262.00484
G1 X73.429 Y62.894 E262.03223
G1 X72.799 Y63.028 E262.06012
G1 X72.171 Y63.028 E262.08732
G1 X71.541 Y62.894 E262.11521
G1 X70.963 Y62.637 E262.14261
G1 X70.451 Y62.265 E262.17001
G1 X70.02 Y61.787 E262.19789
G1 X69.703 Y61.237 E262.22538
G1 X69.507 Y60.634 E262.25284
G1 X69.44 Y60 E262.28044
G1 X69.507 Y59.366 E262.30805
G1 X69.703 Y58.763 E262.33551
G1 X70.02 Y58.213 E262.363
G1 X70.451 Y57.735 E262.39087
G1 X70.963 Y57.363 E262.41828
G1 X71.541 Y57.106 E262.44568
G1 X72.171 Y56.972 E262.47357
G1 X72.799 Y56.972 E262.50076
G1 X72.929 Y57 E262.50652
G0 F1920 X73.429 Y57.106
M204 S2000
M205 X30 Y30
G0 F3600 X73.585 Y56.628
M204 S500
M205 X10 Y10
;TYPE:WALL-OUTER
G1 F1200 X74.257 Y56.927 E262.53838
G1 X74.857 Y57.363 E262.57049
G1 X75.355 Y57.915 E262.60269
G1 X75.726 Y58.558 E262.63484
G1 X75.954 Y59.26 E262.6668
G1 X76.032 Y60 E262.69903
G1 X75.954 Y60.74 E262.73125
G1 X75.726 Y61.442 E262.76321
G1 X75.355 Y62.085 E262.79536
G1 X74.857 Y62.637 E262.82756
G1 X74.257 Y63.073 E262.85968
G1 X73.585 Y63.372 E262.89153
G1 X72.851 Y63.528 E262.92402
G1 X72.119 Y63.528 E262.95572
G1 X71.385 Y63.372 E262.98822
G1 X70.71 Y63.072 E263.02021
G1 X70.114 Y62.639 E263.05211
G1 X69.615 Y62.085 E263.0844
G1 X69.245 Y61.443 E263.11649
G1 X69.015 Y60.738 E263.1486
G1 X68.938 Y60 E263.18074
G1 X69.015 Y59.262 E263.21287
G1 X69.245 Y58.557 E263.24498
G1 X69.615 Y57.915 E263.27707
G1 X70.114 Y57.361 E263.30936
G1 X70.71 Y56.928 E263.34126
G1 X71.385 Y56.628 E263.37325
G1 X72.119 Y56.472 E263.40575
G1 X72.851 Y56.472 E263.43745
G1 X73.084 Y56.522 E263.44777
G0 F960 X73.585 Y56.628
M204 S2000
M205 X30 Y30
G0 F3600 X73.813 Y56.729
G0 X73.406 Y57.643
G1 F2700 E259.44777 ; Modi
;MESH:NONMESH
G0 F600 X73.406 Y57.643 Z6.05
G0 F3600 X70.036 Y58.224
G0 X68.793 Y57.51
G0 X52.95 Y58.224
G0 X51.515 Y58.224
G0 X48.054 Y57.798
;TIME_ELAPSED:319.305201
;LAYER:23
M204 S500
M205 X10 Y10
;TYPE:FILL
;MESH:RetractTower
G1 F2700 E263.44777
G1 F2400 X46.135 Y59.718 E263.56533
G1 X45.923 Y59.93
M204 S2000
M205 X30 Y30
G0 F3600 X46.135 Y62.076
M204 S500
M205 X10 Y10
G1 F2400 X50.412 Y57.798 E263.8273
G1 X50.624 Y57.586
M204 S2000
M205 X30 Y30
G0 F3600 X50.834 Y59.734
M204 S500
M205 X10 Y10
G1 F2400 X48.219 Y62.349 E263.98745
G1 X48.007 Y62.561
M204 S2000
M205 X30 Y30
G0 F3600 X50.577 Y62.349
M204 S500
M205 X10 Y10
G1 F2400 X50.834 Y62.091 E264.00322
M204 S2000
M205 X30 Y30
G0 F3600 X50.466 Y57.6
M204 S500
M205 X10 Y10
;TYPE:WALL-INNER
G1 F2400 X50.466 Y57.45 E264.00971
G1 X51.035 Y57.45 E264.03435
G1 X51.035 Y62.55 E264.25521
G1 X45.935 Y62.55 E264.47607
G1 X45.935 Y57.45 E264.69693
G1 X46.739 Y57.45 E264.73175
G1 X46.74 Y57.6 E264.73825
G1 X49.954 Y57.6 E264.87743
G0 F1920 X50.466 Y57.6
M204 S2000
M205 X30 Y30
G0 F3600 X49.966 Y57.1
M204 S500
M205 X10 Y10
G1 F2400 X49.966 Y56.95 E264.88393
G1 X51.535 Y56.95 E264.95187
G1 X51.535 Y63.05 E265.21604
G1 X45.435 Y63.05 E265.4802
G1 X45.435 Y56.95 E265.74437
G1 X47.236 Y56.95 E265.82236
G1 X47.237 Y57.1 E265.82886
G1 X49.454 Y57.1 E265.92487
G0 F1920 X49.966 Y57.1
M204 S2000
M205 X30 Y30
G0 F3600 X49.466 Y56.6
M204 S500
M205 X10 Y10
;TYPE:WALL-OUTER
G1 F1200 X49.466 Y56.45 E265.93136
G1 X52.035 Y56.45 E266.04261
G1 X52.035 Y63.55 E266.35009
G1 X44.935 Y63.55 E266.65756
G1 X44.935 Y56.45 E266.96503
G1 X47.733 Y56.45 E267.0862
G1 X47.734 Y56.6 E267.09269
G1 X48.954 Y56.6 E267.14553
G0 F960 X49.466 Y56.6
M204 S2000
M205 X30 Y30
G0 F3600 X49.466 Y56.45
G0 X49.566 Y56.45
G0 X50.319 Y57.45
G1 F2700 E263.14553 ; Modi
G0 F3600 X51.515 Y59.097
G0 X52.95 Y59.097
G0 X68.034 Y59.852
G0 X69.46 Y60
G0 X70.331 Y59.097
M204 S500
M205 X10 Y10
;TYPE:FILL
G1 F2700 E267.14553
G1 F2400 X71.571 Y57.856 E267.2215
G1 X71.783 Y57.644
M204 S2000
M205 X30 Y30
G0 F3600 X73.747 Y58.038
M204 S500
M205 X10 Y10
G1 F2400 X70.524 Y61.261 E267.41889
G1 X70.312 Y61.473
M204 S2000
M205 X30 Y30
G0 F3600 X71.89 Y62.252
M204 S500
M205 X10 Y10
G1 F2400 X74.737 Y59.406 E267.59322
G1 X74.949 Y59.194
M204 S2000
M205 X30 Y30
G0 F3600 X73.273 Y57.584
M204 S500
M205 X10 Y10
;TYPE:WALL-INNER
G1 F2400 X73.757 Y57.799 E267.61615
G1 X74.183 Y58.109 E267.63897
G1 X74.541 Y58.505 E267.66208
G1 X74.805 Y58.963 E267.68498
G1 X74.972 Y59.475 E267.7083
G1 X75.027 Y60 E267.73116
G1 X74.972 Y60.525 E267.75402
G1 X74.805 Y61.037 E267.77734
G1 X74.541 Y61.495 E267.80024
G1 X74.183 Y61.891 E267.82335
G1 X73.757 Y62.201 E267.84617
G1 X73.273 Y62.416 E267.8691
G1 X72.747 Y62.528 E267.89239
G1 X72.223 Y62.528 E267.91509
G1 X71.697 Y62.416 E267.93838
G1 X71.216 Y62.202 E267.96117
G1 X70.785 Y61.889 E267.98424
G1 X70.427 Y61.492 E268.00739
G1 X70.164 Y61.035 E268.03023
G1 X69.998 Y60.526 E268.05341
G1 X69.943 Y60 E268.07631
G1 X69.998 Y59.474 E268.09922
G1 X70.164 Y58.965 E268.1224
G1 X70.427 Y58.508 E268.14524
G1 X70.785 Y58.111 E268.16839
G1 X71.216 Y57.798 E268.19145
G1 X71.697 Y57.584 E268.21425
G1 X72.223 Y57.472 E268.23754
G1 X72.747 Y57.472 E268.26023
G1 X72.772 Y57.478 E268.26135
G0 F1920 X73.273 Y57.584
M204 S2000
M205 X30 Y30
G0 F3600 X73.429 Y57.106
M204 S500
M205 X10 Y10
G1 F2400 X74.007 Y57.363 E268.28874
G1 X74.52 Y57.736 E268.31621
G1 X74.948 Y58.21 E268.34386
G1 X75.266 Y58.761 E268.37142
G1 X75.463 Y59.367 E268.39901
G1 X75.53 Y60 E268.42658
G1 X75.463 Y60.633 E268.45414
G1 X75.266 Y61.239 E268.48174
G1 X74.948 Y61.79 E268.50929
G1 X74.52 Y62.264 E268.53694
G1 X74.007 Y62.637 E268.56441
G1 X73.429 Y62.894 E268.5918
G1 X72.799 Y63.028 E268.6197
G1 X72.171 Y63.028 E268.64689
G1 X71.541 Y62.894 E268.67479
G1 X70.963 Y62.637 E268.70218
G1 X70.451 Y62.265 E268.72959
G1 X70.02 Y61.787 E268.75746
G1 X69.703 Y61.237 E268.78495
G1 X69.507 Y60.634 E268.81241
G1 X69.44 Y60 E268.84002
G1 X69.507 Y59.366 E268.86763
G1 X69.703 Y58.763 E268.89508
G1 X70.02 Y58.213 E268.92258
G1 X70.451 Y57.735 E268.95045
G1 X70.963 Y57.363 E268.97785
G1 X71.541 Y57.106 E269.00525
G1 X72.171 Y56.972 E269.03314
G1 X72.799 Y56.972 E269.06034
G1 X72.929 Y57 E269.0661
G0 F1920 X73.429 Y57.106
M204 S2000
M205 X30 Y30
G0 F3600 X73.585 Y56.628
M204 S500
M205 X10 Y10
;TYPE:WALL-OUTER
G1 F1200 X74.257 Y56.927 E269.09795
G1 X74.857 Y57.363 E269.13007
G1 X75.355 Y57.915 E269.16226
G1 X75.726 Y58.558 E269.19441
G1 X75.954 Y59.26 E269.22637
G1 X76.032 Y60 E269.2586
G1 X75.954 Y60.74 E269.29082
G1 X75.726 Y61.442 E269.32279
G1 X75.355 Y62.085 E269.35493
G1 X74.857 Y62.637 E269.38713
G1 X74.257 Y63.073 E269.41925
G1 X73.585 Y63.372 E269.4511
G1 X72.851 Y63.528 E269.4836
G1 X72.119 Y63.528 E269.5153
G1 X71.385 Y63.372 E269.54779
G1 X70.71 Y63.072 E269.57978
G1 X70.114 Y62.639 E269.61168
G1 X69.615 Y62.085 E269.64397
G1 X69.245 Y61.443 E269.67606
G1 X69.015 Y60.738 E269.70818
G1 X68.938 Y60 E269.74031
G1 X69.015 Y59.262 E269.77244
G1 X69.245 Y58.557 E269.80456
G1 X69.615 Y57.915 E269.83665
G1 X70.114 Y57.361 E269.86893
G1 X70.71 Y56.928 E269.90084
G1 X71.385 Y56.628 E269.93283
G1 X72.119 Y56.472 E269.96532
G1 X72.851 Y56.472 E269.99702
G1 X73.084 Y56.522 E270.00734
G0 F960 X73.585 Y56.628
M204 S2000
M205 X30 Y30
G0 F3600 X73.813 Y56.729
G0 X73.406 Y57.643
G1 F2700 E266.00734 ; Modi
;MESH:NONMESH
G0 F600 X73.406 Y57.643 Z6.3
G0 F3600 X70.036 Y58.224
G0 X68.793 Y57.51
G0 X52.95 Y58.224
G0 X51.515 Y58.224
G0 X46.135 Y57.922
;TIME_ELAPSED:327.635005
;LAYER:24
M204 S500
M205 X10 Y10
;TYPE:FILL
;MESH:RetractTower
G1 F2700 E270.00734
G1 F2400 X50.561 Y62.349 E270.27844
G1 X50.773 Y62.561
M204 S2000
M205 X30 Y30
G0 F3600 X50.835 Y60.265
M204 S500
M205 X10 Y10
G1 F2400 X48.369 Y57.799 E270.42946
G1 X48.157 Y57.587
M204 S2000
M205 X30 Y30
G0 F3600 X50.665 Y57.738
M204 S500
M205 X10 Y10
G1 F2400 X50.835 Y57.907 E270.43984
M204 S2000
M205 X30 Y30
G0 F3600 X48.204 Y62.349
M204 S500
M205 X10 Y10
G1 F2400 X46.135 Y60.28 E270.56656
G1 X45.923 Y60.068
M204 S2000
M205 X30 Y30
G0 F3600 X46.943 Y57.6
M204 S500
M205 X10 Y10
;TYPE:WALL-INNER
G1 F2400 X50.466 Y57.6 E270.71912
G1 X50.466 Y57.45 E270.72562
G1 X51.035 Y57.45 E270.75026
G1 X51.035 Y62.55 E270.97112
G1 X45.935 Y62.55 E271.19198
G1 X45.935 Y57.45 E271.41284
G1 X46.582 Y57.45 E271.44086
G0 F1920 X46.944 Y57.45
G0 X46.943 Y57.6
M204 S2000
M205 X30 Y30
G0 F3600 X47.446 Y57.1
M204 S500
M205 X10 Y10
G1 F2400 X49.966 Y57.1 E271.54999
G1 X49.966 Y56.95 E271.55648
G1 X51.535 Y56.95 E271.62443
G1 X51.535 Y63.05 E271.88859
G1 X45.435 Y63.05 E272.15276
G1 X45.435 Y56.95 E272.41692
G1 X47.085 Y56.95 E272.48838
G0 F1920 X47.447 Y56.95
G0 X47.446 Y57.1
M204 S2000
M205 X30 Y30
G0 F3600 X47.949 Y56.6
M204 S500
M205 X10 Y10
;TYPE:WALL-OUTER
G1 F1200 X49.466 Y56.6 E272.55407
G1 X49.466 Y56.45 E272.56057
G1 X52.035 Y56.45 E272.67182
G1 X52.035 Y63.55 E272.97929
G1 X44.935 Y63.55 E273.28676
G1 X44.935 Y56.45 E273.59423
G1 X47.588 Y56.45 E273.70912
G0 F960 X47.95 Y56.45
G0 X47.949 Y56.6
M204 S2000
M205 X30 Y30
G0 F3600 X48.199 Y56.6
G0 X48.199 Y57.6
G1 F2700 E269.70912 ; Modi
G0 F3600 X51.515 Y58.737
G0 X52.95 Y58.737
G0 X68.099 Y59.222
G0 X69.526 Y59.37
G0 X70.524 Y58.737
M204 S500
M205 X10 Y10
;TYPE:FILL
G1 F2700 E273.70912
G1 F2400 X73.747 Y61.96 E273.90651
G1 X73.959 Y62.172
M204 S2000
M205 X30 Y30
G0 F3600 X74.738 Y60.593
M204 S500
M205 X10 Y10
G1 F2400 X71.892 Y57.747 E274.08081
G1 X71.68 Y57.535
M204 S2000
M205 X30 Y30
G0 F3600 X70.329 Y60.899
M204 S500
M205 X10 Y10
G1 F2400 X71.572 Y62.142 E274.15694
G1 X71.784 Y62.354
M204 S2000
M205 X30 Y30
G0 F3600 X73.273 Y57.584
M204 S500
M205 X10 Y10
;TYPE:WALL-INNER
G1 F2400 X73.757 Y57.799 E274.17987
G1 X74.183 Y58.109 E274.20269
G1 X74.541 Y58.505 E274.22581
G1 X74.805 Y58.963 E274.2487
G1 X74.972 Y59.475 E274.27202
G1 X75.027 Y60 E274.29488
G1 X74.972 Y60.525 E274.31774
G1 X74.805 Y61.037 E274.34106
G1 X74.541 Y61.495 E274.36396
G1 X74.183 Y61.891 E274.38707
G1 X73.757 Y62.201 E274.40989
G1 X73.273 Y62.416 E274.43283
G1 X72.747 Y62.528 E274.45612
G1 X72.223 Y62.528 E274.47881
G1 X71.697 Y62.416 E274.5021
G1 X71.216 Y62.202 E274.5249
G1 X70.785 Y61.889 E274.54796
G1 X70.427 Y61.492 E274.57111
G1 X70.164 Y61.035 E274.59395
G1 X69.998 Y60.526 E274.61713
G1 X69.943 Y60 E274.64004
G1 X69.998 Y59.474 E274.66294
G1 X70.164 Y58.965 E274.68612
G1 X70.427 Y58.508 E274.70896
G1 X70.785 Y58.111 E274.73211
G1 X71.216 Y57.798 E274.75518
G1 X71.697 Y57.584 E274.77797
G1 X72.223 Y57.472 E274.80126
G1 X72.747 Y57.472 E274.82396
G1 X72.772 Y57.478 E274.82507
G0 F1920 X73.273 Y57.584
M204 S2000
M205 X30 Y30
G0 F3600 X73.429 Y57.106
M204 S500
M205 X10 Y10
G1 F2400 X74.007 Y57.363 E274.85246
G1 X74.52 Y57.736 E274.87993
G1 X74.948 Y58.21 E274.90759
G1 X75.266 Y58.761 E274.93514
G1 X75.463 Y59.367 E274.96273
G1 X75.53 Y60 E274.9903
G1 X75.463 Y60.633 E275.01786
G1 X75.266 Y61.239 E275.04546
G1 X74.948 Y61.79 E275.07301
G1 X74.52 Y62.264 E275.10067
G1 X74.007 Y62.637 E275.12813
G1 X73.429 Y62.894 E275.15553
G1 X72.799 Y63.028 E275.18342
G1 X72.171 Y63.028 E275.21062
G1 X71.541 Y62.894 E275.23851
G1 X70.963 Y62.637 E275.2659
G1 X70.451 Y62.265 E275.29331
G1 X70.02 Y61.787 E275.32118
G1 X69.703 Y61.237 E275.34867
G1 X69.507 Y60.634 E275.37613
G1 X69.44 Y60 E275.40374
G1 X69.507 Y59.366 E275.43135
G1 X69.703 Y58.763 E275.45881
G1 X70.02 Y58.213 E275.4863
G1 X70.451 Y57.735 E275.51417
G1 X70.963 Y57.363 E275.54158
G1 X71.541 Y57.106 E275.56897
G1 X72.171 Y56.972 E275.59686
G1 X72.799 Y56.972 E275.62406
G1 X72.929 Y57 E275.62982
G0 F1920 X73.429 Y57.106
M204 S2000
M205 X30 Y30
G0 F3600 X73.585 Y56.628
M204 S500
M205 X10 Y10
;TYPE:WALL-OUTER
G1 F1200 X74.257 Y56.927 E275.66167
G1 X74.857 Y57.363 E275.69379
G1 X75.355 Y57.915 E275.72598
G1 X75.726 Y58.558 E275.75813
G1 X75.954 Y59.26 E275.7901
G1 X76.032 Y60 E275.82232
G1 X75.954 Y60.74 E275.85454
G1 X75.726 Y61.442 E275.88651
G1 X75.355 Y62.085 E275.91866
G1 X74.857 Y62.637 E275.95085
G1 X74.257 Y63.073 E275.98297
G1 X73.585 Y63.372 E276.01482
G1 X72.851 Y63.528 E276.04732
G1 X72.119 Y63.528 E276.07902
G1 X71.385 Y63.372 E276.11152
G1 X70.71 Y63.072 E276.1435
G1 X70.114 Y62.639 E276.17541
G1 X69.615 Y62.085 E276.2077
G1 X69.245 Y61.443 E276.23978
G1 X69.015 Y60.738 E276.2719
G1 X68.938 Y60 E276.30403
G1 X69.015 Y59.262 E276.33616
G1 X69.245 Y58.557 E276.36828
G1 X69.615 Y57.915 E276.40037
G1 X70.114 Y57.361 E276.43266
G1 X70.71 Y56.928 E276.46456
G1 X71.385 Y56.628 E276.49655
G1 X72.119 Y56.472 E276.52904
G1 X72.851 Y56.472 E276.56074
G1 X73.084 Y56.522 E276.57106
G0 F960 X73.585 Y56.628
M204 S2000
M205 X30 Y30
G0 F3600 X73.813 Y56.729
G0 X73.406 Y57.643
G1 F2700 E272.57106 ; Modi
;MESH:NONMESH
G0 F600 X73.406 Y57.643 Z6.55
G0 F3600 X70.036 Y58.224
G0 X68.793 Y57.51
G0 X52.95 Y58.224
G0 X51.515 Y58.224
G0 X48.204 Y57.649
;TIME_ELAPSED:336.090753
;LAYER:25
M204 S500
M205 X10 Y10
;TYPE:FILL
;MESH:RetractTower
G1 F2700 E276.57106
G1 F2400 X46.135 Y59.718 E276.69778
G1 X45.923 Y59.93
M204 S2000
M205 X30 Y30
G0 F3600 X46.135 Y62.076
M204 S500
M205 X10 Y10
G1 F2400 X50.562 Y57.649 E276.9689
G1 X50.774 Y57.437
M204 S2000
M205 X30 Y30
G0 F3600 X50.834 Y59.734
M204 S500
M205 X10 Y10
G1 F2400 X48.219 Y62.349 E277.12905
G1 X48.007 Y62.561
M204 S2000
M205 X30 Y30
G0 F3600 X50.577 Y62.349
M204 S500
M205 X10 Y10
G1 F2400 X50.834 Y62.091 E277.14482
M204 S2000
M205 X30 Y30
G0 F3600 X51.035 Y62.55
M204 S500
M205 X10 Y10
;TYPE:WALL-INNER
G1 F2400 X45.935 Y62.55 E277.36568
G1 X45.935 Y57.45 E277.58654
G1 X51.035 Y57.45 E277.8074
G1 X51.035 Y62.038 E278.00609
G0 F1920 X51.035 Y62.55
M204 S2000
M205 X30 Y30
G0 F3600 X51.535 Y63.05
M204 S500
M205 X10 Y10
G1 F2400 X45.435 Y63.05 E278.27025
G1 X45.435 Y56.95 E278.53442
G1 X51.535 Y56.95 E278.79858
G1 X51.535 Y62.538 E279.04058
G0 F1920 X51.535 Y63.05
M204 S2000
M205 X30 Y30
G0 F3600 X52.035 Y63.55
M204 S500
M205 X10 Y10
;TYPE:WALL-OUTER
G1 F1200 X44.935 Y63.55 E279.34805
G1 X44.935 Y56.45 E279.65552
G1 X52.035 Y56.45 E279.96299
G1 X52.035 Y63.038 E280.24829
G0 F960 X52.035 Y63.55
M204 S2000
M205 X30 Y30
G0 F3600 X51.785 Y63.55
G0 X51.035 Y62.697
G1 F2700 E276.24829 ; Modi
G0 F3600 X51.515 Y61.261
G0 X52.95 Y61.261
G0 X68.1 Y60.779
G0 X69.526 Y60.63
G0 X70.524 Y61.261
M204 S500
M205 X10 Y10
;TYPE:FILL
G1 F2700 E280.24829
G1 F2400 X73.747 Y58.038 E280.44567
G1 X73.959 Y57.826
M204 S2000
M205 X30 Y30
G0 F3600 X74.737 Y59.406
M204 S500
M205 X10 Y10
G1 F2400 X71.89 Y62.252 E280.62
G1 X71.678 Y62.464
M204 S2000
M205 X30 Y30
G0 F3600 X70.331 Y59.097
M204 S500
M205 X10 Y10
G1 F2400 X71.571 Y57.856 E280.69598
G1 X71.783 Y57.644
M204 S2000
M205 X30 Y30
G0 F3600 X73.273 Y57.584
M204 S500
M205 X10 Y10
;TYPE:WALL-INNER
G1 F2400 X73.757 Y57.799 E280.71891
G1 X74.183 Y58.109 E280.74173
G1 X74.541 Y58.505 E280.76485
G1 X74.805 Y58.963 E280.78774
G1 X74.972 Y59.475 E280.81106
G1 X75.027 Y60 E280.83392
G1 X74.972 Y60.525 E280.85678
G1 X74.805 Y61.037 E280.8801
G1 X74.541 Y61.495 E280.903
G1 X74.183 Y61.891 E280.92611
G1 X73.757 Y62.201 E280.94893
G1 X73.273 Y62.416 E280.97186
G1 X72.747 Y62.528 E280.99515
G1 X72.223 Y62.528 E281.01785
G1 X71.697 Y62.416 E281.04114
G1 X71.216 Y62.202 E281.06393
G1 X70.785 Y61.889 E281.087
G1 X70.427 Y61.492 E281.11015
G1 X70.164 Y61.035 E281.13299
G1 X69.998 Y60.526 E281.15617
G1 X69.943 Y60 E281.17907
G1 X69.998 Y59.474 E281.20198
G1 X70.164 Y58.965 E281.22516
G1 X70.427 Y58.508 E281.248
G1 X70.785 Y58.111 E281.27115
G1 X71.216 Y57.798 E281.29421
G1 X71.697 Y57.584 E281.31701
G1 X72.223 Y57.472 E281.3403
G1 X72.747 Y57.472 E281.36299
G1 X72.772 Y57.478 E281.36411
G0 F1920 X73.273 Y57.584
M204 S2000
M205 X30 Y30
G0 F3600 X73.429 Y57.106
M204 S500
M205 X10 Y10
G1 F2400 X74.007 Y57.363 E281.3915
G1 X74.52 Y57.736 E281.41897
G1 X74.948 Y58.21 E281.44663
G1 X75.266 Y58.761 E281.47418
G1 X75.463 Y59.367 E281.50177
G1 X75.53 Y60 E281.52934
G1 X75.463 Y60.633 E281.5569
G1 X75.266 Y61.239 E281.5845
G1 X74.948 Y61.79 E281.61205
G1 X74.52 Y62.264 E281.6397
G1 X74.007 Y62.637 E281.66717
G1 X73.429 Y62.894 E281.69457
G1 X72.799 Y63.028 E281.72246
G1 X72.171 Y63.028 E281.74965
G1 X71.541 Y62.894 E281.77755
G1 X70.963 Y62.637 E281.80494
G1 X70.451 Y62.265 E281.83235
G1 X70.02 Y61.787 E281.86022
G1 X69.703 Y61.237 E281.88771
G1 X69.507 Y60.634 E281.91517
G1 X69.44 Y60 E281.94278
G1 X69.507 Y59.366 E281.97039
G1 X69.703 Y58.763 E281.99785
G1 X70.02 Y58.213 E282.02534
G1 X70.451 Y57.735 E282.05321
G1 X70.963 Y57.363 E282.08062
G1 X71.541 Y57.106 E282.10801
G1 X72.171 Y56.972 E282.1359
G1 X72.799 Y56.972 E282.1631
G1 X72.929 Y57 E282.16886
G0 F1920 X73.429 Y57.106
M204 S2000
M205 X30 Y30
G0 F3600 X73.585 Y56.628
M204 S500
M205 X10 Y10
;TYPE:WALL-OUTER
G1 F1200 X74.257 Y56.927 E282.20071
G1 X74.857 Y57.363 E282.23283
G1 X75.355 Y57.915 E282.26502
G1 X75.726 Y58.558 E282.29717
G1 X75.954 Y59.26 E282.32914
G1 X76.032 Y60 E282.36136
G1 X75.954 Y60.74 E282.39358
G1 X75.726 Y61.442 E282.42555
G1 X75.355 Y62.085 E282.4577
G1 X74.857 Y62.637 E282.48989
G1 X74.257 Y63.073 E282.52201
G1 X73.585 Y63.372 E282.55386
G1 X72.851 Y63.528 E282.58636
G1 X72.119 Y63.528 E282.61806
G1 X71.385 Y63.372 E282.65055
G1 X70.71 Y63.072 E282.68254
G1 X70.114 Y62.639 E282.71445
G1 X69.615 Y62.085 E282.74673
G1 X69.245 Y61.443 E282.77882
G1 X69.015 Y60.738 E282.81094
G1 X68.938 Y60 E282.84307
G1 X69.015 Y59.262 E282.8752
G1 X69.245 Y58.557 E282.90732
G1 X69.615 Y57.915 E282.93941
G1 X70.114 Y57.361 E282.9717
G1 X70.71 Y56.928 E283.0036
G1 X71.385 Y56.628 E283.03559
G1 X72.119 Y56.472 E283.06808
G1 X72.851 Y56.472 E283.09978
G1 X73.084 Y56.522 E283.1101
G0 F960 X73.585 Y56.628
M204 S2000
M205 X30 Y30
G0 F3600 X73.813 Y56.729
G0 X73.406 Y57.643
G1 F2700 E279.11010 ; Modi
;MESH:NONMESH
G0 F600 X73.406 Y57.643 Z6.8
G0 F3600 X70.036 Y58.224
G0 X68.793 Y57.51
G0 X52.95 Y58.224
G0 X51.515 Y58.224
G0 X46.135 Y57.922
;TIME_ELAPSED:344.052847
;LAYER:26
M204 S500
M205 X10 Y10
;TYPE:FILL
;MESH:RetractTower
G1 F2700 E283.1101
G1 F2400 X50.561 Y62.349 E283.3812
G1 X50.773 Y62.561
M204 S2000
M205 X30 Y30
G0 F3600 X50.835 Y60.265
M204 S500
M205 X10 Y10
G1 F2400 X48.219 Y57.649 E283.54141
G1 X48.007 Y57.437
M204 S2000
M205 X30 Y30
G0 F3600 X50.577 Y57.649
M204 S500
M205 X10 Y10
G1 F2400 X50.835 Y57.907 E283.55721
M204 S2000
M205 X30 Y30
G0 F3600 X48.204 Y62.349
M204 S500
M205 X10 Y10
G1 F2400 X46.135 Y60.28 E283.68392
G1 X45.923 Y60.068
M204 S2000
M205 X30 Y30
G0 F3600 X51.035 Y62.55
M204 S500
M205 X10 Y10
;TYPE:WALL-INNER
G1 F2400 X45.935 Y62.55 E283.90478
G1 X45.935 Y57.45 E284.12564
G1 X51.035 Y57.45 E284.3465
G1 X51.035 Y62.038 E284.54519
G0 F1920 X51.035 Y62.55
M204 S2000
M205 X30 Y30
G0 F3600 X51.535 Y63.05
M204 S500
M205 X10 Y10
G1 F2400 X45.435 Y63.05 E284.80935
G1 X45.435 Y56.95 E285.07352
G1 X51.535 Y56.95 E285.33768
G1 X51.535 Y62.538 E285.57968
G0 F1920 X51.535 Y63.05
M204 S2000
M205 X30 Y30
G0 F3600 X52.035 Y63.55
M204 S500
M205 X10 Y10
;TYPE:WALL-OUTER
G1 F1200 X44.935 Y63.55 E285.88715
G1 X44.935 Y56.45 E286.19462
G1 X52.035 Y56.45 E286.50209
G1 X52.035 Y63.038 E286.78739
G0 F960 X52.035 Y63.55
M204 S2000
M205 X30 Y30
G0 F3600 X51.785 Y63.55
G0 X51.035 Y62.697
G1 F2700 E282.78739 ; Modi
G0 F3600 X51.515 Y60.899
G0 X52.95 Y60.899
G0 X68.035 Y60.149
G0 X69.46 Y60
G0 X70.329 Y60.899
M204 S500
M205 X10 Y10
;TYPE:FILL
G1 F2700 E286.78739
G1 F2400 X71.572 Y62.142 E286.86351
G1 X71.784 Y62.354
M204 S2000
M205 X30 Y30
G0 F3600 X73.747 Y61.96
M204 S500
M205 X10 Y10
G1 F2400 X70.524 Y58.737 E287.0609
G1 X70.312 Y58.525
M204 S2000
M205 X30 Y30
G0 F3600 X71.892 Y57.747
M204 S500
M205 X10 Y10
G1 F2400 X74.738 Y60.593 E287.2352
G1 X74.95 Y60.805
M204 S2000
M205 X30 Y30
G0 F3600 X73.273 Y57.584
M204 S500
M205 X10 Y10
;TYPE:WALL-INNER
G1 F2400 X73.757 Y57.799 E287.25813
G1 X74.183 Y58.109 E287.28095
G1 X74.541 Y58.505 E287.30407
G1 X74.805 Y58.963 E287.32696
G1 X74.972 Y59.475 E287.35028
G1 X75.027 Y60 E287.37314
G1 X74.972 Y60.525 E287.396
G1 X74.805 Y61.037 E287.41933
G1 X74.541 Y61.495 E287.44222
G1 X74.183 Y61.891 E287.46534
G1 X73.757 Y62.201 E287.48815
G1 X73.273 Y62.416 E287.51109
G1 X72.747 Y62.528 E287.53438
G1 X72.223 Y62.528 E287.55707
G1 X71.697 Y62.416 E287.58036
G1 X71.216 Y62.202 E287.60316
G1 X70.785 Y61.889 E287.62623
G1 X70.427 Y61.492 E287.64938
G1 X70.164 Y61.035 E287.67221
G1 X69.998 Y60.526 E287.69539
G1 X69.943 Y60 E287.7183
G1 X69.998 Y59.474 E287.7412
G1 X70.164 Y58.965 E287.76439
G1 X70.427 Y58.508 E287.78722
G1 X70.785 Y58.111 E287.81037
G1 X71.216 Y57.798 E287.83344
G1 X71.697 Y57.584 E287.85624
G1 X72.223 Y57.472 E287.87953
G1 X72.747 Y57.472 E287.90222
G1 X72.772 Y57.478 E287.90333
G0 F1920 X73.273 Y57.584
M204 S2000
M205 X30 Y30
G0 F3600 X73.429 Y57.106
M204 S500
M205 X10 Y10
G1 F2400 X74.007 Y57.363 E287.93072
G1 X74.52 Y57.736 E287.95819
G1 X74.948 Y58.21 E287.98585
G1 X75.266 Y58.761 E288.0134
G1 X75.463 Y59.367 E288.04099
G1 X75.53 Y60 E288.06856
G1 X75.463 Y60.633 E288.09613
G1 X75.266 Y61.239 E288.12372
G1 X74.948 Y61.79 E288.15127
G1 X74.52 Y62.264 E288.17893
G1 X74.007 Y62.637 E288.2064
G1 X73.429 Y62.894 E288.23379
G1 X72.799 Y63.028 E288.26168
G1 X72.171 Y63.028 E288.28888
G1 X71.541 Y62.894 E288.31677
G1 X70.963 Y62.637 E288.34416
G1 X70.451 Y62.265 E288.37157
G1 X70.02 Y61.787 E288.39944
G1 X69.703 Y61.237 E288.42693
G1 X69.507 Y60.634 E288.45439
G1 X69.44 Y60 E288.482
G1 X69.507 Y59.366 E288.50961
G1 X69.703 Y58.763 E288.53707
G1 X70.02 Y58.213 E288.56456
G1 X70.451 Y57.735 E288.59243
G1 X70.963 Y57.363 E288.61984
G1 X71.541 Y57.106 E288.64723
G1 X72.171 Y56.972 E288.67513
G1 X72.799 Y56.972 E288.70232
G1 X72.929 Y57 E288.70808
G0 F1920 X73.429 Y57.106
M204 S2000
M205 X30 Y30
G0 F3600 X73.585 Y56.628
M204 S500
M205 X10 Y10
;TYPE:WALL-OUTER
G1 F1200 X74.257 Y56.927 E288.73993
G1 X74.857 Y57.363 E288.77205
G1 X75.355 Y57.915 E288.80425
G1 X75.726 Y58.558 E288.8364
G1 X75.954 Y59.26 E288.86836
G1 X76.032 Y60 E288.90058
G1 X75.954 Y60.74 E288.93281
G1 X75.726 Y61.442 E288.96477
G1 X75.355 Y62.085 E288.99692
G1 X74.857 Y62.637 E289.02911
G1 X74.257 Y63.073 E289.06123
G1 X73.585 Y63.372 E289.09309
G1 X72.851 Y63.528 E289.12558
G1 X72.119 Y63.528 E289.15728
G1 X71.385 Y63.372 E289.18978
G1 X70.71 Y63.072 E289.22177
G1 X70.114 Y62.639 E289.25367
G1 X69.615 Y62.085 E289.28596
G1 X69.245 Y61.443 E289.31805
G1 X69.015 Y60.738 E289.35016
G1 X68.938 Y60 E289.38229
G1 X69.015 Y59.262 E289.41443
G1 X69.245 Y58.557 E289.44654
G1 X69.615 Y57.915 E289.47863
G1 X70.114 Y57.361 E289.51092
G1 X70.71 Y56.928 E289.54282
G1 X71.385 Y56.628 E289.57481
G1 X72.119 Y56.472 E289.60731
G1 X72.851 Y56.472 E289.63901
G1 X73.084 Y56.522 E289.64933
G0 F960 X73.585 Y56.628
M204 S2000
M205 X30 Y30
G0 F3600 X73.813 Y56.729
G0 X73.406 Y57.643
G1 F2700 E285.64933 ; Modi
;MESH:NONMESH
G0 F600 X73.406 Y57.643 Z7.05
G0 F3600 X70.036 Y58.224
G0 X68.793 Y57.51
G0 X52.95 Y58.224
G0 X51.515 Y58.224
G0 X48.204 Y57.649
;TIME_ELAPSED:352.187962
;LAYER:27
M204 S500
M205 X10 Y10
;TYPE:FILL
;MESH:RetractTower
G1 F2700 E289.64933
G1 F2400 X46.135 Y59.718 E289.77604
G1 X45.923 Y59.93
M204 S2000
M205 X30 Y30
G0 F3600 X46.135 Y62.076
M204 S500
M205 X10 Y10
G1 F2400 X50.562 Y57.649 E290.04716
G1 X50.774 Y57.437
M204 S2000
M205 X30 Y30
G0 F3600 X50.834 Y59.734
M204 S500
M205 X10 Y10
G1 F2400 X48.219 Y62.349 E290.20732
G1 X48.007 Y62.561
M204 S2000
M205 X30 Y30
G0 F3600 X50.577 Y62.349
M204 S500
M205 X10 Y10
G1 F2400 X50.834 Y62.091 E290.22309
M204 S2000
M205 X30 Y30
G0 F3600 X51.035 Y62.55
M204 S500
M205 X10 Y10
;TYPE:WALL-INNER
G1 F2400 X45.935 Y62.55 E290.44395
G1 X45.935 Y57.45 E290.66481
G1 X51.035 Y57.45 E290.88566
G1 X51.035 Y62.038 E291.08435
G0 F1920 X51.035 Y62.55
M204 S2000
M205 X30 Y30
G0 F3600 X51.535 Y63.05
M204 S500
M205 X10 Y10
G1 F2400 X45.435 Y63.05 E291.34852
G1 X45.435 Y56.95 E291.61268
G1 X51.535 Y56.95 E291.87685
G1 X51.535 Y62.538 E292.11884
G0 F1920 X51.535 Y63.05
M204 S2000
M205 X30 Y30
G0 F3600 X52.035 Y63.55
M204 S500
M205 X10 Y10
;TYPE:WALL-OUTER
G1 F1200 X44.935 Y63.55 E292.42631
G1 X44.935 Y56.45 E292.73378
G1 X52.035 Y56.45 E293.04125
G1 X52.035 Y63.038 E293.32655
G0 F960 X52.035 Y63.55
M204 S2000
M205 X30 Y30
G0 F3600 X51.785 Y63.55
G0 X51.035 Y62.697
G1 F2700 E289.32655 ; Modi
G0 F3600 X51.515 Y61.261
G0 X52.95 Y61.261
G0 X68.1 Y60.779
G0 X69.526 Y60.63
G0 X70.524 Y61.261
M204 S500
M205 X10 Y10
;TYPE:FILL
G1 F2700 E293.32655
G1 F2400 X73.747 Y58.038 E293.52394
G1 X73.959 Y57.826
M204 S2000
M205 X30 Y30
G0 F3600 X74.737 Y59.406
M204 S500
M205 X10 Y10
G1 F2400 X71.89 Y62.252 E293.69827
G1 X71.678 Y62.464
M204 S2000
M205 X30 Y30
G0 F3600 X70.331 Y59.097
M204 S500
M205 X10 Y10
G1 F2400 X71.571 Y57.856 E293.77424
G1 X71.783 Y57.644
M204 S2000
M205 X30 Y30
G0 F3600 X73.273 Y57.584
M204 S500
M205 X10 Y10
;TYPE:WALL-INNER
G1 F2400 X73.757 Y57.799 E293.79717
G1 X74.183 Y58.109 E293.81999
G1 X74.541 Y58.505 E293.84311
G1 X74.805 Y58.963 E293.866
G1 X74.972 Y59.475 E293.88932
G1 X75.027 Y60 E293.91218
G1 X74.972 Y60.525 E293.93504
G1 X74.805 Y61.037 E293.95837
G1 X74.541 Y61.495 E293.98126
G1 X74.183 Y61.891 E294.00438
G1 X73.757 Y62.201 E294.02719
G1 X73.273 Y62.416 E294.05013
G1 X72.747 Y62.528 E294.07342
G1 X72.223 Y62.528 E294.09611
G1 X71.697 Y62.416 E294.1194
G1 X71.216 Y62.202 E294.1422
G1 X70.785 Y61.889 E294.16526
G1 X70.427 Y61.492 E294.18841
G1 X70.164 Y61.035 E294.21125
G1 X69.998 Y60.526 E294.23443
G1 X69.943 Y60 E294.25734
G1 X69.998 Y59.474 E294.28024
G1 X70.164 Y58.965 E294.30343
G1 X70.427 Y58.508 E294.32626
G1 X70.785 Y58.111 E294.34941
G1 X71.216 Y57.798 E294.37248
G1 X71.697 Y57.584 E294.39528
G1 X72.223 Y57.472 E294.41856
G1 X72.747 Y57.472 E294.44126
G1 X72.772 Y57.478 E294.44237
G0 F1920 X73.273 Y57.584
M204 S2000
M205 X30 Y30
G0 F3600 X73.429 Y57.106
M204 S500
M205 X10 Y10
G1 F2400 X74.007 Y57.363 E294.46976
G1 X74.52 Y57.736 E294.49723
G1 X74.948 Y58.21 E294.52489
G1 X75.266 Y58.761 E294.55244
G1 X75.463 Y59.367 E294.58003
G1 X75.53 Y60 E294.6076
G1 X75.463 Y60.633 E294.63516
G1 X75.266 Y61.239 E294.66276
G1 X74.948 Y61.79 E294.69031
G1 X74.52 Y62.264 E294.71797
G1 X74.007 Y62.637 E294.74543
G1 X73.429 Y62.894 E294.77283
G1 X72.799 Y63.028 E294.80072
G1 X72.171 Y63.028 E294.82792
G1 X71.541 Y62.894 E294.85581
G1 X70.963 Y62.637 E294.8832
G1 X70.451 Y62.265 E294.91061
G1 X70.02 Y61.787 E294.93848
G1 X69.703 Y61.237 E294.96597
G1 X69.507 Y60.634 E294.99343
G1 X69.44 Y60 E295.02104
G1 X69.507 Y59.366 E295.04865
G1 X69.703 Y58.763 E295.07611
G1 X70.02 Y58.213 E295.1036
G1 X70.451 Y57.735 E295.13147
G1 X70.963 Y57.363 E295.15888
G1 X71.541 Y57.106 E295.18627
G1 X72.171 Y56.972 E295.21416
G1 X72.799 Y56.972 E295.24136
G1 X72.929 Y57 E295.24712
G0 F1920 X73.429 Y57.106
M204 S2000
M205 X30 Y30
G0 F3600 X73.585 Y56.628
M204 S500
M205 X10 Y10
;TYPE:WALL-OUTER
G1 F1200 X74.257 Y56.927 E295.27897
G1 X74.857 Y57.363 E295.31109
G1 X75.355 Y57.915 E295.34329
G1 X75.726 Y58.558 E295.37543
G1 X75.954 Y59.26 E295.4074
G1 X76.032 Y60 E295.43962
G1 X75.954 Y60.74 E295.47185
G1 X75.726 Y61.442 E295.50381
G1 X75.355 Y62.085 E295.53596
G1 X74.857 Y62.637 E295.56815
G1 X74.257 Y63.073 E295.60027
G1 X73.585 Y63.372 E295.63212
G1 X72.851 Y63.528 E295.66462
G1 X72.119 Y63.528 E295.69632
G1 X71.385 Y63.372 E295.72882
G1 X70.71 Y63.072 E295.76081
G1 X70.114 Y62.639 E295.79271
G1 X69.615 Y62.085 E295.825
G1 X69.245 Y61.443 E295.85709
G1 X69.015 Y60.738 E295.8892
G1 X68.938 Y60 E295.92133
G1 X69.015 Y59.262 E295.95347
G1 X69.245 Y58.557 E295.98558
G1 X69.615 Y57.915 E296.01767
G1 X70.114 Y57.361 E296.04996
G1 X70.71 Y56.928 E296.08186
G1 X71.385 Y56.628 E296.11385
G1 X72.119 Y56.472 E296.14635
G1 X72.851 Y56.472 E296.17805
G1 X73.084 Y56.522 E296.18837
G0 F960 X73.585 Y56.628
M204 S2000
M205 X30 Y30
G0 F3600 X73.813 Y56.729
G0 X73.406 Y57.643
G1 F2700 E292.18837 ; Modi
;MESH:NONMESH
G0 F600 X73.406 Y57.643 Z7.3
G0 F3600 X70.036 Y58.224
G0 X68.793 Y57.51
G0 X52.95 Y58.224
G0 X51.515 Y58.224
G0 X46.135 Y57.922
;TIME_ELAPSED:360.150055
;LAYER:28
M204 S500
M205 X10 Y10
;TYPE:FILL
;MESH:RetractTower
G1 F2700 E296.18837
G1 F2400 X50.561 Y62.349 E296.45946
G1 X50.773 Y62.561
M204 S2000
M205 X30 Y30
G0 F3600 X50.835 Y60.265
M204 S500
M205 X10 Y10
G1 F2400 X48.219 Y57.649 E296.61967
G1 X48.007 Y57.437
M204 S2000
M205 X30 Y30
G0 F3600 X50.577 Y57.649
M204 S500
M205 X10 Y10
G1 F2400 X50.835 Y57.907 E296.63547
M204 S2000
M205 X30 Y30
G0 F3600 X48.204 Y62.349
M204 S500
M205 X10 Y10
G1 F2400 X46.135 Y60.28 E296.76219
G1 X45.923 Y60.068
M204 S2000
M205 X30 Y30
G0 F3600 X51.035 Y62.55
M204 S500
M205 X10 Y10
;TYPE:WALL-INNER
G1 F2400 X45.935 Y62.55 E296.98305
G1 X45.935 Y57.45 E297.20391
G1 X51.035 Y57.45 E297.42476
G1 X51.035 Y62.038 E297.62345
G0 F1920 X51.035 Y62.55
M204 S2000
M205 X30 Y30
G0 F3600 X51.535 Y63.05
M204 S500
M205 X10 Y10
G1 F2400 X45.435 Y63.05 E297.88762
G1 X45.435 Y56.95 E298.15178
G1 X51.535 Y56.95 E298.41595
G1 X51.535 Y62.538 E298.65794
G0 F1920 X51.535 Y63.05
M204 S2000
M205 X30 Y30
G0 F3600 X52.035 Y63.55
M204 S500
M205 X10 Y10
;TYPE:WALL-OUTER
G1 F1200 X44.935 Y63.55 E298.96541
G1 X44.935 Y56.45 E299.27288
G1 X52.035 Y56.45 E299.58035
G1 X52.035 Y63.038 E299.86565
G0 F960 X52.035 Y63.55
M204 S2000
M205 X30 Y30
G0 F3600 X51.785 Y63.55
G0 X51.035 Y62.697
G1 F2700 E295.86565 ; Modi
G0 F3600 X51.515 Y60.899
G0 X52.95 Y60.899
G0 X68.035 Y60.149
G0 X69.46 Y60
G0 X70.329 Y60.899
M204 S500
M205 X10 Y10
;TYPE:FILL
G1 F2700 E299.86565
G1 F2400 X71.572 Y62.142 E299.94178
G1 X71.784 Y62.354
M204 S2000
M205 X30 Y30
G0 F3600 X73.747 Y61.96
M204 S500
M205 X10 Y10
G1 F2400 X70.524 Y58.737 E300.13916
G1 X70.312 Y58.525
M204 S2000
M205 X30 Y30
G0 F3600 X71.892 Y57.747
M204 S500
M205 X10 Y10
G1 F2400 X74.738 Y60.593 E300.31346
G1 X74.95 Y60.805
M204 S2000
M205 X30 Y30
G0 F3600 X73.273 Y57.584
M204 S500
M205 X10 Y10
;TYPE:WALL-INNER
G1 F2400 X73.757 Y57.799 E300.3364
G1 X74.183 Y58.109 E300.35921
G1 X74.541 Y58.505 E300.38233
G1 X74.805 Y58.963 E300.40522
G1 X74.972 Y59.475 E300.42855
G1 X75.027 Y60 E300.45141
G1 X74.972 Y60.525 E300.47427
G1 X74.805 Y61.037 E300.49759
G1 X74.541 Y61.495 E300.52048
G1 X74.183 Y61.891 E300.5436
G1 X73.757 Y62.201 E300.56642
G1 X73.273 Y62.416 E300.58935
G1 X72.747 Y62.528 E300.61264
G1 X72.223 Y62.528 E300.63533
G1 X71.697 Y62.416 E300.65862
G1 X71.216 Y62.202 E300.68142
G1 X70.785 Y61.889 E300.70449
G1 X70.427 Y61.492 E300.72764
G1 X70.164 Y61.035 E300.75047
G1 X69.998 Y60.526 E300.77366
G1 X69.943 Y60 E300.79656
G1 X69.998 Y59.474 E300.81946
G1 X70.164 Y58.965 E300.84265
G1 X70.427 Y58.508 E300.86548
G1 X70.785 Y58.111 E300.88863
G1 X71.216 Y57.798 E300.9117
G1 X71.697 Y57.584 E300.9345
G1 X72.223 Y57.472 E300.95779
G1 X72.747 Y57.472 E300.98048
G1 X72.772 Y57.478 E300.98159
G0 F1920 X73.273 Y57.584
M204 S2000
M205 X30 Y30
G0 F3600 X73.429 Y57.106
M204 S500
M205 X10 Y10
G1 F2400 X74.007 Y57.363 E301.00899
G1 X74.52 Y57.736 E301.03645
G1 X74.948 Y58.21 E301.06411
G1 X75.266 Y58.761 E301.09166
G1 X75.463 Y59.367 E301.11926
G1 X75.53 Y60 E301.14682
G1 X75.463 Y60.633 E301.17439
G1 X75.266 Y61.239 E301.20198
G1 X74.948 Y61.79 E301.22953
G1 X74.52 Y62.264 E301.25719
G1 X74.007 Y62.637 E301.28466
G1 X73.429 Y62.894 E301.31205
G1 X72.799 Y63.028 E301.33994
G1 X72.171 Y63.028 E301.36714
G1 X71.541 Y62.894 E301.39503
G1 X70.963 Y62.637 E301.42243
G1 X70.451 Y62.265 E301.44983
G1 X70.02 Y61.787 E301.47771
G1 X69.703 Y61.237 E301.5052
G1 X69.507 Y60.634 E301.53266
G1 X69.44 Y60 E301.56026
G1 X69.507 Y59.366 E301.58787
G1 X69.703 Y58.763 E301.61533
G1 X70.02 Y58.213 E301.64282
G1 X70.451 Y57.735 E301.67069
G1 X70.963 Y57.363 E301.6981
G1 X71.541 Y57.106 E301.72549
G1 X72.171 Y56.972 E301.75339
G1 X72.799 Y56.972 E301.78058
G1 X72.929 Y57 E301.78634
G0 F1920 X73.429 Y57.106
M204 S2000
M205 X30 Y30
G0 F3600 X73.585 Y56.628
M204 S500
M205 X10 Y10
;TYPE:WALL-OUTER
G1 F1200 X74.257 Y56.927 E301.81819
G1 X74.857 Y57.363 E301.85031
G1 X75.355 Y57.915 E301.88251
G1 X75.726 Y58.558 E301.91466
G1 X75.954 Y59.26 E301.94662
G1 X76.032 Y60 E301.97885
G1 X75.954 Y60.74 E302.01107
G1 X75.726 Y61.442 E302.04303
G1 X75.355 Y62.085 E302.07518
G1 X74.857 Y62.637 E302.10738
G1 X74.257 Y63.073 E302.1395
G1 X73.585 Y63.372 E302.17135
G1 X72.851 Y63.528 E302.20384
G1 X72.119 Y63.528 E302.23554
G1 X71.385 Y63.372 E302.26804
G1 X70.71 Y63.072 E302.30003
G1 X70.114 Y62.639 E302.33193
G1 X69.615 Y62.085 E302.36422
G1 X69.245 Y61.443 E302.39631
G1 X69.015 Y60.738 E302.42842
G1 X68.938 Y60 E302.46056
G1 X69.015 Y59.262 E302.49269
G1 X69.245 Y58.557 E302.5248
G1 X69.615 Y57.915 E302.55689
G1 X70.114 Y57.361 E302.58918
G1 X70.71 Y56.928 E302.62108
G1 X71.385 Y56.628 E302.65307
G1 X72.119 Y56.472 E302.68557
G1 X72.851 Y56.472 E302.71727
G1 X73.084 Y56.522 E302.72759
G0 F960 X73.585 Y56.628
M204 S2000
M205 X30 Y30
G0 F3600 X73.813 Y56.729
G0 X73.406 Y57.643
G1 F2700 E298.72759 ; Modi
;MESH:NONMESH
G0 F600 X73.406 Y57.643 Z7.55
G0 F3600 X70.036 Y58.224
G0 X68.793 Y57.51
G0 X52.95 Y58.224
G0 X51.515 Y58.224
G0 X48.044 Y57.809
;TIME_ELAPSED:368.287423
;LAYER:29
M204 S500
M205 X10 Y10
;TYPE:FILL
;MESH:RetractTower
G1 F2700 E302.72759
G1 F2400 X46.294 Y59.558 E302.83473
G1 X46.082 Y59.77
M204 S2000
M205 X30 Y30
G0 F3600 X46.294 Y61.916
M204 S500
M205 X10 Y10
G1 F2400 X50.401 Y57.809 E303.08626
G1 X50.613 Y57.597
M204 S2000
M205 X30 Y30
G0 F3600 X50.674 Y59.894
M204 S500
M205 X10 Y10
G1 F2400 X48.379 Y62.189 E303.22682
G1 X48.167 Y62.401
M204 S2000
M205 X30 Y30
G0 F3600 X51.347 Y60.622
G0 X69.842 Y60.616
G0 X70.815 Y60.97
M204 S500
M205 X10 Y10
G1 F2400 X73.462 Y58.323 E303.38893
G1 X73.674 Y58.111
M204 S2000
M205 X30 Y30
G0 F3600 X74.398 Y59.745
M204 S500
M205 X10 Y10
G1 F2400 X72.225 Y61.918 E303.52201
G1 X72.013 Y62.13
M204 S2000
M205 X30 Y30
G0 F3600 X69.842 Y60.616
G0 X50.875 Y59.85
M204 S500
M205 X10 Y10
;TYPE:WALL-INNER
G1 F2400 X70.111 Y59.85 E304.35504
G1 X70.749 Y58.744 E304.41033
G1 X71.054 Y58.407 E304.43002
G1 X71.413 Y58.145 E304.44926
G1 X71.821 Y57.964 E304.46859
G1 X72.262 Y57.87 E304.48812
G1 X72.707 Y57.87 E304.50739
G1 X73.148 Y57.964 E304.52692
G1 X73.557 Y58.145 E304.54629
G1 X73.916 Y58.407 E304.56553
G1 X74.217 Y58.74 E304.58497
G1 X74.444 Y59.133 E304.60463
G1 X74.581 Y59.553 E304.62376
G1 X74.628 Y60 E304.64322
G1 X74.581 Y60.447 E304.66269
G1 X74.444 Y60.867 E304.68182
G1 X74.217 Y61.26 E304.70147
G1 X73.916 Y61.593 E304.72091
G1 X73.557 Y61.855 E304.74016
G1 X73.148 Y62.036 E304.75953
G1 X72.707 Y62.13 E304.77905
G1 X72.262 Y62.13 E304.79832
G1 X71.821 Y62.036 E304.81785
G1 X71.413 Y61.855 E304.83718
G1 X71.054 Y61.593 E304.85643
G1 X70.749 Y61.256 E304.87611
G1 X70.111 Y60.15 E304.9314
G1 X50.875 Y60.15 E305.76443
G1 X50.875 Y62.39 E305.86144
G1 X46.095 Y62.39 E306.06844
G1 X46.095 Y57.61 E306.27544
G1 X50.875 Y57.61 E306.48244
G1 X50.875 Y59.338 E306.55728
G0 F1920 X50.875 Y59.85
M204 S2000
M205 X30 Y30
G0 F3600 X51.375 Y59.35
M204 S500
M205 X10 Y10
G1 F2400 X69.822 Y59.35 E307.35614
G1 X70.342 Y58.449 E307.40119
G1 X70.717 Y58.034 E307.42541
G1 X71.163 Y57.709 E307.44931
G1 X71.665 Y57.486 E307.47309
G1 X72.21 Y57.37 E307.49723
G1 X72.759 Y57.37 E307.521
G1 X73.304 Y57.486 E307.54513
G1 X73.807 Y57.709 E307.56896
G1 X74.253 Y58.034 E307.59286
G1 X74.624 Y58.445 E307.61683
G1 X74.902 Y58.927 E307.64093
G1 X75.072 Y59.449 E307.6647
G1 X75.13 Y60 E307.6887
G1 X75.072 Y60.551 E307.71269
G1 X74.902 Y61.073 E307.73647
G1 X74.624 Y61.555 E307.76056
G1 X74.253 Y61.966 E307.78454
G1 X73.807 Y62.291 E307.80844
G1 X73.304 Y62.514 E307.83226
G1 X72.759 Y62.63 E307.8564
G1 X72.21 Y62.63 E307.88017
G1 X71.665 Y62.514 E307.9043
G1 X71.163 Y62.291 E307.92809
G1 X70.717 Y61.966 E307.95199
G1 X70.342 Y61.551 E307.97621
G1 X69.822 Y60.65 E308.02126
G1 X51.375 Y60.65 E308.82012
G1 X51.375 Y62.89 E308.91713
G1 X45.595 Y62.89 E309.16743
G1 X45.595 Y57.11 E309.41774
G1 X51.375 Y57.11 E309.66805
G1 X51.375 Y58.838 E309.74288
G0 F1920 X51.375 Y59.35
M204 S2000
M205 X30 Y30
G0 F3600 X51.875 Y58.85
M204 S500
M205 X10 Y10
;TYPE:WALL-OUTER
G1 F1200 X69.533 Y58.85 E310.50757
G1 X69.935 Y58.154 E310.54238
G1 X70.38 Y57.661 E310.57114
G1 X70.913 Y57.273 E310.59969
G1 X71.509 Y57.008 E310.62794
G1 X72.158 Y56.87 E310.65667
G1 X72.811 Y56.87 E310.68495
G1 X73.46 Y57.008 E310.71368
G1 X74.057 Y57.273 E310.74197
G1 X74.59 Y57.661 E310.77052
G1 X75.031 Y58.15 E310.79903
G1 X75.36 Y58.721 E310.82757
G1 X75.563 Y59.345 E310.85599
G1 X75.632 Y60 E310.88451
G1 X75.563 Y60.655 E310.91303
G1 X75.36 Y61.279 E310.94145
G1 X75.031 Y61.85 E310.96999
G1 X74.59 Y62.339 E310.99851
G1 X74.057 Y62.727 E311.02706
G1 X73.46 Y62.992 E311.05534
G1 X72.811 Y63.13 E311.08408
G1 X72.158 Y63.13 E311.11235
G1 X71.509 Y62.992 E311.14109
G1 X70.913 Y62.727 E311.16933
G1 X70.38 Y62.339 E311.19788
G1 X69.935 Y61.846 E311.22665
G1 X69.533 Y61.15 E311.26145
G1 X51.875 Y61.15 E312.02615
G1 X51.875 Y63.39 E312.12315
G1 X45.095 Y63.39 E312.41676
G1 X45.095 Y56.61 E312.71038
G1 X51.875 Y56.61 E313.00399
G1 X51.875 Y58.338 E313.07882
G0 F960 X51.875 Y58.85
M204 S2000
M205 X30 Y30
G0 F3600 X52.125 Y58.85
G0 X52.125 Y59.85
;MESH:NONMESH
G0 F600 X52.125 Y59.85 Z7.8
G0 F3600 X46.294 Y58.082
;TIME_ELAPSED:378.780782
;LAYER:30
M204 S500
M205 X10 Y10
;TYPE:FILL
;MESH:RetractTower
G1 F2400 X50.401 Y62.189 E313.33035
G1 X50.613 Y62.401
M204 S2000
M205 X30 Y30
G0 F3600 X50.674 Y60.104
M204 S500
M205 X10 Y10
G1 F2400 X48.379 Y57.809 E313.4709
G1 X48.167 Y57.597
M204 S2000
M205 X30 Y30
G0 F3600 X46.294 Y60.439
M204 S500
M205 X10 Y10
G1 F2400 X48.044 Y62.189 E313.57808
G1 X48.256 Y62.401
M204 S2000
M205 X30 Y30
G0 F3600 X51.347 Y60.622
G0 X69.842 Y59.384
G0 X70.815 Y59.027
M204 S500
M205 X10 Y10
G1 F2400 X73.462 Y61.675 E313.74022
G1 X73.674 Y61.887
M204 S2000
M205 X30 Y30
G0 F3600 X74.398 Y60.253
M204 S500
M205 X10 Y10
G1 F2400 X72.227 Y58.082 E313.87318
G1 X72.015 Y57.87
M204 S2000
M205 X30 Y30
G0 F3600 X69.842 Y59.384
G0 X50.875 Y59.85
M204 S500
M205 X10 Y10
;TYPE:WALL-INNER
G1 F2400 X70.111 Y59.85 E314.70621
G1 X70.749 Y58.744 E314.7615
G1 X71.054 Y58.407 E314.78119
G1 X71.413 Y58.145 E314.80043
G1 X71.821 Y57.964 E314.81976
G1 X72.262 Y57.87 E314.83929
G1 X72.707 Y57.87 E314.85856
G1 X73.148 Y57.964 E314.87809
G1 X73.557 Y58.145 E314.89746
G1 X73.916 Y58.407 E314.9167
G1 X74.217 Y58.74 E314.93614
G1 X74.444 Y59.133 E314.9558
G1 X74.581 Y59.553 E314.97493
G1 X74.628 Y60 E314.99439
G1 X74.581 Y60.447 E315.01386
G1 X74.444 Y60.867 E315.03299
G1 X74.217 Y61.26 E315.05264
G1 X73.916 Y61.593 E315.07208
G1 X73.557 Y61.855 E315.09133
G1 X73.148 Y62.036 E315.1107
G1 X72.707 Y62.13 E315.13022
G1 X72.262 Y62.13 E315.1495
G1 X71.821 Y62.036 E315.16902
G1 X71.413 Y61.855 E315.18835
G1 X71.054 Y61.593 E315.2076
G1 X70.749 Y61.256 E315.22728
G1 X70.111 Y60.15 E315.28258
G1 X50.875 Y60.15 E316.1156
G1 X50.875 Y62.39 E316.21261
G1 X46.095 Y62.39 E316.41961
G1 X46.095 Y57.61 E316.62661
G1 X50.875 Y57.61 E316.83361
G1 X50.875 Y59.338 E316.90845
G0 F1920 X50.875 Y59.85
M204 S2000
M205 X30 Y30
G0 F3600 X51.375 Y59.35
M204 S500
M205 X10 Y10
G1 F2400 X69.822 Y59.35 E317.70731
G1 X70.342 Y58.449 E317.75236
G1 X70.717 Y58.034 E317.77658
G1 X71.163 Y57.709 E317.80048
G1 X71.665 Y57.486 E317.82427
G1 X72.21 Y57.37 E317.8484
G1 X72.759 Y57.37 E317.87217
G1 X73.304 Y57.486 E317.8963
G1 X73.807 Y57.709 E317.92013
G1 X74.253 Y58.034 E317.94403
G1 X74.624 Y58.445 E317.96801
G1 X74.902 Y58.927 E317.9921
G1 X75.072 Y59.449 E318.01588
G1 X75.13 Y60 E318.03987
G1 X75.072 Y60.551 E318.06386
G1 X74.902 Y61.073 E318.08764
G1 X74.624 Y61.555 E318.11173
G1 X74.253 Y61.966 E318.13571
G1 X73.807 Y62.291 E318.15961
G1 X73.304 Y62.514 E318.18344
G1 X72.759 Y62.63 E318.20757
G1 X72.21 Y62.63 E318.23134
G1 X71.665 Y62.514 E318.25547
G1 X71.163 Y62.291 E318.27926
G1 X70.717 Y61.966 E318.30316
G1 X70.342 Y61.551 E318.32738
G1 X69.822 Y60.65 E318.37243
G1 X51.375 Y60.65 E319.17129
G1 X51.375 Y62.89 E319.2683
G1 X45.595 Y62.89 E319.5186
G1 X45.595 Y57.11 E319.76891
G1 X51.375 Y57.11 E320.01922
G1 X51.375 Y58.838 E320.09405
G0 F1920 X51.375 Y59.35
M204 S2000
M205 X30 Y30
G0 F3600 X51.875 Y58.85
M204 S500
M205 X10 Y10
;TYPE:WALL-OUTER
G1 F1200 X69.533 Y58.85 E320.85874
G1 X69.935 Y58.154 E320.89355
G1 X70.38 Y57.661 E320.92231
G1 X70.913 Y57.273 E320.95086
G1 X71.509 Y57.008 E320.97911
G1 X72.158 Y56.87 E321.00784
G1 X72.811 Y56.87 E321.03612
G1 X73.46 Y57.008 E321.06485
G1 X74.057 Y57.273 E321.09314
G1 X74.59 Y57.661 E321.12169
G1 X75.031 Y58.15 E321.15021
G1 X75.36 Y58.721 E321.17874
G1 X75.563 Y59.345 E321.20716
G1 X75.632 Y60 E321.23568
G1 X75.563 Y60.655 E321.26421
G1 X75.36 Y61.279 E321.29262
G1 X75.031 Y61.85 E321.32116
G1 X74.59 Y62.339 E321.34968
G1 X74.057 Y62.727 E321.37823
G1 X73.46 Y62.992 E321.40651
G1 X72.811 Y63.13 E321.43525
G1 X72.158 Y63.13 E321.46353
G1 X71.509 Y62.992 E321.49226
G1 X70.913 Y62.727 E321.52051
G1 X70.38 Y62.339 E321.54906
G1 X69.935 Y61.846 E321.57782
G1 X69.533 Y61.15 E321.61262
G1 X51.875 Y61.15 E322.37732
G1 X51.875 Y63.39 E322.47432
G1 X45.095 Y63.39 E322.76793
G1 X45.095 Y56.61 E323.06155
G1 X51.875 Y56.61 E323.35516
G1 X51.875 Y58.338 E323.42999
G0 F960 X51.875 Y58.85
M204 S2000
M205 X30 Y30
G0 F3600 X52.125 Y58.85
G0 X52.125 Y59.85
;MESH:NONMESH
G0 F600 X52.125 Y59.85 Z8.05
G0 F3600 X48.044 Y57.809
;TIME_ELAPSED:389.098337
;LAYER:31
M204 S500
M205 X10 Y10
;TYPE:FILL
;MESH:RetractTower
G1 F2400 X46.294 Y59.558 E323.53714
G1 X46.082 Y59.77
M204 S2000
M205 X30 Y30
G0 F3600 X46.294 Y61.916
M204 S500
M205 X10 Y10
G1 F2400 X50.401 Y57.809 E323.78867
G1 X50.613 Y57.597
M204 S2000
M205 X30 Y30
G0 F3600 X50.674 Y59.894
M204 S500
M205 X10 Y10
G1 F2400 X48.379 Y62.189 E323.92922
G1 X48.167 Y62.401
M204 S2000
M205 X30 Y30
G0 F3600 X51.347 Y60.622
G0 X69.842 Y60.616
G0 X70.815 Y60.97
M204 S500
M205 X10 Y10
G1 F2400 X73.462 Y58.323 E324.09133
G1 X73.674 Y58.111
M204 S2000
M205 X30 Y30
G0 F3600 X74.398 Y59.745
M204 S500
M205 X10 Y10
G1 F2400 X72.225 Y61.918 E324.22441
G1 X72.013 Y62.13
M204 S2000
M205 X30 Y30
G0 F3600 X69.842 Y60.616
G0 X50.875 Y59.85
M204 S500
M205 X10 Y10
;TYPE:WALL-INNER
G1 F2400 X70.111 Y59.85 E325.05744
G1 X70.749 Y58.744 E325.11274
G1 X71.054 Y58.407 E325.13242
G1 X71.413 Y58.145 E325.15167
G1 X71.821 Y57.964 E325.171
G1 X72.262 Y57.87 E325.19052
G1 X72.707 Y57.87 E325.20979
G1 X73.148 Y57.964 E325.22932
G1 X73.557 Y58.145 E325.24869
G1 X73.916 Y58.407 E325.26794
G1 X74.217 Y58.74 E325.28738
G1 X74.444 Y59.133 E325.30703
G1 X74.581 Y59.553 E325.32616
G1 X74.628 Y60 E325.34563
G1 X74.581 Y60.447 E325.36509
G1 X74.444 Y60.867 E325.38422
G1 X74.217 Y61.26 E325.40388
G1 X73.916 Y61.593 E325.42331
G1 X73.557 Y61.855 E325.44256
G1 X73.148 Y62.036 E325.46193
G1 X72.707 Y62.13 E325.48146
G1 X72.262 Y62.13 E325.50073
G1 X71.821 Y62.036 E325.52025
G1 X71.413 Y61.855 E325.53958
G1 X71.054 Y61.593 E325.55883
G1 X70.749 Y61.256 E325.57851
G1 X70.111 Y60.15 E325.63381
G1 X50.875 Y60.15 E326.46684
G1 X50.875 Y62.39 E326.56384
G1 X46.095 Y62.39 E326.77084
G1 X46.095 Y57.61 E326.97784
G1 X50.875 Y57.61 E327.18485
G1 X50.875 Y59.338 E327.25968
G0 F1920 X50.875 Y59.85
M204 S2000
M205 X30 Y30
G0 F3600 X51.375 Y59.35
M204 S500
M205 X10 Y10
G1 F2400 X69.822 Y59.35 E328.05854
G1 X70.342 Y58.449 E328.10359
G1 X70.717 Y58.034 E328.12781
G1 X71.163 Y57.709 E328.15171
G1 X71.665 Y57.486 E328.1755
G1 X72.21 Y57.37 E328.19963
G1 X72.759 Y57.37 E328.2234
G1 X73.304 Y57.486 E328.24753
G1 X73.807 Y57.709 E328.27136
G1 X74.253 Y58.034 E328.29526
G1 X74.624 Y58.445 E328.31924
G1 X74.902 Y58.927 E328.34333
G1 X75.072 Y59.449 E328.36711
G1 X75.13 Y60 E328.3911
G1 X75.072 Y60.551 E328.41509
G1 X74.902 Y61.073 E328.43887
G1 X74.624 Y61.555 E328.46297
G1 X74.253 Y61.966 E328.48694
G1 X73.807 Y62.291 E328.51084
G1 X73.304 Y62.514 E328.53467
G1 X72.759 Y62.63 E328.5588
G1 X72.21 Y62.63 E328.58257
G1 X71.665 Y62.514 E328.6067
G1 X71.163 Y62.291 E328.63049
G1 X70.717 Y61.966 E328.65439
G1 X70.342 Y61.551 E328.67861
G1 X69.822 Y60.65 E328.72366
G1 X51.375 Y60.65 E329.52252
G1 X51.375 Y62.89 E329.61953
G1 X45.595 Y62.89 E329.86984
G1 X45.595 Y57.11 E330.12014
G1 X51.375 Y57.11 E330.37045
G1 X51.375 Y58.838 E330.44528
G0 F1920 X51.375 Y59.35
M204 S2000
M205 X30 Y30
G0 F3600 X51.875 Y58.85
M204 S500
M205 X10 Y10
;TYPE:WALL-OUTER
G1 F1200 X69.533 Y58.85 E331.20998
G1 X69.935 Y58.154 E331.24478
G1 X70.38 Y57.661 E331.27354
G1 X70.913 Y57.273 E331.30209
G1 X71.509 Y57.008 E331.33034
G1 X72.158 Y56.87 E331.35907
G1 X72.811 Y56.87 E331.38735
G1 X73.46 Y57.008 E331.41609
G1 X74.057 Y57.273 E331.44437
G1 X74.59 Y57.661 E331.47292
G1 X75.031 Y58.15 E331.50144
G1 X75.36 Y58.721 E331.52998
G1 X75.563 Y59.345 E331.55839
G1 X75.632 Y60 E331.58692
G1 X75.563 Y60.655 E331.61544
G1 X75.36 Y61.279 E331.64385
G1 X75.031 Y61.85 E331.67239
G1 X74.59 Y62.339 E331.70091
G1 X74.057 Y62.727 E331.72946
G1 X73.46 Y62.992 E331.75775
G1 X72.811 Y63.13 E331.78648
G1 X72.158 Y63.13 E331.81476
G1 X71.509 Y62.992 E331.84349
G1 X70.913 Y62.727 E331.87174
G1 X70.38 Y62.339 E331.90029
G1 X69.935 Y61.846 E331.92905
G1 X69.533 Y61.15 E331.96386
G1 X51.875 Y61.15 E332.72855
G1 X51.875 Y63.39 E332.82555
G1 X45.095 Y63.39 E333.11917
G1 X45.095 Y56.61 E333.41278
G1 X51.875 Y56.61 E333.70639
G1 X51.875 Y58.338 E333.78122
G0 F960 X51.875 Y58.85
M204 S2000
M205 X30 Y30
G0 F3600 X52.125 Y58.85
G0 X52.125 Y59.85
;MESH:NONMESH
G0 F600 X52.125 Y59.85 Z8.3
G0 F3600 X46.294 Y58.082
;TIME_ELAPSED:399.425775
;LAYER:32
M204 S500
M205 X10 Y10
;TYPE:FILL
;MESH:RetractTower
G1 F2400 X50.401 Y62.189 E334.03275
G1 X50.613 Y62.401
M204 S2000
M205 X30 Y30
G0 F3600 X50.674 Y60.104
M204 S500
M205 X10 Y10
G1 F2400 X48.379 Y57.809 E334.17331
G1 X48.167 Y57.597
M204 S2000
M205 X30 Y30
G0 F3600 X46.294 Y60.439
M204 S500
M205 X10 Y10
G1 F2400 X48.044 Y62.189 E334.28048
G1 X48.256 Y62.401
M204 S2000
M205 X30 Y30
G0 F3600 X50.875 Y62.39
M204 S500
M205 X10 Y10
;TYPE:WALL-INNER
G1 F2400 X46.095 Y62.39 E334.48748
G1 X46.095 Y57.61 E334.69449
G1 X50.875 Y57.61 E334.90149
G1 X50.875 Y61.878 E335.08632
G0 F1920 X50.875 Y62.39
M204 S2000
M205 X30 Y30
G0 F3600 X51.375 Y62.89
M204 S500
M205 X10 Y10
G1 F2400 X45.595 Y62.89 E335.33662
G1 X45.595 Y57.11 E335.58693
G1 X51.375 Y57.11 E335.83724
G1 X51.375 Y62.378 E336.06537
G0 F1920 X51.375 Y62.89
M204 S2000
M205 X30 Y30
G0 F3600 X51.875 Y63.39
M204 S500
M205 X10 Y10
;TYPE:WALL-OUTER
G1 F1200 X45.095 Y63.39 E336.35898
G1 X45.095 Y56.61 E336.6526
G1 X51.875 Y56.61 E336.94621
G1 X51.875 Y62.878 E337.21765
G0 F960 X51.875 Y63.39
M204 S2000
M205 X30 Y30
G0 F3600 X51.625 Y63.39
G0 X50.875 Y62.537
G1 F2700 E333.21765 ; Modi
G0 F3600 X51.355 Y59.027
G0 X52.79 Y59.027
G0 X68.433 Y59.852
G0 X69.86 Y60
G0 X70.815 Y59.027
M204 S500
M205 X10 Y10
;TYPE:FILL
G1 F2700 E337.21765
G1 F2400 X73.462 Y61.675 E337.37979
G1 X73.674 Y61.887
M204 S2000
M205 X30 Y30
G0 F3600 X74.398 Y60.253
M204 S500
M205 X10 Y10
G1 F2400 X72.227 Y58.082 E337.51275
G1 X72.015 Y57.87
M204 S2000
M205 X30 Y30
G0 F3600 X73.148 Y57.964
M204 S500
M205 X10 Y10
;TYPE:WALL-INNER
G1 F720 X73.557 Y58.145 E337.53212
G1 X73.916 Y58.407 E337.55137
G1 X74.217 Y58.74 E337.57081
G1 X74.444 Y59.133 E337.59046
G1 X74.581 Y59.553 E337.60959
G1 X74.628 Y60 E337.62906
G1 X74.581 Y60.447 E337.64852
G1 X74.444 Y60.867 E337.66765
G1 X74.217 Y61.26 E337.68731
G1 X73.916 Y61.593 E337.70675
G1 X73.557 Y61.855 E337.72599
G1 X73.148 Y62.036 E337.74536
G1 X72.707 Y62.13 E337.76489
G1 X72.262 Y62.13 E337.78416
G1 X71.821 Y62.036 E337.80369
G1 X71.415 Y61.856 E337.82292
G1 X71.051 Y61.59 E337.84244
G1 X70.752 Y61.26 E337.86173
G1 X70.527 Y60.87 E337.88123
G1 X70.389 Y60.445 E337.90058
G1 X70.342 Y60 E337.91996
G1 X70.389 Y59.555 E337.93933
G1 X70.527 Y59.13 E337.95868
G1 X70.752 Y58.74 E337.97818
G1 X71.051 Y58.41 E337.99747
G1 X71.415 Y58.144 E338.01699
G1 X71.821 Y57.964 E338.03622
G1 X72.262 Y57.87 E338.05575
G1 X72.645 Y57.87 E338.07234
G0 F1920 X72.707 Y57.87
G0 X73.148 Y57.964
M204 S2000
M205 X30 Y30
G0 F3600 X73.304 Y57.486
M204 S500
M205 X10 Y10
G1 F2400 X73.807 Y57.709 E338.09616
G1 X74.253 Y58.034 E338.12006
G1 X74.624 Y58.445 E338.14404
G1 X74.902 Y58.927 E338.16814
G1 X75.072 Y59.449 E338.19191
G1 X75.13 Y60 E338.2159
G1 X75.072 Y60.551 E338.2399
G1 X74.902 Y61.073 E338.26367
G1 X74.624 Y61.555 E338.28777
G1 X74.253 Y61.966 E338.31175
G1 X73.807 Y62.291 E338.33564
G1 X73.304 Y62.514 E338.35947
G1 X72.759 Y62.63 E338.3836
G1 X72.21 Y62.63 E338.40738
G1 X71.665 Y62.514 E338.43151
G1 X71.163 Y62.291 E338.45529
G1 X70.716 Y61.965 E338.47925
G1 X70.345 Y61.555 E338.5032
G1 X70.067 Y61.073 E338.5273
G1 X69.898 Y60.552 E338.55101
G1 X69.84 Y60 E338.57505
G1 X69.898 Y59.448 E338.59909
G1 X70.067 Y58.927 E338.62281
G1 X70.345 Y58.445 E338.6469
G1 X70.716 Y58.035 E338.67085
G1 X71.163 Y57.709 E338.69481
G1 X71.665 Y57.486 E338.7186
G1 X72.21 Y57.37 E338.74273
G1 X72.759 Y57.37 E338.7665
G1 X72.804 Y57.38 E338.7685
G0 F1920 X73.304 Y57.486
M204 S2000
M205 X30 Y30
G0 F3600 X73.46 Y57.008
M204 S500
M205 X10 Y10
;TYPE:WALL-OUTER
G1 F1200 X74.057 Y57.273 E338.79678
G1 X74.59 Y57.661 E338.82533
G1 X75.031 Y58.15 E338.85385
G1 X75.36 Y58.721 E338.88239
G1 X75.563 Y59.345 E338.9108
G1 X75.632 Y60 E338.93933
G1 X75.563 Y60.655 E338.96785
G1 X75.36 Y61.279 E338.99627
G1 X75.031 Y61.85 E339.0248
G1 X74.59 Y62.339 E339.05332
G1 X74.057 Y62.727 E339.08187
G1 X73.46 Y62.992 E339.11016
G1 X72.811 Y63.13 E339.13889
G1 X72.158 Y63.13 E339.16717
G1 X71.509 Y62.992 E339.1959
G1 X70.913 Y62.727 E339.22415
G1 X70.379 Y62.338 E339.25276
G1 X69.938 Y61.85 E339.28124
G1 X69.609 Y61.279 E339.30978
G1 X69.406 Y60.656 E339.33816
G1 X69.338 Y60 E339.36672
G1 X69.406 Y59.344 E339.39528
G1 X69.609 Y58.721 E339.42366
G1 X69.938 Y58.15 E339.45219
G1 X70.379 Y57.662 E339.48068
G1 X70.913 Y57.273 E339.50929
G1 X71.509 Y57.008 E339.53753
G1 X72.158 Y56.87 E339.56627
G1 X72.811 Y56.87 E339.59455
G1 X72.959 Y56.902 E339.6011
G0 F960 X73.46 Y57.008
M204 S2000
M205 X30 Y30
G0 F3600 X73.688 Y57.109
G0 X73.283 Y58.023
G1 F2700 E335.60110 ; Modi
;MESH:NONMESH
G0 F600 X73.283 Y58.023 Z8.55
G0 F3600 X69.917 Y59.452
G0 X68.49 Y59.304
G0 X52.79 Y59.452
G0 X51.355 Y59.452
G0 X48.044 Y57.809
;TIME_ELAPSED:407.359854
;LAYER:33
M204 S500
M205 X10 Y10
;TYPE:FILL
;MESH:RetractTower
G1 F2700 E339.6011
G1 F2400 X46.294 Y59.558 E339.70825
G1 X46.082 Y59.77
M204 S2000
M205 X30 Y30
G0 F3600 X46.294 Y61.916
M204 S500
M205 X10 Y10
G1 F2400 X50.401 Y57.809 E339.95978
G1 X50.613 Y57.597
M204 S2000
M205 X30 Y30
G0 F3600 X50.674 Y59.894
M204 S500
M205 X10 Y10
G1 F2400 X48.379 Y62.189 E340.10033
G1 X48.167 Y62.401
M204 S2000
M205 X30 Y30
G0 F3600 X50.875 Y62.39
M204 S500
M205 X10 Y10
;TYPE:WALL-INNER
G1 F2400 X46.095 Y62.39 E340.30733
G1 X46.095 Y57.61 E340.51433
G1 X50.875 Y57.61 E340.72134
G1 X50.875 Y61.878 E340.90616
G0 F1920 X50.875 Y62.39
M204 S2000
M205 X30 Y30
G0 F3600 X51.375 Y62.89
M204 S500
M205 X10 Y10
G1 F2400 X45.595 Y62.89 E341.15647
G1 X45.595 Y57.11 E341.40678
G1 X51.375 Y57.11 E341.65709
G1 X51.375 Y62.378 E341.88522
G0 F1920 X51.375 Y62.89
M204 S2000
M205 X30 Y30
G0 F3600 X51.875 Y63.39
M204 S500
M205 X10 Y10
;TYPE:WALL-OUTER
G1 F1200 X45.095 Y63.39 E342.17883
G1 X45.095 Y56.61 E342.47245
G1 X51.875 Y56.61 E342.76606
G1 X51.875 Y62.878 E343.0375
G0 F960 X51.875 Y63.39
M204 S2000
M205 X30 Y30
G0 F3600 X51.625 Y63.39
G0 X50.875 Y62.537
G1 F2700 E338.03750 ; Modi
G0 F3600 X51.355 Y60.97
G0 X52.79 Y60.97
G0 X68.434 Y60.149
G0 X69.86 Y60
G0 X70.816 Y60.97
M204 S500
M205 X10 Y10
;TYPE:FILL
G1 F2700 E343.0375
G1 F2400 X73.462 Y58.323 E343.19958
G1 X73.674 Y58.111
M204 S2000
M205 X30 Y30
G0 F3600 X74.398 Y59.745
M204 S500
M205 X10 Y10
G1 F2400 X72.225 Y61.918 E343.33266
G1 X72.013 Y62.13
M204 S2000
M205 X30 Y30
G0 F3600 X73.148 Y57.964
M204 S500
M205 X10 Y10
;TYPE:WALL-INNER
G1 F720 X73.557 Y58.145 E343.35203
G1 X73.916 Y58.407 E343.37128
G1 X74.217 Y58.74 E343.39072
G1 X74.444 Y59.133 E343.41037
G1 X74.581 Y59.553 E343.4295
G1 X74.628 Y60 E343.44897
G1 X74.581 Y60.447 E343.46843
G1 X74.444 Y60.867 E343.48756
G1 X74.217 Y61.26 E343.50722
G1 X73.916 Y61.593 E343.52666
G1 X73.557 Y61.855 E343.5459
G1 X73.148 Y62.036 E343.56527
G1 X72.707 Y62.13 E343.5848
G1 X72.262 Y62.13 E343.60407
G1 X71.821 Y62.036 E343.6236
G1 X71.415 Y61.856 E343.64283
G1 X71.051 Y61.59 E343.66235
G1 X70.752 Y61.26 E343.68164
G1 X70.527 Y60.87 E343.70114
G1 X70.389 Y60.445 E343.72049
G1 X70.342 Y60 E343.73987
G1 X70.389 Y59.555 E343.75924
G1 X70.527 Y59.13 E343.77859
G1 X70.752 Y58.74 E343.79809
G1 X71.051 Y58.41 E343.81738
G1 X71.415 Y58.144 E343.8369
G1 X71.821 Y57.964 E343.85613
G1 X72.262 Y57.87 E343.87566
G1 X72.645 Y57.87 E343.89225
G0 F1920 X72.707 Y57.87
G0 X73.148 Y57.964
M204 S2000
M205 X30 Y30
G0 F3600 X73.304 Y57.486
M204 S500
M205 X10 Y10
G1 F2400 X73.807 Y57.709 E343.91607
G1 X74.253 Y58.034 E343.93997
G1 X74.624 Y58.445 E343.96395
G1 X74.902 Y58.927 E343.98805
G1 X75.072 Y59.449 E344.01182
G1 X75.13 Y60 E344.03581
G1 X75.072 Y60.551 E344.05981
G1 X74.902 Y61.073 E344.08358
G1 X74.624 Y61.555 E344.10768
G1 X74.253 Y61.966 E344.13166
G1 X73.807 Y62.291 E344.15555
G1 X73.304 Y62.514 E344.17938
G1 X72.759 Y62.63 E344.20351
G1 X72.21 Y62.63 E344.22729
G1 X71.665 Y62.514 E344.25142
G1 X71.163 Y62.291 E344.2752
G1 X70.716 Y61.965 E344.29916
G1 X70.345 Y61.555 E344.32311
G1 X70.067 Y61.073 E344.34721
G1 X69.898 Y60.552 E344.37093
G1 X69.84 Y60 E344.39496
G1 X69.898 Y59.448 E344.419
G1 X70.067 Y58.927 E344.44272
G1 X70.345 Y58.445 E344.46681
G1 X70.716 Y58.035 E344.49076
G1 X71.163 Y57.709 E344.51472
G1 X71.665 Y57.486 E344.53851
G1 X72.21 Y57.37 E344.56264
G1 X72.759 Y57.37 E344.58641
G1 X72.804 Y57.38 E344.58841
G0 F1920 X73.304 Y57.486
M204 S2000
M205 X30 Y30
G0 F3600 X73.46 Y57.008
M204 S500
M205 X10 Y10
;TYPE:WALL-OUTER
G1 F1200 X74.057 Y57.273 E344.61669
G1 X74.59 Y57.661 E344.64524
G1 X75.031 Y58.15 E344.67376
G1 X75.36 Y58.721 E344.7023
G1 X75.563 Y59.345 E344.73072
G1 X75.632 Y60 E344.75924
G1 X75.563 Y60.655 E344.78776
G1 X75.36 Y61.279 E344.81618
G1 X75.031 Y61.85 E344.84471
G1 X74.59 Y62.339 E344.87323
G1 X74.057 Y62.727 E344.90178
G1 X73.46 Y62.992 E344.93007
G1 X72.811 Y63.13 E344.9588
G1 X72.158 Y63.13 E344.98708
G1 X71.509 Y62.992 E345.01581
G1 X70.913 Y62.727 E345.04406
G1 X70.379 Y62.338 E345.07267
G1 X69.938 Y61.85 E345.10115
G1 X69.609 Y61.279 E345.12969
G1 X69.406 Y60.656 E345.15807
G1 X69.338 Y60 E345.18663
G1 X69.406 Y59.344 E345.21519
G1 X69.609 Y58.721 E345.24357
G1 X69.938 Y58.15 E345.2721
G1 X70.379 Y57.662 E345.30059
G1 X70.913 Y57.273 E345.3292
G1 X71.509 Y57.008 E345.35745
G1 X72.158 Y56.87 E345.38618
G1 X72.811 Y56.87 E345.41446
G1 X72.959 Y56.902 E345.42101
G0 F960 X73.46 Y57.008
M204 S2000
M205 X30 Y30
G0 F3600 X73.688 Y57.109
G0 X73.283 Y58.023
G1 F2700 E340.42101 ; Modi
;MESH:NONMESH
G0 F600 X73.283 Y58.023 Z8.8
G0 F3600 X69.917 Y59.452
G0 X68.49 Y59.304
G0 X52.79 Y59.452
G0 X51.355 Y59.452
G0 X46.135 Y57.922
;TIME_ELAPSED:415.500743
;LAYER:34
M204 S500
M205 X10 Y10
;TYPE:FILL
;MESH:RetractTower
G1 F2700 E345.42101
G1 F2400 X50.561 Y62.349 E345.69211
G1 X50.773 Y62.561
M204 S2000
M205 X30 Y30
G0 F3600 X50.835 Y60.265
M204 S500
M205 X10 Y10
G1 F2400 X48.219 Y57.649 E345.85232
G1 X48.007 Y57.437
M204 S2000
M205 X30 Y30
G0 F3600 X50.577 Y57.649
M204 S500
M205 X10 Y10
G1 F2400 X50.835 Y57.907 E345.86812
M204 S2000
M205 X30 Y30
G0 F3600 X48.204 Y62.349
M204 S500
M205 X10 Y10
G1 F2400 X46.135 Y60.28 E345.99484
G1 X45.923 Y60.068
M204 S2000
M205 X30 Y30
G0 F3600 X51.035 Y62.55
M204 S500
M205 X10 Y10
;TYPE:WALL-INNER
G1 F2400 X45.935 Y62.55 E346.2157
G1 X45.935 Y57.45 E346.43655
G1 X51.035 Y57.45 E346.65741
G1 X51.035 Y62.038 E346.8561
G0 F1920 X51.035 Y62.55
M204 S2000
M205 X30 Y30
G0 F3600 X51.535 Y63.05
M204 S500
M205 X10 Y10
G1 F2400 X45.435 Y63.05 E347.12027
G1 X45.435 Y56.95 E347.38443
G1 X51.535 Y56.95 E347.6486
G1 X51.535 Y62.538 E347.89059
G0 F1920 X51.535 Y63.05
M204 S2000
M205 X30 Y30
G0 F3600 X52.035 Y63.55
M204 S500
M205 X10 Y10
;TYPE:WALL-OUTER
G1 F1200 X44.935 Y63.55 E348.19806
G1 X44.935 Y56.45 E348.50553
G1 X52.035 Y56.45 E348.813
G1 X52.035 Y63.038 E349.0983
G0 F960 X52.035 Y63.55
M204 S2000
M205 X30 Y30
G0 F3600 X51.785 Y63.55
G0 X51.035 Y62.697
G1 F2700 E344.09830 ; Modi
G0 F3600 X51.515 Y60.896
G0 X52.95 Y60.896
G0 X68.035 Y60.149
G0 X69.46 Y60
G0 X70.326 Y60.896
M204 S500
M205 X10 Y10
;TYPE:FILL
G1 F2700 E349.0983
G1 F2400 X71.572 Y62.142 E349.17461
G1 X71.784 Y62.354
M204 S2000
M205 X30 Y30
G0 F3600 X73.747 Y61.96
M204 S500
M205 X10 Y10
G1 F2400 X70.524 Y58.737 E349.372
G1 X70.312 Y58.525
M204 S2000
M205 X30 Y30
G0 F3600 X71.892 Y57.747
M204 S500
M205 X10 Y10
G1 F2400 X74.738 Y60.593 E349.5463
G1 X74.95 Y60.805
M204 S2000
M205 X30 Y30
G0 F3600 X73.273 Y57.584
M204 S500
M205 X10 Y10
;TYPE:WALL-INNER
G1 F2400 X73.757 Y57.799 E349.56923
G1 X74.183 Y58.109 E349.59205
G1 X74.541 Y58.505 E349.61516
G1 X74.805 Y58.963 E349.63806
G1 X74.972 Y59.475 E349.66138
G1 X75.027 Y60 E349.68424
G1 X74.972 Y60.525 E349.7071
G1 X74.805 Y61.037 E349.73042
G1 X74.541 Y61.495 E349.75331
G1 X74.183 Y61.891 E349.77643
G1 X73.757 Y62.201 E349.79925
G1 X73.273 Y62.416 E349.82218
G1 X72.747 Y62.528 E349.84547
G1 X72.223 Y62.528 E349.86817
G1 X71.697 Y62.416 E349.89145
G1 X71.216 Y62.202 E349.91425
G1 X70.786 Y61.89 E349.93726
G1 X70.426 Y61.49 E349.96056
G1 X70.162 Y61.032 E349.98346
G1 X69.999 Y60.53 E350.00631
G1 X69.943 Y60 E350.02939
G1 X69.998 Y59.474 E350.0523
G1 X70.164 Y58.965 E350.07548
G1 X70.427 Y58.508 E350.09832
G1 X70.785 Y58.111 E350.12147
G1 X71.216 Y57.798 E350.14453
G1 X71.697 Y57.584 E350.16733
G1 X72.223 Y57.472 E350.19062
G1 X72.747 Y57.472 E350.21331
G1 X72.772 Y57.478 E350.21443
G0 F1920 X73.273 Y57.584
M204 S2000
M205 X30 Y30
G0 F3600 X73.429 Y57.106
M204 S500
M205 X10 Y10
G1 F2400 X74.007 Y57.363 E350.24182
G1 X74.52 Y57.736 E350.26929
G1 X74.948 Y58.21 E350.29695
G1 X75.266 Y58.761 E350.3245
G1 X75.463 Y59.367 E350.35209
G1 X75.53 Y60 E350.37966
G1 X75.463 Y60.633 E350.40722
G1 X75.266 Y61.239 E350.43482
G1 X74.948 Y61.79 E350.46237
G1 X74.52 Y62.264 E350.49002
G1 X74.007 Y62.637 E350.51749
G1 X73.429 Y62.894 E350.54489
G1 X72.799 Y63.028 E350.57278
G1 X72.171 Y63.028 E350.59997
G1 X71.541 Y62.894 E350.62787
G1 X70.963 Y62.637 E350.65526
G1 X70.451 Y62.265 E350.68267
G1 X70.019 Y61.785 E350.71063
G1 X69.704 Y61.238 E350.73797
G1 X69.507 Y60.634 E350.76548
G1 X69.44 Y60 E350.79309
G1 X69.507 Y59.366 E350.8207
G1 X69.703 Y58.763 E350.84816
G1 X70.02 Y58.213 E350.87565
G1 X70.451 Y57.735 E350.90352
G1 X70.963 Y57.363 E350.93093
G1 X71.541 Y57.106 E350.95832
G1 X72.171 Y56.972 E350.98621
G1 X72.799 Y56.972 E351.01341
G1 X72.929 Y57 E351.01917
G0 F1920 X73.429 Y57.106
M204 S2000
M205 X30 Y30
G0 F3600 X73.585 Y56.628
M204 S500
M205 X10 Y10
;TYPE:WALL-OUTER
G1 F1200 X74.257 Y56.927 E351.05102
G1 X74.857 Y57.363 E351.08314
G1 X75.355 Y57.915 E351.11534
G1 X75.726 Y58.558 E351.14748
G1 X75.954 Y59.26 E351.17945
G1 X76.032 Y60 E351.21167
G1 X75.954 Y60.74 E351.2439
G1 X75.726 Y61.442 E351.27586
G1 X75.355 Y62.085 E351.30801
G1 X74.857 Y62.637 E351.3402
G1 X74.257 Y63.073 E351.37232
G1 X73.585 Y63.372 E351.40417
G1 X72.851 Y63.528 E351.43667
G1 X72.119 Y63.528 E351.46837
G1 X71.385 Y63.372 E351.50087
G1 X70.71 Y63.072 E351.53286
G1 X70.114 Y62.639 E351.56476
G1 X69.615 Y62.085 E351.59705
G1 X69.245 Y61.442 E351.62917
G1 X69.015 Y60.738 E351.66125
G1 X68.938 Y60 E351.69338
G1 X69.015 Y59.262 E351.72551
G1 X69.245 Y58.557 E351.75763
G1 X69.615 Y57.915 E351.78972
G1 X70.114 Y57.361 E351.822
G1 X70.71 Y56.928 E351.85391
G1 X71.385 Y56.628 E351.8859
G1 X72.119 Y56.472 E351.91839
G1 X72.851 Y56.472 E351.95009
G1 X73.084 Y56.522 E351.96041
G0 F960 X73.585 Y56.628
M204 S2000
M205 X30 Y30
G0 F3600 X73.813 Y56.729
G0 X73.406 Y57.643
G1 F2700 E346.96041 ; Modi
;MESH:NONMESH
G0 F600 X73.406 Y57.643 Z9.05
G0 F3600 X70.036 Y58.224
G0 X68.793 Y57.51
G0 X52.95 Y58.224
G0 X51.515 Y58.224
G0 X48.204 Y57.649
;TIME_ELAPSED:423.635930
;LAYER:35
M204 S500
M205 X10 Y10
;TYPE:FILL
;MESH:RetractTower
G1 F2700 E351.96041
G1 F2400 X46.135 Y59.718 E352.08712
G1 X45.923 Y59.93
M204 S2000
M205 X30 Y30
G0 F3600 X46.135 Y62.076
M204 S500
M205 X10 Y10
G1 F2400 X50.562 Y57.649 E352.35825
G1 X50.774 Y57.437
M204 S2000
M205 X30 Y30
G0 F3600 X50.834 Y59.734
M204 S500
M205 X10 Y10
G1 F2400 X48.219 Y62.349 E352.5184
G1 X48.007 Y62.561
M204 S2000
M205 X30 Y30
G0 F3600 X50.577 Y62.349
M204 S500
M205 X10 Y10
G1 F2400 X50.834 Y62.091 E352.53417
M204 S2000
M205 X30 Y30
G0 F3600 X51.035 Y62.55
M204 S500
M205 X10 Y10
;TYPE:WALL-INNER
G1 F2400 X45.935 Y62.55 E352.75503
G1 X45.935 Y57.45 E352.97589
G1 X51.035 Y57.45 E353.19675
G1 X51.035 Y62.038 E353.39544
G0 F1920 X51.035 Y62.55
M204 S2000
M205 X30 Y30
G0 F3600 X51.535 Y63.05
M204 S500
M205 X10 Y10
G1 F2400 X45.435 Y63.05 E353.6596
G1 X45.435 Y56.95 E353.92377
G1 X51.535 Y56.95 E354.18793
G1 X51.535 Y62.538 E354.42992
G0 F1920 X51.535 Y63.05
M204 S2000
M205 X30 Y30
G0 F3600 X52.035 Y63.55
M204 S500
M205 X10 Y10
;TYPE:WALL-OUTER
G1 F1200 X44.935 Y63.55 E354.73739
G1 X44.935 Y56.45 E355.04487
G1 X52.035 Y56.45 E355.35234
G1 X52.035 Y63.038 E355.63763
G0 F960 X52.035 Y63.55
M204 S2000
M205 X30 Y30
G0 F3600 X51.785 Y63.55
G0 X51.035 Y62.697
G1 F2700 E350.63763 ; Modi
G0 F3600 X51.515 Y61.26
G0 X52.95 Y61.26
G0 X68.1 Y60.777
G0 X69.525 Y60.628
G0 X70.525 Y61.26
M204 S500
M205 X10 Y10
;TYPE:FILL
G1 F2700 E355.63763
G1 F2400 X73.747 Y58.038 E355.83496
G1 X73.959 Y57.826
M204 S2000
M205 X30 Y30
G0 F3600 X74.737 Y59.406
M204 S500
M205 X10 Y10
G1 F2400 X71.89 Y62.252 E356.00929
G1 X71.678 Y62.464
M204 S2000
M205 X30 Y30
G0 F3600 X70.331 Y59.097
M204 S500
M205 X10 Y10
G1 F2400 X71.571 Y57.856 E356.08526
G1 X71.783 Y57.644
M204 S2000
M205 X30 Y30
G0 F3600 X73.273 Y57.584
M204 S500
M205 X10 Y10
;TYPE:WALL-INNER
G1 F2400 X73.757 Y57.799 E356.1082
G1 X74.183 Y58.109 E356.13101
G1 X74.541 Y58.505 E356.15413
G1 X74.805 Y58.963 E356.17703
G1 X74.972 Y59.475 E356.20035
G1 X75.027 Y60 E356.22321
G1 X74.972 Y60.525 E356.24607
G1 X74.805 Y61.037 E356.26939
G1 X74.541 Y61.495 E356.29228
G1 X74.183 Y61.891 E356.3154
G1 X73.757 Y62.201 E356.33822
G1 X73.273 Y62.416 E356.36115
G1 X72.747 Y62.528 E356.38444
G1 X72.223 Y62.528 E356.40713
G1 X71.697 Y62.416 E356.43042
G1 X71.216 Y62.202 E356.45322
G1 X70.785 Y61.889 E356.47629
G1 X70.429 Y61.494 E356.49932
G1 X70.163 Y61.031 E356.52244
G1 X69.997 Y60.526 E356.54546
G1 X69.943 Y60.001 E356.56832
G1 X69.998 Y59.474 E356.59126
G1 X70.164 Y58.965 E356.61445
G1 X70.427 Y58.508 E356.63728
G1 X70.785 Y58.111 E356.66043
G1 X71.216 Y57.798 E356.6835
G1 X71.697 Y57.584 E356.7063
G1 X72.223 Y57.472 E356.72959
G1 X72.747 Y57.472 E356.75228
G1 X72.772 Y57.478 E356.75339
G0 F1920 X73.273 Y57.584
M204 S2000
M205 X30 Y30
G0 F3600 X73.429 Y57.106
M204 S500
M205 X10 Y10
G1 F2400 X74.007 Y57.363 E356.78079
G1 X74.52 Y57.736 E356.80825
G1 X74.948 Y58.21 E356.83591
G1 X75.266 Y58.761 E356.86346
G1 X75.463 Y59.367 E356.89106
G1 X75.53 Y60 E356.91862
G1 X75.463 Y60.633 E356.94619
G1 X75.266 Y61.239 E356.97378
G1 X74.948 Y61.79 E357.00133
G1 X74.52 Y62.264 E357.02899
G1 X74.007 Y62.637 E357.05646
G1 X73.429 Y62.894 E357.08385
G1 X72.799 Y63.028 E357.11174
G1 X72.171 Y63.028 E357.13894
G1 X71.541 Y62.894 E357.16683
G1 X70.963 Y62.637 E357.19423
G1 X70.448 Y62.263 E357.22179
G1 X70.022 Y61.79 E357.24936
G1 X69.705 Y61.237 E357.27696
G1 X69.506 Y60.632 E357.30454
G1 X69.44 Y60 E357.33206
G1 X69.507 Y59.366 E357.35967
G1 X69.703 Y58.763 E357.38713
G1 X70.02 Y58.213 E357.41462
G1 X70.451 Y57.735 E357.44249
G1 X70.963 Y57.363 E357.4699
G1 X71.541 Y57.106 E357.49729
G1 X72.171 Y56.972 E357.52518
G1 X72.799 Y56.972 E357.55238
G1 X72.929 Y57 E357.55814
G0 F1920 X73.429 Y57.106
M204 S2000
M205 X30 Y30
G0 F3600 X73.585 Y56.628
M204 S500
M205 X10 Y10
;TYPE:WALL-OUTER
G1 F1200 X74.257 Y56.927 E357.58999
G1 X74.857 Y57.363 E357.62211
G1 X75.355 Y57.915 E357.6543
G1 X75.726 Y58.558 E357.68645
G1 X75.954 Y59.26 E357.71842
G1 X76.032 Y60 E357.75064
G1 X75.954 Y60.74 E357.78286
G1 X75.726 Y61.442 E357.81483
G1 X75.355 Y62.085 E357.84698
G1 X74.857 Y62.637 E357.87917
G1 X74.257 Y63.073 E357.91129
G1 X73.585 Y63.372 E357.94314
G1 X72.851 Y63.528 E357.97564
G1 X72.119 Y63.528 E358.00734
G1 X71.385 Y63.372 E358.03983
G1 X70.71 Y63.072 E358.07182
G1 X70.114 Y62.639 E358.10373
G1 X69.613 Y62.083 E358.13614
G1 X69.246 Y61.443 E358.16809
G1 X69.015 Y60.738 E358.20021
G1 X68.938 Y60 E358.23235
G1 X69.015 Y59.262 E358.26448
G1 X69.245 Y58.557 E358.29659
G1 X69.615 Y57.915 E358.32868
G1 X70.114 Y57.361 E358.36097
G1 X70.71 Y56.928 E358.39287
G1 X71.385 Y56.628 E358.42486
G1 X72.119 Y56.472 E358.45736
G1 X72.851 Y56.472 E358.48906
G1 X73.084 Y56.522 E358.49938
G0 F960 X73.585 Y56.628
M204 S2000
M205 X30 Y30
G0 F3600 X73.813 Y56.729
G0 X73.406 Y57.643
G1 F2700 E353.49938 ; Modi
;MESH:NONMESH
G0 F600 X73.406 Y57.643 Z9.3
G0 F3600 X70.036 Y58.224
G0 X68.793 Y57.51
G0 X52.95 Y58.224
G0 X51.515 Y58.224
G0 X46.135 Y57.922
;TIME_ELAPSED:431.598019
;LAYER:36
M204 S500
M205 X10 Y10
;TYPE:FILL
;MESH:RetractTower
G1 F2700 E358.49938
G1 F2400 X50.561 Y62.349 E358.77047
G1 X50.773 Y62.561
M204 S2000
M205 X30 Y30
G0 F3600 X50.835 Y60.265
M204 S500
M205 X10 Y10
G1 F2400 X48.219 Y57.649 E358.93069
G1 X48.007 Y57.437
M204 S2000
M205 X30 Y30
G0 F3600 X50.577 Y57.649
M204 S500
M205 X10 Y10
G1 F2400 X50.835 Y57.907 E358.94649
M204 S2000
M205 X30 Y30
G0 F3600 X48.204 Y62.349
M204 S500
M205 X10 Y10
G1 F2400 X46.135 Y60.28 E359.0732
G1 X45.923 Y60.068
M204 S2000
M205 X30 Y30
G0 F3600 X51.035 Y62.55
M204 S500
M205 X10 Y10
;TYPE:WALL-INNER
G1 F2400 X45.935 Y62.55 E359.29406
G1 X45.935 Y57.45 E359.51492
G1 X51.035 Y57.45 E359.73578
G1 X51.035 Y62.038 E359.93447
G0 F1920 X51.035 Y62.55
M204 S2000
M205 X30 Y30
G0 F3600 X51.535 Y63.05
M204 S500
M205 X10 Y10
G1 F2400 X45.435 Y63.05 E360.19863
G1 X45.435 Y56.95 E360.4628
G1 X51.535 Y56.95 E360.72696
G1 X51.535 Y62.538 E360.96895
G0 F1920 X51.535 Y63.05
M204 S2000
M205 X30 Y30
G0 F3600 X52.035 Y63.55
M204 S500
M205 X10 Y10
;TYPE:WALL-OUTER
G1 F1200 X44.935 Y63.55 E361.27642
G1 X44.935 Y56.45 E361.58389
G1 X52.035 Y56.45 E361.89136
G1 X52.035 Y63.038 E362.17666
G0 F960 X52.035 Y63.55
M204 S2000
M205 X30 Y30
G0 F3600 X51.785 Y63.55
G0 X51.035 Y62.697
G1 F2700 E357.17666 ; Modi
G0 F3600 X51.515 Y60.899
G0 X52.95 Y60.899
G0 X68.035 Y60.149
G0 X69.46 Y60
G0 X70.329 Y60.899
M204 S500
M205 X10 Y10
;TYPE:FILL
G1 F2700 E362.17666
G1 F2400 X71.572 Y62.142 E362.25279
G1 X71.784 Y62.354
M204 S2000
M205 X30 Y30
G0 F3600 X73.747 Y61.96
M204 S500
M205 X10 Y10
G1 F2400 X70.524 Y58.737 E362.45018
G1 X70.312 Y58.525
M204 S2000
M205 X30 Y30
G0 F3600 X71.892 Y57.747
M204 S500
M205 X10 Y10
G1 F2400 X74.738 Y60.593 E362.62448
G1 X74.95 Y60.805
M204 S2000
M205 X30 Y30
G0 F3600 X73.273 Y57.584
M204 S500
M205 X10 Y10
;TYPE:WALL-INNER
G1 F2400 X73.757 Y57.799 E362.64741
G1 X74.183 Y58.109 E362.67023
G1 X74.541 Y58.505 E362.69334
G1 X74.805 Y58.963 E362.71624
G1 X74.972 Y59.475 E362.73956
G1 X75.027 Y60 E362.76242
G1 X74.972 Y60.525 E362.78528
G1 X74.805 Y61.037 E362.8086
G1 X74.541 Y61.495 E362.8315
G1 X74.183 Y61.891 E362.85461
G1 X73.757 Y62.201 E362.87743
G1 X73.273 Y62.416 E362.90036
G1 X72.747 Y62.528 E362.92365
G1 X72.223 Y62.528 E362.94635
G1 X71.697 Y62.416 E362.96964
G1 X71.216 Y62.202 E362.99243
G1 X70.786 Y61.89 E363.01544
G1 X70.426 Y61.49 E363.03875
G1 X70.164 Y61.035 E363.06148
G1 X69.998 Y60.526 E363.08467
G1 X69.943 Y60 E363.10757
G1 X69.998 Y59.474 E363.13047
G1 X70.164 Y58.965 E363.15366
G1 X70.427 Y58.508 E363.17649
G1 X70.785 Y58.111 E363.19964
G1 X71.216 Y57.798 E363.22271
G1 X71.697 Y57.584 E363.24551
G1 X72.223 Y57.472 E363.2688
G1 X72.747 Y57.472 E363.29149
G1 X72.772 Y57.478 E363.2926
G0 F1920 X73.273 Y57.584
M204 S2000
M205 X30 Y30
G0 F3600 X73.429 Y57.106
M204 S500
M205 X10 Y10
G1 F2400 X74.007 Y57.363 E363.32
G1 X74.52 Y57.736 E363.34747
G1 X74.948 Y58.21 E363.37512
G1 X75.266 Y58.761 E363.40267
G1 X75.463 Y59.367 E363.43027
G1 X75.53 Y60 E363.45783
G1 X75.463 Y60.633 E363.4854
G1 X75.266 Y61.239 E363.51299
G1 X74.948 Y61.79 E363.54054
G1 X74.52 Y62.264 E363.5682
G1 X74.007 Y62.637 E363.59567
G1 X73.429 Y62.894 E363.62306
G1 X72.799 Y63.028 E363.65096
G1 X72.171 Y63.028 E363.67815
G1 X71.541 Y62.894 E363.70604
G1 X70.963 Y62.637 E363.73344
G1 X70.451 Y62.265 E363.76084
G1 X70.019 Y61.785 E363.78881
G1 X69.703 Y61.237 E363.8162
G1 X69.507 Y60.634 E363.84366
G1 X69.44 Y60 E363.87127
G1 X69.507 Y59.366 E363.89888
G1 X69.703 Y58.763 E363.92634
G1 X70.02 Y58.213 E363.95383
G1 X70.451 Y57.735 E363.9817
G1 X70.963 Y57.363 E364.00911
G1 X71.541 Y57.106 E364.0365
G1 X72.171 Y56.972 E364.0644
G1 X72.799 Y56.972 E364.09159
G1 X72.929 Y57 E364.09735
G0 F1920 X73.429 Y57.106
M204 S2000
M205 X30 Y30
G0 F3600 X73.585 Y56.628
M204 S500
M205 X10 Y10
;TYPE:WALL-OUTER
G1 F1200 X74.257 Y56.927 E364.1292
G1 X74.857 Y57.363 E364.16132
G1 X75.355 Y57.915 E364.19352
G1 X75.726 Y58.558 E364.22567
G1 X75.954 Y59.26 E364.25763
G1 X76.032 Y60 E364.28985
G1 X75.954 Y60.74 E364.32208
G1 X75.726 Y61.442 E364.35404
G1 X75.355 Y62.085 E364.38619
G1 X74.857 Y62.637 E364.41838
G1 X74.257 Y63.073 E364.4505
G1 X73.585 Y63.372 E364.48236
G1 X72.851 Y63.528 E364.51485
G1 X72.119 Y63.528 E364.54655
G1 X71.385 Y63.372 E364.57905
G1 X70.71 Y63.072 E364.61104
G1 X70.114 Y62.639 E364.64294
G1 X69.615 Y62.085 E364.67523
G1 X69.244 Y61.44 E364.70745
G1 X69.015 Y60.738 E364.73943
G1 X68.938 Y60 E364.77156
G1 X69.015 Y59.262 E364.80369
G1 X69.245 Y58.557 E364.83581
G1 X69.615 Y57.915 E364.8679
G1 X70.114 Y57.361 E364.90019
G1 X70.71 Y56.928 E364.93209
G1 X71.385 Y56.628 E364.96408
G1 X72.119 Y56.472 E364.99657
G1 X72.851 Y56.472 E365.02827
G1 X73.084 Y56.522 E365.03859
G0 F960 X73.585 Y56.628
M204 S2000
M205 X30 Y30
G0 F3600 X73.813 Y56.729
G0 X73.406 Y57.643
G1 F2700 E360.03859 ; Modi
;MESH:NONMESH
G0 F600 X73.406 Y57.643 Z9.55
G0 F3600 X70.036 Y58.224
G0 X68.793 Y57.51
G0 X52.95 Y58.224
G0 X51.515 Y58.224
G0 X48.204 Y57.649
;TIME_ELAPSED:439.733127
;LAYER:37
M204 S500
M205 X10 Y10
;TYPE:FILL
;MESH:RetractTower
G1 F2700 E365.03859
G1 F2400 X46.135 Y59.718 E365.16531
G1 X45.923 Y59.93
M204 S2000
M205 X30 Y30
G0 F3600 X46.135 Y62.076
M204 S500
M205 X10 Y10
G1 F2400 X50.562 Y57.649 E365.43643
G1 X50.774 Y57.437
M204 S2000
M205 X30 Y30
G0 F3600 X50.834 Y59.734
M204 S500
M205 X10 Y10
G1 F2400 X48.219 Y62.349 E365.59658
G1 X48.007 Y62.561
M204 S2000
M205 X30 Y30
G0 F3600 X50.577 Y62.349
M204 S500
M205 X10 Y10
G1 F2400 X50.834 Y62.091 E365.61235
M204 S2000
M205 X30 Y30
G0 F3600 X51.035 Y62.55
M204 S500
M205 X10 Y10
;TYPE:WALL-INNER
G1 F2400 X45.935 Y62.55 E365.83321
G1 X45.935 Y57.45 E366.05407
G1 X51.035 Y57.45 E366.27493
G1 X51.035 Y62.038 E366.47362
G0 F1920 X51.035 Y62.55
M204 S2000
M205 X30 Y30
G0 F3600 X51.535 Y63.05
M204 S500
M205 X10 Y10
G1 F2400 X45.435 Y63.05 E366.73778
G1 X45.435 Y56.95 E367.00195
G1 X51.535 Y56.95 E367.26611
G1 X51.535 Y62.538 E367.50811
G0 F1920 X51.535 Y63.05
M204 S2000
M205 X30 Y30
G0 F3600 X52.035 Y63.55
M204 S500
M205 X10 Y10
;TYPE:WALL-OUTER
G1 F1200 X44.935 Y63.55 E367.81558
G1 X44.935 Y56.45 E368.12305
G1 X52.035 Y56.45 E368.43052
G1 X52.035 Y63.038 E368.71582
G0 F960 X52.035 Y63.55
M204 S2000
M205 X30 Y30
G0 F3600 X51.785 Y63.55
G0 X51.035 Y62.697
G1 F2700 E363.71582 ; Modi
G0 F3600 X51.515 Y61.261
G0 X52.95 Y61.261
G0 X68.1 Y60.779
G0 X69.526 Y60.63
G0 X70.524 Y61.261
M204 S500
M205 X10 Y10
;TYPE:FILL
G1 F2700 E368.71582
G1 F2400 X73.747 Y58.038 E368.9132
G1 X73.959 Y57.826
M204 S2000
M205 X30 Y30
G0 F3600 X74.737 Y59.406
M204 S500
M205 X10 Y10
G1 F2400 X71.89 Y62.252 E369.08753
G1 X71.678 Y62.464
M204 S2000
M205 X30 Y30
G0 F3600 X70.331 Y59.097
M204 S500
M205 X10 Y10
G1 F2400 X71.571 Y57.856 E369.16351
G1 X71.783 Y57.644
M204 S2000
M205 X30 Y30
G0 F3600 X73.273 Y57.584
M204 S500
M205 X10 Y10
;TYPE:WALL-INNER
G1 F2400 X73.757 Y57.799 E369.18644
G1 X74.183 Y58.109 E369.20926
G1 X74.541 Y58.505 E369.23238
G1 X74.805 Y58.963 E369.25527
G1 X74.972 Y59.475 E369.27859
G1 X75.027 Y60 E369.30145
G1 X74.972 Y60.525 E369.32431
G1 X74.805 Y61.037 E369.34763
G1 X74.541 Y61.495 E369.37053
G1 X74.183 Y61.891 E369.39364
G1 X73.757 Y62.201 E369.41646
G1 X73.273 Y62.416 E369.43939
G1 X72.747 Y62.528 E369.46268
G1 X72.223 Y62.528 E369.48538
G1 X71.697 Y62.416 E369.50867
G1 X71.216 Y62.202 E369.53146
G1 X70.785 Y61.889 E369.55453
G1 X70.429 Y61.494 E369.57756
G1 X70.161 Y61.027 E369.60088
G1 X69.999 Y60.53 E369.62351
G1 X69.943 Y60 E369.64659
G1 X69.998 Y59.474 E369.6695
G1 X70.164 Y58.965 E369.69268
G1 X70.427 Y58.508 E369.71552
G1 X70.785 Y58.111 E369.73867
G1 X71.216 Y57.798 E369.76173
G1 X71.697 Y57.584 E369.78453
G1 X72.223 Y57.472 E369.80782
G1 X72.747 Y57.472 E369.83051
G1 X72.772 Y57.478 E369.83163
G0 F1920 X73.273 Y57.584
M204 S2000
M205 X30 Y30
G0 F3600 X73.429 Y57.106
M204 S500
M205 X10 Y10
G1 F2400 X74.007 Y57.363 E369.85902
G1 X74.52 Y57.736 E369.88649
G1 X74.948 Y58.21 E369.91415
G1 X75.266 Y58.761 E369.9417
G1 X75.463 Y59.367 E369.96929
G1 X75.53 Y60 E369.99686
G1 X75.463 Y60.633 E370.02442
G1 X75.266 Y61.239 E370.05202
G1 X74.948 Y61.79 E370.07957
G1 X74.52 Y62.264 E370.10722
G1 X74.007 Y62.637 E370.13469
G1 X73.429 Y62.894 E370.16209
G1 X72.799 Y63.028 E370.18998
G1 X72.171 Y63.028 E370.21717
G1 X71.541 Y62.894 E370.24507
G1 X70.963 Y62.637 E370.27246
G1 X70.448 Y62.263 E370.30002
G1 X70.022 Y61.79 E370.32759
G1 X69.703 Y61.234 E370.35535
G1 X69.507 Y60.634 E370.38268
G1 X69.44 Y60 E370.41029
G1 X69.507 Y59.366 E370.4379
G1 X69.703 Y58.763 E370.46536
G1 X70.02 Y58.213 E370.49285
G1 X70.451 Y57.735 E370.52072
G1 X70.963 Y57.363 E370.54813
G1 X71.541 Y57.106 E370.57552
G1 X72.171 Y56.972 E370.60342
G1 X72.799 Y56.972 E370.63061
G1 X72.929 Y57 E370.63637
G0 F1920 X73.429 Y57.106
M204 S2000
M205 X30 Y30
G0 F3600 X73.585 Y56.628
M204 S500
M205 X10 Y10
;TYPE:WALL-OUTER
G1 F1200 X74.257 Y56.927 E370.66822
G1 X74.857 Y57.363 E370.70034
G1 X75.355 Y57.915 E370.73254
G1 X75.726 Y58.558 E370.76469
G1 X75.954 Y59.26 E370.79665
G1 X76.032 Y60 E370.82887
G1 X75.954 Y60.74 E370.8611
G1 X75.726 Y61.442 E370.89306
G1 X75.355 Y62.085 E370.92521
G1 X74.857 Y62.637 E370.95741
G1 X74.257 Y63.073 E370.98953
G1 X73.585 Y63.372 E371.02138
G1 X72.851 Y63.528 E371.05387
G1 X72.119 Y63.528 E371.08557
G1 X71.385 Y63.372 E371.11807
G1 X70.71 Y63.072 E371.15006
G1 X70.114 Y62.639 E371.18196
G1 X69.613 Y62.083 E371.21437
G1 X69.245 Y61.441 E371.24642
G1 X69.015 Y60.738 E371.27845
G1 X68.938 Y60 E371.31058
G1 X69.015 Y59.262 E371.34272
G1 X69.245 Y58.557 E371.37483
G1 X69.615 Y57.915 E371.40692
G1 X70.114 Y57.361 E371.43921
G1 X70.71 Y56.928 E371.47111
G1 X71.385 Y56.628 E371.5031
G1 X72.119 Y56.472 E371.5356
G1 X72.851 Y56.472 E371.5673
G1 X73.084 Y56.522 E371.57761
G0 F960 X73.585 Y56.628
M204 S2000
M205 X30 Y30
G0 F3600 X73.813 Y56.729
G0 X73.406 Y57.643
G1 F2700 E366.57761 ; Modi
;MESH:NONMESH
G0 F600 X73.406 Y57.643 Z9.8
G0 F3600 X70.036 Y58.224
G0 X68.793 Y57.51
G0 X52.95 Y58.224
G0 X51.515 Y58.224
G0 X46.135 Y57.922
;TIME_ELAPSED:447.695208
;LAYER:38
M204 S500
M205 X10 Y10
;TYPE:FILL
;MESH:RetractTower
G1 F2700 E371.57761
G1 F2400 X50.561 Y62.349 E371.84871
G1 X50.773 Y62.561
M204 S2000
M205 X30 Y30
G0 F3600 X50.835 Y60.265
M204 S500
M205 X10 Y10
G1 F2400 X48.219 Y57.649 E372.00892
G1 X48.007 Y57.437
M204 S2000
M205 X30 Y30
G0 F3600 X50.577 Y57.649
M204 S500
M205 X10 Y10
G1 F2400 X50.835 Y57.907 E372.02472
M204 S2000
M205 X30 Y30
G0 F3600 X48.204 Y62.349
M204 S500
M205 X10 Y10
G1 F2400 X46.135 Y60.28 E372.15144
G1 X45.923 Y60.068
M204 S2000
M205 X30 Y30
G0 F3600 X51.035 Y62.55
M204 S500
M205 X10 Y10
;TYPE:WALL-INNER
G1 F2400 X45.935 Y62.55 E372.3723
G1 X45.935 Y57.45 E372.59315
G1 X51.035 Y57.45 E372.81401
G1 X51.035 Y62.038 E373.0127
G0 F1920 X51.035 Y62.55
M204 S2000
M205 X30 Y30
G0 F3600 X51.535 Y63.05
M204 S500
M205 X10 Y10
G1 F2400 X45.435 Y63.05 E373.27687
G1 X45.435 Y56.95 E373.54103
G1 X51.535 Y56.95 E373.8052
G1 X51.535 Y62.538 E374.04719
G0 F1920 X51.535 Y63.05
M204 S2000
M205 X30 Y30
G0 F3600 X52.035 Y63.55
M204 S500
M205 X10 Y10
;TYPE:WALL-OUTER
G1 F1200 X44.935 Y63.55 E374.35466
G1 X44.935 Y56.45 E374.66213
G1 X52.035 Y56.45 E374.9696
G1 X52.035 Y63.038 E375.2549
G0 F960 X52.035 Y63.55
M204 S2000
M205 X30 Y30
G0 F3600 X51.785 Y63.55
G0 X51.035 Y62.697
G1 F2700 E370.25490 ; Modi
G0 F3600 X51.515 Y60.899
G0 X52.95 Y60.899
G0 X68.035 Y60.149
G0 X69.46 Y60
G0 X70.329 Y60.899
M204 S500
M205 X10 Y10
;TYPE:FILL
G1 F2700 E375.2549
G1 F2400 X71.572 Y62.142 E375.33102
G1 X71.784 Y62.354
M204 S2000
M205 X30 Y30
G0 F3600 X73.747 Y61.96
M204 S500
M205 X10 Y10
G1 F2400 X70.524 Y58.737 E375.52841
G1 X70.312 Y58.525
M204 S2000
M205 X30 Y30
G0 F3600 X71.892 Y57.747
M204 S500
M205 X10 Y10
G1 F2400 X74.738 Y60.593 E375.70271
G1 X74.95 Y60.805
M204 S2000
M205 X30 Y30
G0 F3600 X73.273 Y57.584
M204 S500
M205 X10 Y10
;TYPE:WALL-INNER
G1 F2400 X73.757 Y57.799 E375.72565
G1 X74.183 Y58.109 E375.74846
G1 X74.541 Y58.505 E375.77158
G1 X74.805 Y58.963 E375.79447
G1 X74.972 Y59.475 E375.8178
G1 X75.027 Y60 E375.84066
G1 X74.972 Y60.525 E375.86352
G1 X74.805 Y61.037 E375.88684
G1 X74.541 Y61.495 E375.90973
G1 X74.183 Y61.891 E375.93285
G1 X73.757 Y62.201 E375.95566
G1 X73.273 Y62.416 E375.9786
G1 X72.747 Y62.528 E376.00189
G1 X72.223 Y62.528 E376.02458
G1 X71.697 Y62.416 E376.04787
G1 X71.216 Y62.202 E376.07067
G1 X70.782 Y61.887 E376.09389
G1 X70.427 Y61.493 E376.11686
G1 X70.163 Y61.032 E376.13987
G1 X69.997 Y60.526 E376.16293
G1 X69.943 Y60.001 E376.18578
G1 X69.998 Y59.474 E376.20873
G1 X70.164 Y58.965 E376.23191
G1 X70.427 Y58.508 E376.25475
G1 X70.785 Y58.111 E376.2779
G1 X71.216 Y57.798 E376.30097
G1 X71.697 Y57.584 E376.32376
G1 X72.223 Y57.472 E376.34705
G1 X72.747 Y57.472 E376.36975
G1 X72.772 Y57.478 E376.37086
G0 F1920 X73.273 Y57.584
M204 S2000
M205 X30 Y30
G0 F3600 X73.429 Y57.106
M204 S500
M205 X10 Y10
G1 F2400 X74.007 Y57.363 E376.39825
G1 X74.52 Y57.736 E376.42572
G1 X74.948 Y58.21 E376.45338
G1 X75.266 Y58.761 E376.48093
G1 X75.463 Y59.367 E376.50852
G1 X75.53 Y60 E376.53609
G1 X75.463 Y60.633 E376.56365
G1 X75.266 Y61.239 E376.59125
G1 X74.948 Y61.79 E376.6188
G1 X74.52 Y62.264 E376.64646
G1 X74.007 Y62.637 E376.67392
G1 X73.429 Y62.894 E376.70132
G1 X72.799 Y63.028 E376.72921
G1 X72.171 Y63.028 E376.75641
G1 X71.541 Y62.894 E376.7843
G1 X70.963 Y62.637 E376.81169
G1 X70.448 Y62.263 E376.83926
G1 X70.02 Y61.788 E376.86694
G1 X69.704 Y61.236 E376.89449
G1 X69.506 Y60.632 E376.92202
G1 X69.44 Y60 E376.94953
G1 X69.507 Y59.366 E376.97714
G1 X69.703 Y58.763 E377.0046
G1 X70.02 Y58.213 E377.03209
G1 X70.451 Y57.735 E377.05996
G1 X70.963 Y57.363 E377.08737
G1 X71.541 Y57.106 E377.11476
G1 X72.171 Y56.972 E377.14266
G1 X72.799 Y56.972 E377.16985
G1 X72.929 Y57 E377.17561
G0 F1920 X73.429 Y57.106
M204 S2000
M205 X30 Y30
G0 F3600 X73.585 Y56.628
M204 S500
M205 X10 Y10
;TYPE:WALL-OUTER
G1 F1200 X74.257 Y56.927 E377.20746
G1 X74.857 Y57.363 E377.23958
G1 X75.355 Y57.915 E377.27178
G1 X75.726 Y58.558 E377.30393
G1 X75.954 Y59.26 E377.33589
G1 X76.032 Y60 E377.36811
G1 X75.954 Y60.74 E377.40034
G1 X75.726 Y61.442 E377.4323
G1 X75.355 Y62.085 E377.46445
G1 X74.857 Y62.637 E377.49665
G1 X74.257 Y63.073 E377.52876
G1 X73.585 Y63.372 E377.56062
G1 X72.851 Y63.528 E377.59311
G1 X72.119 Y63.528 E377.62481
G1 X71.385 Y63.372 E377.65731
G1 X70.71 Y63.072 E377.6893
G1 X70.114 Y62.639 E377.7212
G1 X69.613 Y62.083 E377.75361
G1 X69.245 Y61.44 E377.78569
G1 X69.015 Y60.738 E377.81769
G1 X68.938 Y60 E377.84982
G1 X69.015 Y59.262 E377.88195
G1 X69.245 Y58.557 E377.91407
G1 X69.615 Y57.915 E377.94616
G1 X70.114 Y57.361 E377.97844
G1 X70.71 Y56.928 E378.01035
G1 X71.385 Y56.628 E378.04233
G1 X72.119 Y56.472 E378.07483
G1 X72.851 Y56.472 E378.10653
G1 X73.084 Y56.522 E378.11685
G0 F960 X73.585 Y56.628
M204 S2000
M205 X30 Y30
G0 F3600 X73.813 Y56.729
G0 X73.406 Y57.643
G1 F2700 E373.11685 ; Modi
;MESH:NONMESH
G0 F600 X73.406 Y57.643 Z10.05
G0 F3600 X70.036 Y58.224
G0 X68.793 Y57.51
G0 X52.95 Y58.224
G0 X51.515 Y58.224
G0 X48.204 Y57.649
;TIME_ELAPSED:455.830327
;LAYER:39
M204 S500
M205 X10 Y10
;TYPE:FILL
;MESH:RetractTower
G1 F2700 E378.11685
G1 F2400 X46.135 Y59.718 E378.24356
G1 X45.923 Y59.93
M204 S2000
M205 X30 Y30
G0 F3600 X46.135 Y62.076
M204 S500
M205 X10 Y10
G1 F2400 X50.562 Y57.649 E378.51469
G1 X50.774 Y57.437
M204 S2000
M205 X30 Y30
G0 F3600 X50.834 Y59.734
M204 S500
M205 X10 Y10
G1 F2400 X48.219 Y62.349 E378.67484
G1 X48.007 Y62.561
M204 S2000
M205 X30 Y30
G0 F3600 X50.577 Y62.349
M204 S500
M205 X10 Y10
G1 F2400 X50.834 Y62.091 E378.69061
M204 S2000
M205 X30 Y30
G0 F3600 X51.035 Y62.55
M204 S500
M205 X10 Y10
;TYPE:WALL-INNER
G1 F2400 X45.935 Y62.55 E378.91147
G1 X45.935 Y57.45 E379.13233
G1 X51.035 Y57.45 E379.35319
G1 X51.035 Y62.038 E379.55188
G0 F1920 X51.035 Y62.55
M204 S2000
M205 X30 Y30
G0 F3600 X51.535 Y63.05
M204 S500
M205 X10 Y10
G1 F2400 X45.435 Y63.05 E379.81604
G1 X45.435 Y56.95 E380.08021
G1 X51.535 Y56.95 E380.34437
G1 X51.535 Y62.538 E380.58636
G0 F1920 X51.535 Y63.05
M204 S2000
M205 X30 Y30
G0 F3600 X52.035 Y63.55
M204 S500
M205 X10 Y10
;TYPE:WALL-OUTER
G1 F1200 X44.935 Y63.55 E380.89383
G1 X44.935 Y56.45 E381.2013
G1 X52.035 Y56.45 E381.50878
G1 X52.035 Y63.038 E381.79407
G0 F960 X52.035 Y63.55
M204 S2000
M205 X30 Y30
G0 F3600 X51.785 Y63.55
G0 X51.035 Y62.697
G1 F2700 E376.79407 ; Modi
G0 F3600 X51.515 Y61.261
G0 X52.95 Y61.261
G0 X68.1 Y60.779
G0 X69.526 Y60.63
G0 X70.524 Y61.261
M204 S500
M205 X10 Y10
;TYPE:FILL
G1 F2700 E381.79407
G1 F2400 X73.747 Y58.038 E381.99146
G1 X73.959 Y57.826
M204 S2000
M205 X30 Y30
G0 F3600 X74.737 Y59.406
M204 S500
M205 X10 Y10
G1 F2400 X71.89 Y62.252 E382.16579
G1 X71.678 Y62.464
M204 S2000
M205 X30 Y30
G0 F3600 X70.331 Y59.097
M204 S500
M205 X10 Y10
G1 F2400 X71.571 Y57.856 E382.24176
G1 X71.783 Y57.644
M204 S2000
M205 X30 Y30
G0 F3600 X73.273 Y57.584
M204 S500
M205 X10 Y10
;TYPE:WALL-INNER
G1 F2400 X73.757 Y57.799 E382.2647
G1 X74.183 Y58.109 E382.28751
G1 X74.541 Y58.505 E382.31063
G1 X74.805 Y58.963 E382.33353
G1 X74.972 Y59.475 E382.35685
G1 X75.027 Y60 E382.37971
G1 X74.972 Y60.525 E382.40257
G1 X74.805 Y61.037 E382.42589
G1 X74.541 Y61.495 E382.44878
G1 X74.183 Y61.891 E382.4719
G1 X73.757 Y62.201 E382.49472
G1 X73.273 Y62.416 E382.51765
G1 X72.747 Y62.528 E382.54094
G1 X72.223 Y62.528 E382.56363
G1 X71.697 Y62.416 E382.58692
G1 X71.216 Y62.202 E382.60972
G1 X70.785 Y61.889 E382.63279
G1 X70.427 Y61.492 E382.65594
G1 X70.164 Y61.035 E382.67877
G1 X69.998 Y60.526 E382.70196
G1 X69.943 Y60 E382.72486
G1 X69.998 Y59.474 E382.74776
G1 X70.164 Y58.965 E382.77095
G1 X70.427 Y58.508 E382.79378
G1 X70.785 Y58.111 E382.81693
G1 X71.216 Y57.798 E382.84
G1 X71.697 Y57.584 E382.8628
G1 X72.223 Y57.472 E382.88609
G1 X72.747 Y57.472 E382.90878
G1 X72.772 Y57.478 E382.9099
G0 F1920 X73.273 Y57.584
M204 S2000
M205 X30 Y30
G0 F3600 X73.429 Y57.106
M204 S500
M205 X10 Y10
G1 F2400 X74.007 Y57.363 E382.93729
G1 X74.52 Y57.736 E382.96476
G1 X74.948 Y58.21 E382.99241
G1 X75.266 Y58.761 E383.01996
G1 X75.463 Y59.367 E383.04756
G1 X75.53 Y60 E383.07512
G1 X75.463 Y60.633 E383.10269
G1 X75.266 Y61.239 E383.13029
G1 X74.948 Y61.79 E383.15784
G1 X74.52 Y62.264 E383.18549
G1 X74.007 Y62.637 E383.21296
G1 X73.429 Y62.894 E383.24035
G1 X72.799 Y63.028 E383.26825
G1 X72.171 Y63.028 E383.29544
G1 X71.541 Y62.894 E383.32333
G1 X70.963 Y62.637 E383.35073
G1 X70.451 Y62.265 E383.37814
G1 X70.02 Y61.787 E383.40601
G1 X69.703 Y61.237 E383.4335
G1 X69.507 Y60.634 E383.46096
G1 X69.44 Y60 E383.48857
G1 X69.507 Y59.366 E383.51617
G1 X69.703 Y58.763 E383.54363
G1 X70.02 Y58.213 E383.57112
G1 X70.451 Y57.735 E383.599
G1 X70.963 Y57.363 E383.6264
G1 X71.541 Y57.106 E383.6538
G1 X72.171 Y56.972 E383.68169
G1 X72.799 Y56.972 E383.70889
G1 X72.929 Y57 E383.71464
G0 F1920 X73.429 Y57.106
M204 S2000
M205 X30 Y30
G0 F3600 X73.585 Y56.628
M204 S500
M205 X10 Y10
;TYPE:WALL-OUTER
G1 F1200 X74.257 Y56.927 E383.7465
G1 X74.857 Y57.363 E383.77862
G1 X75.355 Y57.915 E383.81081
G1 X75.726 Y58.558 E383.84296
G1 X75.954 Y59.26 E383.87492
G1 X76.032 Y60 E383.90715
G1 X75.954 Y60.74 E383.93937
G1 X75.726 Y61.442 E383.97133
G1 X75.355 Y62.085 E384.00348
G1 X74.857 Y62.637 E384.03568
G1 X74.257 Y63.073 E384.0678
G1 X73.585 Y63.372 E384.09965
G1 X72.851 Y63.528 E384.13215
G1 X72.119 Y63.528 E384.16385
G1 X71.385 Y63.372 E384.19634
G1 X70.71 Y63.072 E384.22833
G1 X70.114 Y62.639 E384.26023
G1 X69.615 Y62.085 E384.29252
G1 X69.245 Y61.443 E384.32461
G1 X69.015 Y60.738 E384.35673
G1 X68.938 Y60 E384.38886
G1 X69.015 Y59.262 E384.42099
G1 X69.245 Y58.557 E384.45311
G1 X69.615 Y57.915 E384.48519
G1 X70.114 Y57.361 E384.51748
G1 X70.71 Y56.928 E384.54939
G1 X71.385 Y56.628 E384.58137
G1 X72.119 Y56.472 E384.61387
G1 X72.851 Y56.472 E384.64557
G1 X73.084 Y56.522 E384.65589
G0 F960 X73.585 Y56.628
M204 S2000
M205 X30 Y30
G0 F3600 X73.813 Y56.729
G0 X73.406 Y57.643
G1 F2700 E379.65589 ; Modi
;MESH:NONMESH
G0 F600 X73.406 Y57.643 Z10.3
G0 F3600 X70.036 Y58.224
G0 X68.793 Y57.51
G0 X52.95 Y58.224
G0 X51.515 Y58.224
G0 X46.135 Y57.922
;TIME_ELAPSED:463.792421
;LAYER:40
M204 S500
M205 X10 Y10
;TYPE:FILL
;MESH:RetractTower
G1 F2700 E384.65589
G1 F2400 X50.561 Y62.349 E384.92699
G1 X50.773 Y62.561
M204 S2000
M205 X30 Y30
G0 F3600 X50.835 Y60.265
M204 S500
M205 X10 Y10
G1 F2400 X48.219 Y57.649 E385.0872
G1 X48.007 Y57.437
M204 S2000
M205 X30 Y30
G0 F3600 X50.577 Y57.649
M204 S500
M205 X10 Y10
G1 F2400 X50.835 Y57.907 E385.103
M204 S2000
M205 X30 Y30
G0 F3600 X48.204 Y62.349
M204 S500
M205 X10 Y10
G1 F2400 X46.135 Y60.28 E385.22971
G1 X45.923 Y60.068
M204 S2000
M205 X30 Y30
G0 F3600 X51.035 Y62.55
M204 S500
M205 X10 Y10
;TYPE:WALL-INNER
G1 F2400 X45.935 Y62.55 E385.45057
G1 X45.935 Y57.45 E385.67143
G1 X51.035 Y57.45 E385.89229
G1 X51.035 Y62.038 E386.09098
G0 F1920 X51.035 Y62.55
M204 S2000
M205 X30 Y30
G0 F3600 X51.535 Y63.05
M204 S500
M205 X10 Y10
G1 F2400 X45.435 Y63.05 E386.35514
G1 X45.435 Y56.95 E386.61931
G1 X51.535 Y56.95 E386.88347
G1 X51.535 Y62.538 E387.12546
G0 F1920 X51.535 Y63.05
M204 S2000
M205 X30 Y30
G0 F3600 X52.035 Y63.55
M204 S500
M205 X10 Y10
;TYPE:WALL-OUTER
G1 F1200 X44.935 Y63.55 E387.43293
G1 X44.935 Y56.45 E387.74041
G1 X52.035 Y56.45 E388.04788
G1 X52.035 Y63.038 E388.33317
G0 F960 X52.035 Y63.55
M204 S2000
M205 X30 Y30
G0 F3600 X51.785 Y63.55
G0 X51.035 Y62.697
G1 F2700 E383.33317 ; Modi
G0 F3600 X51.515 Y60.897
G0 X52.95 Y60.897
G0 X68.035 Y60.149
G0 X69.46 Y60
G0 X70.327 Y60.897
M204 S500
M205 X10 Y10
;TYPE:FILL
G1 F2700 E388.33317
G1 F2400 X71.572 Y62.142 E388.40942
G1 X71.784 Y62.354
M204 S2000
M205 X30 Y30
G0 F3600 X73.747 Y61.96
M204 S500
M205 X10 Y10
G1 F2400 X70.524 Y58.737 E388.60681
G1 X70.312 Y58.525
M204 S2000
M205 X30 Y30
G0 F3600 X71.892 Y57.747
M204 S500
M205 X10 Y10
G1 F2400 X74.738 Y60.593 E388.78111
G1 X74.95 Y60.805
M204 S2000
M205 X30 Y30
G0 F3600 X73.273 Y57.584
M204 S500
M205 X10 Y10
;TYPE:WALL-INNER
G1 F2400 X73.757 Y57.799 E388.80404
G1 X74.183 Y58.109 E388.82686
G1 X74.541 Y58.505 E388.84998
G1 X74.805 Y58.963 E388.87287
G1 X74.972 Y59.475 E388.89619
G1 X75.027 Y60 E388.91905
G1 X74.972 Y60.525 E388.94191
G1 X74.805 Y61.037 E388.96524
G1 X74.541 Y61.495 E388.98813
G1 X74.183 Y61.891 E389.01125
G1 X73.757 Y62.201 E389.03406
G1 X73.273 Y62.416 E389.057
G1 X72.747 Y62.528 E389.08029
G1 X72.223 Y62.528 E389.10298
G1 X71.697 Y62.416 E389.12627
G1 X71.216 Y62.202 E389.14907
G1 X70.785 Y61.889 E389.17213
G1 X70.429 Y61.494 E389.19516
G1 X70.16 Y61.025 E389.21858
G1 X69.999 Y60.53 E389.24112
G1 X69.943 Y60 E389.2642
G1 X69.998 Y59.474 E389.2871
G1 X70.164 Y58.965 E389.31029
G1 X70.427 Y58.508 E389.33312
G1 X70.785 Y58.111 E389.35627
G1 X71.216 Y57.798 E389.37934
G1 X71.697 Y57.584 E389.40214
G1 X72.223 Y57.472 E389.42543
G1 X72.747 Y57.472 E389.44812
G1 X72.772 Y57.478 E389.44923
G0 F1920 X73.273 Y57.584
M204 S2000
M205 X30 Y30
G0 F3600 X73.429 Y57.106
M204 S500
M205 X10 Y10
G1 F2400 X74.007 Y57.363 E389.47663
G1 X74.52 Y57.736 E389.50409
G1 X74.948 Y58.21 E389.53175
G1 X75.266 Y58.761 E389.5593
G1 X75.463 Y59.367 E389.5869
G1 X75.53 Y60 E389.61446
G1 X75.463 Y60.633 E389.64203
G1 X75.266 Y61.239 E389.66962
G1 X74.948 Y61.79 E389.69717
G1 X74.52 Y62.264 E389.72483
G1 X74.007 Y62.637 E389.7523
G1 X73.429 Y62.894 E389.77969
G1 X72.799 Y63.028 E389.80758
G1 X72.171 Y63.028 E389.83478
G1 X71.541 Y62.894 E389.86267
G1 X70.963 Y62.637 E389.89006
G1 X70.448 Y62.263 E389.91763
G1 X70.022 Y61.79 E389.94519
G1 X69.702 Y61.232 E389.97305
G1 X69.507 Y60.634 E390.00029
G1 X69.44 Y60 E390.0279
G1 X69.507 Y59.366 E390.05551
G1 X69.703 Y58.763 E390.08297
G1 X70.02 Y58.213 E390.11046
G1 X70.451 Y57.735 E390.13833
G1 X70.963 Y57.363 E390.16574
G1 X71.541 Y57.106 E390.19313
G1 X72.171 Y56.972 E390.22102
G1 X72.799 Y56.972 E390.24822
G1 X72.929 Y57 E390.25398
G0 F1920 X73.429 Y57.106
M204 S2000
M205 X30 Y30
G0 F3600 X73.585 Y56.628
M204 S500
M205 X10 Y10
;TYPE:WALL-OUTER
G1 F1200 X74.257 Y56.927 E390.28583
G1 X74.857 Y57.363 E390.31795
G1 X75.355 Y57.915 E390.35014
G1 X75.726 Y58.558 E390.38229
G1 X75.954 Y59.26 E390.41426
G1 X76.032 Y60 E390.44648
G1 X75.954 Y60.74 E390.4787
G1 X75.726 Y61.442 E390.51067
G1 X75.355 Y62.085 E390.54282
G1 X74.857 Y62.637 E390.57501
G1 X74.257 Y63.073 E390.60713
G1 X73.585 Y63.372 E390.63898
G1 X72.851 Y63.528 E390.67148
G1 X72.119 Y63.528 E390.70318
G1 X71.385 Y63.372 E390.73567
G1 X70.71 Y63.072 E390.76766
G1 X70.114 Y62.639 E390.79957
G1 X69.613 Y62.083 E390.83198
G1 X69.244 Y61.439 E390.86412
G1 X69.015 Y60.738 E390.89606
G1 X68.938 Y60 E390.92819
G1 X69.015 Y59.262 E390.96032
G1 X69.245 Y58.557 E390.99244
G1 X69.615 Y57.915 E391.02452
G1 X70.114 Y57.361 E391.05681
G1 X70.71 Y56.928 E391.08872
G1 X71.385 Y56.628 E391.1207
G1 X72.119 Y56.472 E391.1532
G1 X72.851 Y56.472 E391.1849
G1 X73.084 Y56.522 E391.19522
G0 F960 X73.585 Y56.628
M204 S2000
M205 X30 Y30
G0 F3600 X73.813 Y56.729
G0 X73.406 Y57.643
G1 F2700 E386.19522 ; Modi
;MESH:NONMESH
G0 F600 X73.406 Y57.643 Z10.55
G0 F3600 X70.036 Y58.224
G0 X68.793 Y57.51
G0 X52.95 Y58.224
G0 X51.515 Y58.224
G0 X48.204 Y57.649
;TIME_ELAPSED:471.927579
;LAYER:41
M204 S500
M205 X10 Y10
;TYPE:FILL
;MESH:RetractTower
G1 F2700 E391.19522
G1 F2400 X46.135 Y59.718 E391.32193
G1 X45.923 Y59.93
M204 S2000
M205 X30 Y30
G0 F3600 X46.135 Y62.076
M204 S500
M205 X10 Y10
G1 F2400 X50.562 Y57.649 E391.59306
G1 X50.774 Y57.437
M204 S2000
M205 X30 Y30
G0 F3600 X50.834 Y59.734
M204 S500
M205 X10 Y10
G1 F2400 X48.219 Y62.349 E391.75321
G1 X48.007 Y62.561
M204 S2000
M205 X30 Y30
G0 F3600 X50.577 Y62.349
M204 S500
M205 X10 Y10
G1 F2400 X50.834 Y62.091 E391.76898
M204 S2000
M205 X30 Y30
G0 F3600 X51.035 Y62.55
M204 S500
M205 X10 Y10
;TYPE:WALL-INNER
G1 F2400 X45.935 Y62.55 E391.98984
G1 X45.935 Y57.45 E392.2107
G1 X51.035 Y57.45 E392.43156
G1 X51.035 Y62.038 E392.63025
G0 F1920 X51.035 Y62.55
M204 S2000
M205 X30 Y30
G0 F3600 X51.535 Y63.05
M204 S500
M205 X10 Y10
G1 F2400 X45.435 Y63.05 E392.89441
G1 X45.435 Y56.95 E393.15858
G1 X51.535 Y56.95 E393.42274
G1 X51.535 Y62.538 E393.66473
G0 F1920 X51.535 Y63.05
M204 S2000
M205 X30 Y30
G0 F3600 X52.035 Y63.55
M204 S500
M205 X10 Y10
;TYPE:WALL-OUTER
G1 F1200 X44.935 Y63.55 E393.9722
G1 X44.935 Y56.45 E394.27967
G1 X52.035 Y56.45 E394.58715
G1 X52.035 Y63.038 E394.87244
G0 F960 X52.035 Y63.55
M204 S2000
M205 X30 Y30
G0 F3600 X51.785 Y63.55
G0 X51.035 Y62.697
G1 F2700 E389.87244 ; Modi
G0 F3600 X51.515 Y61.261
G0 X52.95 Y61.261
G0 X68.1 Y60.781
G0 X69.526 Y60.632
G0 X70.524 Y61.261
M204 S500
M205 X10 Y10
;TYPE:FILL
G1 F2700 E394.87244
G1 F2400 X73.747 Y58.038 E395.06983
G1 X73.959 Y57.826
M204 S2000
M205 X30 Y30
G0 F3600 X74.737 Y59.406
M204 S500
M205 X10 Y10
G1 F2400 X71.89 Y62.252 E395.24416
G1 X71.678 Y62.464
M204 S2000
M205 X30 Y30
G0 F3600 X70.331 Y59.097
M204 S500
M205 X10 Y10
G1 F2400 X71.571 Y57.856 E395.32013
G1 X71.783 Y57.644
M204 S2000
M205 X30 Y30
G0 F3600 X73.273 Y57.584
M204 S500
M205 X10 Y10
;TYPE:WALL-INNER
G1 F2400 X73.757 Y57.799 E395.34307
G1 X74.183 Y58.109 E395.36588
G1 X74.541 Y58.505 E395.389
G1 X74.805 Y58.963 E395.4119
G1 X74.972 Y59.475 E395.43522
G1 X75.027 Y60 E395.45808
G1 X74.972 Y60.525 E395.48094
G1 X74.805 Y61.037 E395.50426
G1 X74.541 Y61.495 E395.52715
G1 X74.183 Y61.891 E395.55027
G1 X73.757 Y62.201 E395.57309
G1 X73.273 Y62.416 E395.59602
G1 X72.747 Y62.528 E395.61931
G1 X72.223 Y62.528 E395.642
G1 X71.697 Y62.416 E395.66529
G1 X71.216 Y62.202 E395.68809
G1 X70.786 Y61.89 E395.7111
G1 X70.426 Y61.49 E395.7344
G1 X70.16 Y61.029 E395.75745
G1 X69.998 Y60.529 E395.78021
G1 X69.943 Y60.001 E395.8032
G1 X69.998 Y59.474 E395.82615
G1 X70.164 Y58.965 E395.84933
G1 X70.427 Y58.508 E395.87217
G1 X70.785 Y58.111 E395.89532
G1 X71.216 Y57.798 E395.91839
G1 X71.697 Y57.584 E395.94118
G1 X72.223 Y57.472 E395.96447
G1 X72.747 Y57.472 E395.98717
G1 X72.772 Y57.478 E395.98828
G0 F1920 X73.273 Y57.584
M204 S2000
M205 X30 Y30
G0 F3600 X73.429 Y57.106
M204 S500
M205 X10 Y10
G1 F2400 X74.007 Y57.363 E396.01567
G1 X74.52 Y57.736 E396.04314
G1 X74.948 Y58.21 E396.0708
G1 X75.266 Y58.761 E396.09835
G1 X75.463 Y59.367 E396.12594
G1 X75.53 Y60 E396.15351
G1 X75.463 Y60.633 E396.18107
G1 X75.266 Y61.239 E396.20867
G1 X74.948 Y61.79 E396.23622
G1 X74.52 Y62.264 E396.26388
G1 X74.007 Y62.637 E396.29134
G1 X73.429 Y62.894 E396.31874
G1 X72.799 Y63.028 E396.34663
G1 X72.171 Y63.028 E396.37383
G1 X71.541 Y62.894 E396.40172
G1 X70.963 Y62.637 E396.42911
G1 X70.451 Y62.265 E396.45652
G1 X70.019 Y61.785 E396.48448
G1 X69.7 Y61.232 E396.51213
G1 X69.507 Y60.636 E396.53926
G1 X69.44 Y60 E396.56696
G1 X69.507 Y59.366 E396.59456
G1 X69.703 Y58.763 E396.62202
G1 X70.02 Y58.213 E396.64951
G1 X70.451 Y57.735 E396.67739
G1 X70.963 Y57.363 E396.70479
G1 X71.541 Y57.106 E396.73219
G1 X72.171 Y56.972 E396.76008
G1 X72.799 Y56.972 E396.78728
G1 X72.929 Y57 E396.79303
G0 F1920 X73.429 Y57.106
M204 S2000
M205 X30 Y30
G0 F3600 X73.585 Y56.628
M204 S500
M205 X10 Y10
;TYPE:WALL-OUTER
G1 F1200 X74.257 Y56.927 E396.82489
G1 X74.857 Y57.363 E396.85701
G1 X75.355 Y57.915 E396.8892
G1 X75.726 Y58.558 E396.92135
G1 X75.954 Y59.26 E396.95331
G1 X76.032 Y60 E396.98554
G1 X75.954 Y60.74 E397.01776
G1 X75.726 Y61.442 E397.04973
G1 X75.355 Y62.085 E397.08187
G1 X74.857 Y62.637 E397.11407
G1 X74.257 Y63.073 E397.14619
G1 X73.585 Y63.372 E397.17804
G1 X72.851 Y63.528 E397.21054
G1 X72.119 Y63.528 E397.24224
G1 X71.385 Y63.372 E397.27473
G1 X70.71 Y63.072 E397.30672
G1 X70.114 Y62.639 E397.33862
G1 X69.615 Y62.085 E397.37091
G1 X69.241 Y61.435 E397.40339
G1 X69.015 Y60.74 E397.43504
G1 X68.938 Y60 E397.46726
G1 X69.015 Y59.262 E397.49939
G1 X69.245 Y58.557 E397.5315
G1 X69.615 Y57.915 E397.56359
G1 X70.114 Y57.361 E397.59588
G1 X70.71 Y56.928 E397.62778
G1 X71.385 Y56.628 E397.65977
G1 X72.119 Y56.472 E397.69227
G1 X72.851 Y56.472 E397.72397
G1 X73.084 Y56.522 E397.73429
G0 F960 X73.585 Y56.628
M204 S2000
M205 X30 Y30
G0 F3600 X73.813 Y56.729
G0 X73.406 Y57.643
G1 F2700 E392.73429 ; Modi
;MESH:NONMESH
G0 F600 X73.406 Y57.643 Z10.8
G0 F3600 X70.036 Y58.224
G0 X68.793 Y57.51
G0 X52.95 Y58.224
G0 X51.515 Y58.224
G0 X46.135 Y57.922
;TIME_ELAPSED:479.889652
;LAYER:42
M204 S500
M205 X10 Y10
;TYPE:FILL
;MESH:RetractTower
G1 F2700 E397.73429
G1 F2400 X50.561 Y62.349 E398.00538
G1 X50.773 Y62.561
M204 S2000
M205 X30 Y30
G0 F3600 X50.835 Y60.265
M204 S500
M205 X10 Y10
G1 F2400 X48.219 Y57.649 E398.1656
G1 X48.007 Y57.437
M204 S2000
M205 X30 Y30
G0 F3600 X50.577 Y57.649
M204 S500
M205 X10 Y10
G1 F2400 X50.835 Y57.907 E398.1814
M204 S2000
M205 X30 Y30
G0 F3600 X48.204 Y62.349
M204 S500
M205 X10 Y10
G1 F2400 X46.135 Y60.28 E398.30811
G1 X45.923 Y60.068
M204 S2000
M205 X30 Y30
G0 F3600 X51.035 Y62.55
M204 S500
M205 X10 Y10
;TYPE:WALL-INNER
G1 F2400 X45.935 Y62.55 E398.52897
G1 X45.935 Y57.45 E398.74983
G1 X51.035 Y57.45 E398.97069
G1 X51.035 Y62.038 E399.16937
G0 F1920 X51.035 Y62.55
M204 S2000
M205 X30 Y30
G0 F3600 X51.535 Y63.05
M204 S500
M205 X10 Y10
G1 F2400 X45.435 Y63.05 E399.43354
G1 X45.435 Y56.95 E399.6977
G1 X51.535 Y56.95 E399.96187
G1 X51.535 Y62.538 E400.20386
G0 F1920 X51.535 Y63.05
M204 S2000
M205 X30 Y30
G0 F3600 X52.035 Y63.55
M204 S500
M205 X10 Y10
;TYPE:WALL-OUTER
G1 F1200 X44.935 Y63.55 E400.51133
G1 X44.935 Y56.45 E400.8188
G1 X52.035 Y56.45 E401.12627
G1 X52.035 Y63.038 E401.41157
G0 F960 X52.035 Y63.55
M204 S2000
M205 X30 Y30
G0 F3600 X51.785 Y63.55
G0 X51.035 Y62.697
G1 F2700 E396.41157 ; Modi
G0 F3600 X51.515 Y60.899
G0 X52.95 Y60.899
G0 X68.035 Y60.149
G0 X69.46 Y60
G0 X70.329 Y60.899
M204 S500
M205 X10 Y10
;TYPE:FILL
G1 F2700 E401.41157
G1 F2400 X71.572 Y62.142 E401.4877
G1 X71.784 Y62.354
M204 S2000
M205 X30 Y30
G0 F3600 X73.747 Y61.96
M204 S500
M205 X10 Y10
G1 F2400 X70.524 Y58.737 E401.68509
G1 X70.312 Y58.525
M204 S2000
M205 X30 Y30
G0 F3600 X71.892 Y57.747
M204 S500
M205 X10 Y10
G1 F2400 X74.738 Y60.593 E401.85938
G1 X74.95 Y60.805
M204 S2000
M205 X30 Y30
G0 F3600 X73.273 Y57.584
M204 S500
M205 X10 Y10
;TYPE:WALL-INNER
G1 F2400 X73.757 Y57.799 E401.88232
G1 X74.183 Y58.109 E401.90514
G1 X74.541 Y58.505 E401.92825
G1 X74.805 Y58.963 E401.95115
G1 X74.972 Y59.475 E401.97447
G1 X75.027 Y60 E401.99733
G1 X74.972 Y60.525 E402.02019
G1 X74.805 Y61.037 E402.04351
G1 X74.541 Y61.495 E402.0664
G1 X74.183 Y61.891 E402.08952
G1 X73.757 Y62.201 E402.11234
G1 X73.273 Y62.416 E402.13527
G1 X72.747 Y62.528 E402.15856
G1 X72.223 Y62.528 E402.18125
G1 X71.697 Y62.416 E402.20454
G1 X71.216 Y62.202 E402.22734
G1 X70.785 Y61.889 E402.25041
G1 X70.427 Y61.492 E402.27356
G1 X70.164 Y61.035 E402.29639
G1 X69.998 Y60.526 E402.31958
G1 X69.943 Y60 E402.34248
G1 X69.998 Y59.474 E402.36539
G1 X70.164 Y58.965 E402.38857
G1 X70.427 Y58.508 E402.41141
G1 X70.785 Y58.111 E402.43456
G1 X71.216 Y57.798 E402.45762
G1 X71.697 Y57.584 E402.48042
G1 X72.223 Y57.472 E402.50371
G1 X72.747 Y57.472 E402.5264
G1 X72.772 Y57.478 E402.52752
G0 F1920 X73.273 Y57.584
M204 S2000
M205 X30 Y30
G0 F3600 X73.429 Y57.106
M204 S500
M205 X10 Y10
G1 F2400 X74.007 Y57.363 E402.55491
G1 X74.52 Y57.736 E402.58238
G1 X74.948 Y58.21 E402.61003
G1 X75.266 Y58.761 E402.63758
G1 X75.463 Y59.367 E402.66518
G1 X75.53 Y60 E402.69275
G1 X75.463 Y60.633 E402.72031
G1 X75.266 Y61.239 E402.74791
G1 X74.948 Y61.79 E402.77546
G1 X74.52 Y62.264 E402.80311
G1 X74.007 Y62.637 E402.83058
G1 X73.429 Y62.894 E402.85797
G1 X72.799 Y63.028 E402.88587
G1 X72.171 Y63.028 E402.91306
G1 X71.541 Y62.894 E402.94096
G1 X70.963 Y62.637 E402.96835
G1 X70.451 Y62.265 E402.99576
G1 X70.02 Y61.787 E403.02363
G1 X69.703 Y61.237 E403.05112
G1 X69.507 Y60.634 E403.07858
G1 X69.44 Y60 E403.10619
G1 X69.507 Y59.366 E403.1338
G1 X69.703 Y58.763 E403.16125
G1 X70.02 Y58.213 E403.18874
G1 X70.451 Y57.735 E403.21662
G1 X70.963 Y57.363 E403.24402
G1 X71.541 Y57.106 E403.27142
G1 X72.171 Y56.972 E403.29931
G1 X72.799 Y56.972 E403.32651
G1 X72.929 Y57 E403.33227
G0 F1920 X73.429 Y57.106
M204 S2000
M205 X30 Y30
G0 F3600 X73.585 Y56.628
M204 S500
M205 X10 Y10
;TYPE:WALL-OUTER
G1 F1200 X74.257 Y56.927 E403.36412
G1 X74.857 Y57.363 E403.39624
G1 X75.355 Y57.915 E403.42843
G1 X75.726 Y58.558 E403.46058
G1 X75.954 Y59.26 E403.49254
G1 X76.032 Y60 E403.52477
G1 X75.954 Y60.74 E403.55699
G1 X75.726 Y61.442 E403.58896
G1 X75.355 Y62.085 E403.6211
G1 X74.857 Y62.637 E403.6533
G1 X74.257 Y63.073 E403.68542
G1 X73.585 Y63.372 E403.71727
G1 X72.851 Y63.528 E403.74977
G1 X72.119 Y63.528 E403.78147
G1 X71.385 Y63.372 E403.81396
G1 X70.71 Y63.072 E403.84595
G1 X70.114 Y62.639 E403.87785
G1 X69.615 Y62.085 E403.91014
G1 X69.245 Y61.443 E403.94223
G1 X69.015 Y60.738 E403.97435
G1 X68.938 Y60 E404.00648
G1 X69.015 Y59.262 E404.03861
G1 X69.245 Y58.557 E404.07073
G1 X69.615 Y57.915 E404.10282
G1 X70.114 Y57.361 E404.1351
G1 X70.71 Y56.928 E404.16701
G1 X71.385 Y56.628 E404.199
G1 X72.119 Y56.472 E404.23149
G1 X72.851 Y56.472 E404.26319
G1 X73.084 Y56.522 E404.27351
G0 F960 X73.585 Y56.628
M204 S2000
M205 X30 Y30
G0 F3600 X73.813 Y56.729
G0 X73.406 Y57.643
G1 F2700 E399.27351 ; Modi
;MESH:NONMESH
G0 F600 X73.406 Y57.643 Z11.05
G0 F3600 X70.036 Y58.224
G0 X68.793 Y57.51
G0 X52.95 Y58.224
G0 X51.515 Y58.224
G0 X48.054 Y57.798
;TIME_ELAPSED:488.026877
;LAYER:43
M204 S500
M205 X10 Y10
;TYPE:FILL
;MESH:RetractTower
G1 F2700 E404.27351
G1 F2400 X46.135 Y59.718 E404.39107
G1 X45.923 Y59.93
M204 S2000
M205 X30 Y30
G0 F3600 X46.135 Y62.076
M204 S500
M205 X10 Y10
G1 F2400 X50.412 Y57.798 E404.65304
G1 X50.624 Y57.586
M204 S2000
M205 X30 Y30
G0 F3600 X50.834 Y59.734
M204 S500
M205 X10 Y10
G1 F2400 X48.219 Y62.349 E404.81319
G1 X48.007 Y62.561
M204 S2000
M205 X30 Y30
G0 F3600 X50.577 Y62.349
M204 S500
M205 X10 Y10
G1 F2400 X50.834 Y62.091 E404.82896
M204 S2000
M205 X30 Y30
G0 F3600 X50.962 Y57.6
M204 S500
M205 X10 Y10
;TYPE:WALL-INNER
G1 F2400 X50.962 Y57.45 E404.83546
G1 X51.035 Y57.45 E404.83862
G1 X51.035 Y62.55 E405.05948
G1 X45.935 Y62.55 E405.28034
G1 X45.935 Y57.6 E405.4947
G1 X50.45 Y57.6 E405.69022
G0 F1920 X50.962 Y57.6
M204 S2000
M205 X30 Y30
G0 F3600 X46.367 Y57.17
G0 X46.437 Y57.1
M204 S500
M205 X10 Y10
G1 F2400 X50.462 Y57.1 E405.86453
G1 X50.462 Y56.95 E405.87103
G1 X51.535 Y56.95 E405.91749
G1 X51.535 Y63.05 E406.18166
G1 X45.435 Y63.05 E406.44582
G1 X45.435 Y56.95 E406.70999
G1 X46.076 Y56.95 E406.73775
G0 F1920 X46.438 Y56.95
G0 X46.437 Y57.1
M204 S2000
M205 X30 Y30
G0 F3600 X46.94 Y56.6
M204 S500
M205 X10 Y10
;TYPE:WALL-OUTER
G1 F1200 X49.962 Y56.6 E406.86862
G1 X49.962 Y56.45 E406.87511
G1 X52.035 Y56.45 E406.96489
G1 X52.035 Y63.55 E407.27236
G1 X44.935 Y63.55 E407.57983
G1 X44.935 Y56.45 E407.8873
G1 X46.579 Y56.45 E407.95849
G0 F960 X46.941 Y56.45
G0 X46.94 Y56.6
M204 S2000
M205 X30 Y30
G0 F3600 X47.19 Y56.6
G0 X47.19 Y57.6
G1 F2700 E402.95849 ; Modi
G0 F3600 X51.515 Y59.097
G0 X52.95 Y59.097
G0 X68.034 Y59.852
G0 X69.46 Y60
G0 X70.331 Y59.097
M204 S500
M205 X10 Y10
;TYPE:FILL
G1 F2700 E407.95849
G1 F2400 X71.571 Y57.856 E408.03446
G1 X71.783 Y57.644
M204 S2000
M205 X30 Y30
G0 F3600 X73.747 Y58.038
M204 S500
M205 X10 Y10
G1 F2400 X70.524 Y61.261 E408.23185
G1 X70.312 Y61.473
M204 S2000
M205 X30 Y30
G0 F3600 X71.89 Y62.252
M204 S500
M205 X10 Y10
G1 F2400 X74.737 Y59.406 E408.40618
G1 X74.949 Y59.194
M204 S2000
M205 X30 Y30
G0 F3600 X73.273 Y57.584
M204 S500
M205 X10 Y10
;TYPE:WALL-INNER
G1 F2400 X73.757 Y57.799 E408.42912
G1 X74.183 Y58.109 E408.45193
G1 X74.541 Y58.505 E408.47505
G1 X74.805 Y58.963 E408.49794
G1 X74.972 Y59.475 E408.52127
G1 X75.027 Y60 E408.54413
G1 X74.972 Y60.525 E408.56699
G1 X74.805 Y61.037 E408.59031
G1 X74.541 Y61.495 E408.6132
G1 X74.183 Y61.891 E408.63632
G1 X73.757 Y62.201 E408.65914
G1 X73.273 Y62.416 E408.68207
G1 X72.747 Y62.528 E408.70536
G1 X72.223 Y62.528 E408.72805
G1 X71.697 Y62.416 E408.75134
G1 X71.216 Y62.202 E408.77414
G1 X70.785 Y61.889 E408.79721
G1 X70.427 Y61.492 E408.82036
G1 X70.164 Y61.035 E408.84319
G1 X69.998 Y60.526 E408.86638
G1 X69.943 Y60 E408.88928
G1 X69.998 Y59.474 E408.91218
G1 X70.164 Y58.965 E408.93537
G1 X70.427 Y58.508 E408.9582
G1 X70.785 Y58.111 E408.98135
G1 X71.216 Y57.798 E409.00442
G1 X71.697 Y57.584 E409.02722
G1 X72.223 Y57.472 E409.05051
G1 X72.747 Y57.472 E409.0732
G1 X72.772 Y57.478 E409.07431
G0 F1920 X73.273 Y57.584
M204 S2000
M205 X30 Y30
G0 F3600 X73.429 Y57.106
M204 S500
M205 X10 Y10
G1 F2400 X74.007 Y57.363 E409.10171
G1 X74.52 Y57.736 E409.12917
G1 X74.948 Y58.21 E409.15683
G1 X75.266 Y58.761 E409.18438
G1 X75.463 Y59.367 E409.21198
G1 X75.53 Y60 E409.23954
G1 X75.463 Y60.633 E409.26711
G1 X75.266 Y61.239 E409.2947
G1 X74.948 Y61.79 E409.32225
G1 X74.52 Y62.264 E409.34991
G1 X74.007 Y62.637 E409.37738
G1 X73.429 Y62.894 E409.40477
G1 X72.799 Y63.028 E409.43266
G1 X72.171 Y63.028 E409.45986
G1 X71.541 Y62.894 E409.48775
G1 X70.963 Y62.637 E409.51515
G1 X70.451 Y62.265 E409.54255
G1 X70.02 Y61.787 E409.57043
G1 X69.703 Y61.237 E409.59792
G1 X69.507 Y60.634 E409.62538
G1 X69.44 Y60 E409.65298
G1 X69.507 Y59.366 E409.68059
G1 X69.703 Y58.763 E409.70805
G1 X70.02 Y58.213 E409.73554
G1 X70.451 Y57.735 E409.76341
G1 X70.963 Y57.363 E409.79082
G1 X71.541 Y57.106 E409.81822
G1 X72.171 Y56.972 E409.84611
G1 X72.799 Y56.972 E409.8733
G1 X72.929 Y57 E409.87906
G0 F1920 X73.429 Y57.106
M204 S2000
M205 X30 Y30
G0 F3600 X73.585 Y56.628
M204 S500
M205 X10 Y10
;TYPE:WALL-OUTER
G1 F1200 X74.257 Y56.927 E409.91092
G1 X74.857 Y57.363 E409.94303
G1 X75.355 Y57.915 E409.97523
G1 X75.726 Y58.558 E410.00738
G1 X75.954 Y59.26 E410.03934
G1 X76.032 Y60 E410.07157
G1 X75.954 Y60.74 E410.10379
G1 X75.726 Y61.442 E410.13575
G1 X75.355 Y62.085 E410.1679
G1 X74.857 Y62.637 E410.2001
G1 X74.257 Y63.073 E410.23222
G1 X73.585 Y63.372 E410.26407
G1 X72.851 Y63.528 E410.29656
G1 X72.119 Y63.528 E410.32826
G1 X71.385 Y63.372 E410.36076
G1 X70.71 Y63.072 E410.39275
G1 X70.114 Y62.639 E410.42465
G1 X69.615 Y62.085 E410.45694
G1 X69.245 Y61.443 E410.48903
G1 X69.015 Y60.738 E410.52114
G1 X68.938 Y60 E410.55328
G1 X69.015 Y59.262 E410.58541
G1 X69.245 Y58.557 E410.61752
G1 X69.615 Y57.915 E410.64961
G1 X70.114 Y57.361 E410.6819
G1 X70.71 Y56.928 E410.7138
G1 X71.385 Y56.628 E410.74579
G1 X72.119 Y56.472 E410.77829
G1 X72.851 Y56.472 E410.80999
G1 X73.084 Y56.522 E410.82031
G0 F960 X73.585 Y56.628
M204 S2000
M205 X30 Y30
G0 F3600 X73.813 Y56.729
G0 X73.406 Y57.643
G1 F2700 E405.82031 ; Modi
;MESH:NONMESH
G0 F600 X73.406 Y57.643 Z11.3
G0 F3600 X70.036 Y58.224
G0 X68.793 Y57.51
G0 X52.95 Y58.224
G0 X51.515 Y58.224
G0 X46.135 Y57.922
;TIME_ELAPSED:496.385718
;LAYER:44
M204 S500
M205 X10 Y10
;TYPE:FILL
;MESH:RetractTower
G1 F2700 E410.82031
G1 F2400 X50.561 Y62.349 E411.0914
G1 X50.773 Y62.561
M204 S2000
M205 X30 Y30
G0 F3600 X50.835 Y60.265
M204 S500
M205 X10 Y10
G1 F2400 X48.369 Y57.799 E411.24243
G1 X48.157 Y57.587
M204 S2000
M205 X30 Y30
G0 F3600 X50.727 Y57.799
M204 S500
M205 X10 Y10
G1 F2400 X50.835 Y57.907 E411.24904
M204 S2000
M205 X30 Y30
G0 F3600 X48.204 Y62.349
M204 S500
M205 X10 Y10
G1 F2400 X46.135 Y60.28 E411.37576
G1 X45.923 Y60.068
M204 S2000
M205 X30 Y30
G0 F3600 X45.997 Y57.6
M204 S500
M205 X10 Y10
;TYPE:WALL-INNER
G1 F2400 X50.962 Y57.6 E411.59077
G1 X50.962 Y57.45 E411.59727
G1 X51.035 Y57.45 E411.60043
G1 X51.035 Y62.55 E411.82129
G1 X45.935 Y62.55 E412.04215
G1 X45.935 Y57.75 E412.25001
G0 F1920 X45.935 Y57.45
G0 X45.997 Y57.45
G0 X45.997 Y57.6
M204 S2000
M205 X30 Y30
G0 F3600 X46.497 Y57.1
M204 S500
M205 X10 Y10
G1 F2400 X50.462 Y57.1 E412.42172
G1 X50.462 Y56.95 E412.42822
G1 X51.535 Y56.95 E412.47468
G1 X51.535 Y63.05 E412.73885
G1 X45.435 Y63.05 E413.00301
G1 X45.435 Y56.95 E413.26718
G1 X46.135 Y56.95 E413.29749
G0 F1920 X46.497 Y56.95
G0 X46.497 Y57.1
M204 S2000
M205 X30 Y30
G0 F3600 X46.997 Y56.6
M204 S500
M205 X10 Y10
;TYPE:WALL-OUTER
G1 F1200 X49.962 Y56.6 E413.42589
G1 X49.962 Y56.45 E413.43239
G1 X52.035 Y56.45 E413.52216
G1 X52.035 Y63.55 E413.82963
G1 X44.935 Y63.55 E414.1371
G1 X44.935 Y56.45 E414.44458
G1 X46.635 Y56.45 E414.51819
G0 F960 X46.997 Y56.45
G0 X46.997 Y56.6
M204 S2000
M205 X30 Y30
G0 F3600 X47.247 Y56.6
G0 X47.247 Y57.6
G1 F2700 E409.51819 ; Modi
G0 F3600 X51.515 Y58.737
G0 X52.95 Y58.737
G0 X68.099 Y59.222
G0 X69.526 Y59.37
G0 X70.524 Y58.737
M204 S500
M205 X10 Y10
;TYPE:FILL
G1 F2700 E414.51819
G1 F2400 X73.747 Y61.96 E414.71558
G1 X73.959 Y62.172
M204 S2000
M205 X30 Y30
G0 F3600 X74.738 Y60.593
M204 S500
M205 X10 Y10
G1 F2400 X71.892 Y57.747 E414.88988
G1 X71.68 Y57.535
M204 S2000
M205 X30 Y30
G0 F3600 X70.329 Y60.899
M204 S500
M205 X10 Y10
G1 F2400 X71.572 Y62.142 E414.96601
G1 X71.784 Y62.354
M204 S2000
M205 X30 Y30
G0 F3600 X73.273 Y57.584
M204 S500
M205 X10 Y10
;TYPE:WALL-INNER
G1 F2400 X73.757 Y57.799 E414.98894
G1 X74.183 Y58.109 E415.01176
G1 X74.541 Y58.505 E415.03488
G1 X74.805 Y58.963 E415.05777
G1 X74.972 Y59.475 E415.08109
G1 X75.027 Y60 E415.10395
G1 X74.972 Y60.525 E415.12681
G1 X74.805 Y61.037 E415.15013
G1 X74.541 Y61.495 E415.17303
G1 X74.183 Y61.891 E415.19615
G1 X73.757 Y62.201 E415.21896
G1 X73.273 Y62.416 E415.2419
G1 X72.747 Y62.528 E415.26519
G1 X72.223 Y62.528 E415.28788
G1 X71.697 Y62.416 E415.31117
G1 X71.216 Y62.202 E415.33397
G1 X70.785 Y61.889 E415.35703
G1 X70.427 Y61.492 E415.38018
G1 X70.164 Y61.035 E415.40302
G1 X69.998 Y60.526 E415.4262
G1 X69.943 Y60 E415.44911
G1 X69.998 Y59.474 E415.47201
G1 X70.164 Y58.965 E415.49519
G1 X70.427 Y58.508 E415.51803
G1 X70.785 Y58.111 E415.54118
G1 X71.216 Y57.798 E415.56425
G1 X71.697 Y57.584 E415.58704
G1 X72.223 Y57.472 E415.61033
G1 X72.747 Y57.472 E415.63303
G1 X72.772 Y57.478 E415.63414
G0 F1920 X73.273 Y57.584
M204 S2000
M205 X30 Y30
G0 F3600 X73.429 Y57.106
M204 S500
M205 X10 Y10
G1 F2400 X74.007 Y57.363 E415.66153
G1 X74.52 Y57.736 E415.689
G1 X74.948 Y58.21 E415.71666
G1 X75.266 Y58.761 E415.74421
G1 X75.463 Y59.367 E415.7718
G1 X75.53 Y60 E415.79937
G1 X75.463 Y60.633 E415.82693
G1 X75.266 Y61.239 E415.85453
G1 X74.948 Y61.79 E415.88208
G1 X74.52 Y62.264 E415.90974
G1 X74.007 Y62.637 E415.9372
G1 X73.429 Y62.894 E415.9646
G1 X72.799 Y63.028 E415.99249
G1 X72.171 Y63.028 E416.01969
G1 X71.541 Y62.894 E416.04758
G1 X70.963 Y62.637 E416.07497
G1 X70.451 Y62.265 E416.10238
G1 X70.02 Y61.787 E416.13025
G1 X69.703 Y61.237 E416.15774
G1 X69.507 Y60.634 E416.1852
G1 X69.44 Y60 E416.21281
G1 X69.507 Y59.366 E416.24042
G1 X69.703 Y58.763 E416.26788
G1 X70.02 Y58.213 E416.29537
G1 X70.451 Y57.735 E416.32324
G1 X70.963 Y57.363 E416.35065
G1 X71.541 Y57.106 E416.37804
G1 X72.171 Y56.972 E416.40593
G1 X72.799 Y56.972 E416.43313
G1 X72.929 Y57 E416.43889
G0 F1920 X73.429 Y57.106
M204 S2000
M205 X30 Y30
G0 F3600 X73.585 Y56.628
M204 S500
M205 X10 Y10
;TYPE:WALL-OUTER
G1 F1200 X74.257 Y56.927 E416.47074
G1 X74.857 Y57.363 E416.50286
G1 X75.355 Y57.915 E416.53505
G1 X75.726 Y58.558 E416.5672
G1 X75.954 Y59.26 E416.59917
G1 X76.032 Y60 E416.63139
G1 X75.954 Y60.74 E416.66361
G1 X75.726 Y61.442 E416.69558
G1 X75.355 Y62.085 E416.72773
G1 X74.857 Y62.637 E416.75992
G1 X74.257 Y63.073 E416.79204
G1 X73.585 Y63.372 E416.82389
G1 X72.851 Y63.528 E416.85639
G1 X72.119 Y63.528 E416.88809
G1 X71.385 Y63.372 E416.92059
G1 X70.71 Y63.072 E416.95257
G1 X70.114 Y62.639 E416.98448
G1 X69.615 Y62.085 E417.01677
G1 X69.245 Y61.443 E417.04885
G1 X69.015 Y60.738 E417.08097
G1 X68.938 Y60 E417.1131
G1 X69.015 Y59.262 E417.14523
G1 X69.245 Y58.557 E417.17735
G1 X69.615 Y57.915 E417.20944
G1 X70.114 Y57.361 E417.24173
G1 X70.71 Y56.928 E417.27363
G1 X71.385 Y56.628 E417.30562
G1 X72.119 Y56.472 E417.33811
G1 X72.851 Y56.472 E417.36981
G1 X73.084 Y56.522 E417.38013
G0 F960 X73.585 Y56.628
M204 S2000
M205 X30 Y30
G0 F3600 X73.813 Y56.729
G0 X73.406 Y57.643
G1 F2700 E412.38013 ; Modi
;MESH:NONMESH
G0 F600 X73.406 Y57.643 Z11.55
G0 F3600 X70.036 Y58.224
G0 X68.793 Y57.51
G0 X52.95 Y58.224
G0 X51.515 Y58.224
G0 X48.054 Y57.798
;TIME_ELAPSED:504.777198
;LAYER:45
M204 S500
M205 X10 Y10
;TYPE:FILL
;MESH:RetractTower
G1 F2700 E417.38013
G1 F2400 X46.135 Y59.718 E417.49769
G1 X45.923 Y59.93
M204 S2000
M205 X30 Y30
G0 F3600 X46.135 Y62.076
M204 S500
M205 X10 Y10
G1 F2400 X50.412 Y57.798 E417.75966
G1 X50.624 Y57.586
M204 S2000
M205 X30 Y30
G0 F3600 X50.834 Y59.734
M204 S500
M205 X10 Y10
G1 F2400 X48.219 Y62.349 E417.91981
G1 X48.007 Y62.561
M204 S2000
M205 X30 Y30
G0 F3600 X50.577 Y62.349
M204 S500
M205 X10 Y10
G1 F2400 X50.834 Y62.091 E417.93558
M204 S2000
M205 X30 Y30
G0 F3600 X46.103 Y57.6
M204 S500
M205 X10 Y10
;TYPE:WALL-INNER
G1 F2400 X50.962 Y57.6 E418.14601
G1 X50.962 Y57.45 E418.1525
G1 X51.035 Y57.45 E418.15566
G1 X51.035 Y62.55 E418.37652
G1 X45.935 Y62.55 E418.59738
G1 X45.935 Y57.644 E418.80984
G0 F1920 X45.935 Y57.45
G0 X46.103 Y57.45
G0 X46.103 Y57.6
M204 S2000
M205 X30 Y30
G0 F3600 X46.603 Y57.1
M204 S500
M205 X10 Y10
G1 F2400 X50.462 Y57.1 E418.97696
G1 X50.462 Y56.95 E418.98345
G1 X51.535 Y56.95 E419.02992
G1 X51.535 Y63.05 E419.29408
G1 X45.435 Y63.05 E419.55825
G1 X45.435 Y56.95 E419.82241
G1 X46.241 Y56.95 E419.85732
G0 F1920 X46.603 Y56.95
G0 X46.603 Y57.1
M204 S2000
M205 X30 Y30
G0 F3600 X47.103 Y56.6
M204 S500
M205 X10 Y10
;TYPE:WALL-OUTER
G1 F1200 X49.962 Y56.6 E419.98113
G1 X49.962 Y56.45 E419.98762
G1 X52.035 Y56.45 E420.0774
G1 X52.035 Y63.55 E420.38487
G1 X44.935 Y63.55 E420.69234
G1 X44.935 Y56.45 E420.99981
G1 X46.741 Y56.45 E421.07802
G0 F960 X47.103 Y56.45
G0 X47.103 Y56.6
M204 S2000
M205 X30 Y30
G0 F3600 X47.353 Y56.6
G0 X47.353 Y57.6
G1 F2700 E416.07802 ; Modi
G0 F3600 X51.515 Y59.097
G0 X52.95 Y59.097
G0 X68.034 Y59.852
G0 X69.46 Y60
G0 X70.331 Y59.097
M204 S500
M205 X10 Y10
;TYPE:FILL
G1 F2700 E421.07802
G1 F2400 X71.571 Y57.856 E421.15399
G1 X71.783 Y57.644
M204 S2000
M205 X30 Y30
G0 F3600 X73.747 Y58.038
M204 S500
M205 X10 Y10
G1 F2400 X70.524 Y61.261 E421.35138
G1 X70.312 Y61.473
M204 S2000
M205 X30 Y30
G0 F3600 X71.89 Y62.252
M204 S500
M205 X10 Y10
G1 F2400 X74.737 Y59.406 E421.52571
G1 X74.949 Y59.194
M204 S2000
M205 X30 Y30
G0 F3600 X73.273 Y57.584
M204 S500
M205 X10 Y10
;TYPE:WALL-INNER
G1 F2400 X73.757 Y57.799 E421.54865
G1 X74.183 Y58.109 E421.57146
G1 X74.541 Y58.505 E421.59458
G1 X74.805 Y58.963 E421.61747
G1 X74.972 Y59.475 E421.64079
G1 X75.027 Y60 E421.66365
G1 X74.972 Y60.525 E421.68651
G1 X74.805 Y61.037 E421.70984
G1 X74.541 Y61.495 E421.73273
G1 X74.183 Y61.891 E421.75585
G1 X73.757 Y62.201 E421.77866
G1 X73.273 Y62.416 E421.8016
G1 X72.747 Y62.528 E421.82489
G1 X72.223 Y62.528 E421.84758
G1 X71.697 Y62.416 E421.87087
G1 X71.216 Y62.202 E421.89367
G1 X70.785 Y61.889 E421.91674
G1 X70.427 Y61.492 E421.93989
G1 X70.164 Y61.035 E421.96272
G1 X69.998 Y60.526 E421.98591
G1 X69.943 Y60 E422.00881
G1 X69.998 Y59.474 E422.03171
G1 X70.164 Y58.965 E422.0549
G1 X70.427 Y58.508 E422.07773
G1 X70.785 Y58.111 E422.10088
G1 X71.216 Y57.798 E422.12395
G1 X71.697 Y57.584 E422.14675
G1 X72.223 Y57.472 E422.17004
G1 X72.747 Y57.472 E422.19273
G1 X72.772 Y57.478 E422.19384
G0 F1920 X73.273 Y57.584
M204 S2000
M205 X30 Y30
G0 F3600 X73.429 Y57.106
M204 S500
M205 X10 Y10
G1 F2400 X74.007 Y57.363 E422.22124
G1 X74.52 Y57.736 E422.2487
G1 X74.948 Y58.21 E422.27636
G1 X75.266 Y58.761 E422.30391
G1 X75.463 Y59.367 E422.3315
G1 X75.53 Y60 E422.35907
G1 X75.463 Y60.633 E422.38664
G1 X75.266 Y61.239 E422.41423
G1 X74.948 Y61.79 E422.44178
G1 X74.52 Y62.264 E422.46944
G1 X74.007 Y62.637 E422.49691
G1 X73.429 Y62.894 E422.5243
G1 X72.799 Y63.028 E422.55219
G1 X72.171 Y63.028 E422.57939
G1 X71.541 Y62.894 E422.60728
G1 X70.963 Y62.637 E422.63467
G1 X70.451 Y62.265 E422.66208
G1 X70.02 Y61.787 E422.68995
G1 X69.703 Y61.237 E422.71745
G1 X69.507 Y60.634 E422.7449
G1 X69.44 Y60 E422.77251
G1 X69.507 Y59.366 E422.80012
G1 X69.703 Y58.763 E422.82758
G1 X70.02 Y58.213 E422.85507
G1 X70.451 Y57.735 E422.88294
G1 X70.963 Y57.363 E422.91035
G1 X71.541 Y57.106 E422.93774
G1 X72.171 Y56.972 E422.96564
G1 X72.799 Y56.972 E422.99283
G1 X72.929 Y57 E422.99859
G0 F1920 X73.429 Y57.106
M204 S2000
M205 X30 Y30
G0 F3600 X73.585 Y56.628
M204 S500
M205 X10 Y10
;TYPE:WALL-OUTER
G1 F1200 X74.257 Y56.927 E423.03044
G1 X74.857 Y57.363 E423.06256
G1 X75.355 Y57.915 E423.09476
G1 X75.726 Y58.558 E423.12691
G1 X75.954 Y59.26 E423.15887
G1 X76.032 Y60 E423.19109
G1 X75.954 Y60.74 E423.22332
G1 X75.726 Y61.442 E423.25528
G1 X75.355 Y62.085 E423.28743
G1 X74.857 Y62.637 E423.31962
G1 X74.257 Y63.073 E423.35174
G1 X73.585 Y63.372 E423.3836
G1 X72.851 Y63.528 E423.41609
G1 X72.119 Y63.528 E423.44779
G1 X71.385 Y63.372 E423.48029
G1 X70.71 Y63.072 E423.51228
G1 X70.114 Y62.639 E423.54418
G1 X69.615 Y62.085 E423.57647
G1 X69.245 Y61.443 E423.60856
G1 X69.015 Y60.738 E423.64067
G1 X68.938 Y60 E423.6728
G1 X69.015 Y59.262 E423.70494
G1 X69.245 Y58.557 E423.73705
G1 X69.615 Y57.915 E423.76914
G1 X70.114 Y57.361 E423.80143
G1 X70.71 Y56.928 E423.83333
G1 X71.385 Y56.628 E423.86532
G1 X72.119 Y56.472 E423.89782
G1 X72.851 Y56.472 E423.92952
G1 X73.084 Y56.522 E423.93984
G0 F960 X73.585 Y56.628
M204 S2000
M205 X30 Y30
G0 F3600 X73.813 Y56.729
G0 X73.406 Y57.643
G1 F2700 E418.93984 ; Modi
;MESH:NONMESH
G0 F600 X73.406 Y57.643 Z11.8
G0 F3600 X70.036 Y58.224
G0 X68.793 Y57.51
G0 X52.95 Y58.224
G0 X51.515 Y58.224
G0 X46.135 Y57.922
;TIME_ELAPSED:513.158996
;LAYER:46
M204 S500
M205 X10 Y10
;TYPE:FILL
;MESH:RetractTower
G1 F2700 E423.93984
G1 F2400 X50.561 Y62.349 E424.21093
G1 X50.773 Y62.561
M204 S2000
M205 X30 Y30
G0 F3600 X50.835 Y60.265
M204 S500
M205 X10 Y10
G1 F2400 X48.369 Y57.799 E424.36196
G1 X48.157 Y57.587
M204 S2000
M205 X30 Y30
G0 F3600 X50.577 Y57.649
M204 S500
M205 X10 Y10
G1 F2400 X50.835 Y57.907 E424.37776
M204 S2000
M205 X30 Y30
G0 F3600 X48.204 Y62.349
M204 S500
M205 X10 Y10
G1 F2400 X46.135 Y60.28 E424.50447
G1 X45.923 Y60.068
M204 S2000
M205 X30 Y30
G0 F3600 X46.264 Y57.6
M204 S500
M205 X10 Y10
;TYPE:WALL-INNER
G1 F2400 X49.861 Y57.6 E424.66024
G1 X49.861 Y57.45 E424.66674
G1 X51.035 Y57.45 E424.71758
G1 X51.035 Y62.55 E424.93844
G1 X45.935 Y62.55 E425.1593
G1 X45.935 Y57.483 E425.37873
G0 F1920 X45.935 Y57.45
G0 X46.264 Y57.45
G0 X46.264 Y57.6
M204 S2000
M205 X30 Y30
G0 F3600 X46.764 Y57.1
M204 S500
M205 X10 Y10
G1 F2400 X49.361 Y57.1 E425.49119
G1 X49.361 Y56.95 E425.49769
G1 X51.535 Y56.95 E425.59184
G1 X51.535 Y63.05 E425.856
G1 X45.435 Y63.05 E426.12017
G1 X45.435 Y56.95 E426.38433
G1 X46.402 Y56.95 E426.42621
G0 F1920 X46.764 Y56.95
G0 X46.764 Y57.1
M204 S2000
M205 X30 Y30
G0 F3600 X47.264 Y56.6
M204 S500
M205 X10 Y10
;TYPE:WALL-OUTER
G1 F1200 X48.861 Y56.6 E426.49537
G1 X48.861 Y56.45 E426.50186
G1 X52.035 Y56.45 E426.63931
G1 X52.035 Y63.55 E426.94679
G1 X44.935 Y63.55 E427.25426
G1 X44.935 Y56.45 E427.56173
G1 X46.902 Y56.45 E427.64691
G0 F960 X47.264 Y56.45
G0 X47.264 Y56.6
M204 S2000
M205 X30 Y30
G0 F3600 X47.514 Y56.6
G0 X47.514 Y57.6
G1 F2700 E422.64691 ; Modi
G0 F3600 X51.515 Y58.737
G0 X52.95 Y58.737
G0 X68.099 Y59.222
G0 X69.526 Y59.37
G0 X70.524 Y58.737
M204 S500
M205 X10 Y10
;TYPE:FILL
G1 F2700 E427.64691
G1 F2400 X73.747 Y61.96 E427.8443
G1 X73.959 Y62.172
M204 S2000
M205 X30 Y30
G0 F3600 X74.738 Y60.593
M204 S500
M205 X10 Y10
G1 F2400 X71.892 Y57.747 E428.0186
G1 X71.68 Y57.535
M204 S2000
M205 X30 Y30
G0 F3600 X70.329 Y60.899
M204 S500
M205 X10 Y10
G1 F2400 X71.572 Y62.142 E428.09472
G1 X71.784 Y62.354
M204 S2000
M205 X30 Y30
G0 F3600 X73.273 Y57.584
M204 S500
M205 X10 Y10
;TYPE:WALL-INNER
G1 F2400 X73.757 Y57.799 E428.11766
G1 X74.183 Y58.109 E428.14047
G1 X74.541 Y58.505 E428.16359
G1 X74.805 Y58.963 E428.18648
G1 X74.972 Y59.475 E428.20981
G1 X75.027 Y60 E428.23267
G1 X74.972 Y60.525 E428.25553
G1 X74.805 Y61.037 E428.27885
G1 X74.541 Y61.495 E428.30174
G1 X74.183 Y61.891 E428.32486
G1 X73.757 Y62.201 E428.34768
G1 X73.273 Y62.416 E428.37061
G1 X72.747 Y62.528 E428.3939
G1 X72.223 Y62.528 E428.41659
G1 X71.697 Y62.416 E428.43988
G1 X71.216 Y62.202 E428.46268
G1 X70.785 Y61.889 E428.48575
G1 X70.427 Y61.492 E428.5089
G1 X70.164 Y61.035 E428.53173
G1 X69.998 Y60.526 E428.55492
G1 X69.943 Y60 E428.57782
G1 X69.998 Y59.474 E428.60072
G1 X70.164 Y58.965 E428.62391
G1 X70.427 Y58.508 E428.64674
G1 X70.785 Y58.111 E428.66989
G1 X71.216 Y57.798 E428.69296
G1 X71.697 Y57.584 E428.71576
G1 X72.223 Y57.472 E428.73905
G1 X72.747 Y57.472 E428.76174
G1 X72.772 Y57.478 E428.76285
G0 F1920 X73.273 Y57.584
M204 S2000
M205 X30 Y30
G0 F3600 X73.429 Y57.106
M204 S500
M205 X10 Y10
G1 F2400 X74.007 Y57.363 E428.79025
G1 X74.52 Y57.736 E428.81771
G1 X74.948 Y58.21 E428.84537
G1 X75.266 Y58.761 E428.87292
G1 X75.463 Y59.367 E428.90052
G1 X75.53 Y60 E428.92808
G1 X75.463 Y60.633 E428.95565
G1 X75.266 Y61.239 E428.98324
G1 X74.948 Y61.79 E429.01079
G1 X74.52 Y62.264 E429.03845
G1 X74.007 Y62.637 E429.06592
G1 X73.429 Y62.894 E429.09331
G1 X72.799 Y63.028 E429.1212
G1 X72.171 Y63.028 E429.1484
G1 X71.541 Y62.894 E429.17629
G1 X70.963 Y62.637 E429.20369
G1 X70.451 Y62.265 E429.23109
G1 X70.02 Y61.787 E429.25897
G1 X69.703 Y61.237 E429.28646
G1 X69.507 Y60.634 E429.31392
G1 X69.44 Y60 E429.34152
G1 X69.507 Y59.366 E429.36913
G1 X69.703 Y58.763 E429.39659
G1 X70.02 Y58.213 E429.42408
G1 X70.451 Y57.735 E429.45195
G1 X70.963 Y57.363 E429.47936
G1 X71.541 Y57.106 E429.50675
G1 X72.171 Y56.972 E429.53465
G1 X72.799 Y56.972 E429.56184
G1 X72.929 Y57 E429.5676
G0 F1920 X73.429 Y57.106
M204 S2000
M205 X30 Y30
G0 F3600 X73.585 Y56.628
M204 S500
M205 X10 Y10
;TYPE:WALL-OUTER
G1 F1200 X74.257 Y56.927 E429.59945
G1 X74.857 Y57.363 E429.63157
G1 X75.355 Y57.915 E429.66377
G1 X75.726 Y58.558 E429.69592
G1 X75.954 Y59.26 E429.72788
G1 X76.032 Y60 E429.76011
G1 X75.954 Y60.74 E429.79233
G1 X75.726 Y61.442 E429.82429
G1 X75.355 Y62.085 E429.85644
G1 X74.857 Y62.637 E429.88864
G1 X74.257 Y63.073 E429.92076
G1 X73.585 Y63.372 E429.95261
G1 X72.851 Y63.528 E429.9851
G1 X72.119 Y63.528 E430.0168
G1 X71.385 Y63.372 E430.0493
G1 X70.71 Y63.072 E430.08129
G1 X70.114 Y62.639 E430.11319
G1 X69.615 Y62.085 E430.14548
G1 X69.245 Y61.443 E430.17757
G1 X69.015 Y60.738 E430.20968
G1 X68.938 Y60 E430.24182
G1 X69.015 Y59.262 E430.27395
G1 X69.245 Y58.557 E430.30606
G1 X69.615 Y57.915 E430.33815
G1 X70.114 Y57.361 E430.37044
G1 X70.71 Y56.928 E430.40234
G1 X71.385 Y56.628 E430.43433
G1 X72.119 Y56.472 E430.46683
G1 X72.851 Y56.472 E430.49853
G1 X73.084 Y56.522 E430.50885
G0 F960 X73.585 Y56.628
M204 S2000
M205 X30 Y30
G0 F3600 X73.813 Y56.729
G0 X73.406 Y57.643
G1 F2700 E425.50885 ; Modi
;MESH:NONMESH
G0 F600 X73.406 Y57.643 Z12.05
G0 F3600 X70.036 Y58.224
G0 X68.793 Y57.51
G0 X52.95 Y58.224
G0 X51.515 Y58.224
G0 X48.054 Y57.799
;TIME_ELAPSED:521.619808
;LAYER:47
M204 S500
M205 X10 Y10
;TYPE:FILL
;MESH:RetractTower
G1 F2700 E430.50885
G1 F2400 X46.135 Y59.718 E430.62637
G1 X45.923 Y59.93
M204 S2000
M205 X30 Y30
G0 F3600 X46.135 Y62.076
M204 S500
M205 X10 Y10
G1 F2400 X50.562 Y57.649 E430.8975
G1 X50.774 Y57.437
M204 S2000
M205 X30 Y30
G0 F3600 X50.834 Y59.734
M204 S500
M205 X10 Y10
G1 F2400 X48.219 Y62.349 E431.05765
G1 X48.007 Y62.561
M204 S2000
M205 X30 Y30
G0 F3600 X50.577 Y62.349
M204 S500
M205 X10 Y10
G1 F2400 X50.834 Y62.091 E431.07342
M204 S2000
M205 X30 Y30
G0 F3600 X46.482 Y57.6
M204 S500
M205 X10 Y10
;TYPE:WALL-INNER
G1 F2400 X50.095 Y57.6 E431.22989
G1 X50.097 Y57.45 E431.23638
G1 X51.035 Y57.45 E431.277
G1 X51.035 Y62.55 E431.49786
G1 X45.935 Y62.55 E431.71872
G1 X45.935 Y57.45 E431.93958
G1 X46.12 Y57.45 E431.94759
G0 F1920 X46.482 Y57.45
G0 X46.482 Y57.6
M204 S2000
M205 X30 Y30
G0 F3600 X46.982 Y57.1
M204 S500
M205 X10 Y10
G1 F2400 X49.602 Y57.1 E432.06105
G1 X49.604 Y56.95 E432.06755
G1 X51.535 Y56.95 E432.15117
G1 X51.535 Y63.05 E432.41534
G1 X45.435 Y63.05 E432.6795
G1 X45.435 Y56.95 E432.94367
G1 X46.62 Y56.95 E432.99499
G0 F1920 X46.982 Y56.95
G0 X46.982 Y57.1
M204 S2000
M205 X30 Y30
G0 F3600 X47.482 Y56.6
M204 S500
M205 X10 Y10
;TYPE:WALL-OUTER
G1 F1200 X49.109 Y56.6 E433.06544
G1 X49.111 Y56.45 E433.07194
G1 X52.035 Y56.45 E433.19857
G1 X52.035 Y63.55 E433.50604
G1 X44.935 Y63.55 E433.81351
G1 X44.935 Y56.45 E434.12098
G1 X47.12 Y56.45 E434.2156
G0 F960 X47.482 Y56.45
G0 X47.482 Y56.6
M204 S2000
M205 X30 Y30
G0 F3600 X47.732 Y56.6
G0 X47.732 Y57.6
G1 F2700 E429.21560 ; Modi
G0 F3600 X51.515 Y59.097
G0 X52.95 Y59.097
G0 X68.034 Y59.852
G0 X69.46 Y60
G0 X70.331 Y59.097
M204 S500
M205 X10 Y10
;TYPE:FILL
G1 F2700 E434.2156
G1 F2400 X71.571 Y57.856 E434.29157
G1 X71.783 Y57.644
M204 S2000
M205 X30 Y30
G0 F3600 X73.747 Y58.038
M204 S500
M205 X10 Y10
G1 F2400 X70.524 Y61.261 E434.48896
G1 X70.312 Y61.473
M204 S2000
M205 X30 Y30
G0 F3600 X71.89 Y62.252
M204 S500
M205 X10 Y10
G1 F2400 X74.737 Y59.406 E434.66329
G1 X74.949 Y59.194
M204 S2000
M205 X30 Y30
G0 F3600 X73.273 Y57.584
M204 S500
M205 X10 Y10
;TYPE:WALL-INNER
G1 F2400 X73.757 Y57.799 E434.68623
G1 X74.183 Y58.109 E434.70904
G1 X74.541 Y58.505 E434.73216
G1 X74.805 Y58.963 E434.75505
G1 X74.972 Y59.475 E434.77838
G1 X75.027 Y60 E434.80124
G1 X74.972 Y60.525 E434.8241
G1 X74.805 Y61.037 E434.84742
G1 X74.541 Y61.495 E434.87031
G1 X74.183 Y61.891 E434.89343
G1 X73.757 Y62.201 E434.91625
G1 X73.273 Y62.416 E434.93918
G1 X72.747 Y62.528 E434.96247
G1 X72.223 Y62.528 E434.98516
G1 X71.697 Y62.416 E435.00845
G1 X71.216 Y62.202 E435.03125
G1 X70.785 Y61.889 E435.05432
G1 X70.427 Y61.492 E435.07747
G1 X70.164 Y61.035 E435.1003
G1 X69.998 Y60.526 E435.12349
G1 X69.943 Y60 E435.14639
G1 X69.998 Y59.474 E435.16929
G1 X70.164 Y58.965 E435.19248
G1 X70.427 Y58.508 E435.21531
G1 X70.785 Y58.111 E435.23846
G1 X71.216 Y57.798 E435.26153
G1 X71.697 Y57.584 E435.28433
G1 X72.223 Y57.472 E435.30762
G1 X72.747 Y57.472 E435.33031
G1 X72.772 Y57.478 E435.33142
G0 F1920 X73.273 Y57.584
M204 S2000
M205 X30 Y30
G0 F3600 X73.429 Y57.106
M204 S500
M205 X10 Y10
G1 F2400 X74.007 Y57.363 E435.35882
G1 X74.52 Y57.736 E435.38628
G1 X74.948 Y58.21 E435.41394
G1 X75.266 Y58.761 E435.44149
G1 X75.463 Y59.367 E435.46909
G1 X75.53 Y60 E435.49665
G1 X75.463 Y60.633 E435.52422
G1 X75.266 Y61.239 E435.55181
G1 X74.948 Y61.79 E435.57936
G1 X74.52 Y62.264 E435.60702
G1 X74.007 Y62.637 E435.63449
G1 X73.429 Y62.894 E435.66188
G1 X72.799 Y63.028 E435.68977
G1 X72.171 Y63.028 E435.71697
G1 X71.541 Y62.894 E435.74486
G1 X70.963 Y62.637 E435.77226
G1 X70.451 Y62.265 E435.79966
G1 X70.02 Y61.787 E435.82754
G1 X69.703 Y61.237 E435.85503
G1 X69.507 Y60.634 E435.88249
G1 X69.44 Y60 E435.91009
G1 X69.507 Y59.366 E435.9377
G1 X69.703 Y58.763 E435.96516
G1 X70.02 Y58.213 E435.99265
G1 X70.451 Y57.735 E436.02052
G1 X70.963 Y57.363 E436.04793
G1 X71.541 Y57.106 E436.07532
G1 X72.171 Y56.972 E436.10322
G1 X72.799 Y56.972 E436.13041
G1 X72.929 Y57 E436.13617
G0 F1920 X73.429 Y57.106
M204 S2000
M205 X30 Y30
G0 F3600 X73.585 Y56.628
M204 S500
M205 X10 Y10
;TYPE:WALL-OUTER
G1 F1200 X74.257 Y56.927 E436.16802
G1 X74.857 Y57.363 E436.20014
G1 X75.355 Y57.915 E436.23234
G1 X75.726 Y58.558 E436.26449
G1 X75.954 Y59.26 E436.29645
G1 X76.032 Y60 E436.32867
G1 X75.954 Y60.74 E436.3609
G1 X75.726 Y61.442 E436.39286
G1 X75.355 Y62.085 E436.42501
G1 X74.857 Y62.637 E436.45721
G1 X74.257 Y63.073 E436.48933
G1 X73.585 Y63.372 E436.52118
G1 X72.851 Y63.528 E436.55367
G1 X72.119 Y63.528 E436.58537
G1 X71.385 Y63.372 E436.61787
G1 X70.71 Y63.072 E436.64986
G1 X70.114 Y62.639 E436.68176
G1 X69.615 Y62.085 E436.71405
G1 X69.245 Y61.443 E436.74614
G1 X69.015 Y60.738 E436.77825
G1 X68.938 Y60 E436.81039
G1 X69.015 Y59.262 E436.84252
G1 X69.245 Y58.557 E436.87463
G1 X69.615 Y57.915 E436.90672
G1 X70.114 Y57.361 E436.93901
G1 X70.71 Y56.928 E436.97091
G1 X71.385 Y56.628 E437.0029
G1 X72.119 Y56.472 E437.0354
G1 X72.851 Y56.472 E437.0671
G1 X73.084 Y56.522 E437.07742
G0 F960 X73.585 Y56.628
M204 S2000
M205 X30 Y30
G0 F3600 X73.813 Y56.729
G0 X73.406 Y57.643
G1 F2700 E432.07742 ; Modi
;MESH:NONMESH
G0 F600 X73.406 Y57.643 Z12.3
G0 F3600 X70.036 Y58.224
G0 X68.793 Y57.51
G0 X52.95 Y58.224
G0 X51.515 Y58.224
G0 X46.135 Y57.922
;TIME_ELAPSED:530.058981
;LAYER:48
M204 S500
M205 X10 Y10
;TYPE:FILL
;MESH:RetractTower
G1 F2700 E437.07742
G1 F2400 X50.561 Y62.349 E437.34851
G1 X50.773 Y62.561
M204 S2000
M205 X30 Y30
G0 F3600 X50.835 Y60.265
M204 S500
M205 X10 Y10
G1 F2400 X48.369 Y57.799 E437.49954
G1 X48.157 Y57.587
M204 S2000
M205 X30 Y30
G0 F3600 X50.577 Y57.649
M204 S500
M205 X10 Y10
G1 F2400 X50.835 Y57.907 E437.51534
M204 S2000
M205 X30 Y30
G0 F3600 X48.204 Y62.349
M204 S500
M205 X10 Y10
G1 F2400 X46.135 Y60.28 E437.64205
G1 X45.923 Y60.068
M204 S2000
M205 X30 Y30
G0 F3600 X46.741 Y57.6
M204 S500
M205 X10 Y10
;TYPE:WALL-INNER
G1 F2400 X50.379 Y57.6 E437.7996
G1 X50.38 Y57.45 E437.8061
G1 X51.035 Y57.45 E437.83446
G1 X51.035 Y62.55 E438.05532
G1 X45.935 Y62.55 E438.27618
G1 X45.935 Y57.45 E438.49704
G1 X46.378 Y57.45 E438.51622
G0 F1920 X46.74 Y57.45
G0 X46.741 Y57.6
M204 S2000
M205 X30 Y30
G0 F3600 X47.238 Y57.1
M204 S500
M205 X10 Y10
G1 F2400 X49.882 Y57.1 E438.63072
G1 X49.883 Y56.95 E438.63722
G1 X51.535 Y56.95 E438.70876
G1 X51.535 Y63.05 E438.97293
G1 X45.435 Y63.05 E439.23709
G1 X45.435 Y56.95 E439.50126
G1 X46.875 Y56.95 E439.56362
G0 F1920 X47.237 Y56.95
G0 X47.238 Y57.1
M204 S2000
M205 X30 Y30
G0 F3600 X47.735 Y56.6
M204 S500
M205 X10 Y10
;TYPE:WALL-OUTER
G1 F1200 X49.385 Y56.6 E439.63507
G1 X49.386 Y56.45 E439.64157
G1 X52.035 Y56.45 E439.75628
G1 X52.035 Y63.55 E440.06375
G1 X44.935 Y63.55 E440.37122
G1 X44.935 Y56.45 E440.6787
G1 X47.372 Y56.45 E440.78423
G0 F960 X47.734 Y56.45
G0 X47.735 Y56.6
M204 S2000
M205 X30 Y30
G0 F3600 X47.985 Y56.6
G0 X47.985 Y57.6
G1 F2700 E435.78423 ; Modi
G0 F3600 X51.515 Y58.737
G0 X52.95 Y58.737
G0 X68.099 Y59.222
G0 X69.526 Y59.37
G0 X70.524 Y58.737
M204 S500
M205 X10 Y10
;TYPE:FILL
G1 F2700 E440.78423
G1 F2400 X73.747 Y61.96 E440.98162
G1 X73.959 Y62.172
M204 S2000
M205 X30 Y30
G0 F3600 X74.738 Y60.593
M204 S500
M205 X10 Y10
G1 F2400 X71.892 Y57.747 E441.15592
G1 X71.68 Y57.535
M204 S2000
M205 X30 Y30
G0 F3600 X70.329 Y60.899
M204 S500
M205 X10 Y10
G1 F2400 X71.572 Y62.142 E441.23204
G1 X71.784 Y62.354
M204 S2000
M205 X30 Y30
G0 F3600 X73.273 Y57.584
M204 S500
M205 X10 Y10
;TYPE:WALL-INNER
G1 F2400 X73.757 Y57.799 E441.25498
G1 X74.183 Y58.109 E441.2778
G1 X74.541 Y58.505 E441.30091
G1 X74.805 Y58.963 E441.32381
G1 X74.972 Y59.475 E441.34713
G1 X75.027 Y60 E441.36999
G1 X74.972 Y60.525 E441.39285
G1 X74.805 Y61.037 E441.41617
G1 X74.541 Y61.495 E441.43906
G1 X74.183 Y61.891 E441.46218
G1 X73.757 Y62.201 E441.485
G1 X73.273 Y62.416 E441.50793
G1 X72.747 Y62.528 E441.53122
G1 X72.223 Y62.528 E441.55391
G1 X71.697 Y62.416 E441.5772
G1 X71.216 Y62.202 E441.6
G1 X70.785 Y61.889 E441.62307
G1 X70.427 Y61.492 E441.64622
G1 X70.164 Y61.035 E441.66905
G1 X69.998 Y60.526 E441.69224
G1 X69.943 Y60 E441.71514
G1 X69.998 Y59.474 E441.73805
G1 X70.164 Y58.965 E441.76123
G1 X70.427 Y58.508 E441.78406
G1 X70.785 Y58.111 E441.80721
G1 X71.216 Y57.798 E441.83028
G1 X71.697 Y57.584 E441.85308
G1 X72.223 Y57.472 E441.87637
G1 X72.747 Y57.472 E441.89906
G1 X72.772 Y57.478 E441.90018
G0 F1920 X73.273 Y57.584
M204 S2000
M205 X30 Y30
G0 F3600 X73.429 Y57.106
M204 S500
M205 X10 Y10
G1 F2400 X74.007 Y57.363 E441.92757
G1 X74.52 Y57.736 E441.95504
G1 X74.948 Y58.21 E441.98269
G1 X75.266 Y58.761 E442.01024
G1 X75.463 Y59.367 E442.03784
G1 X75.53 Y60 E442.0654
G1 X75.463 Y60.633 E442.09297
G1 X75.266 Y61.239 E442.12057
G1 X74.948 Y61.79 E442.14812
G1 X74.52 Y62.264 E442.17577
G1 X74.007 Y62.637 E442.20324
G1 X73.429 Y62.894 E442.23063
G1 X72.799 Y63.028 E442.25853
G1 X72.171 Y63.028 E442.28572
G1 X71.541 Y62.894 E442.31362
G1 X70.963 Y62.637 E442.34101
G1 X70.451 Y62.265 E442.36842
G1 X70.02 Y61.787 E442.39629
G1 X69.703 Y61.237 E442.42378
G1 X69.507 Y60.634 E442.45124
G1 X69.44 Y60 E442.47885
G1 X69.507 Y59.366 E442.50645
G1 X69.703 Y58.763 E442.53391
G1 X70.02 Y58.213 E442.5614
G1 X70.451 Y57.735 E442.58928
G1 X70.963 Y57.363 E442.61668
G1 X71.541 Y57.106 E442.64408
G1 X72.171 Y56.972 E442.67197
G1 X72.799 Y56.972 E442.69917
G1 X72.929 Y57 E442.70492
G0 F1920 X73.429 Y57.106
M204 S2000
M205 X30 Y30
G0 F3600 X73.585 Y56.628
M204 S500
M205 X10 Y10
;TYPE:WALL-OUTER
G1 F1200 X74.257 Y56.927 E442.73678
G1 X74.857 Y57.363 E442.7689
G1 X75.355 Y57.915 E442.80109
G1 X75.726 Y58.558 E442.83324
G1 X75.954 Y59.26 E442.8652
G1 X76.032 Y60 E442.89743
G1 X75.954 Y60.74 E442.92965
G1 X75.726 Y61.442 E442.96161
G1 X75.355 Y62.085 E442.99376
G1 X74.857 Y62.637 E443.02596
G1 X74.257 Y63.073 E443.05808
G1 X73.585 Y63.372 E443.08993
G1 X72.851 Y63.528 E443.12243
G1 X72.119 Y63.528 E443.15413
G1 X71.385 Y63.372 E443.18662
G1 X70.71 Y63.072 E443.21861
G1 X70.114 Y62.639 E443.25051
G1 X69.615 Y62.085 E443.2828
G1 X69.245 Y61.443 E443.31489
G1 X69.015 Y60.738 E443.34701
G1 X68.938 Y60 E443.37914
G1 X69.015 Y59.262 E443.41127
G1 X69.245 Y58.557 E443.44339
G1 X69.615 Y57.915 E443.47547
G1 X70.114 Y57.361 E443.50776
G1 X70.71 Y56.928 E443.53967
G1 X71.385 Y56.628 E443.57165
G1 X72.119 Y56.472 E443.60415
G1 X72.851 Y56.472 E443.63585
G1 X73.084 Y56.522 E443.64617
G0 F960 X73.585 Y56.628
M204 S2000
M205 X30 Y30
G0 F3600 X73.813 Y56.729
G0 X73.406 Y57.643
G1 F2700 E438.64617 ; Modi
;MESH:NONMESH
G0 F600 X73.406 Y57.643 Z12.55
G0 F3600 X70.036 Y58.224
G0 X68.793 Y57.51
G0 X52.95 Y58.224
G0 X51.515 Y58.224
G0 X48.054 Y57.799
;TIME_ELAPSED:538.519797
;LAYER:49
M204 S500
M205 X10 Y10
;TYPE:FILL
;MESH:RetractTower
G1 F2700 E443.64617
G1 F2400 X46.135 Y59.718 E443.7637
G1 X45.923 Y59.93
M204 S2000
M205 X30 Y30
G0 F3600 X46.135 Y62.076
M204 S500
M205 X10 Y10
G1 F2400 X50.411 Y57.799 E444.02561
G1 X50.623 Y57.587
M204 S2000
M205 X30 Y30
G0 F3600 X50.834 Y59.734
M204 S500
M205 X10 Y10
G1 F2400 X48.219 Y62.349 E444.18576
G1 X48.007 Y62.561
M204 S2000
M205 X30 Y30
G0 F3600 X50.577 Y62.349
M204 S500
M205 X10 Y10
G1 F2400 X50.834 Y62.091 E444.20153
M204 S2000
M205 X30 Y30
G0 F3600 X47.001 Y57.6
M204 S500
M205 X10 Y10
;TYPE:WALL-INNER
G1 F2400 X50.486 Y57.6 E444.35245
G1 X50.502 Y57.45 E444.35898
G1 X51.035 Y57.45 E444.38206
G1 X51.035 Y62.55 E444.60292
G1 X45.935 Y62.55 E444.82378
G1 X45.935 Y57.45 E445.04464
G1 X46.638 Y57.45 E445.07508
G0 F1920 X47 Y57.45
G0 X47.001 Y57.6
M204 S2000
M205 X30 Y30
G0 F3600 X47.498 Y57.1
M204 S500
M205 X10 Y10
G1 F2400 X50.036 Y57.1 E445.18499
G1 X50.052 Y56.95 E445.19153
G1 X51.535 Y56.95 E445.25575
G1 X51.535 Y63.05 E445.51991
G1 X45.435 Y63.05 E445.78408
G1 X45.435 Y56.95 E446.04824
G1 X47.135 Y56.95 E446.12186
G0 F1920 X47.497 Y56.95
G0 X47.498 Y57.1
M204 S2000
M205 X30 Y30
G0 F3600 X47.995 Y56.6
M204 S500
M205 X10 Y10
;TYPE:WALL-OUTER
G1 F1200 X49.586 Y56.6 E446.19076
G1 X49.602 Y56.45 E446.1973
G1 X52.035 Y56.45 E446.30266
G1 X52.035 Y63.55 E446.61013
G1 X44.935 Y63.55 E446.9176
G1 X44.935 Y56.45 E447.22507
G1 X47.632 Y56.45 E447.34187
G0 F960 X47.994 Y56.45
G0 X47.995 Y56.6
M204 S2000
M205 X30 Y30
G0 F3600 X48.245 Y56.6
G0 X48.245 Y57.6
G1 F2700 E442.34187 ; Modi
G0 F3600 X51.515 Y59.097
G0 X52.95 Y59.097
G0 X68.034 Y59.852
G0 X69.46 Y60
G0 X70.331 Y59.097
M204 S500
M205 X10 Y10
;TYPE:FILL
G1 F2700 E447.34187
G1 F2400 X71.571 Y57.856 E447.41784
G1 X71.783 Y57.644
M204 S2000
M205 X30 Y30
G0 F3600 X73.747 Y58.038
M204 S500
M205 X10 Y10
G1 F2400 X70.524 Y61.261 E447.61523
G1 X70.312 Y61.473
M204 S2000
M205 X30 Y30
G0 F3600 X71.89 Y62.252
M204 S500
M205 X10 Y10
G1 F2400 X74.737 Y59.406 E447.78956
G1 X74.949 Y59.194
M204 S2000
M205 X30 Y30
G0 F3600 X73.273 Y57.584
M204 S500
M205 X10 Y10
;TYPE:WALL-INNER
G1 F2400 X73.757 Y57.799 E447.81249
G1 X74.183 Y58.109 E447.83531
G1 X74.541 Y58.505 E447.85843
G1 X74.805 Y58.963 E447.88132
G1 X74.972 Y59.475 E447.90464
G1 X75.027 Y60 E447.9275
G1 X74.972 Y60.525 E447.95036
G1 X74.805 Y61.037 E447.97368
G1 X74.541 Y61.495 E447.99658
G1 X74.183 Y61.891 E448.01969
G1 X73.757 Y62.201 E448.04251
G1 X73.273 Y62.416 E448.06545
G1 X72.747 Y62.528 E448.08873
G1 X72.223 Y62.528 E448.11143
G1 X71.697 Y62.416 E448.13472
G1 X71.216 Y62.202 E448.15752
G1 X70.785 Y61.889 E448.18058
G1 X70.427 Y61.492 E448.20373
G1 X70.164 Y61.035 E448.22657
G1 X69.998 Y60.526 E448.24975
G1 X69.943 Y60 E448.27265
G1 X69.998 Y59.474 E448.29556
G1 X70.164 Y58.965 E448.31874
G1 X70.427 Y58.508 E448.34158
G1 X70.785 Y58.111 E448.36473
G1 X71.216 Y57.798 E448.38779
G1 X71.697 Y57.584 E448.41059
G1 X72.223 Y57.472 E448.43388
G1 X72.747 Y57.472 E448.45658
G1 X72.772 Y57.478 E448.45769
G0 F1920 X73.273 Y57.584
M204 S2000
M205 X30 Y30
G0 F3600 X73.429 Y57.106
M204 S500
M205 X10 Y10
G1 F2400 X74.007 Y57.363 E448.48508
G1 X74.52 Y57.736 E448.51255
G1 X74.948 Y58.21 E448.54021
G1 X75.266 Y58.761 E448.56776
G1 X75.463 Y59.367 E448.59535
G1 X75.53 Y60 E448.62292
G1 X75.463 Y60.633 E448.65048
G1 X75.266 Y61.239 E448.67808
G1 X74.948 Y61.79 E448.70563
G1 X74.52 Y62.264 E448.73329
G1 X74.007 Y62.637 E448.76075
G1 X73.429 Y62.894 E448.78815
G1 X72.799 Y63.028 E448.81604
G1 X72.171 Y63.028 E448.84324
G1 X71.541 Y62.894 E448.87113
G1 X70.963 Y62.637 E448.89852
G1 X70.451 Y62.265 E448.92593
G1 X70.02 Y61.787 E448.9538
G1 X69.703 Y61.237 E448.98129
G1 X69.507 Y60.634 E449.00875
G1 X69.44 Y60 E449.03636
G1 X69.507 Y59.366 E449.06397
G1 X69.703 Y58.763 E449.09143
G1 X70.02 Y58.213 E449.11892
G1 X70.451 Y57.735 E449.14679
G1 X70.963 Y57.363 E449.1742
G1 X71.541 Y57.106 E449.20159
G1 X72.171 Y56.972 E449.22948
G1 X72.799 Y56.972 E449.25668
G1 X72.929 Y57 E449.26244
G0 F1920 X73.429 Y57.106
M204 S2000
M205 X30 Y30
G0 F3600 X73.585 Y56.628
M204 S500
M205 X10 Y10
;TYPE:WALL-OUTER
G1 F1200 X74.257 Y56.927 E449.29429
G1 X74.857 Y57.363 E449.32641
G1 X75.355 Y57.915 E449.3586
G1 X75.726 Y58.558 E449.39075
G1 X75.954 Y59.26 E449.42272
G1 X76.032 Y60 E449.45494
G1 X75.954 Y60.74 E449.48716
G1 X75.726 Y61.442 E449.51913
G1 X75.355 Y62.085 E449.55128
G1 X74.857 Y62.637 E449.58347
G1 X74.257 Y63.073 E449.61559
G1 X73.585 Y63.372 E449.64744
G1 X72.851 Y63.528 E449.67994
G1 X72.119 Y63.528 E449.71164
G1 X71.385 Y63.372 E449.74414
G1 X70.71 Y63.072 E449.77612
G1 X70.114 Y62.639 E449.80803
G1 X69.615 Y62.085 E449.84031
G1 X69.245 Y61.443 E449.8724
G1 X69.015 Y60.738 E449.90452
G1 X68.938 Y60 E449.93665
G1 X69.015 Y59.262 E449.96878
G1 X69.245 Y58.557 E450.0009
G1 X69.615 Y57.915 E450.03299
G1 X70.114 Y57.361 E450.06528
G1 X70.71 Y56.928 E450.09718
G1 X71.385 Y56.628 E450.12917
G1 X72.119 Y56.472 E450.16166
G1 X72.851 Y56.472 E450.19336
G1 X73.084 Y56.522 E450.20368
G0 F960 X73.585 Y56.628
M204 S2000
M205 X30 Y30
G0 F3600 X73.813 Y56.729
G0 X73.406 Y57.643
G1 F2700 E445.20368 ; Modi
;MESH:NONMESH
G0 F600 X73.406 Y57.643 Z12.8
G0 F3600 X70.036 Y58.224
G0 X68.793 Y57.51
G0 X52.95 Y58.224
G0 X51.515 Y58.224
G0 X46.135 Y57.922
;TIME_ELAPSED:546.933882
;LAYER:50
M204 S500
M205 X10 Y10
;TYPE:FILL
;MESH:RetractTower
G1 F2700 E450.20368
G1 F2400 X50.561 Y62.349 E450.47478
G1 X50.773 Y62.561
M204 S2000
M205 X30 Y30
G0 F3600 X50.835 Y60.265
M204 S500
M205 X10 Y10
G1 F2400 X48.369 Y57.799 E450.6258
G1 X48.157 Y57.587
M204 S2000
M205 X30 Y30
G0 F3600 X50.727 Y57.799
M204 S500
M205 X10 Y10
G1 F2400 X50.835 Y57.907 E450.63242
M204 S2000
M205 X30 Y30
G0 F3600 X48.204 Y62.349
M204 S500
M205 X10 Y10
G1 F2400 X46.135 Y60.28 E450.75913
G1 X45.923 Y60.068
M204 S2000
M205 X30 Y30
G0 F3600 X47.235 Y57.6
M204 S500
M205 X10 Y10
;TYPE:WALL-INNER
G1 F2400 X50.804 Y57.6 E450.91369
G1 X50.804 Y57.45 E450.92019
G1 X51.035 Y57.45 E450.93019
G1 X51.035 Y62.55 E451.15105
G1 X45.935 Y62.55 E451.37191
G1 X45.935 Y57.45 E451.59277
G1 X46.873 Y57.45 E451.63339
G0 F1920 X47.235 Y57.45
G0 X47.235 Y57.6
M204 S2000
M205 X30 Y30
G0 F3600 X47.735 Y57.1
M204 S500
M205 X10 Y10
G1 F2400 X50.304 Y57.1 E451.74464
G1 X50.304 Y56.95 E451.75114
G1 X51.535 Y56.95 E451.80445
G1 X51.535 Y63.05 E452.06861
G1 X45.435 Y63.05 E452.33278
G1 X45.435 Y56.95 E452.59694
G1 X47.373 Y56.95 E452.68087
G0 F1920 X47.735 Y56.95
G0 X47.735 Y57.1
M204 S2000
M205 X30 Y30
G0 F3600 X48.235 Y56.6
M204 S500
M205 X10 Y10
;TYPE:WALL-OUTER
G1 F1200 X49.804 Y56.6 E452.74881
G1 X49.804 Y56.45 E452.75531
G1 X52.035 Y56.45 E452.85192
G1 X52.035 Y63.55 E453.1594
G1 X44.935 Y63.55 E453.46687
G1 X44.935 Y56.45 E453.77434
G1 X47.873 Y56.45 E453.90157
G0 F960 X48.235 Y56.45
G0 X48.235 Y56.6
M204 S2000
M205 X30 Y30
G0 F3600 X48.485 Y56.6
G0 X48.485 Y57.6
G1 F2700 E448.90157 ; Modi
G0 F3600 X51.515 Y58.737
G0 X52.95 Y58.737
G0 X68.099 Y59.222
G0 X69.526 Y59.37
G0 X70.524 Y58.737
M204 S500
M205 X10 Y10
;TYPE:FILL
G1 F2700 E453.90157
G1 F2400 X73.747 Y61.96 E454.09896
G1 X73.959 Y62.172
M204 S2000
M205 X30 Y30
G0 F3600 X74.738 Y60.593
M204 S500
M205 X10 Y10
G1 F2400 X71.892 Y57.747 E454.27326
G1 X71.68 Y57.535
M204 S2000
M205 X30 Y30
G0 F3600 X70.329 Y60.899
M204 S500
M205 X10 Y10
G1 F2400 X71.572 Y62.142 E454.34938
G1 X71.784 Y62.354
M204 S2000
M205 X30 Y30
G0 F3600 X73.273 Y57.584
M204 S500
M205 X10 Y10
;TYPE:WALL-INNER
G1 F2400 X73.757 Y57.799 E454.37232
G1 X74.183 Y58.109 E454.39513
G1 X74.541 Y58.505 E454.41825
G1 X74.805 Y58.963 E454.44114
G1 X74.972 Y59.475 E454.46447
G1 X75.027 Y60 E454.48733
G1 X74.972 Y60.525 E454.51019
G1 X74.805 Y61.037 E454.53351
G1 X74.541 Y61.495 E454.5564
G1 X74.183 Y61.891 E454.57952
G1 X73.757 Y62.201 E454.60234
G1 X73.273 Y62.416 E454.62527
G1 X72.747 Y62.528 E454.64856
G1 X72.223 Y62.528 E454.67125
G1 X71.697 Y62.416 E454.69454
G1 X71.216 Y62.202 E454.71734
G1 X70.785 Y61.889 E454.74041
G1 X70.427 Y61.492 E454.76356
G1 X70.164 Y61.035 E454.78639
G1 X69.998 Y60.526 E454.80958
G1 X69.943 Y60 E454.83248
G1 X69.998 Y59.474 E454.85538
G1 X70.164 Y58.965 E454.87857
G1 X70.427 Y58.508 E454.9014
G1 X70.785 Y58.111 E454.92455
G1 X71.216 Y57.798 E454.94762
G1 X71.697 Y57.584 E454.97042
G1 X72.223 Y57.472 E454.99371
G1 X72.747 Y57.472 E455.0164
G1 X72.772 Y57.478 E455.01751
G0 F1920 X73.273 Y57.584
M204 S2000
M205 X30 Y30
G0 F3600 X73.429 Y57.106
M204 S500
M205 X10 Y10
G1 F2400 X74.007 Y57.363 E455.04491
G1 X74.52 Y57.736 E455.07237
G1 X74.948 Y58.21 E455.10003
G1 X75.266 Y58.761 E455.12758
G1 X75.463 Y59.367 E455.15518
G1 X75.53 Y60 E455.18274
G1 X75.463 Y60.633 E455.21031
G1 X75.266 Y61.239 E455.2379
G1 X74.948 Y61.79 E455.26545
G1 X74.52 Y62.264 E455.29311
G1 X74.007 Y62.637 E455.32058
G1 X73.429 Y62.894 E455.34797
G1 X72.799 Y63.028 E455.37586
G1 X72.171 Y63.028 E455.40306
G1 X71.541 Y62.894 E455.43095
G1 X70.963 Y62.637 E455.45835
G1 X70.451 Y62.265 E455.48575
G1 X70.02 Y61.787 E455.51363
G1 X69.703 Y61.237 E455.54112
G1 X69.507 Y60.634 E455.56858
G1 X69.44 Y60 E455.59618
G1 X69.507 Y59.366 E455.62379
G1 X69.703 Y58.763 E455.65125
G1 X70.02 Y58.213 E455.67874
G1 X70.451 Y57.735 E455.70661
G1 X70.963 Y57.363 E455.73402
G1 X71.541 Y57.106 E455.76141
G1 X72.171 Y56.972 E455.78931
G1 X72.799 Y56.972 E455.8165
G1 X72.929 Y57 E455.82226
G0 F1920 X73.429 Y57.106
M204 S2000
M205 X30 Y30
G0 F3600 X73.585 Y56.628
M204 S500
M205 X10 Y10
;TYPE:WALL-OUTER
G1 F1200 X74.257 Y56.927 E455.85411
G1 X74.857 Y57.363 E455.88623
G1 X75.355 Y57.915 E455.91843
G1 X75.726 Y58.558 E455.95058
G1 X75.954 Y59.26 E455.98254
G1 X76.032 Y60 E456.01477
G1 X75.954 Y60.74 E456.04699
G1 X75.726 Y61.442 E456.07895
G1 X75.355 Y62.085 E456.1111
G1 X74.857 Y62.637 E456.1433
G1 X74.257 Y63.073 E456.17542
G1 X73.585 Y63.372 E456.20727
G1 X72.851 Y63.528 E456.23976
G1 X72.119 Y63.528 E456.27146
G1 X71.385 Y63.372 E456.30396
G1 X70.71 Y63.072 E456.33595
G1 X70.114 Y62.639 E456.36785
G1 X69.615 Y62.085 E456.40014
G1 X69.245 Y61.443 E456.43223
G1 X69.015 Y60.738 E456.46434
G1 X68.938 Y60 E456.49648
G1 X69.015 Y59.262 E456.52861
G1 X69.245 Y58.557 E456.56072
G1 X69.615 Y57.915 E456.59281
G1 X70.114 Y57.361 E456.6251
G1 X70.71 Y56.928 E456.657
G1 X71.385 Y56.628 E456.68899
G1 X72.119 Y56.472 E456.72149
G1 X72.851 Y56.472 E456.75319
G1 X73.084 Y56.522 E456.76351
G0 F960 X73.585 Y56.628
M204 S2000
M205 X30 Y30
G0 F3600 X73.813 Y56.729
G0 X73.406 Y57.643
G1 F2700 E451.76351 ; Modi
;MESH:NONMESH
G0 F600 X73.406 Y57.643 Z13.05
G0 F3600 X70.036 Y58.224
G0 X68.793 Y57.51
G0 X52.95 Y58.224
G0 X51.515 Y58.224
G0 X48.054 Y57.798
;TIME_ELAPSED:555.374852
;LAYER:51
M204 S500
M205 X10 Y10
;TYPE:FILL
;MESH:RetractTower
G1 F2700 E456.76351
G1 F2400 X46.135 Y59.718 E456.88107
G1 X45.923 Y59.93
M204 S2000
M205 X30 Y30
G0 F3600 X46.135 Y62.076
M204 S500
M205 X10 Y10
G1 F2400 X50.412 Y57.798 E457.14304
G1 X50.624 Y57.586
M204 S2000
M205 X30 Y30
G0 F3600 X50.834 Y59.734
M204 S500
M205 X10 Y10
G1 F2400 X48.219 Y62.349 E457.30319
G1 X48.007 Y62.561
M204 S2000
M205 X30 Y30
G0 F3600 X50.577 Y62.349
M204 S500
M205 X10 Y10
G1 F2400 X50.834 Y62.091 E457.31896
M204 S2000
M205 X30 Y30
G0 F3600 X47.401 Y57.6
M204 S500
M205 X10 Y10
;TYPE:WALL-INNER
G1 F2400 X50.896 Y57.6 E457.47031
G1 X50.898 Y57.45 E457.47681
G1 X51.035 Y57.45 E457.48274
G1 X51.035 Y62.55 E457.7036
G1 X45.935 Y62.55 E457.92446
G1 X45.935 Y57.45 E458.14532
G1 X47.039 Y57.45 E458.19313
G0 F1920 X47.401 Y57.45
G0 X47.401 Y57.6
M204 S2000
M205 X30 Y30
G0 F3600 X47.901 Y57.1
M204 S500
M205 X10 Y10
G1 F2400 X50.403 Y57.1 E458.30148
G1 X50.405 Y56.95 E458.30797
G1 X51.535 Y56.95 E458.35691
G1 X51.535 Y63.05 E458.62108
G1 X45.435 Y63.05 E458.88524
G1 X45.435 Y56.95 E459.14941
G1 X47.539 Y56.95 E459.24052
G0 F1920 X47.901 Y56.95
G0 X47.901 Y57.1
M204 S2000
M205 X30 Y30
G0 F3600 X48.401 Y56.6
M204 S500
M205 X10 Y10
;TYPE:WALL-OUTER
G1 F1200 X49.91 Y56.6 E459.30587
G1 X49.912 Y56.45 E459.31237
G1 X52.035 Y56.45 E459.4043
G1 X52.035 Y63.55 E459.71177
G1 X44.935 Y63.55 E460.01924
G1 X44.935 Y56.45 E460.32672
G1 X48.039 Y56.45 E460.46114
G0 F960 X48.401 Y56.45
G0 X48.401 Y56.6
M204 S2000
M205 X30 Y30
G0 F3600 X48.651 Y56.6
G0 X48.651 Y57.6
G1 F2700 E455.46114 ; Modi
G0 F3600 X51.515 Y59.097
G0 X52.95 Y59.097
G0 X68.034 Y59.852
G0 X69.46 Y60
G0 X70.331 Y59.097
M204 S500
M205 X10 Y10
;TYPE:FILL
G1 F2700 E460.46114
G1 F2400 X71.571 Y57.856 E460.53711
G1 X71.783 Y57.644
M204 S2000
M205 X30 Y30
G0 F3600 X73.747 Y58.038
M204 S500
M205 X10 Y10
G1 F2400 X70.524 Y61.261 E460.7345
G1 X70.312 Y61.473
M204 S2000
M205 X30 Y30
G0 F3600 X71.89 Y62.252
M204 S500
M205 X10 Y10
G1 F2400 X74.737 Y59.406 E460.90883
G1 X74.949 Y59.194
M204 S2000
M205 X30 Y30
G0 F3600 X73.273 Y57.584
M204 S500
M205 X10 Y10
;TYPE:WALL-INNER
G1 F2400 X73.757 Y57.799 E460.93176
G1 X74.183 Y58.109 E460.95458
G1 X74.541 Y58.505 E460.9777
G1 X74.805 Y58.963 E461.00059
G1 X74.972 Y59.475 E461.02391
G1 X75.027 Y60 E461.04677
G1 X74.972 Y60.525 E461.06963
G1 X74.805 Y61.037 E461.09295
G1 X74.541 Y61.495 E461.11585
G1 X74.183 Y61.891 E461.13896
G1 X73.757 Y62.201 E461.16178
G1 X73.273 Y62.416 E461.18472
G1 X72.747 Y62.528 E461.208
G1 X72.223 Y62.528 E461.2307
G1 X71.697 Y62.416 E461.25399
G1 X71.216 Y62.202 E461.27678
G1 X70.785 Y61.889 E461.29985
G1 X70.427 Y61.492 E461.323
G1 X70.164 Y61.035 E461.34584
G1 X69.998 Y60.526 E461.36902
G1 X69.943 Y60 E461.39192
G1 X69.998 Y59.474 E461.41483
G1 X70.164 Y58.965 E461.43801
G1 X70.427 Y58.508 E461.46085
G1 X70.785 Y58.111 E461.484
G1 X71.216 Y57.798 E461.50706
G1 X71.697 Y57.584 E461.52986
G1 X72.223 Y57.472 E461.55315
G1 X72.747 Y57.472 E461.57584
G1 X72.772 Y57.478 E461.57696
G0 F1920 X73.273 Y57.584
M204 S2000
M205 X30 Y30
G0 F3600 X73.429 Y57.106
M204 S500
M205 X10 Y10
G1 F2400 X74.007 Y57.363 E461.60435
G1 X74.52 Y57.736 E461.63182
G1 X74.948 Y58.21 E461.65948
G1 X75.266 Y58.761 E461.68703
G1 X75.463 Y59.367 E461.71462
G1 X75.53 Y60 E461.74219
G1 X75.463 Y60.633 E461.76975
G1 X75.266 Y61.239 E461.79735
G1 X74.948 Y61.79 E461.8249
G1 X74.52 Y62.264 E461.85255
G1 X74.007 Y62.637 E461.88002
G1 X73.429 Y62.894 E461.90742
G1 X72.799 Y63.028 E461.93531
G1 X72.171 Y63.028 E461.9625
G1 X71.541 Y62.894 E461.9904
G1 X70.963 Y62.637 E462.01779
G1 X70.451 Y62.265 E462.0452
G1 X70.02 Y61.787 E462.07307
G1 X69.703 Y61.237 E462.10056
G1 X69.507 Y60.634 E462.12802
G1 X69.44 Y60 E462.15563
G1 X69.507 Y59.366 E462.18324
G1 X69.703 Y58.763 E462.2107
G1 X70.02 Y58.213 E462.23819
G1 X70.451 Y57.735 E462.26606
G1 X70.963 Y57.363 E462.29347
G1 X71.541 Y57.106 E462.32086
G1 X72.171 Y56.972 E462.34875
G1 X72.799 Y56.972 E462.37595
G1 X72.929 Y57 E462.38171
G0 F1920 X73.429 Y57.106
M204 S2000
M205 X30 Y30
G0 F3600 X73.585 Y56.628
M204 S500
M205 X10 Y10
;TYPE:WALL-OUTER
G1 F1200 X74.257 Y56.927 E462.41356
G1 X74.857 Y57.363 E462.44568
G1 X75.355 Y57.915 E462.47787
G1 X75.726 Y58.558 E462.51002
G1 X75.954 Y59.26 E462.54199
G1 X76.032 Y60 E462.57421
G1 X75.954 Y60.74 E462.60643
G1 X75.726 Y61.442 E462.6384
G1 X75.355 Y62.085 E462.67055
G1 X74.857 Y62.637 E462.70274
G1 X74.257 Y63.073 E462.73486
G1 X73.585 Y63.372 E462.76671
G1 X72.851 Y63.528 E462.79921
G1 X72.119 Y63.528 E462.83091
G1 X71.385 Y63.372 E462.8634
G1 X70.71 Y63.072 E462.89539
G1 X70.114 Y62.639 E462.9273
G1 X69.615 Y62.085 E462.95958
G1 X69.245 Y61.443 E462.99167
G1 X69.015 Y60.738 E463.02379
G1 X68.938 Y60 E463.05592
G1 X69.015 Y59.262 E463.08805
G1 X69.245 Y58.557 E463.12017
G1 X69.615 Y57.915 E463.15226
G1 X70.114 Y57.361 E463.18455
G1 X70.71 Y56.928 E463.21645
G1 X71.385 Y56.628 E463.24844
G1 X72.119 Y56.472 E463.28093
G1 X72.851 Y56.472 E463.31263
G1 X73.084 Y56.522 E463.32295
G0 F960 X73.585 Y56.628
M204 S2000
M205 X30 Y30
G0 F3600 X73.813 Y56.729
G0 X73.406 Y57.643
G1 F2700 E458.32295 ; Modi
;MESH:NONMESH
G0 F600 X73.406 Y57.643 Z13.3
G0 F3600 X70.036 Y58.224
G0 X68.793 Y57.51
G0 X52.95 Y58.224
G0 X51.515 Y58.224
G0 X46.135 Y57.922
;TIME_ELAPSED:563.769427
;LAYER:52
M204 S500
M205 X10 Y10
;TYPE:FILL
;MESH:RetractTower
G1 F2700 E463.32295
G1 F2400 X50.561 Y62.349 E463.59405
G1 X50.773 Y62.561
M204 S2000
M205 X30 Y30
G0 F3600 X50.835 Y60.265
M204 S500
M205 X10 Y10
G1 F2400 X48.369 Y57.799 E463.74507
G1 X48.157 Y57.587
M204 S2000
M205 X30 Y30
G0 F3600 X50.727 Y57.799
M204 S500
M205 X10 Y10
G1 F2400 X50.835 Y57.907 E463.75169
M204 S2000
M205 X30 Y30
G0 F3600 X48.204 Y62.349
M204 S500
M205 X10 Y10
G1 F2400 X46.135 Y60.28 E463.8784
G1 X45.923 Y60.068
M204 S2000
M205 X30 Y30
G0 F3600 X50.969 Y57.6
M204 S500
M205 X10 Y10
;TYPE:WALL-INNER
G1 F2400 X50.968 Y57.45 E463.8849
G1 X51.035 Y57.45 E463.8878
G1 X51.035 Y62.55 E464.10866
G1 X45.935 Y62.55 E464.32952
G1 X45.935 Y57.45 E464.55038
G1 X46.184 Y57.45 E464.56116
G1 X46.184 Y57.6 E464.56766
G1 X50.457 Y57.6 E464.7527
G0 F1920 X50.969 Y57.6
M204 S2000
M205 X30 Y30
G0 F3600 X50.466 Y57.1
M204 S500
M205 X10 Y10
G1 F2400 X50.465 Y56.95 E464.7592
G1 X51.535 Y56.95 E464.80553
G1 X51.535 Y63.05 E465.0697
G1 X45.435 Y63.05 E465.33386
G1 X45.435 Y56.95 E465.59803
G1 X46.684 Y56.95 E465.65212
G1 X46.684 Y57.1 E465.65861
G1 X49.954 Y57.1 E465.80022
G0 F1920 X50.466 Y57.1
M204 S2000
M205 X30 Y30
G0 F3600 X49.963 Y56.6
M204 S500
M205 X10 Y10
;TYPE:WALL-OUTER
G1 F1200 X49.962 Y56.45 E465.80672
G1 X52.035 Y56.45 E465.89649
G1 X52.035 Y63.55 E466.20396
G1 X44.935 Y63.55 E466.51143
G1 X44.935 Y56.45 E466.8189
G1 X47.184 Y56.45 E466.9163
G1 X47.184 Y56.6 E466.9228
G1 X49.451 Y56.6 E467.02097
G0 F960 X49.963 Y56.6
M204 S2000
M205 X30 Y30
G0 F3600 X49.962 Y56.45
G0 X50.062 Y56.45
G0 X50.819 Y57.45
G1 F2700 E462.02097 ; Modi
G0 F3600 X51.515 Y58.737
G0 X52.95 Y58.737
G0 X68.099 Y59.222
G0 X69.526 Y59.37
G0 X70.524 Y58.737
M204 S500
M205 X10 Y10
;TYPE:FILL
G1 F2700 E467.02097
G1 F2400 X73.747 Y61.96 E467.21836
G1 X73.959 Y62.172
M204 S2000
M205 X30 Y30
G0 F3600 X74.738 Y60.593
M204 S500
M205 X10 Y10
G1 F2400 X71.892 Y57.747 E467.39266
G1 X71.68 Y57.535
M204 S2000
M205 X30 Y30
G0 F3600 X70.329 Y60.899
M204 S500
M205 X10 Y10
G1 F2400 X71.572 Y62.142 E467.46878
G1 X71.784 Y62.354
M204 S2000
M205 X30 Y30
G0 F3600 X73.273 Y57.584
M204 S500
M205 X10 Y10
;TYPE:WALL-INNER
G1 F2400 X73.757 Y57.799 E467.49172
G1 X74.183 Y58.109 E467.51453
G1 X74.541 Y58.505 E467.53765
G1 X74.805 Y58.963 E467.56054
G1 X74.972 Y59.475 E467.58387
G1 X75.027 Y60 E467.60673
G1 X74.972 Y60.525 E467.62959
G1 X74.805 Y61.037 E467.65291
G1 X74.541 Y61.495 E467.6758
G1 X74.183 Y61.891 E467.69892
G1 X73.757 Y62.201 E467.72174
G1 X73.273 Y62.416 E467.74467
G1 X72.747 Y62.528 E467.76796
G1 X72.223 Y62.528 E467.79065
G1 X71.697 Y62.416 E467.81394
G1 X71.216 Y62.202 E467.83674
G1 X70.785 Y61.889 E467.85981
G1 X70.427 Y61.492 E467.88296
G1 X70.164 Y61.035 E467.90579
G1 X69.998 Y60.526 E467.92898
G1 X69.943 Y60 E467.95188
G1 X69.998 Y59.474 E467.97478
G1 X70.164 Y58.965 E467.99797
G1 X70.427 Y58.508 E468.0208
G1 X70.785 Y58.111 E468.04395
G1 X71.216 Y57.798 E468.06702
G1 X71.697 Y57.584 E468.08982
G1 X72.223 Y57.472 E468.11311
G1 X72.747 Y57.472 E468.1358
G1 X72.772 Y57.478 E468.13691
G0 F1920 X73.273 Y57.584
M204 S2000
M205 X30 Y30
G0 F3600 X73.429 Y57.106
M204 S500
M205 X10 Y10
G1 F2400 X74.007 Y57.363 E468.16431
G1 X74.52 Y57.736 E468.19177
G1 X74.948 Y58.21 E468.21943
G1 X75.266 Y58.761 E468.24698
G1 X75.463 Y59.367 E468.27458
G1 X75.53 Y60 E468.30214
G1 X75.463 Y60.633 E468.32971
G1 X75.266 Y61.239 E468.3573
G1 X74.948 Y61.79 E468.38485
G1 X74.52 Y62.264 E468.41251
G1 X74.007 Y62.637 E468.43998
G1 X73.429 Y62.894 E468.46737
G1 X72.799 Y63.028 E468.49526
G1 X72.171 Y63.028 E468.52246
G1 X71.541 Y62.894 E468.55035
G1 X70.963 Y62.637 E468.57775
G1 X70.451 Y62.265 E468.60515
G1 X70.02 Y61.787 E468.63303
G1 X69.703 Y61.237 E468.66052
G1 X69.507 Y60.634 E468.68798
G1 X69.44 Y60 E468.71558
G1 X69.507 Y59.366 E468.74319
G1 X69.703 Y58.763 E468.77065
G1 X70.02 Y58.213 E468.79814
G1 X70.451 Y57.735 E468.82601
G1 X70.963 Y57.363 E468.85342
G1 X71.541 Y57.106 E468.88082
G1 X72.171 Y56.972 E468.90871
G1 X72.799 Y56.972 E468.9359
G1 X72.929 Y57 E468.94166
G0 F1920 X73.429 Y57.106
M204 S2000
M205 X30 Y30
G0 F3600 X73.585 Y56.628
M204 S500
M205 X10 Y10
;TYPE:WALL-OUTER
G1 F1200 X74.257 Y56.927 E468.97351
G1 X74.857 Y57.363 E469.00563
G1 X75.355 Y57.915 E469.03783
G1 X75.726 Y58.558 E469.06998
G1 X75.954 Y59.26 E469.10194
G1 X76.032 Y60 E469.13417
G1 X75.954 Y60.74 E469.16639
G1 X75.726 Y61.442 E469.19835
G1 X75.355 Y62.085 E469.2305
G1 X74.857 Y62.637 E469.2627
G1 X74.257 Y63.073 E469.29482
G1 X73.585 Y63.372 E469.32667
G1 X72.851 Y63.528 E469.35916
G1 X72.119 Y63.528 E469.39086
G1 X71.385 Y63.372 E469.42336
G1 X70.71 Y63.072 E469.45535
G1 X70.114 Y62.639 E469.48725
G1 X69.615 Y62.085 E469.51954
G1 X69.245 Y61.443 E469.55163
G1 X69.015 Y60.738 E469.58374
G1 X68.938 Y60 E469.61588
G1 X69.015 Y59.262 E469.64801
G1 X69.245 Y58.557 E469.68012
G1 X69.615 Y57.915 E469.71221
G1 X70.114 Y57.361 E469.7445
G1 X70.71 Y56.928 E469.7764
G1 X71.385 Y56.628 E469.80839
G1 X72.119 Y56.472 E469.84089
G1 X72.851 Y56.472 E469.87259
G1 X73.084 Y56.522 E469.88291
G0 F960 X73.585 Y56.628
M204 S2000
M205 X30 Y30
G0 F3600 X73.813 Y56.729
G0 X73.406 Y57.643
G1 F2700 E464.88291 ; Modi
;MESH:NONMESH
G0 F600 X73.406 Y57.643 Z13.55
G0 F3600 X70.036 Y58.224
G0 X68.793 Y57.51
G0 X52.95 Y58.224
G0 X51.515 Y58.224
G0 X48.054 Y57.798
;TIME_ELAPSED:572.163715
;LAYER:53
M204 S500
M205 X10 Y10
;TYPE:FILL
;MESH:RetractTower
G1 F2700 E469.88291
G1 F2400 X46.135 Y59.718 E470.00047
G1 X45.923 Y59.93
M204 S2000
M205 X30 Y30
G0 F3600 X46.135 Y62.076
M204 S500
M205 X10 Y10
G1 F2400 X50.412 Y57.798 E470.26244
G1 X50.624 Y57.586
M204 S2000
M205 X30 Y30
G0 F3600 X50.834 Y59.734
M204 S500
M205 X10 Y10
G1 F2400 X48.219 Y62.349 E470.42259
G1 X48.007 Y62.561
M204 S2000
M205 X30 Y30
G0 F3600 X50.577 Y62.349
M204 S500
M205 X10 Y10
G1 F2400 X50.834 Y62.091 E470.43836
M204 S2000
M205 X30 Y30
G0 F3600 X46.053 Y57.6
M204 S500
M205 X10 Y10
;TYPE:WALL-INNER
G1 F2400 X50.931 Y57.6 E470.6496
G1 X50.932 Y57.45 E470.6561
G1 X51.035 Y57.45 E470.66056
G1 X51.035 Y62.55 E470.88142
G1 X45.935 Y62.55 E471.10228
G1 X45.935 Y57.694 E471.31257
G0 F1920 X45.935 Y57.45
G0 X46.053 Y57.45
G0 X46.053 Y57.6
M204 S2000
M205 X30 Y30
G0 F3600 X46.553 Y57.1
M204 S500
M205 X10 Y10
G1 F2400 X50.434 Y57.1 E471.48064
G1 X50.435 Y56.95 E471.48714
G1 X51.535 Y56.95 E471.53477
G1 X51.535 Y63.05 E471.79894
G1 X45.435 Y63.05 E472.0631
G1 X45.435 Y56.95 E472.32727
G1 X46.191 Y56.95 E472.36001
G0 F1920 X46.553 Y56.95
G0 X46.553 Y57.1
M204 S2000
M205 X30 Y30
G0 F3600 X47.053 Y56.6
M204 S500
M205 X10 Y10
;TYPE:WALL-OUTER
G1 F1200 X49.937 Y56.6 E472.4849
G1 X49.938 Y56.45 E472.4914
G1 X52.035 Y56.45 E472.58221
G1 X52.035 Y63.55 E472.88968
G1 X44.935 Y63.55 E473.19715
G1 X44.935 Y56.45 E473.50462
G1 X46.691 Y56.45 E473.58067
G0 F960 X47.053 Y56.45
G0 X47.053 Y56.6
M204 S2000
M205 X30 Y30
G0 F3600 X47.303 Y56.6
G0 X47.303 Y57.6
G1 F2700 E468.58067 ; Modi
G0 F3600 X51.515 Y59.097
G0 X52.95 Y59.097
G0 X68.034 Y59.852
G0 X69.46 Y60
G0 X70.331 Y59.097
M204 S500
M205 X10 Y10
;TYPE:FILL
G1 F2700 E473.58067
G1 F2400 X71.571 Y57.856 E473.65664
G1 X71.783 Y57.644
M204 S2000
M205 X30 Y30
G0 F3600 X73.747 Y58.038
M204 S500
M205 X10 Y10
G1 F2400 X70.524 Y61.261 E473.85403
G1 X70.312 Y61.473
M204 S2000
M205 X30 Y30
G0 F3600 X71.89 Y62.252
M204 S500
M205 X10 Y10
G1 F2400 X74.737 Y59.406 E474.02836
G1 X74.949 Y59.194
M204 S2000
M205 X30 Y30
G0 F3600 X73.273 Y57.584
M204 S500
M205 X10 Y10
;TYPE:WALL-INNER
G1 F2400 X73.757 Y57.799 E474.05129
G1 X74.183 Y58.109 E474.07411
G1 X74.541 Y58.505 E474.09722
G1 X74.805 Y58.963 E474.12012
G1 X74.972 Y59.475 E474.14344
G1 X75.027 Y60 E474.1663
G1 X74.972 Y60.525 E474.18916
G1 X74.805 Y61.037 E474.21248
G1 X74.541 Y61.495 E474.23537
G1 X74.183 Y61.891 E474.25849
G1 X73.757 Y62.201 E474.28131
G1 X73.273 Y62.416 E474.30424
G1 X72.747 Y62.528 E474.32753
G1 X72.223 Y62.528 E474.35023
G1 X71.697 Y62.416 E474.37351
G1 X71.216 Y62.202 E474.39631
G1 X70.785 Y61.889 E474.41938
G1 X70.427 Y61.492 E474.44253
G1 X70.164 Y61.035 E474.46537
G1 X69.998 Y60.526 E474.48855
G1 X69.943 Y60 E474.51145
G1 X69.998 Y59.474 E474.53436
G1 X70.164 Y58.965 E474.55754
G1 X70.427 Y58.508 E474.58038
G1 X70.785 Y58.111 E474.60353
G1 X71.216 Y57.798 E474.62659
G1 X71.697 Y57.584 E474.64939
G1 X72.223 Y57.472 E474.67268
G1 X72.747 Y57.472 E474.69537
G1 X72.772 Y57.478 E474.69649
G0 F1920 X73.273 Y57.584
M204 S2000
M205 X30 Y30
G0 F3600 X73.429 Y57.106
M204 S500
M205 X10 Y10
G1 F2400 X74.007 Y57.363 E474.72388
G1 X74.52 Y57.736 E474.75135
G1 X74.948 Y58.21 E474.779
G1 X75.266 Y58.761 E474.80656
G1 X75.463 Y59.367 E474.83415
G1 X75.53 Y60 E474.86172
G1 X75.463 Y60.633 E474.88928
G1 X75.266 Y61.239 E474.91688
G1 X74.948 Y61.79 E474.94443
G1 X74.52 Y62.264 E474.97208
G1 X74.007 Y62.637 E474.99955
G1 X73.429 Y62.894 E475.02694
G1 X72.799 Y63.028 E475.05484
G1 X72.171 Y63.028 E475.08203
G1 X71.541 Y62.894 E475.10993
G1 X70.963 Y62.637 E475.13732
G1 X70.451 Y62.265 E475.16473
G1 X70.02 Y61.787 E475.1926
G1 X69.703 Y61.237 E475.22009
G1 X69.507 Y60.634 E475.24755
G1 X69.44 Y60 E475.27516
G1 X69.507 Y59.366 E475.30277
G1 X69.703 Y58.763 E475.33022
G1 X70.02 Y58.213 E475.35772
G1 X70.451 Y57.735 E475.38559
G1 X70.963 Y57.363 E475.41299
G1 X71.541 Y57.106 E475.44039
G1 X72.171 Y56.972 E475.46828
G1 X72.799 Y56.972 E475.49548
G1 X72.929 Y57 E475.50124
G0 F1920 X73.429 Y57.106
M204 S2000
M205 X30 Y30
G0 F3600 X73.585 Y56.628
M204 S500
M205 X10 Y10
;TYPE:WALL-OUTER
G1 F1200 X74.257 Y56.927 E475.53309
G1 X74.857 Y57.363 E475.56521
G1 X75.355 Y57.915 E475.5974
G1 X75.726 Y58.558 E475.62955
G1 X75.954 Y59.26 E475.66151
G1 X76.032 Y60 E475.69374
G1 X75.954 Y60.74 E475.72596
G1 X75.726 Y61.442 E475.75793
G1 X75.355 Y62.085 E475.79007
G1 X74.857 Y62.637 E475.82227
G1 X74.257 Y63.073 E475.85439
G1 X73.585 Y63.372 E475.88624
G1 X72.851 Y63.528 E475.91874
G1 X72.119 Y63.528 E475.95044
G1 X71.385 Y63.372 E475.98293
G1 X70.71 Y63.072 E476.01492
G1 X70.114 Y62.639 E476.04682
G1 X69.615 Y62.085 E476.07911
G1 X69.245 Y61.443 E476.1112
G1 X69.015 Y60.738 E476.14332
G1 X68.938 Y60 E476.17545
G1 X69.015 Y59.262 E476.20758
G1 X69.245 Y58.557 E476.2397
G1 X69.615 Y57.915 E476.27179
G1 X70.114 Y57.361 E476.30407
G1 X70.71 Y56.928 E476.33598
G1 X71.385 Y56.628 E476.36797
G1 X72.119 Y56.472 E476.40046
G1 X72.851 Y56.472 E476.43216
G1 X73.084 Y56.522 E476.44248
G0 F960 X73.585 Y56.628
M204 S2000
M205 X30 Y30
G0 F3600 X73.813 Y56.729
G0 X73.406 Y57.643
G1 F2700 E471.44248 ; Modi
;MESH:NONMESH
G0 F600 X73.406 Y57.643 Z13.8
G0 F3600 X70.036 Y58.224
G0 X68.793 Y57.51
G0 X52.95 Y58.224
G0 X51.515 Y58.224
G0 X46.135 Y57.922
;TIME_ELAPSED:580.545255
;LAYER:54
M204 S500
M205 X10 Y10
;TYPE:FILL
;MESH:RetractTower
G1 F2700 E476.44248
G1 F2400 X50.561 Y62.349 E476.71358
G1 X50.773 Y62.561
M204 S2000
M205 X30 Y30
G0 F3600 X50.835 Y60.265
M204 S500
M205 X10 Y10
G1 F2400 X48.369 Y57.799 E476.8646
G1 X48.157 Y57.587
M204 S2000
M205 X30 Y30
G0 F3600 X50.727 Y57.799
M204 S500
M205 X10 Y10
G1 F2400 X50.835 Y57.907 E476.87122
M204 S2000
M205 X30 Y30
G0 F3600 X48.204 Y62.349
M204 S500
M205 X10 Y10
G1 F2400 X46.135 Y60.28 E476.99793
G1 X45.923 Y60.068
M204 S2000
M205 X30 Y30
G0 F3600 X46.163 Y57.6
M204 S500
M205 X10 Y10
;TYPE:WALL-INNER
G1 F2400 X50.825 Y57.6 E477.19982
G1 X50.826 Y57.45 E477.20632
G1 X51.035 Y57.45 E477.21537
G1 X51.035 Y62.55 E477.43623
G1 X45.935 Y62.55 E477.65709
G1 X45.935 Y57.584 E477.87214
G0 F1920 X45.935 Y57.45
G0 X46.163 Y57.45
G0 X46.163 Y57.6
M204 S2000
M205 X30 Y30
G0 F3600 X46.663 Y57.1
M204 S500
M205 X10 Y10
G1 F2400 X50.328 Y57.1 E478.03086
G1 X50.329 Y56.95 E478.03736
G1 X51.535 Y56.95 E478.08958
G1 X51.535 Y63.05 E478.35375
G1 X45.435 Y63.05 E478.61791
G1 X45.435 Y56.95 E478.88208
G1 X46.301 Y56.95 E478.91958
G0 F1920 X46.663 Y56.95
G0 X46.663 Y57.1
M204 S2000
M205 X30 Y30
G0 F3600 X47.163 Y56.6
M204 S500
M205 X10 Y10
;TYPE:WALL-OUTER
G1 F1200 X49.831 Y56.6 E479.03512
G1 X49.832 Y56.45 E479.04162
G1 X52.035 Y56.45 E479.13702
G1 X52.035 Y63.55 E479.44449
G1 X44.935 Y63.55 E479.75196
G1 X44.935 Y56.45 E480.05943
G1 X46.801 Y56.45 E480.14024
G0 F960 X47.163 Y56.45
G0 X47.163 Y56.6
M204 S2000
M205 X30 Y30
G0 F3600 X47.413 Y56.6
G0 X47.413 Y57.6
G1 F2700 E475.14024 ; Modi
G0 F3600 X51.515 Y58.737
G0 X52.95 Y58.737
G0 X68.099 Y59.222
G0 X69.526 Y59.37
G0 X70.524 Y58.737
M204 S500
M205 X10 Y10
;TYPE:FILL
G1 F2700 E480.14024
G1 F2400 X73.747 Y61.96 E480.33763
G1 X73.959 Y62.172
M204 S2000
M205 X30 Y30
G0 F3600 X74.738 Y60.593
M204 S500
M205 X10 Y10
G1 F2400 X71.892 Y57.747 E480.51193
G1 X71.68 Y57.535
M204 S2000
M205 X30 Y30
G0 F3600 X70.329 Y60.899
M204 S500
M205 X10 Y10
G1 F2400 X71.572 Y62.142 E480.58805
G1 X71.784 Y62.354
M204 S2000
M205 X30 Y30
G0 F3600 X73.273 Y57.584
M204 S500
M205 X10 Y10
;TYPE:WALL-INNER
G1 F2400 X73.757 Y57.799 E480.61099
G1 X74.183 Y58.109 E480.6338
G1 X74.541 Y58.505 E480.65692
G1 X74.805 Y58.963 E480.67981
G1 X74.972 Y59.475 E480.70314
G1 X75.027 Y60 E480.726
G1 X74.972 Y60.525 E480.74886
G1 X74.805 Y61.037 E480.77218
G1 X74.541 Y61.495 E480.79507
G1 X74.183 Y61.891 E480.81819
G1 X73.757 Y62.201 E480.841
G1 X73.273 Y62.416 E480.86394
G1 X72.747 Y62.528 E480.88723
G1 X72.223 Y62.528 E480.90992
G1 X71.697 Y62.416 E480.93321
G1 X71.216 Y62.202 E480.95601
G1 X70.785 Y61.889 E480.97908
G1 X70.427 Y61.492 E481.00223
G1 X70.164 Y61.035 E481.02506
G1 X69.998 Y60.526 E481.04825
G1 X69.943 Y60 E481.07115
G1 X69.998 Y59.474 E481.09405
G1 X70.164 Y58.965 E481.11724
G1 X70.427 Y58.508 E481.14007
G1 X70.785 Y58.111 E481.16322
G1 X71.216 Y57.798 E481.18629
G1 X71.697 Y57.584 E481.20909
G1 X72.223 Y57.472 E481.23238
G1 X72.747 Y57.472 E481.25507
G1 X72.772 Y57.478 E481.25618
G0 F1920 X73.273 Y57.584
M204 S2000
M205 X30 Y30
G0 F3600 X73.429 Y57.106
M204 S500
M205 X10 Y10
G1 F2400 X74.007 Y57.363 E481.28358
G1 X74.52 Y57.736 E481.31104
G1 X74.948 Y58.21 E481.3387
G1 X75.266 Y58.761 E481.36625
G1 X75.463 Y59.367 E481.39385
G1 X75.53 Y60 E481.42141
G1 X75.463 Y60.633 E481.44898
G1 X75.266 Y61.239 E481.47657
G1 X74.948 Y61.79 E481.50412
G1 X74.52 Y62.264 E481.53178
G1 X74.007 Y62.637 E481.55925
G1 X73.429 Y62.894 E481.58664
G1 X72.799 Y63.028 E481.61453
G1 X72.171 Y63.028 E481.64173
G1 X71.541 Y62.894 E481.66962
G1 X70.963 Y62.637 E481.69702
G1 X70.451 Y62.265 E481.72442
G1 X70.02 Y61.787 E481.7523
G1 X69.703 Y61.237 E481.77979
G1 X69.507 Y60.634 E481.80724
G1 X69.44 Y60 E481.83485
G1 X69.507 Y59.366 E481.86246
G1 X69.703 Y58.763 E481.88992
G1 X70.02 Y58.213 E481.91741
G1 X70.451 Y57.735 E481.94528
G1 X70.963 Y57.363 E481.97269
G1 X71.541 Y57.106 E482.00008
G1 X72.171 Y56.972 E482.02798
G1 X72.799 Y56.972 E482.05517
G1 X72.929 Y57 E482.06093
G0 F1920 X73.429 Y57.106
M204 S2000
M205 X30 Y30
G0 F3600 X73.585 Y56.628
M204 S500
M205 X10 Y10
;TYPE:WALL-OUTER
G1 F1200 X74.257 Y56.927 E482.09278
G1 X74.857 Y57.363 E482.1249
G1 X75.355 Y57.915 E482.1571
G1 X75.726 Y58.558 E482.18925
G1 X75.954 Y59.26 E482.22121
G1 X76.032 Y60 E482.25343
G1 X75.954 Y60.74 E482.28566
G1 X75.726 Y61.442 E482.31762
G1 X75.355 Y62.085 E482.34977
G1 X74.857 Y62.637 E482.38197
G1 X74.257 Y63.073 E482.41408
G1 X73.585 Y63.372 E482.44594
G1 X72.851 Y63.528 E482.47843
G1 X72.119 Y63.528 E482.51013
G1 X71.385 Y63.372 E482.54263
G1 X70.71 Y63.072 E482.57462
G1 X70.114 Y62.639 E482.60652
G1 X69.615 Y62.085 E482.63881
G1 X69.245 Y61.443 E482.6709
G1 X69.015 Y60.738 E482.70301
G1 X68.938 Y60 E482.73515
G1 X69.015 Y59.262 E482.76728
G1 X69.245 Y58.557 E482.79939
G1 X69.615 Y57.915 E482.83148
G1 X70.114 Y57.361 E482.86377
G1 X70.71 Y56.928 E482.89567
G1 X71.385 Y56.628 E482.92766
G1 X72.119 Y56.472 E482.96016
G1 X72.851 Y56.472 E482.99186
G1 X73.084 Y56.522 E483.00218
G0 F960 X73.585 Y56.628
M204 S2000
M205 X30 Y30
G0 F3600 X73.813 Y56.729
G0 X73.406 Y57.643
G1 F2700 E478.00218 ; Modi
;MESH:NONMESH
G0 F600 X73.406 Y57.643 Z14.05
G0 F3600 X70.036 Y58.224
G0 X68.793 Y57.51
G0 X52.95 Y58.224
G0 X51.515 Y58.224
G0 X48.054 Y57.798
;TIME_ELAPSED:588.958394
;LAYER:55
M204 S500
M205 X10 Y10
;TYPE:FILL
;MESH:RetractTower
G1 F2700 E483.00218
G1 F2400 X46.135 Y59.718 E483.11973
G1 X45.923 Y59.93
M204 S2000
M205 X30 Y30
G0 F3600 X46.135 Y62.076
M204 S500
M205 X10 Y10
G1 F2400 X50.412 Y57.798 E483.3817
G1 X50.624 Y57.586
M204 S2000
M205 X30 Y30
G0 F3600 X50.834 Y59.734
M204 S500
M205 X10 Y10
G1 F2400 X48.219 Y62.349 E483.54186
G1 X48.007 Y62.561
M204 S2000
M205 X30 Y30
G0 F3600 X50.577 Y62.349
M204 S500
M205 X10 Y10
G1 F2400 X50.834 Y62.091 E483.55763
M204 S2000
M205 X30 Y30
G0 F3600 X50.59 Y57.6
M204 S500
M205 X10 Y10
;TYPE:WALL-INNER
G1 F2400 X50.59 Y57.45 E483.56412
G1 X51.035 Y57.45 E483.58339
G1 X51.035 Y62.55 E483.80425
G1 X45.935 Y62.55 E484.02511
G1 X45.935 Y57.45 E484.24597
G1 X46.421 Y57.45 E484.26702
G1 X46.422 Y57.6 E484.27351
G1 X50.078 Y57.6 E484.43184
G0 F1920 X50.59 Y57.6
M204 S2000
M205 X30 Y30
G0 F3600 X50.09 Y57.1
M204 S500
M205 X10 Y10
G1 F2400 X50.09 Y56.95 E484.43834
G1 X51.535 Y56.95 E484.50091
G1 X51.535 Y63.05 E484.76508
G1 X45.435 Y63.05 E485.02924
G1 X45.435 Y56.95 E485.29341
G1 X46.918 Y56.95 E485.35763
G1 X46.919 Y57.1 E485.36413
G1 X49.578 Y57.1 E485.47928
G0 F1920 X50.09 Y57.1
M204 S2000
M205 X30 Y30
G0 F3600 X49.59 Y56.6
M204 S500
M205 X10 Y10
;TYPE:WALL-OUTER
G1 F1200 X49.59 Y56.45 E485.48577
G1 X52.035 Y56.45 E485.59165
G1 X52.035 Y63.55 E485.89912
G1 X44.935 Y63.55 E486.2066
G1 X44.935 Y56.45 E486.51407
G1 X47.415 Y56.45 E486.62146
G1 X47.416 Y56.6 E486.62796
G1 X49.078 Y56.6 E486.69993
G0 F960 X49.59 Y56.6
M204 S2000
M205 X30 Y30
G0 F3600 X49.59 Y56.45
G0 X49.69 Y56.45
G0 X50.443 Y57.45
G1 F2700 E481.69993 ; Modi
G0 F3600 X51.515 Y59.097
G0 X52.95 Y59.097
G0 X68.034 Y59.852
G0 X69.46 Y60
G0 X70.331 Y59.097
M204 S500
M205 X10 Y10
;TYPE:FILL
G1 F2700 E486.69993
G1 F2400 X71.571 Y57.856 E486.77591
G1 X71.783 Y57.644
M204 S2000
M205 X30 Y30
G0 F3600 X73.747 Y58.038
M204 S500
M205 X10 Y10
G1 F2400 X70.524 Y61.261 E486.97329
G1 X70.312 Y61.473
M204 S2000
M205 X30 Y30
G0 F3600 X71.89 Y62.252
M204 S500
M205 X10 Y10
G1 F2400 X74.737 Y59.406 E487.14762
G1 X74.949 Y59.194
M204 S2000
M205 X30 Y30
G0 F3600 X73.273 Y57.584
M204 S500
M205 X10 Y10
;TYPE:WALL-INNER
G1 F2400 X73.757 Y57.799 E487.17056
G1 X74.183 Y58.109 E487.19338
G1 X74.541 Y58.505 E487.21649
G1 X74.805 Y58.963 E487.23939
G1 X74.972 Y59.475 E487.26271
G1 X75.027 Y60 E487.28557
G1 X74.972 Y60.525 E487.30843
G1 X74.805 Y61.037 E487.33175
G1 X74.541 Y61.495 E487.35464
G1 X74.183 Y61.891 E487.37776
G1 X73.757 Y62.201 E487.40058
G1 X73.273 Y62.416 E487.42351
G1 X72.747 Y62.528 E487.4468
G1 X72.223 Y62.528 E487.46949
G1 X71.697 Y62.416 E487.49278
G1 X71.216 Y62.202 E487.51558
G1 X70.785 Y61.889 E487.53865
G1 X70.427 Y61.492 E487.5618
G1 X70.164 Y61.035 E487.58463
G1 X69.998 Y60.526 E487.60782
G1 X69.943 Y60 E487.63072
G1 X69.998 Y59.474 E487.65363
G1 X70.164 Y58.965 E487.67681
G1 X70.427 Y58.508 E487.69964
G1 X70.785 Y58.111 E487.72279
G1 X71.216 Y57.798 E487.74586
G1 X71.697 Y57.584 E487.76866
G1 X72.223 Y57.472 E487.79195
G1 X72.747 Y57.472 E487.81464
G1 X72.772 Y57.478 E487.81576
G0 F1920 X73.273 Y57.584
M204 S2000
M205 X30 Y30
G0 F3600 X73.429 Y57.106
M204 S500
M205 X10 Y10
G1 F2400 X74.007 Y57.363 E487.84315
G1 X74.52 Y57.736 E487.87062
G1 X74.948 Y58.21 E487.89827
G1 X75.266 Y58.761 E487.92582
G1 X75.463 Y59.367 E487.95342
G1 X75.53 Y60 E487.98098
G1 X75.463 Y60.633 E488.00855
G1 X75.266 Y61.239 E488.03615
G1 X74.948 Y61.79 E488.0637
G1 X74.52 Y62.264 E488.09135
G1 X74.007 Y62.637 E488.11882
G1 X73.429 Y62.894 E488.14621
G1 X72.799 Y63.028 E488.17411
G1 X72.171 Y63.028 E488.2013
G1 X71.541 Y62.894 E488.2292
G1 X70.963 Y62.637 E488.25659
G1 X70.451 Y62.265 E488.284
G1 X70.02 Y61.787 E488.31187
G1 X69.703 Y61.237 E488.33936
G1 X69.507 Y60.634 E488.36682
G1 X69.44 Y60 E488.39443
G1 X69.507 Y59.366 E488.42203
G1 X69.703 Y58.763 E488.44949
G1 X70.02 Y58.213 E488.47698
G1 X70.451 Y57.735 E488.50486
G1 X70.963 Y57.363 E488.53226
G1 X71.541 Y57.106 E488.55966
G1 X72.171 Y56.972 E488.58755
G1 X72.799 Y56.972 E488.61475
G1 X72.929 Y57 E488.6205
G0 F1920 X73.429 Y57.106
M204 S2000
M205 X30 Y30
G0 F3600 X73.585 Y56.628
M204 S500
M205 X10 Y10
;TYPE:WALL-OUTER
G1 F1200 X74.257 Y56.927 E488.65236
G1 X74.857 Y57.363 E488.68448
G1 X75.355 Y57.915 E488.71667
G1 X75.726 Y58.558 E488.74882
G1 X75.954 Y59.26 E488.78078
G1 X76.032 Y60 E488.81301
G1 X75.954 Y60.74 E488.84523
G1 X75.726 Y61.442 E488.8772
G1 X75.355 Y62.085 E488.90934
G1 X74.857 Y62.637 E488.94154
G1 X74.257 Y63.073 E488.97366
G1 X73.585 Y63.372 E489.00551
G1 X72.851 Y63.528 E489.03801
G1 X72.119 Y63.528 E489.06971
G1 X71.385 Y63.372 E489.1022
G1 X70.71 Y63.072 E489.13419
G1 X70.114 Y62.639 E489.16609
G1 X69.615 Y62.085 E489.19838
G1 X69.245 Y61.443 E489.23047
G1 X69.015 Y60.738 E489.26259
G1 X68.938 Y60 E489.29472
G1 X69.015 Y59.262 E489.32685
G1 X69.245 Y58.557 E489.35897
G1 X69.615 Y57.915 E489.39106
G1 X70.114 Y57.361 E489.42334
G1 X70.71 Y56.928 E489.45525
G1 X71.385 Y56.628 E489.48723
G1 X72.119 Y56.472 E489.51973
G1 X72.851 Y56.472 E489.55143
G1 X73.084 Y56.522 E489.56175
G0 F960 X73.585 Y56.628
M204 S2000
M205 X30 Y30
G0 F3600 X73.813 Y56.729
G0 X73.406 Y57.643
G1 F2700 E484.56175 ; Modi
;MESH:NONMESH
G0 F600 X73.406 Y57.643 Z14.3
G0 F3600 X70.036 Y58.224
G0 X68.793 Y57.51
G0 X52.95 Y58.224
G0 X51.515 Y58.224
G0 X46.135 Y57.922
;TIME_ELAPSED:597.270855
;LAYER:56
M204 S500
M205 X10 Y10
;TYPE:FILL
;MESH:RetractTower
G1 F2700 E489.56175
G1 F2400 X50.561 Y62.349 E489.83285
G1 X50.773 Y62.561
M204 S2000
M205 X30 Y30
G0 F3600 X50.835 Y60.265
M204 S500
M205 X10 Y10
G1 F2400 X48.219 Y57.649 E489.99306
G1 X48.007 Y57.437
M204 S2000
M205 X30 Y30
G0 F3600 X50.577 Y57.649
M204 S500
M205 X10 Y10
G1 F2400 X50.835 Y57.907 E490.00886
M204 S2000
M205 X30 Y30
G0 F3600 X48.204 Y62.349
M204 S500
M205 X10 Y10
G1 F2400 X46.135 Y60.28 E490.13557
G1 X45.923 Y60.068
M204 S2000
M205 X30 Y30
G0 F3600 X51.035 Y62.55
M204 S500
M205 X10 Y10
;TYPE:WALL-INNER
G1 F2400 X45.935 Y62.55 E490.35643
G1 X45.935 Y57.45 E490.57729
G1 X51.035 Y57.45 E490.79815
G1 X51.035 Y62.038 E490.99684
G0 F1920 X51.035 Y62.55
M204 S2000
M205 X30 Y30
G0 F3600 X51.535 Y63.05
M204 S500
M205 X10 Y10
G1 F2400 X45.435 Y63.05 E491.261
G1 X45.435 Y56.95 E491.52517
G1 X51.535 Y56.95 E491.78933
G1 X51.535 Y62.538 E492.03132
G0 F1920 X51.535 Y63.05
M204 S2000
M205 X30 Y30
G0 F3600 X52.035 Y63.55
M204 S500
M205 X10 Y10
;TYPE:WALL-OUTER
G1 F1200 X44.935 Y63.55 E492.3388
G1 X44.935 Y56.45 E492.64627
G1 X52.035 Y56.45 E492.95374
G1 X52.035 Y63.038 E493.23903
G0 F960 X52.035 Y63.55
M204 S2000
M205 X30 Y30
G0 F3600 X51.785 Y63.55
G0 X51.035 Y62.697
G1 F2700 E488.23903 ; Modi
G0 F3600 X51.515 Y60.899
G0 X52.95 Y60.899
G0 X68.035 Y60.149
G0 X69.46 Y60
G0 X70.329 Y60.899
M204 S500
M205 X10 Y10
;TYPE:FILL
G1 F2700 E493.23903
G1 F2400 X71.572 Y62.142 E493.31516
G1 X71.784 Y62.354
M204 S2000
M205 X30 Y30
G0 F3600 X73.747 Y61.96
M204 S500
M205 X10 Y10
G1 F2400 X70.524 Y58.737 E493.51255
G1 X70.312 Y58.525
M204 S2000
M205 X30 Y30
G0 F3600 X71.892 Y57.747
M204 S500
M205 X10 Y10
G1 F2400 X74.738 Y60.593 E493.68685
G1 X74.95 Y60.805
M204 S2000
M205 X30 Y30
G0 F3600 X73.273 Y57.584
M204 S500
M205 X10 Y10
;TYPE:WALL-INNER
G1 F2400 X73.757 Y57.799 E493.70978
G1 X74.183 Y58.109 E493.7326
G1 X74.541 Y58.505 E493.75572
G1 X74.805 Y58.963 E493.77861
G1 X74.972 Y59.475 E493.80193
G1 X75.027 Y60 E493.82479
G1 X74.972 Y60.525 E493.84765
G1 X74.805 Y61.037 E493.87097
G1 X74.541 Y61.495 E493.89387
G1 X74.183 Y61.891 E493.91699
G1 X73.757 Y62.201 E493.9398
G1 X73.273 Y62.416 E493.96274
G1 X72.747 Y62.528 E493.98603
G1 X72.223 Y62.528 E494.00872
G1 X71.697 Y62.416 E494.03201
G1 X71.216 Y62.202 E494.05481
G1 X70.785 Y61.889 E494.07787
G1 X70.427 Y61.492 E494.10102
G1 X70.164 Y61.035 E494.12386
G1 X69.998 Y60.526 E494.14704
G1 X69.943 Y60 E494.16995
G1 X69.998 Y59.474 E494.19285
G1 X70.164 Y58.965 E494.21603
G1 X70.427 Y58.508 E494.23887
G1 X70.785 Y58.111 E494.26202
G1 X71.216 Y57.798 E494.28509
G1 X71.697 Y57.584 E494.30788
G1 X72.223 Y57.472 E494.33117
G1 X72.747 Y57.472 E494.35387
G1 X72.772 Y57.478 E494.35498
G0 F1920 X73.273 Y57.584
M204 S2000
M205 X30 Y30
G0 F3600 X73.429 Y57.106
M204 S500
M205 X10 Y10
G1 F2400 X74.007 Y57.363 E494.38237
G1 X74.52 Y57.736 E494.40984
G1 X74.948 Y58.21 E494.4375
G1 X75.266 Y58.761 E494.46505
G1 X75.463 Y59.367 E494.49264
G1 X75.53 Y60 E494.52021
G1 X75.463 Y60.633 E494.54777
G1 X75.266 Y61.239 E494.57537
G1 X74.948 Y61.79 E494.60292
G1 X74.52 Y62.264 E494.63058
G1 X74.007 Y62.637 E494.65804
G1 X73.429 Y62.894 E494.68544
G1 X72.799 Y63.028 E494.71333
G1 X72.171 Y63.028 E494.74053
G1 X71.541 Y62.894 E494.76842
G1 X70.963 Y62.637 E494.79581
G1 X70.451 Y62.265 E494.82322
G1 X70.02 Y61.787 E494.85109
G1 X69.703 Y61.237 E494.87858
G1 X69.507 Y60.634 E494.90604
G1 X69.44 Y60 E494.93365
G1 X69.507 Y59.366 E494.96126
G1 X69.703 Y58.763 E494.98872
G1 X70.02 Y58.213 E495.01621
G1 X70.451 Y57.735 E495.04408
G1 X70.963 Y57.363 E495.07149
G1 X71.541 Y57.106 E495.09888
G1 X72.171 Y56.972 E495.12677
G1 X72.799 Y56.972 E495.15397
G1 X72.929 Y57 E495.15973
G0 F1920 X73.429 Y57.106
M204 S2000
M205 X30 Y30
G0 F3600 X73.585 Y56.628
M204 S500
M205 X10 Y10
;TYPE:WALL-OUTER
G1 F1200 X74.257 Y56.927 E495.19158
G1 X74.857 Y57.363 E495.2237
G1 X75.355 Y57.915 E495.25589
G1 X75.726 Y58.558 E495.28804
G1 X75.954 Y59.26 E495.32001
G1 X76.032 Y60 E495.35223
G1 X75.954 Y60.74 E495.38445
G1 X75.726 Y61.442 E495.41642
G1 X75.355 Y62.085 E495.44857
G1 X74.857 Y62.637 E495.48076
G1 X74.257 Y63.073 E495.51288
G1 X73.585 Y63.372 E495.54473
G1 X72.851 Y63.528 E495.57723
G1 X72.119 Y63.528 E495.60893
G1 X71.385 Y63.372 E495.64143
G1 X70.71 Y63.072 E495.67341
G1 X70.114 Y62.639 E495.70532
G1 X69.615 Y62.085 E495.73761
G1 X69.245 Y61.443 E495.76969
G1 X69.015 Y60.738 E495.80181
G1 X68.938 Y60 E495.83394
G1 X69.015 Y59.262 E495.86607
G1 X69.245 Y58.557 E495.89819
G1 X69.615 Y57.915 E495.93028
G1 X70.114 Y57.361 E495.96257
G1 X70.71 Y56.928 E495.99447
G1 X71.385 Y56.628 E496.02646
G1 X72.119 Y56.472 E496.05895
G1 X72.851 Y56.472 E496.09065
G1 X73.084 Y56.522 E496.10097
G0 F960 X73.585 Y56.628
M204 S2000
M205 X30 Y30
G0 F3600 X73.813 Y56.729
G0 X73.406 Y57.643
G1 F2700 E491.10097 ; Modi
;MESH:NONMESH
G0 F600 X73.406 Y57.643 Z14.55
G0 F3600 X70.036 Y58.224
G0 X68.793 Y57.51
G0 X52.95 Y58.224
G0 X51.515 Y58.224
G0 X48.204 Y57.649
;TIME_ELAPSED:605.405969
;LAYER:57
M204 S500
M205 X10 Y10
;TYPE:FILL
;MESH:RetractTower
G1 F2700 E496.10097
G1 F2400 X46.135 Y59.718 E496.22769
G1 X45.923 Y59.93
M204 S2000
M205 X30 Y30
G0 F3600 X46.135 Y62.076
M204 S500
M205 X10 Y10
G1 F2400 X50.562 Y57.649 E496.49881
G1 X50.774 Y57.437
M204 S2000
M205 X30 Y30
G0 F3600 X50.834 Y59.734
M204 S500
M205 X10 Y10
G1 F2400 X48.219 Y62.349 E496.65896
G1 X48.007 Y62.561
M204 S2000
M205 X30 Y30
G0 F3600 X50.577 Y62.349
M204 S500
M205 X10 Y10
G1 F2400 X50.834 Y62.091 E496.67473
M204 S2000
M205 X30 Y30
G0 F3600 X51.035 Y62.55
M204 S500
M205 X10 Y10
;TYPE:WALL-INNER
G1 F2400 X45.935 Y62.55 E496.89559
G1 X45.935 Y57.45 E497.11645
G1 X51.035 Y57.45 E497.33731
G1 X51.035 Y62.038 E497.536
G0 F1920 X51.035 Y62.55
M204 S2000
M205 X30 Y30
G0 F3600 X51.535 Y63.05
M204 S500
M205 X10 Y10
G1 F2400 X45.435 Y63.05 E497.80016
G1 X45.435 Y56.95 E498.06433
G1 X51.535 Y56.95 E498.32849
G1 X51.535 Y62.538 E498.57049
G0 F1920 X51.535 Y63.05
M204 S2000
M205 X30 Y30
G0 F3600 X52.035 Y63.55
M204 S500
M205 X10 Y10
;TYPE:WALL-OUTER
G1 F1200 X44.935 Y63.55 E498.87796
G1 X44.935 Y56.45 E499.18543
G1 X52.035 Y56.45 E499.4929
G1 X52.035 Y63.038 E499.7782
G0 F960 X52.035 Y63.55
M204 S2000
M205 X30 Y30
G0 F3600 X51.785 Y63.55
G0 X51.035 Y62.697
G1 F2700 E494.77820 ; Modi
G0 F3600 X51.515 Y61.261
G0 X52.95 Y61.261
G0 X68.1 Y60.779
G0 X69.526 Y60.63
G0 X70.524 Y61.261
M204 S500
M205 X10 Y10
;TYPE:FILL
G1 F2700 E499.7782
G1 F2400 X73.747 Y58.038 E499.97558
G1 X73.959 Y57.826
M204 S2000
M205 X30 Y30
G0 F3600 X74.737 Y59.406
M204 S500
M205 X10 Y10
G1 F2400 X71.89 Y62.252 E500.14991
G1 X71.678 Y62.464
M204 S2000
M205 X30 Y30
G0 F3600 X70.331 Y59.097
M204 S500
M205 X10 Y10
G1 F2400 X71.571 Y57.856 E500.22589
G1 X71.783 Y57.644
M204 S2000
M205 X30 Y30
G0 F3600 X73.273 Y57.584
M204 S500
M205 X10 Y10
;TYPE:WALL-INNER
G1 F2400 X73.757 Y57.799 E500.24882
G1 X74.183 Y58.109 E500.27164
G1 X74.541 Y58.505 E500.29476
G1 X74.805 Y58.963 E500.31765
G1 X74.972 Y59.475 E500.34097
G1 X75.027 Y60 E500.36383
G1 X74.972 Y60.525 E500.38669
G1 X74.805 Y61.037 E500.41001
G1 X74.541 Y61.495 E500.43291
G1 X74.183 Y61.891 E500.45602
G1 X73.757 Y62.201 E500.47884
G1 X73.273 Y62.416 E500.50178
G1 X72.747 Y62.528 E500.52506
G1 X72.223 Y62.528 E500.54776
G1 X71.697 Y62.416 E500.57105
G1 X71.216 Y62.202 E500.59384
G1 X70.785 Y61.889 E500.61691
G1 X70.427 Y61.492 E500.64006
G1 X70.164 Y61.035 E500.6629
G1 X69.998 Y60.526 E500.68608
G1 X69.943 Y60 E500.70898
G1 X69.998 Y59.474 E500.73189
G1 X70.164 Y58.965 E500.75507
G1 X70.427 Y58.508 E500.77791
G1 X70.785 Y58.111 E500.80106
G1 X71.216 Y57.798 E500.82412
G1 X71.697 Y57.584 E500.84692
G1 X72.223 Y57.472 E500.87021
G1 X72.747 Y57.472 E500.8929
G1 X72.772 Y57.478 E500.89402
G0 F1920 X73.273 Y57.584
M204 S2000
M205 X30 Y30
G0 F3600 X73.429 Y57.106
M204 S500
M205 X10 Y10
G1 F2400 X74.007 Y57.363 E500.92141
G1 X74.52 Y57.736 E500.94888
G1 X74.948 Y58.21 E500.97654
G1 X75.266 Y58.761 E501.00409
G1 X75.463 Y59.367 E501.03168
G1 X75.53 Y60 E501.05925
G1 X75.463 Y60.633 E501.08681
G1 X75.266 Y61.239 E501.11441
G1 X74.948 Y61.79 E501.14196
G1 X74.52 Y62.264 E501.16961
G1 X74.007 Y62.637 E501.19708
G1 X73.429 Y62.894 E501.22448
G1 X72.799 Y63.028 E501.25237
G1 X72.171 Y63.028 E501.27956
G1 X71.541 Y62.894 E501.30746
G1 X70.963 Y62.637 E501.33485
G1 X70.451 Y62.265 E501.36226
G1 X70.02 Y61.787 E501.39013
G1 X69.703 Y61.237 E501.41762
G1 X69.507 Y60.634 E501.44508
G1 X69.44 Y60 E501.47269
G1 X69.507 Y59.366 E501.5003
G1 X69.703 Y58.763 E501.52776
G1 X70.02 Y58.213 E501.55525
G1 X70.451 Y57.735 E501.58312
G1 X70.963 Y57.363 E501.61053
G1 X71.541 Y57.106 E501.63792
G1 X72.171 Y56.972 E501.66581
G1 X72.799 Y56.972 E501.69301
G1 X72.929 Y57 E501.69877
G0 F1920 X73.429 Y57.106
M204 S2000
M205 X30 Y30
G0 F3600 X73.585 Y56.628
M204 S500
M205 X10 Y10
;TYPE:WALL-OUTER
G1 F1200 X74.257 Y56.927 E501.73062
G1 X74.857 Y57.363 E501.76274
G1 X75.355 Y57.915 E501.79493
G1 X75.726 Y58.558 E501.82708
G1 X75.954 Y59.26 E501.85905
G1 X76.032 Y60 E501.89127
G1 X75.954 Y60.74 E501.92349
G1 X75.726 Y61.442 E501.95546
G1 X75.355 Y62.085 E501.98761
G1 X74.857 Y62.637 E502.0198
G1 X74.257 Y63.073 E502.05192
G1 X73.585 Y63.372 E502.08377
G1 X72.851 Y63.528 E502.11627
G1 X72.119 Y63.528 E502.14797
G1 X71.385 Y63.372 E502.18046
G1 X70.71 Y63.072 E502.21245
G1 X70.114 Y62.639 E502.24436
G1 X69.615 Y62.085 E502.27664
G1 X69.245 Y61.443 E502.30873
G1 X69.015 Y60.738 E502.34085
G1 X68.938 Y60 E502.37298
G1 X69.015 Y59.262 E502.40511
G1 X69.245 Y58.557 E502.43723
G1 X69.615 Y57.915 E502.46932
G1 X70.114 Y57.361 E502.50161
G1 X70.71 Y56.928 E502.53351
G1 X71.385 Y56.628 E502.5655
G1 X72.119 Y56.472 E502.59799
G1 X72.851 Y56.472 E502.62969
G1 X73.084 Y56.522 E502.64001
G0 F960 X73.585 Y56.628
M204 S2000
M205 X30 Y30
G0 F3600 X73.813 Y56.729
G0 X73.406 Y57.643
G1 F2700 E497.64001 ; Modi
;MESH:NONMESH
G0 F600 X73.406 Y57.643 Z14.8
G0 F3600 X70.036 Y58.224
G0 X68.793 Y57.51
G0 X52.95 Y58.224
G0 X51.515 Y58.224
G0 X46.135 Y57.922
;TIME_ELAPSED:613.368063
;LAYER:58
M204 S500
M205 X10 Y10
;TYPE:FILL
;MESH:RetractTower
G1 F2700 E502.64001
G1 F2400 X50.561 Y62.349 E502.91111
G1 X50.773 Y62.561
M204 S2000
M205 X30 Y30
G0 F3600 X50.835 Y60.265
M204 S500
M205 X10 Y10
G1 F2400 X48.219 Y57.649 E503.07132
G1 X48.007 Y57.437
M204 S2000
M205 X30 Y30
G0 F3600 X50.577 Y57.649
M204 S500
M205 X10 Y10
G1 F2400 X50.835 Y57.907 E503.08712
M204 S2000
M205 X30 Y30
G0 F3600 X48.204 Y62.349
M204 S500
M205 X10 Y10
G1 F2400 X46.135 Y60.28 E503.21383
G1 X45.923 Y60.068
M204 S2000
M205 X30 Y30
G0 F3600 X51.035 Y62.55
M204 S500
M205 X10 Y10
;TYPE:WALL-INNER
G1 F2400 X45.935 Y62.55 E503.43469
G1 X45.935 Y57.45 E503.65555
G1 X51.035 Y57.45 E503.87641
G1 X51.035 Y62.038 E504.0751
G0 F1920 X51.035 Y62.55
M204 S2000
M205 X30 Y30
G0 F3600 X51.535 Y63.05
M204 S500
M205 X10 Y10
G1 F2400 X45.435 Y63.05 E504.33926
G1 X45.435 Y56.95 E504.60343
G1 X51.535 Y56.95 E504.86759
G1 X51.535 Y62.538 E505.10959
G0 F1920 X51.535 Y63.05
M204 S2000
M205 X30 Y30
G0 F3600 X52.035 Y63.55
M204 S500
M205 X10 Y10
;TYPE:WALL-OUTER
G1 F1200 X44.935 Y63.55 E505.41706
G1 X44.935 Y56.45 E505.72453
G1 X52.035 Y56.45 E506.032
G1 X52.035 Y63.038 E506.3173
G0 F960 X52.035 Y63.55
M204 S2000
M205 X30 Y30
G0 F3600 X51.785 Y63.55
G0 X51.035 Y62.697
G1 F2700 E501.31730 ; Modi
G0 F3600 X51.515 Y60.899
G0 X52.95 Y60.899
G0 X68.035 Y60.149
G0 X69.46 Y60
G0 X70.329 Y60.899
M204 S500
M205 X10 Y10
;TYPE:FILL
G1 F2700 E506.3173
G1 F2400 X71.572 Y62.142 E506.39342
G1 X71.784 Y62.354
M204 S2000
M205 X30 Y30
G0 F3600 X73.747 Y61.96
M204 S500
M205 X10 Y10
G1 F2400 X70.524 Y58.737 E506.59081
G1 X70.312 Y58.525
M204 S2000
M205 X30 Y30
G0 F3600 X71.892 Y57.747
M204 S500
M205 X10 Y10
G1 F2400 X74.738 Y60.593 E506.76511
G1 X74.95 Y60.805
M204 S2000
M205 X30 Y30
G0 F3600 X73.273 Y57.584
M204 S500
M205 X10 Y10
;TYPE:WALL-INNER
G1 F2400 X73.757 Y57.799 E506.78804
G1 X74.183 Y58.109 E506.81086
G1 X74.541 Y58.505 E506.83398
G1 X74.805 Y58.963 E506.85687
G1 X74.972 Y59.475 E506.88019
G1 X75.027 Y60 E506.90305
G1 X74.972 Y60.525 E506.92591
G1 X74.805 Y61.037 E506.94924
G1 X74.541 Y61.495 E506.97213
G1 X74.183 Y61.891 E506.99525
G1 X73.757 Y62.201 E507.01806
G1 X73.273 Y62.416 E507.041
G1 X72.747 Y62.528 E507.06429
G1 X72.223 Y62.528 E507.08698
G1 X71.697 Y62.416 E507.11027
G1 X71.216 Y62.202 E507.13307
G1 X70.785 Y61.889 E507.15614
G1 X70.427 Y61.492 E507.17929
G1 X70.164 Y61.035 E507.20212
G1 X69.998 Y60.526 E507.2253
G1 X69.943 Y60 E507.24821
G1 X69.998 Y59.474 E507.27111
G1 X70.164 Y58.965 E507.2943
G1 X70.427 Y58.508 E507.31713
G1 X70.785 Y58.111 E507.34028
G1 X71.216 Y57.798 E507.36335
G1 X71.697 Y57.584 E507.38615
G1 X72.223 Y57.472 E507.40944
G1 X72.747 Y57.472 E507.43213
G1 X72.772 Y57.478 E507.43324
G0 F1920 X73.273 Y57.584
M204 S2000
M205 X30 Y30
G0 F3600 X73.429 Y57.106
M204 S500
M205 X10 Y10
G1 F2400 X74.007 Y57.363 E507.46063
G1 X74.52 Y57.736 E507.4881
G1 X74.948 Y58.21 E507.51576
G1 X75.266 Y58.761 E507.54331
G1 X75.463 Y59.367 E507.5709
G1 X75.53 Y60 E507.59847
G1 X75.463 Y60.633 E507.62604
G1 X75.266 Y61.239 E507.65363
G1 X74.948 Y61.79 E507.68118
G1 X74.52 Y62.264 E507.70884
G1 X74.007 Y62.637 E507.73631
G1 X73.429 Y62.894 E507.7637
G1 X72.799 Y63.028 E507.79159
G1 X72.171 Y63.028 E507.81879
G1 X71.541 Y62.894 E507.84668
G1 X70.963 Y62.637 E507.87407
G1 X70.451 Y62.265 E507.90148
G1 X70.02 Y61.787 E507.92935
G1 X69.703 Y61.237 E507.95684
G1 X69.507 Y60.634 E507.9843
G1 X69.44 Y60 E508.01191
G1 X69.507 Y59.366 E508.03952
G1 X69.703 Y58.763 E508.06698
G1 X70.02 Y58.213 E508.09447
G1 X70.451 Y57.735 E508.12234
G1 X70.963 Y57.363 E508.14975
G1 X71.541 Y57.106 E508.17714
G1 X72.171 Y56.972 E508.20504
G1 X72.799 Y56.972 E508.23223
G1 X72.929 Y57 E508.23799
G0 F1920 X73.429 Y57.106
M204 S2000
M205 X30 Y30
G0 F3600 X73.585 Y56.628
M204 S500
M205 X10 Y10
;TYPE:WALL-OUTER
G1 F1200 X74.257 Y56.927 E508.26984
G1 X74.857 Y57.363 E508.30196
G1 X75.355 Y57.915 E508.33416
G1 X75.726 Y58.558 E508.36631
G1 X75.954 Y59.26 E508.39827
G1 X76.032 Y60 E508.43049
G1 X75.954 Y60.74 E508.46272
G1 X75.726 Y61.442 E508.49468
G1 X75.355 Y62.085 E508.52683
G1 X74.857 Y62.637 E508.55902
G1 X74.257 Y63.073 E508.59114
G1 X73.585 Y63.372 E508.623
G1 X72.851 Y63.528 E508.65549
G1 X72.119 Y63.528 E508.68719
G1 X71.385 Y63.372 E508.71969
G1 X70.71 Y63.072 E508.75168
G1 X70.114 Y62.639 E508.78358
G1 X69.615 Y62.085 E508.81587
G1 X69.245 Y61.443 E508.84796
G1 X69.015 Y60.738 E508.88007
G1 X68.938 Y60 E508.9122
G1 X69.015 Y59.262 E508.94434
G1 X69.245 Y58.557 E508.97645
G1 X69.615 Y57.915 E509.00854
G1 X70.114 Y57.361 E509.04083
G1 X70.71 Y56.928 E509.07273
G1 X71.385 Y56.628 E509.10472
G1 X72.119 Y56.472 E509.13722
G1 X72.851 Y56.472 E509.16892
G1 X73.084 Y56.522 E509.17924
G0 F960 X73.585 Y56.628
M204 S2000
M205 X30 Y30
G0 F3600 X73.813 Y56.729
G0 X73.406 Y57.643
G1 F2700 E504.17924 ; Modi
;MESH:NONMESH
G0 F600 X73.406 Y57.643 Z15.05
G0 F3600 X70.036 Y58.224
G0 X68.793 Y57.51
G0 X52.95 Y58.224
G0 X51.515 Y58.224
G0 X48.044 Y57.809
;TIME_ELAPSED:621.505431
;LAYER:59
M204 S500
M205 X10 Y10
;TYPE:FILL
;MESH:RetractTower
G1 F2700 E509.17924
G1 F2400 X46.294 Y59.558 E509.28638
G1 X46.082 Y59.77
M204 S2000
M205 X30 Y30
G0 F3600 X46.294 Y61.916
M204 S500
M205 X10 Y10
G1 F2400 X50.401 Y57.809 E509.53791
G1 X50.613 Y57.597
M204 S2000
M205 X30 Y30
G0 F3600 X50.674 Y59.894
M204 S500
M205 X10 Y10
G1 F2400 X48.379 Y62.189 E509.67846
G1 X48.167 Y62.401
M204 S2000
M205 X30 Y30
G0 F3600 X51.347 Y60.622
G0 X69.842 Y60.616
G0 X70.815 Y60.97
M204 S500
M205 X10 Y10
G1 F2400 X73.462 Y58.323 E509.84058
G1 X73.674 Y58.111
M204 S2000
M205 X30 Y30
G0 F3600 X74.398 Y59.745
M204 S500
M205 X10 Y10
G1 F2400 X72.225 Y61.918 E509.97366
G1 X72.013 Y62.13
M204 S2000
M205 X30 Y30
G0 F3600 X69.842 Y60.616
G0 X50.875 Y59.85
M204 S500
M205 X10 Y10
;TYPE:WALL-INNER
G1 F2400 X70.111 Y59.85 E510.80669
G1 X70.749 Y58.744 E510.86198
G1 X71.054 Y58.407 E510.88166
G1 X71.413 Y58.145 E510.90091
G1 X71.821 Y57.964 E510.92024
G1 X72.262 Y57.87 E510.93977
G1 X72.707 Y57.87 E510.95904
G1 X73.148 Y57.964 E510.97856
G1 X73.557 Y58.145 E510.99793
G1 X73.916 Y58.407 E511.01718
G1 X74.217 Y58.74 E511.03662
G1 X74.444 Y59.133 E511.05627
G1 X74.581 Y59.553 E511.0754
G1 X74.628 Y60 E511.09487
G1 X74.581 Y60.447 E511.11433
G1 X74.444 Y60.867 E511.13347
G1 X74.217 Y61.26 E511.15312
G1 X73.916 Y61.593 E511.17256
G1 X73.557 Y61.855 E511.19181
G1 X73.148 Y62.036 E511.21117
G1 X72.707 Y62.13 E511.2307
G1 X72.262 Y62.13 E511.24997
G1 X71.821 Y62.036 E511.2695
G1 X71.413 Y61.855 E511.28883
G1 X71.054 Y61.593 E511.30807
G1 X70.749 Y61.256 E511.32776
G1 X70.111 Y60.15 E511.38305
G1 X50.875 Y60.15 E512.21608
G1 X50.875 Y62.39 E512.31309
G1 X46.095 Y62.39 E512.52009
G1 X46.095 Y57.61 E512.72709
G1 X50.875 Y57.61 E512.93409
G1 X50.875 Y59.338 E513.00892
G0 F1920 X50.875 Y59.85
M204 S2000
M205 X30 Y30
G0 F3600 X51.375 Y59.35
M204 S500
M205 X10 Y10
G1 F2400 X69.822 Y59.35 E513.80778
G1 X70.342 Y58.449 E513.85283
G1 X70.717 Y58.034 E513.87706
G1 X71.163 Y57.709 E513.90095
G1 X71.665 Y57.486 E513.92474
G1 X72.21 Y57.37 E513.94887
G1 X72.759 Y57.37 E513.97265
G1 X73.304 Y57.486 E513.99678
G1 X73.807 Y57.709 E514.02061
G1 X74.253 Y58.034 E514.0445
G1 X74.624 Y58.445 E514.06848
G1 X74.902 Y58.927 E514.09258
G1 X75.072 Y59.449 E514.11635
G1 X75.13 Y60 E514.14035
G1 X75.072 Y60.551 E514.16434
G1 X74.902 Y61.073 E514.18811
G1 X74.624 Y61.555 E514.21221
G1 X74.253 Y61.966 E514.23619
G1 X73.807 Y62.291 E514.26009
G1 X73.304 Y62.514 E514.28391
G1 X72.759 Y62.63 E514.30804
G1 X72.21 Y62.63 E514.33182
G1 X71.665 Y62.514 E514.35595
G1 X71.163 Y62.291 E514.37974
G1 X70.717 Y61.966 E514.40363
G1 X70.342 Y61.551 E514.42786
G1 X69.822 Y60.65 E514.47291
G1 X51.375 Y60.65 E515.27177
G1 X51.375 Y62.89 E515.36877
G1 X45.595 Y62.89 E515.61908
G1 X45.595 Y57.11 E515.86939
G1 X51.375 Y57.11 E516.11969
G1 X51.375 Y58.838 E516.19453
G0 F1920 X51.375 Y59.35
M204 S2000
M205 X30 Y30
G0 F3600 X51.875 Y58.85
M204 S500
M205 X10 Y10
;TYPE:WALL-OUTER
G1 F1200 X69.533 Y58.85 E516.95922
G1 X69.935 Y58.154 E516.99403
G1 X70.38 Y57.661 E517.02279
G1 X70.913 Y57.273 E517.05134
G1 X71.509 Y57.008 E517.07958
G1 X72.158 Y56.87 E517.10832
G1 X72.811 Y56.87 E517.1366
G1 X73.46 Y57.008 E517.16533
G1 X74.057 Y57.273 E517.19362
G1 X74.59 Y57.661 E517.22217
G1 X75.031 Y58.15 E517.25068
G1 X75.36 Y58.721 E517.27922
G1 X75.563 Y59.345 E517.30764
G1 X75.632 Y60 E517.33616
G1 X75.563 Y60.655 E517.36468
G1 X75.36 Y61.279 E517.3931
G1 X75.031 Y61.85 E517.42164
G1 X74.59 Y62.339 E517.45015
G1 X74.057 Y62.727 E517.4787
G1 X73.46 Y62.992 E517.50699
G1 X72.811 Y63.13 E517.53572
G1 X72.158 Y63.13 E517.564
G1 X71.509 Y62.992 E517.59274
G1 X70.913 Y62.727 E517.62098
G1 X70.38 Y62.339 E517.64953
G1 X69.935 Y61.846 E517.67829
G1 X69.533 Y61.15 E517.7131
G1 X51.875 Y61.15 E518.47779
G1 X51.875 Y63.39 E518.5748
G1 X45.095 Y63.39 E518.86841
G1 X45.095 Y56.61 E519.16202
G1 X51.875 Y56.61 E519.45564
G1 X51.875 Y58.338 E519.53047
G0 F960 X51.875 Y58.85
M204 S2000
M205 X30 Y30
G0 F3600 X52.125 Y58.85
G0 X52.125 Y59.85
;MESH:NONMESH
G0 F600 X52.125 Y59.85 Z15.3
G0 F3600 X46.294 Y58.082
;TIME_ELAPSED:631.998790
;LAYER:60
M204 S500
M205 X10 Y10
;TYPE:FILL
;MESH:RetractTower
G1 F2400 X50.401 Y62.189 E519.782
G1 X50.613 Y62.401
M204 S2000
M205 X30 Y30
G0 F3600 X50.674 Y60.104
M204 S500
M205 X10 Y10
G1 F2400 X48.379 Y57.809 E519.92255
G1 X48.167 Y57.597
M204 S2000
M205 X30 Y30
G0 F3600 X46.294 Y60.439
M204 S500
M205 X10 Y10
G1 F2400 X48.044 Y62.189 E520.02973
G1 X48.256 Y62.401
M204 S2000
M205 X30 Y30
G0 F3600 X51.347 Y60.622
G0 X69.842 Y59.384
G0 X70.815 Y59.027
M204 S500
M205 X10 Y10
G1 F2400 X73.462 Y61.675 E520.19187
G1 X73.674 Y61.887
M204 S2000
M205 X30 Y30
G0 F3600 X74.398 Y60.253
M204 S500
M205 X10 Y10
G1 F2400 X72.227 Y58.082 E520.32483
G1 X72.015 Y57.87
M204 S2000
M205 X30 Y30
G0 F3600 X69.842 Y59.384
G0 X50.875 Y59.85
M204 S500
M205 X10 Y10
;TYPE:WALL-INNER
G1 F2400 X70.111 Y59.85 E521.15786
G1 X70.749 Y58.744 E521.21315
G1 X71.054 Y58.407 E521.23283
G1 X71.413 Y58.145 E521.25208
G1 X71.821 Y57.964 E521.27141
G1 X72.262 Y57.87 E521.29094
G1 X72.707 Y57.87 E521.31021
G1 X73.148 Y57.964 E521.32974
G1 X73.557 Y58.145 E521.3491
G1 X73.916 Y58.407 E521.36835
G1 X74.217 Y58.74 E521.38779
G1 X74.444 Y59.133 E521.40744
G1 X74.581 Y59.553 E521.42658
G1 X74.628 Y60 E521.44604
G1 X74.581 Y60.447 E521.4655
G1 X74.444 Y60.867 E521.48464
G1 X74.217 Y61.26 E521.50429
G1 X73.916 Y61.593 E521.52373
G1 X73.557 Y61.855 E521.54298
G1 X73.148 Y62.036 E521.56235
G1 X72.707 Y62.13 E521.58187
G1 X72.262 Y62.13 E521.60114
G1 X71.821 Y62.036 E521.62067
G1 X71.413 Y61.855 E521.64
G1 X71.054 Y61.593 E521.65925
G1 X70.749 Y61.256 E521.67893
G1 X70.111 Y60.15 E521.73422
G1 X50.875 Y60.15 E522.56725
G1 X50.875 Y62.39 E522.66426
G1 X46.095 Y62.39 E522.87126
G1 X46.095 Y57.61 E523.07826
G1 X50.875 Y57.61 E523.28526
G1 X50.875 Y59.338 E523.36009
G0 F1920 X50.875 Y59.85
M204 S2000
M205 X30 Y30
G0 F3600 X51.375 Y59.35
M204 S500
M205 X10 Y10
G1 F2400 X69.822 Y59.35 E524.15895
G1 X70.342 Y58.449 E524.20401
G1 X70.717 Y58.034 E524.22823
G1 X71.163 Y57.709 E524.25213
G1 X71.665 Y57.486 E524.27591
G1 X72.21 Y57.37 E524.30004
G1 X72.759 Y57.37 E524.32382
G1 X73.304 Y57.486 E524.34795
G1 X73.807 Y57.709 E524.37178
G1 X74.253 Y58.034 E524.39568
G1 X74.624 Y58.445 E524.41965
G1 X74.902 Y58.927 E524.44375
G1 X75.072 Y59.449 E524.46752
G1 X75.13 Y60 E524.49152
G1 X75.072 Y60.551 E524.51551
G1 X74.902 Y61.073 E524.53928
G1 X74.624 Y61.555 E524.56338
G1 X74.253 Y61.966 E524.58736
G1 X73.807 Y62.291 E524.61126
G1 X73.304 Y62.514 E524.63508
G1 X72.759 Y62.63 E524.65921
G1 X72.21 Y62.63 E524.68299
G1 X71.665 Y62.514 E524.70712
G1 X71.163 Y62.291 E524.73091
G1 X70.717 Y61.966 E524.75481
G1 X70.342 Y61.551 E524.77903
G1 X69.822 Y60.65 E524.82408
G1 X51.375 Y60.65 E525.62294
G1 X51.375 Y62.89 E525.71994
G1 X45.595 Y62.89 E525.97025
G1 X45.595 Y57.11 E526.22056
G1 X51.375 Y57.11 E526.47087
G1 X51.375 Y58.838 E526.5457
G0 F1920 X51.375 Y59.35
M204 S2000
M205 X30 Y30
G0 F3600 X51.875 Y58.85
M204 S500
M205 X10 Y10
;TYPE:WALL-OUTER
G1 F1200 X69.533 Y58.85 E527.31039
G1 X69.935 Y58.154 E527.3452
G1 X70.38 Y57.661 E527.37396
G1 X70.913 Y57.273 E527.40251
G1 X71.509 Y57.008 E527.43076
G1 X72.158 Y56.87 E527.45949
G1 X72.811 Y56.87 E527.48777
G1 X73.46 Y57.008 E527.5165
G1 X74.057 Y57.273 E527.54479
G1 X74.59 Y57.661 E527.57334
G1 X75.031 Y58.15 E527.60185
G1 X75.36 Y58.721 E527.63039
G1 X75.563 Y59.345 E527.65881
G1 X75.632 Y60 E527.68733
G1 X75.563 Y60.655 E527.71585
G1 X75.36 Y61.279 E527.74427
G1 X75.031 Y61.85 E527.77281
G1 X74.59 Y62.339 E527.80132
G1 X74.057 Y62.727 E527.82987
G1 X73.46 Y62.992 E527.85816
G1 X72.811 Y63.13 E527.88689
G1 X72.158 Y63.13 E527.91517
G1 X71.509 Y62.992 E527.94391
G1 X70.913 Y62.727 E527.97215
G1 X70.38 Y62.339 E528.0007
G1 X69.935 Y61.846 E528.02946
G1 X69.533 Y61.15 E528.06427
G1 X51.875 Y61.15 E528.82896
G1 X51.875 Y63.39 E528.92597
G1 X45.095 Y63.39 E529.21958
G1 X45.095 Y56.61 E529.51319
G1 X51.875 Y56.61 E529.80681
G1 X51.875 Y58.338 E529.88164
G0 F960 X51.875 Y58.85
M204 S2000
M205 X30 Y30
G0 F3600 X52.125 Y58.85
G0 X52.125 Y59.85
;MESH:NONMESH
G0 F600 X52.125 Y59.85 Z15.55
G0 F3600 X48.044 Y57.809
;TIME_ELAPSED:642.316345
;LAYER:61
M204 S500
M205 X10 Y10
;TYPE:FILL
;MESH:RetractTower
G1 F2400 X46.294 Y59.558 E529.98879
G1 X46.082 Y59.77
M204 S2000
M205 X30 Y30
G0 F3600 X46.294 Y61.916
M204 S500
M205 X10 Y10
G1 F2400 X50.401 Y57.809 E530.24031
G1 X50.613 Y57.597
M204 S2000
M205 X30 Y30
G0 F3600 X50.674 Y59.894
M204 S500
M205 X10 Y10
G1 F2400 X48.379 Y62.189 E530.38087
G1 X48.167 Y62.401
M204 S2000
M205 X30 Y30
G0 F3600 X51.347 Y60.622
G0 X69.842 Y60.616
G0 X70.815 Y60.97
M204 S500
M205 X10 Y10
G1 F2400 X73.462 Y58.323 E530.54298
G1 X73.674 Y58.111
M204 S2000
M205 X30 Y30
G0 F3600 X74.398 Y59.745
M204 S500
M205 X10 Y10
G1 F2400 X72.225 Y61.918 E530.67606
G1 X72.013 Y62.13
M204 S2000
M205 X30 Y30
G0 F3600 X69.842 Y60.616
G0 X50.875 Y59.85
M204 S500
M205 X10 Y10
;TYPE:WALL-INNER
G1 F2400 X70.111 Y59.85 E531.50909
G1 X70.749 Y58.744 E531.56438
G1 X71.054 Y58.407 E531.58407
G1 X71.413 Y58.145 E531.60331
G1 X71.821 Y57.964 E531.62264
G1 X72.262 Y57.87 E531.64217
G1 X72.707 Y57.87 E531.66144
G1 X73.148 Y57.964 E531.68097
G1 X73.557 Y58.145 E531.70034
G1 X73.916 Y58.407 E531.71958
G1 X74.217 Y58.74 E531.73902
G1 X74.444 Y59.133 E531.75868
G1 X74.581 Y59.553 E531.77781
G1 X74.628 Y60 E531.79727
G1 X74.581 Y60.447 E531.81674
G1 X74.444 Y60.867 E531.83587
G1 X74.217 Y61.26 E531.85552
G1 X73.916 Y61.593 E531.87496
G1 X73.557 Y61.855 E531.89421
G1 X73.148 Y62.036 E531.91358
G1 X72.707 Y62.13 E531.9331
G1 X72.262 Y62.13 E531.95238
G1 X71.821 Y62.036 E531.9719
G1 X71.413 Y61.855 E531.99123
G1 X71.054 Y61.593 E532.01048
G1 X70.749 Y61.256 E532.03016
G1 X70.111 Y60.15 E532.08546
G1 X50.875 Y60.15 E532.91849
G1 X50.875 Y62.39 E533.01549
G1 X46.095 Y62.39 E533.22249
G1 X46.095 Y57.61 E533.42949
G1 X50.875 Y57.61 E533.63649
G1 X50.875 Y59.338 E533.71133
G0 F1920 X50.875 Y59.85
M204 S2000
M205 X30 Y30
G0 F3600 X51.375 Y59.35
M204 S500
M205 X10 Y10
G1 F2400 X69.822 Y59.35 E534.51019
G1 X70.342 Y58.449 E534.55524
G1 X70.717 Y58.034 E534.57946
G1 X71.163 Y57.709 E534.60336
G1 X71.665 Y57.486 E534.62715
G1 X72.21 Y57.37 E534.65128
G1 X72.759 Y57.37 E534.67505
G1 X73.304 Y57.486 E534.69918
G1 X73.807 Y57.709 E534.72301
G1 X74.253 Y58.034 E534.74691
G1 X74.624 Y58.445 E534.77089
G1 X74.902 Y58.927 E534.79498
G1 X75.072 Y59.449 E534.81876
G1 X75.13 Y60 E534.84275
G1 X75.072 Y60.551 E534.86674
G1 X74.902 Y61.073 E534.89052
G1 X74.624 Y61.555 E534.91461
G1 X74.253 Y61.966 E534.93859
G1 X73.807 Y62.291 E534.96249
G1 X73.304 Y62.514 E534.98632
G1 X72.759 Y62.63 E535.01045
G1 X72.21 Y62.63 E535.03422
G1 X71.665 Y62.514 E535.05835
G1 X71.163 Y62.291 E535.08214
G1 X70.717 Y61.966 E535.10604
G1 X70.342 Y61.551 E535.13026
G1 X69.822 Y60.65 E535.17531
G1 X51.375 Y60.65 E535.97417
G1 X51.375 Y62.89 E536.07118
G1 X45.595 Y62.89 E536.32148
G1 X45.595 Y57.11 E536.57179
G1 X51.375 Y57.11 E536.8221
G1 X51.375 Y58.838 E536.89693
G0 F1920 X51.375 Y59.35
M204 S2000
M205 X30 Y30
G0 F3600 X51.875 Y58.85
M204 S500
M205 X10 Y10
;TYPE:WALL-OUTER
G1 F1200 X69.533 Y58.85 E537.66162
G1 X69.935 Y58.154 E537.69643
G1 X70.38 Y57.661 E537.72519
G1 X70.913 Y57.273 E537.75374
G1 X71.509 Y57.008 E537.78199
G1 X72.158 Y56.87 E537.81072
G1 X72.811 Y56.87 E537.839
G1 X73.46 Y57.008 E537.86773
G1 X74.057 Y57.273 E537.89602
G1 X74.59 Y57.661 E537.92457
G1 X75.031 Y58.15 E537.95309
G1 X75.36 Y58.721 E537.98162
G1 X75.563 Y59.345 E538.01004
G1 X75.632 Y60 E538.03856
G1 X75.563 Y60.655 E538.06709
G1 X75.36 Y61.279 E538.0955
G1 X75.031 Y61.85 E538.12404
G1 X74.59 Y62.339 E538.15256
G1 X74.057 Y62.727 E538.18111
G1 X73.46 Y62.992 E538.20939
G1 X72.811 Y63.13 E538.23813
G1 X72.158 Y63.13 E538.26641
G1 X71.509 Y62.992 E538.29514
G1 X70.913 Y62.727 E538.32339
G1 X70.38 Y62.339 E538.35194
G1 X69.935 Y61.846 E538.3807
G1 X69.533 Y61.15 E538.4155
G1 X51.875 Y61.15 E539.1802
G1 X51.875 Y63.39 E539.2772
G1 X45.095 Y63.39 E539.57081
G1 X45.095 Y56.61 E539.86443
G1 X51.875 Y56.61 E540.15804
G1 X51.875 Y58.338 E540.23287
G0 F960 X51.875 Y58.85
M204 S2000
M205 X30 Y30
G0 F3600 X52.125 Y58.85
G0 X52.125 Y59.85
;MESH:NONMESH
G0 F600 X52.125 Y59.85 Z15.8
G0 F3600 X46.294 Y58.082
;TIME_ELAPSED:652.643782
;LAYER:62
M204 S500
M205 X10 Y10
;TYPE:FILL
;MESH:RetractTower
G1 F2400 X50.401 Y62.189 E540.4844
G1 X50.613 Y62.401
M204 S2000
M205 X30 Y30
G0 F3600 X50.674 Y60.104
M204 S500
M205 X10 Y10
G1 F2400 X48.379 Y57.809 E540.62495
G1 X48.167 Y57.597
M204 S2000
M205 X30 Y30
G0 F3600 X46.294 Y60.439
M204 S500
M205 X10 Y10
G1 F2400 X48.044 Y62.189 E540.73213
G1 X48.256 Y62.401
M204 S2000
M205 X30 Y30
G0 F3600 X50.875 Y62.39
M204 S500
M205 X10 Y10
;TYPE:WALL-INNER
G1 F2400 X46.095 Y62.39 E540.93913
G1 X46.095 Y57.61 E541.14613
G1 X50.875 Y57.61 E541.35313
G1 X50.875 Y61.878 E541.53796
G0 F1920 X50.875 Y62.39
M204 S2000
M205 X30 Y30
G0 F3600 X51.375 Y62.89
M204 S500
M205 X10 Y10
G1 F2400 X45.595 Y62.89 E541.78827
G1 X45.595 Y57.11 E542.03858
G1 X51.375 Y57.11 E542.28888
G1 X51.375 Y62.378 E542.51702
G0 F1920 X51.375 Y62.89
M204 S2000
M205 X30 Y30
G0 F3600 X51.875 Y63.39
M204 S500
M205 X10 Y10
;TYPE:WALL-OUTER
G1 F1200 X45.095 Y63.39 E542.81063
G1 X45.095 Y56.61 E543.10424
G1 X51.875 Y56.61 E543.39786
G1 X51.875 Y62.878 E543.6693
G0 F960 X51.875 Y63.39
M204 S2000
M205 X30 Y30
G0 F3600 X51.625 Y63.39
G0 X50.875 Y62.537
G1 F2700 E537.66930 ; Modi
G0 F3600 X51.355 Y59.027
G0 X52.79 Y59.027
G0 X68.433 Y59.852
G0 X69.86 Y60
G0 X70.815 Y59.027
M204 S500
M205 X10 Y10
;TYPE:FILL
G1 F2700 E543.6693
G1 F2400 X73.462 Y61.675 E543.83144
G1 X73.674 Y61.887
M204 S2000
M205 X30 Y30
G0 F3600 X74.398 Y60.253
M204 S500
M205 X10 Y10
G1 F2400 X72.227 Y58.082 E543.9644
G1 X72.015 Y57.87
M204 S2000
M205 X30 Y30
G0 F3600 X73.148 Y57.964
M204 S500
M205 X10 Y10
;TYPE:WALL-INNER
G1 F720 X73.557 Y58.145 E543.98377
G1 X73.916 Y58.407 E544.00302
G1 X74.217 Y58.74 E544.02245
G1 X74.444 Y59.133 E544.04211
G1 X74.581 Y59.553 E544.06124
G1 X74.628 Y60 E544.08071
G1 X74.581 Y60.447 E544.10017
G1 X74.444 Y60.867 E544.1193
G1 X74.217 Y61.26 E544.13896
G1 X73.916 Y61.593 E544.15839
G1 X73.557 Y61.855 E544.17764
G1 X73.148 Y62.036 E544.19701
G1 X72.707 Y62.13 E544.21654
G1 X72.262 Y62.13 E544.23581
G1 X71.821 Y62.036 E544.25533
G1 X71.415 Y61.856 E544.27457
G1 X71.051 Y61.59 E544.29409
G1 X70.752 Y61.26 E544.31338
G1 X70.527 Y60.87 E544.33287
G1 X70.389 Y60.445 E544.35222
G1 X70.342 Y60 E544.3716
G1 X70.389 Y59.555 E544.39098
G1 X70.527 Y59.13 E544.41033
G1 X70.752 Y58.74 E544.42983
G1 X71.051 Y58.41 E544.44911
G1 X71.415 Y58.144 E544.46864
G1 X71.821 Y57.964 E544.48787
G1 X72.262 Y57.87 E544.5074
G1 X72.645 Y57.87 E544.52398
G0 F1920 X72.707 Y57.87
G0 X73.148 Y57.964
M204 S2000
M205 X30 Y30
G0 F3600 X73.304 Y57.486
M204 S500
M205 X10 Y10
G1 F2400 X73.807 Y57.709 E544.54781
G1 X74.253 Y58.034 E544.57171
G1 X74.624 Y58.445 E544.59569
G1 X74.902 Y58.927 E544.61978
G1 X75.072 Y59.449 E544.64356
G1 X75.13 Y60 E544.66755
G1 X75.072 Y60.551 E544.69154
G1 X74.902 Y61.073 E544.71532
G1 X74.624 Y61.555 E544.73942
G1 X74.253 Y61.966 E544.76339
G1 X73.807 Y62.291 E544.78729
G1 X73.304 Y62.514 E544.81112
G1 X72.759 Y62.63 E544.83525
G1 X72.21 Y62.63 E544.85902
G1 X71.665 Y62.514 E544.88315
G1 X71.163 Y62.291 E544.90694
G1 X70.716 Y61.965 E544.9309
G1 X70.345 Y61.555 E544.95485
G1 X70.067 Y61.073 E544.97894
G1 X69.898 Y60.552 E545.00266
G1 X69.84 Y60 E545.0267
G1 X69.898 Y59.448 E545.05074
G1 X70.067 Y58.927 E545.07445
G1 X70.345 Y58.445 E545.09855
G1 X70.716 Y58.035 E545.1225
G1 X71.163 Y57.709 E545.14646
G1 X71.665 Y57.486 E545.17024
G1 X72.21 Y57.37 E545.19437
G1 X72.759 Y57.37 E545.21815
G1 X72.804 Y57.38 E545.22014
G0 F1920 X73.304 Y57.486
M204 S2000
M205 X30 Y30
G0 F3600 X73.46 Y57.008
M204 S500
M205 X10 Y10
;TYPE:WALL-OUTER
G1 F1200 X74.057 Y57.273 E545.24843
G1 X74.59 Y57.661 E545.27698
G1 X75.031 Y58.15 E545.3055
G1 X75.36 Y58.721 E545.33404
G1 X75.563 Y59.345 E545.36245
G1 X75.632 Y60 E545.39097
G1 X75.563 Y60.655 E545.4195
G1 X75.36 Y61.279 E545.44791
G1 X75.031 Y61.85 E545.47645
G1 X74.59 Y62.339 E545.50497
G1 X74.057 Y62.727 E545.53352
G1 X73.46 Y62.992 E545.5618
G1 X72.811 Y63.13 E545.59054
G1 X72.158 Y63.13 E545.61882
G1 X71.509 Y62.992 E545.64755
G1 X70.913 Y62.727 E545.6758
G1 X70.379 Y62.338 E545.70441
G1 X69.938 Y61.85 E545.73289
G1 X69.609 Y61.279 E545.76143
G1 X69.406 Y60.656 E545.78981
G1 X69.338 Y60 E545.81837
G1 X69.406 Y59.344 E545.84693
G1 X69.609 Y58.721 E545.8753
G1 X69.938 Y58.15 E545.90384
G1 X70.379 Y57.662 E545.93233
G1 X70.913 Y57.273 E545.96094
G1 X71.509 Y57.008 E545.98918
G1 X72.158 Y56.87 E546.01792
G1 X72.811 Y56.87 E546.04619
G1 X72.959 Y56.902 E546.05275
G0 F960 X73.46 Y57.008
M204 S2000
M205 X30 Y30
G0 F3600 X73.688 Y57.109
G0 X73.283 Y58.023
G1 F2700 E540.05275 ; Modi
;MESH:NONMESH
G0 F600 X73.283 Y58.023 Z16.05
G0 F3600 X69.917 Y59.452
G0 X68.49 Y59.304
G0 X52.79 Y59.452
G0 X51.355 Y59.452
G0 X48.044 Y57.809
;TIME_ELAPSED:660.577862
;LAYER:63
M204 S500
M205 X10 Y10
;TYPE:FILL
;MESH:RetractTower
G1 F2700 E546.05275
G1 F2400 X46.294 Y59.558 E546.1599
G1 X46.082 Y59.77
M204 S2000
M205 X30 Y30
G0 F3600 X46.294 Y61.916
M204 S500
M205 X10 Y10
G1 F2400 X50.401 Y57.809 E546.41143
G1 X50.613 Y57.597
M204 S2000
M205 X30 Y30
G0 F3600 X50.674 Y59.894
M204 S500
M205 X10 Y10
G1 F2400 X48.379 Y62.189 E546.55198
G1 X48.167 Y62.401
M204 S2000
M205 X30 Y30
G0 F3600 X50.875 Y62.39
M204 S500
M205 X10 Y10
;TYPE:WALL-INNER
G1 F2400 X46.095 Y62.39 E546.75898
G1 X46.095 Y57.61 E546.96598
G1 X50.875 Y57.61 E547.17298
G1 X50.875 Y61.878 E547.35781
G0 F1920 X50.875 Y62.39
M204 S2000
M205 X30 Y30
G0 F3600 X51.375 Y62.89
M204 S500
M205 X10 Y10
G1 F2400 X45.595 Y62.89 E547.60812
G1 X45.595 Y57.11 E547.85843
G1 X51.375 Y57.11 E548.10873
G1 X51.375 Y62.378 E548.33687
G0 F1920 X51.375 Y62.89
M204 S2000
M205 X30 Y30
G0 F3600 X51.875 Y63.39
M204 S500
M205 X10 Y10
;TYPE:WALL-OUTER
G1 F1200 X45.095 Y63.39 E548.63048
G1 X45.095 Y56.61 E548.92409
G1 X51.875 Y56.61 E549.21771
G1 X51.875 Y62.878 E549.48915
G0 F960 X51.875 Y63.39
M204 S2000
M205 X30 Y30
G0 F3600 X51.625 Y63.39
G0 X50.875 Y62.537
G1 F2700 E543.48915 ; Modi
G0 F3600 X51.355 Y60.97
G0 X52.79 Y60.97
G0 X68.434 Y60.149
G0 X69.86 Y60
G0 X70.816 Y60.97
M204 S500
M205 X10 Y10
;TYPE:FILL
G1 F2700 E549.48915
G1 F2400 X73.462 Y58.323 E549.65123
G1 X73.674 Y58.111
M204 S2000
M205 X30 Y30
G0 F3600 X74.398 Y59.745
M204 S500
M205 X10 Y10
G1 F2400 X72.225 Y61.918 E549.78431
G1 X72.013 Y62.13
M204 S2000
M205 X30 Y30
G0 F3600 X73.148 Y57.964
M204 S500
M205 X10 Y10
;TYPE:WALL-INNER
G1 F720 X73.557 Y58.145 E549.80368
G1 X73.916 Y58.407 E549.82293
G1 X74.217 Y58.74 E549.84237
G1 X74.444 Y59.133 E549.86202
G1 X74.581 Y59.553 E549.88115
G1 X74.628 Y60 E549.90062
G1 X74.581 Y60.447 E549.92008
G1 X74.444 Y60.867 E549.93921
G1 X74.217 Y61.26 E549.95887
G1 X73.916 Y61.593 E549.9783
G1 X73.557 Y61.855 E549.99755
G1 X73.148 Y62.036 E550.01692
G1 X72.707 Y62.13 E550.03645
G1 X72.262 Y62.13 E550.05572
G1 X71.821 Y62.036 E550.07524
G1 X71.415 Y61.856 E550.09448
G1 X71.051 Y61.59 E550.114
G1 X70.752 Y61.26 E550.13329
G1 X70.527 Y60.87 E550.15278
G1 X70.389 Y60.445 E550.17214
G1 X70.342 Y60 E550.19151
G1 X70.389 Y59.555 E550.21089
G1 X70.527 Y59.13 E550.23024
G1 X70.752 Y58.74 E550.24974
G1 X71.051 Y58.41 E550.26903
G1 X71.415 Y58.144 E550.28855
G1 X71.821 Y57.964 E550.30778
G1 X72.262 Y57.87 E550.32731
G1 X72.645 Y57.87 E550.34389
G0 F1920 X72.707 Y57.87
G0 X73.148 Y57.964
M204 S2000
M205 X30 Y30
G0 F3600 X73.304 Y57.486
M204 S500
M205 X10 Y10
G1 F2400 X73.807 Y57.709 E550.36772
G1 X74.253 Y58.034 E550.39162
G1 X74.624 Y58.445 E550.4156
G1 X74.902 Y58.927 E550.43969
G1 X75.072 Y59.449 E550.46347
G1 X75.13 Y60 E550.48746
G1 X75.072 Y60.551 E550.51146
G1 X74.902 Y61.073 E550.53523
G1 X74.624 Y61.555 E550.55933
G1 X74.253 Y61.966 E550.5833
G1 X73.807 Y62.291 E550.6072
G1 X73.304 Y62.514 E550.63103
G1 X72.759 Y62.63 E550.65516
G1 X72.21 Y62.63 E550.67893
G1 X71.665 Y62.514 E550.70306
G1 X71.163 Y62.291 E550.72685
G1 X70.716 Y61.965 E550.75081
G1 X70.345 Y61.555 E550.77476
G1 X70.067 Y61.073 E550.79885
G1 X69.898 Y60.552 E550.82257
G1 X69.84 Y60 E550.84661
G1 X69.898 Y59.448 E550.87065
G1 X70.067 Y58.927 E550.89437
G1 X70.345 Y58.445 E550.91846
G1 X70.716 Y58.035 E550.94241
G1 X71.163 Y57.709 E550.96637
G1 X71.665 Y57.486 E550.99015
G1 X72.21 Y57.37 E551.01428
G1 X72.759 Y57.37 E551.03806
G1 X72.804 Y57.38 E551.04006
G0 F1920 X73.304 Y57.486
M204 S2000
M205 X30 Y30
G0 F3600 X73.46 Y57.008
M204 S500
M205 X10 Y10
;TYPE:WALL-OUTER
G1 F1200 X74.057 Y57.273 E551.06834
G1 X74.59 Y57.661 E551.09689
G1 X75.031 Y58.15 E551.12541
G1 X75.36 Y58.721 E551.15395
G1 X75.563 Y59.345 E551.18236
G1 X75.632 Y60 E551.21089
G1 X75.563 Y60.655 E551.23941
G1 X75.36 Y61.279 E551.26782
G1 X75.031 Y61.85 E551.29636
G1 X74.59 Y62.339 E551.32488
G1 X74.057 Y62.727 E551.35343
G1 X73.46 Y62.992 E551.38171
G1 X72.811 Y63.13 E551.41045
G1 X72.158 Y63.13 E551.43873
G1 X71.509 Y62.992 E551.46746
G1 X70.913 Y62.727 E551.49571
G1 X70.379 Y62.338 E551.52432
G1 X69.938 Y61.85 E551.5528
G1 X69.609 Y61.279 E551.58134
G1 X69.406 Y60.656 E551.60972
G1 X69.338 Y60 E551.63828
G1 X69.406 Y59.344 E551.66684
G1 X69.609 Y58.721 E551.69521
G1 X69.938 Y58.15 E551.72375
G1 X70.379 Y57.662 E551.75224
G1 X70.913 Y57.273 E551.78085
G1 X71.509 Y57.008 E551.80909
G1 X72.158 Y56.87 E551.83783
G1 X72.811 Y56.87 E551.86611
G1 X72.959 Y56.902 E551.87266
G0 F960 X73.46 Y57.008
M204 S2000
M205 X30 Y30
G0 F3600 X73.688 Y57.109
G0 X73.283 Y58.023
G1 F2700 E545.87266 ; Modi
;MESH:NONMESH
G0 F600 X73.283 Y58.023 Z16.3
G0 F3600 X69.917 Y59.452
G0 X68.49 Y59.304
G0 X52.79 Y59.452
G0 X51.355 Y59.452
G0 X46.135 Y57.922
;TIME_ELAPSED:668.718751
;LAYER:64
M204 S500
M205 X10 Y10
;TYPE:FILL
;MESH:RetractTower
G1 F2700 E551.87266
G1 F2400 X50.561 Y62.349 E552.14376
G1 X50.773 Y62.561
M204 S2000
M205 X30 Y30
G0 F3600 X50.835 Y60.265
M204 S500
M205 X10 Y10
G1 F2400 X48.219 Y57.649 E552.30397
G1 X48.007 Y57.437
M204 S2000
M205 X30 Y30
G0 F3600 X50.577 Y57.649
M204 S500
M205 X10 Y10
G1 F2400 X50.835 Y57.907 E552.31977
M204 S2000
M205 X30 Y30
G0 F3600 X48.204 Y62.349
M204 S500
M205 X10 Y10
G1 F2400 X46.135 Y60.28 E552.44648
G1 X45.923 Y60.068
M204 S2000
M205 X30 Y30
G0 F3600 X51.035 Y62.55
M204 S500
M205 X10 Y10
;TYPE:WALL-INNER
G1 F2400 X45.935 Y62.55 E552.66734
G1 X45.935 Y57.45 E552.8882
G1 X51.035 Y57.45 E553.10906
G1 X51.035 Y62.038 E553.30775
G0 F1920 X51.035 Y62.55
M204 S2000
M205 X30 Y30
G0 F3600 X51.535 Y63.05
M204 S500
M205 X10 Y10
G1 F2400 X45.435 Y63.05 E553.57191
G1 X45.435 Y56.95 E553.83608
G1 X51.535 Y56.95 E554.10024
G1 X51.535 Y62.538 E554.34224
G0 F1920 X51.535 Y63.05
M204 S2000
M205 X30 Y30
G0 F3600 X52.035 Y63.55
M204 S500
M205 X10 Y10
;TYPE:WALL-OUTER
G1 F1200 X44.935 Y63.55 E554.64971
G1 X44.935 Y56.45 E554.95718
G1 X52.035 Y56.45 E555.26465
G1 X52.035 Y63.038 E555.54995
G0 F960 X52.035 Y63.55
M204 S2000
M205 X30 Y30
G0 F3600 X51.785 Y63.55
G0 X51.035 Y62.697
G1 F2700 E549.54995 ; Modi
G0 F3600 X51.515 Y60.899
G0 X52.95 Y60.899
G0 X68.035 Y60.149
G0 X69.46 Y60
G0 X70.329 Y60.899
M204 S500
M205 X10 Y10
;TYPE:FILL
G1 F2700 E555.54995
G1 F2400 X71.567 Y62.137 E555.62577
G1 X71.779 Y62.349
M204 S2000
M205 X30 Y30
G0 F3600 X73.746 Y61.958
M204 S500
M205 X10 Y10
G1 F2400 X70.524 Y58.736 E555.82309
G1 X70.312 Y58.524
M204 S2000
M205 X30 Y30
G0 F3600 X71.892 Y57.747
M204 S500
M205 X10 Y10
G1 F2400 X74.738 Y60.593 E555.99739
G1 X74.95 Y60.805
M204 S2000
M205 X30 Y30
G0 F3600 X72.752 Y57.473
M204 S500
M205 X10 Y10
;TYPE:WALL-INNER
G1 F2400 X73.271 Y57.584 E556.02038
G1 X73.765 Y57.804 E556.04379
G1 X74.183 Y58.109 E556.0662
G1 X74.541 Y58.505 E556.08932
G1 X74.805 Y58.963 E556.11221
G1 X74.972 Y59.475 E556.13554
G1 X75.027 Y60.001 E556.15844
G1 X74.973 Y60.521 E556.18108
G1 X74.807 Y61.034 E556.20443
G1 X74.538 Y61.498 E556.22766
G1 X74.185 Y61.889 E556.25047
G1 X73.755 Y62.201 E556.27347
G1 X73.268 Y62.417 E556.29655
G1 X72.745 Y62.528 E556.3197
G1 X72.218 Y62.527 E556.34252
G1 X71.702 Y62.416 E556.36538
G1 X71.209 Y62.196 E556.38876
G1 X70.785 Y61.889 E556.41143
G1 X70.427 Y61.492 E556.43458
G1 X70.164 Y61.035 E556.45741
G1 X69.998 Y60.526 E556.4806
G1 X69.943 Y59.999 E556.50354
G1 X69.998 Y59.468 E556.52666
G1 X70.161 Y58.969 E556.54939
G1 X70.427 Y58.508 E556.57244
G1 X70.787 Y58.109 E556.59572
G1 X71.22 Y57.795 E556.61888
G1 X71.697 Y57.585 E556.64145
G1 X72.225 Y57.472 E556.66483
G1 X72.24 Y57.473 E556.66548
G0 F1920 X72.752 Y57.473
M204 S2000
M205 X30 Y30
G0 F3600 X72.806 Y56.973
M204 S500
M205 X10 Y10
G1 F2400 X73.426 Y57.106 E556.69294
G1 X74.015 Y57.368 E556.72086
G1 X74.52 Y57.736 E556.74792
G1 X74.948 Y58.21 E556.77558
G1 X75.266 Y58.761 E556.80313
G1 X75.463 Y59.367 E556.83072
G1 X75.53 Y60 E556.85829
G1 X75.464 Y60.628 E556.88563
G1 X75.266 Y61.24 E556.91349
G1 X74.946 Y61.792 E556.94112
G1 X74.521 Y62.263 E556.96859
G1 X74.005 Y62.637 E556.99619
G1 X73.424 Y62.895 E557.02372
G1 X72.797 Y63.028 E557.05148
G1 X72.164 Y63.027 E557.07889
G1 X71.544 Y62.894 E557.10635
G1 X70.957 Y62.632 E557.13419
G1 X70.451 Y62.265 E557.16126
G1 X70.02 Y61.787 E557.18913
G1 X69.703 Y61.237 E557.21662
G1 X69.507 Y60.634 E557.24408
G1 X69.44 Y60 E557.27169
G1 X69.507 Y59.363 E557.29943
G1 X69.703 Y58.763 E557.32676
G1 X70.02 Y58.213 E557.35425
G1 X70.453 Y57.733 E557.38225
G1 X70.966 Y57.361 E557.40969
G1 X71.544 Y57.106 E557.43705
G1 X72.173 Y56.972 E557.4649
G1 X72.294 Y56.973 E557.47014
G0 F1920 X72.806 Y56.973
M204 S2000
M205 X30 Y30
G0 F3600 X72.86 Y56.473
M204 S500
M205 X10 Y10
;TYPE:WALL-OUTER
G1 F1200 X73.583 Y56.628 E557.50216
G1 X74.263 Y56.931 E557.5344
G1 X74.857 Y57.363 E557.56621
G1 X75.355 Y57.915 E557.5984
G1 X75.726 Y58.558 E557.63055
G1 X75.954 Y59.26 E557.66251
G1 X76.032 Y60 E557.69474
G1 X75.955 Y60.735 E557.72674
G1 X75.726 Y61.443 E557.75897
G1 X75.353 Y62.088 E557.79123
G1 X74.855 Y62.639 E557.8234
G1 X74.258 Y63.072 E557.85533
G1 X73.579 Y63.373 E557.8875
G1 X72.849 Y63.528 E557.91982
G1 X72.11 Y63.527 E557.95182
G1 X71.387 Y63.372 E557.98384
G1 X70.705 Y63.068 E558.01618
G1 X70.114 Y62.639 E558.0478
G1 X69.615 Y62.085 E558.08009
G1 X69.245 Y61.443 E558.11218
G1 X69.015 Y60.738 E558.14429
G1 X68.938 Y60 E558.17643
G1 X69.016 Y59.258 E558.20874
G1 X69.245 Y58.557 E558.24067
G1 X69.615 Y57.915 E558.27276
G1 X70.114 Y57.361 E558.30505
G1 X70.715 Y56.926 E558.33718
G1 X71.391 Y56.627 E558.36919
G1 X72.121 Y56.472 E558.40151
G1 X72.348 Y56.473 E558.41134
G0 F960 X72.86 Y56.473
M204 S2000
M205 X30 Y30
G0 F3600 X73.104 Y56.525
G0 X72.895 Y57.502
G1 F2700 E552.41134 ; Modi
;MESH:NONMESH
G0 F600 X72.895 Y57.502 Z16.55
G0 F3600 X70.036 Y58.224
G0 X68.793 Y57.51
G0 X52.95 Y58.224
G0 X51.515 Y58.224
G0 X48.204 Y57.649
;TIME_ELAPSED:676.852940
;LAYER:65
M204 S500
M205 X10 Y10
;TYPE:FILL
;MESH:RetractTower
G1 F2700 E558.41134
G1 F2400 X46.135 Y59.718 E558.53805
G1 X45.923 Y59.93
M204 S2000
M205 X30 Y30
G0 F3600 X46.135 Y62.076
M204 S500
M205 X10 Y10
G1 F2400 X50.562 Y57.649 E558.80918
G1 X50.774 Y57.437
M204 S2000
M205 X30 Y30
G0 F3600 X50.834 Y59.734
M204 S500
M205 X10 Y10
G1 F2400 X48.219 Y62.349 E558.96933
G1 X48.007 Y62.561
M204 S2000
M205 X30 Y30
G0 F3600 X50.577 Y62.349
M204 S500
M205 X10 Y10
G1 F2400 X50.834 Y62.091 E558.9851
M204 S2000
M205 X30 Y30
G0 F3600 X51.035 Y62.55
M204 S500
M205 X10 Y10
;TYPE:WALL-INNER
G1 F2400 X45.935 Y62.55 E559.20596
G1 X45.935 Y57.45 E559.42682
G1 X51.035 Y57.45 E559.64768
G1 X51.035 Y62.038 E559.84636
G0 F1920 X51.035 Y62.55
M204 S2000
M205 X30 Y30
G0 F3600 X51.535 Y63.05
M204 S500
M205 X10 Y10
G1 F2400 X45.435 Y63.05 E560.11053
G1 X45.435 Y56.95 E560.37469
G1 X51.535 Y56.95 E560.63886
G1 X51.535 Y62.538 E560.88085
G0 F1920 X51.535 Y63.05
M204 S2000
M205 X30 Y30
G0 F3600 X52.035 Y63.55
M204 S500
M205 X10 Y10
;TYPE:WALL-OUTER
G1 F1200 X44.935 Y63.55 E561.18832
G1 X44.935 Y56.45 E561.49579
G1 X52.035 Y56.45 E561.80326
G1 X52.035 Y63.038 E562.08856
G0 F960 X52.035 Y63.55
M204 S2000
M205 X30 Y30
G0 F3600 X51.785 Y63.55
G0 X51.035 Y62.697
G1 F2700 E556.08856 ; Modi
G0 F3600 X51.515 Y61.261
G0 X52.95 Y61.261
G0 X68.1 Y60.779
G0 X69.526 Y60.63
G0 X70.524 Y61.261
M204 S500
M205 X10 Y10
;TYPE:FILL
G1 F2700 E562.08856
G1 F2400 X73.747 Y58.038 E562.28595
G1 X73.959 Y57.826
M204 S2000
M205 X30 Y30
G0 F3600 X74.737 Y59.406
M204 S500
M205 X10 Y10
G1 F2400 X71.89 Y62.252 E562.46028
G1 X71.678 Y62.464
M204 S2000
M205 X30 Y30
G0 F3600 X70.331 Y59.097
M204 S500
M205 X10 Y10
G1 F2400 X71.571 Y57.856 E562.53625
G1 X71.783 Y57.644
M204 S2000
M205 X30 Y30
G0 F3600 X73.273 Y57.584
M204 S500
M205 X10 Y10
;TYPE:WALL-INNER
G1 F2400 X73.757 Y57.799 E562.55919
G1 X74.183 Y58.109 E562.582
G1 X74.541 Y58.505 E562.60512
G1 X74.805 Y58.963 E562.62801
G1 X74.972 Y59.475 E562.65134
G1 X75.027 Y60 E562.6742
G1 X74.972 Y60.525 E562.69706
G1 X74.805 Y61.037 E562.72038
G1 X74.541 Y61.495 E562.74327
G1 X74.183 Y61.891 E562.76639
G1 X73.757 Y62.201 E562.7892
G1 X73.273 Y62.416 E562.81214
G1 X72.747 Y62.528 E562.83543
G1 X72.223 Y62.528 E562.85812
G1 X71.697 Y62.416 E562.88141
G1 X71.216 Y62.202 E562.90421
G1 X70.786 Y61.89 E562.92722
G1 X70.426 Y61.49 E562.95052
G1 X70.162 Y61.032 E562.97341
G1 X69.999 Y60.53 E562.99627
G1 X69.943 Y60 E563.01935
G1 X69.998 Y59.474 E563.04225
G1 X70.164 Y58.965 E563.06544
G1 X70.427 Y58.508 E563.08827
G1 X70.785 Y58.111 E563.11142
G1 X71.216 Y57.798 E563.13449
G1 X71.697 Y57.584 E563.15729
G1 X72.223 Y57.472 E563.18058
G1 X72.747 Y57.472 E563.20327
G1 X72.772 Y57.478 E563.20438
G0 F1920 X73.273 Y57.584
M204 S2000
M205 X30 Y30
G0 F3600 X73.429 Y57.106
M204 S500
M205 X10 Y10
G1 F2400 X74.007 Y57.363 E563.23178
G1 X74.52 Y57.736 E563.25924
G1 X74.948 Y58.21 E563.2869
G1 X75.266 Y58.761 E563.31445
G1 X75.463 Y59.367 E563.34205
G1 X75.53 Y60 E563.36961
G1 X75.463 Y60.633 E563.39718
G1 X75.266 Y61.239 E563.42477
G1 X74.948 Y61.79 E563.45232
G1 X74.52 Y62.264 E563.47998
G1 X74.007 Y62.637 E563.50745
G1 X73.429 Y62.894 E563.53484
G1 X72.799 Y63.028 E563.56273
G1 X72.171 Y63.028 E563.58993
G1 X71.541 Y62.894 E563.61782
G1 X70.963 Y62.637 E563.64522
G1 X70.451 Y62.265 E563.67262
G1 X70.019 Y61.785 E563.70059
G1 X69.704 Y61.238 E563.72792
G1 X69.507 Y60.634 E563.75544
G1 X69.44 Y60 E563.78305
G1 X69.507 Y59.366 E563.81066
G1 X69.703 Y58.763 E563.83811
G1 X70.02 Y58.213 E563.8656
G1 X70.451 Y57.735 E563.89348
G1 X70.963 Y57.363 E563.92088
G1 X71.541 Y57.106 E563.94828
G1 X72.171 Y56.972 E563.97617
G1 X72.799 Y56.972 E564.00337
G1 X72.929 Y57 E564.00912
G0 F1920 X73.429 Y57.106
M204 S2000
M205 X30 Y30
G0 F3600 X73.585 Y56.628
M204 S500
M205 X10 Y10
;TYPE:WALL-OUTER
G1 F1200 X74.257 Y56.927 E564.04098
G1 X74.857 Y57.363 E564.0731
G1 X75.355 Y57.915 E564.10529
G1 X75.726 Y58.558 E564.13744
G1 X75.954 Y59.26 E564.1694
G1 X76.032 Y60 E564.20163
G1 X75.954 Y60.74 E564.23385
G1 X75.726 Y61.442 E564.26582
G1 X75.355 Y62.085 E564.29796
G1 X74.857 Y62.637 E564.33016
G1 X74.257 Y63.073 E564.36228
G1 X73.585 Y63.372 E564.39413
G1 X72.851 Y63.528 E564.42663
G1 X72.119 Y63.528 E564.45833
G1 X71.385 Y63.372 E564.49082
G1 X70.71 Y63.072 E564.52281
G1 X70.114 Y62.639 E564.55471
G1 X69.615 Y62.085 E564.587
G1 X69.245 Y61.442 E564.61913
G1 X69.015 Y60.738 E564.6512
G1 X68.938 Y60 E564.68334
G1 X69.015 Y59.262 E564.71547
G1 X69.245 Y58.557 E564.74758
G1 X69.615 Y57.915 E564.77967
G1 X70.114 Y57.361 E564.81196
G1 X70.71 Y56.928 E564.84386
G1 X71.385 Y56.628 E564.87585
G1 X72.119 Y56.472 E564.90835
G1 X72.851 Y56.472 E564.94005
G1 X73.084 Y56.522 E564.95037
G0 F960 X73.585 Y56.628
M204 S2000
M205 X30 Y30
G0 F3600 X73.813 Y56.729
G0 X73.406 Y57.643
G1 F2700 E558.95037 ; Modi
;MESH:NONMESH
G0 F600 X73.406 Y57.643 Z16.8
G0 F3600 X70.036 Y58.224
G0 X68.793 Y57.51
G0 X52.95 Y58.224
G0 X51.515 Y58.224
G0 X46.135 Y57.922
;TIME_ELAPSED:684.815026
;LAYER:66
M204 S500
M205 X10 Y10
;TYPE:FILL
;MESH:RetractTower
G1 F2700 E564.95037
G1 F2400 X50.561 Y62.349 E565.22146
G1 X50.773 Y62.561
M204 S2000
M205 X30 Y30
G0 F3600 X50.835 Y60.265
M204 S500
M205 X10 Y10
G1 F2400 X48.219 Y57.649 E565.38168
G1 X48.007 Y57.437
M204 S2000
M205 X30 Y30
G0 F3600 X50.577 Y57.649
M204 S500
M205 X10 Y10
G1 F2400 X50.835 Y57.907 E565.39748
M204 S2000
M205 X30 Y30
G0 F3600 X48.204 Y62.349
M204 S500
M205 X10 Y10
G1 F2400 X46.135 Y60.28 E565.52419
G1 X45.923 Y60.068
M204 S2000
M205 X30 Y30
G0 F3600 X51.035 Y62.55
M204 S500
M205 X10 Y10
;TYPE:WALL-INNER
G1 F2400 X45.935 Y62.55 E565.74505
G1 X45.935 Y57.45 E565.96591
G1 X51.035 Y57.45 E566.18677
G1 X51.035 Y62.038 E566.38545
G0 F1920 X51.035 Y62.55
M204 S2000
M205 X30 Y30
G0 F3600 X51.535 Y63.05
M204 S500
M205 X10 Y10
G1 F2400 X45.435 Y63.05 E566.64962
G1 X45.435 Y56.95 E566.91378
G1 X51.535 Y56.95 E567.17795
G1 X51.535 Y62.538 E567.41994
G0 F1920 X51.535 Y63.05
M204 S2000
M205 X30 Y30
G0 F3600 X52.035 Y63.55
M204 S500
M205 X10 Y10
;TYPE:WALL-OUTER
G1 F1200 X44.935 Y63.55 E567.72741
G1 X44.935 Y56.45 E568.03488
G1 X52.035 Y56.45 E568.34235
G1 X52.035 Y63.038 E568.62765
G0 F960 X52.035 Y63.55
M204 S2000
M205 X30 Y30
G0 F3600 X51.785 Y63.55
G0 X51.035 Y62.697
G1 F2700 E562.62765 ; Modi
G0 F3600 X51.515 Y60.897
G0 X52.95 Y60.897
G0 X68.035 Y60.149
G0 X69.46 Y60
G0 X70.327 Y60.897
M204 S500
M205 X10 Y10
;TYPE:FILL
G1 F2700 E568.62765
G1 F2400 X71.572 Y62.142 E568.7039
G1 X71.784 Y62.354
M204 S2000
M205 X30 Y30
G0 F3600 X73.747 Y61.96
M204 S500
M205 X10 Y10
G1 F2400 X70.524 Y58.737 E568.90129
G1 X70.312 Y58.525
M204 S2000
M205 X30 Y30
G0 F3600 X71.892 Y57.747
M204 S500
M205 X10 Y10
G1 F2400 X74.738 Y60.593 E569.07559
G1 X74.95 Y60.805
M204 S2000
M205 X30 Y30
G0 F3600 X73.273 Y57.584
M204 S500
M205 X10 Y10
;TYPE:WALL-INNER
G1 F2400 X73.757 Y57.799 E569.09852
G1 X74.183 Y58.109 E569.12134
G1 X74.541 Y58.505 E569.14446
G1 X74.805 Y58.963 E569.16735
G1 X74.972 Y59.475 E569.19067
G1 X75.027 Y60 E569.21353
G1 X74.972 Y60.525 E569.23639
G1 X74.805 Y61.037 E569.25971
G1 X74.541 Y61.495 E569.28261
G1 X74.183 Y61.891 E569.30572
G1 X73.757 Y62.201 E569.32854
G1 X73.273 Y62.416 E569.35147
G1 X72.747 Y62.528 E569.37476
G1 X72.223 Y62.528 E569.39746
G1 X71.697 Y62.416 E569.42075
G1 X71.216 Y62.202 E569.44354
G1 X70.785 Y61.889 E569.46661
G1 X70.427 Y61.492 E569.48976
G1 X70.162 Y61.031 E569.51279
G1 X69.998 Y60.527 E569.53574
G1 X69.943 Y60.001 E569.55864
G1 X69.998 Y59.474 E569.58159
G1 X70.164 Y58.965 E569.60478
G1 X70.427 Y58.508 E569.62761
G1 X70.785 Y58.111 E569.65076
G1 X71.216 Y57.798 E569.67383
G1 X71.697 Y57.584 E569.69663
G1 X72.223 Y57.472 E569.71992
G1 X72.747 Y57.472 E569.74261
G1 X72.772 Y57.478 E569.74372
G0 F1920 X73.273 Y57.584
M204 S2000
M205 X30 Y30
G0 F3600 X73.429 Y57.106
M204 S500
M205 X10 Y10
G1 F2400 X74.007 Y57.363 E569.77112
G1 X74.52 Y57.736 E569.79858
G1 X74.948 Y58.21 E569.82624
G1 X75.266 Y58.761 E569.85379
G1 X75.463 Y59.367 E569.88138
G1 X75.53 Y60 E569.90895
G1 X75.463 Y60.633 E569.93652
G1 X75.266 Y61.239 E569.96411
G1 X74.948 Y61.79 E569.99166
G1 X74.52 Y62.264 E570.01932
G1 X74.007 Y62.637 E570.04679
G1 X73.429 Y62.894 E570.07418
G1 X72.799 Y63.028 E570.10207
G1 X72.171 Y63.028 E570.12927
G1 X71.541 Y62.894 E570.15716
G1 X70.963 Y62.637 E570.18455
G1 X70.451 Y62.265 E570.21196
G1 X70.02 Y61.787 E570.23983
G1 X69.701 Y61.233 E570.26752
G1 X69.507 Y60.636 E570.2947
G1 X69.44 Y60 E570.3224
G1 X69.507 Y59.366 E570.35001
G1 X69.703 Y58.763 E570.37746
G1 X70.02 Y58.213 E570.40496
G1 X70.451 Y57.735 E570.43283
G1 X70.963 Y57.363 E570.46023
G1 X71.541 Y57.106 E570.48763
G1 X72.171 Y56.972 E570.51552
G1 X72.799 Y56.972 E570.54272
G1 X72.929 Y57 E570.54848
G0 F1920 X73.429 Y57.106
M204 S2000
M205 X30 Y30
G0 F3600 X73.585 Y56.628
M204 S500
M205 X10 Y10
;TYPE:WALL-OUTER
G1 F1200 X74.257 Y56.927 E570.58033
G1 X74.857 Y57.363 E570.61245
G1 X75.355 Y57.915 E570.64464
G1 X75.726 Y58.558 E570.67679
G1 X75.954 Y59.26 E570.70875
G1 X76.032 Y60 E570.74098
G1 X75.954 Y60.74 E570.7732
G1 X75.726 Y61.442 E570.80517
G1 X75.355 Y62.085 E570.83731
G1 X74.857 Y62.637 E570.86951
G1 X74.257 Y63.073 E570.90163
G1 X73.585 Y63.372 E570.93348
G1 X72.851 Y63.528 E570.96598
G1 X72.119 Y63.528 E570.99768
G1 X71.385 Y63.372 E571.03017
G1 X70.71 Y63.072 E571.06216
G1 X70.114 Y62.639 E571.09406
G1 X69.615 Y62.085 E571.12635
G1 X69.243 Y61.439 E571.15864
G1 X69.015 Y60.74 E571.19048
G1 X68.938 Y60 E571.2227
G1 X69.015 Y59.262 E571.25483
G1 X69.245 Y58.557 E571.28694
G1 X69.615 Y57.915 E571.31903
G1 X70.114 Y57.361 E571.35132
G1 X70.71 Y56.928 E571.38322
G1 X71.385 Y56.628 E571.41521
G1 X72.119 Y56.472 E571.44771
G1 X72.851 Y56.472 E571.47941
G1 X73.084 Y56.522 E571.48973
G0 F960 X73.585 Y56.628
M204 S2000
M205 X30 Y30
G0 F3600 X73.813 Y56.729
G0 X73.406 Y57.643
G1 F2700 E565.48973 ; Modi
;MESH:NONMESH
G0 F600 X73.406 Y57.643 Z17.05
G0 F3600 X70.036 Y58.224
G0 X68.793 Y57.51
G0 X52.95 Y58.224
G0 X51.515 Y58.224
G0 X48.204 Y57.649
;TIME_ELAPSED:692.950206
;LAYER:67
M204 S500
M205 X10 Y10
;TYPE:FILL
;MESH:RetractTower
G1 F2700 E571.48973
G1 F2400 X46.135 Y59.718 E571.61644
G1 X45.923 Y59.93
M204 S2000
M205 X30 Y30
G0 F3600 X46.135 Y62.076
M204 S500
M205 X10 Y10
G1 F2400 X50.562 Y57.649 E571.88757
G1 X50.774 Y57.437
M204 S2000
M205 X30 Y30
G0 F3600 X50.834 Y59.734
M204 S500
M205 X10 Y10
G1 F2400 X48.219 Y62.349 E572.04772
G1 X48.007 Y62.561
M204 S2000
M205 X30 Y30
G0 F3600 X50.577 Y62.349
M204 S500
M205 X10 Y10
G1 F2400 X50.834 Y62.091 E572.06349
M204 S2000
M205 X30 Y30
G0 F3600 X51.035 Y62.55
M204 S500
M205 X10 Y10
;TYPE:WALL-INNER
G1 F2400 X45.935 Y62.55 E572.28435
G1 X45.935 Y57.45 E572.50521
G1 X51.035 Y57.45 E572.72607
G1 X51.035 Y62.038 E572.92475
G0 F1920 X51.035 Y62.55
M204 S2000
M205 X30 Y30
G0 F3600 X51.535 Y63.05
M204 S500
M205 X10 Y10
G1 F2400 X45.435 Y63.05 E573.18892
G1 X45.435 Y56.95 E573.45308
G1 X51.535 Y56.95 E573.71725
G1 X51.535 Y62.538 E573.95924
G0 F1920 X51.535 Y63.05
M204 S2000
M205 X30 Y30
G0 F3600 X52.035 Y63.55
M204 S500
M205 X10 Y10
;TYPE:WALL-OUTER
G1 F1200 X44.935 Y63.55 E574.26671
G1 X44.935 Y56.45 E574.57418
G1 X52.035 Y56.45 E574.88165
G1 X52.035 Y63.038 E575.16695
G0 F960 X52.035 Y63.55
M204 S2000
M205 X30 Y30
G0 F3600 X51.785 Y63.55
G0 X51.035 Y62.697
G1 F2700 E569.16695 ; Modi
G0 F3600 X51.515 Y61.261
G0 X52.95 Y61.261
G0 X68.1 Y60.779
G0 X69.526 Y60.63
G0 X70.524 Y61.261
M204 S500
M205 X10 Y10
;TYPE:FILL
G1 F2700 E575.16695
G1 F2400 X73.747 Y58.038 E575.36434
G1 X73.959 Y57.826
M204 S2000
M205 X30 Y30
G0 F3600 X74.737 Y59.406
M204 S500
M205 X10 Y10
G1 F2400 X71.89 Y62.252 E575.53867
G1 X71.678 Y62.464
M204 S2000
M205 X30 Y30
G0 F3600 X70.331 Y59.097
M204 S500
M205 X10 Y10
G1 F2400 X71.571 Y57.856 E575.61464
G1 X71.783 Y57.644
M204 S2000
M205 X30 Y30
G0 F3600 X73.273 Y57.584
M204 S500
M205 X10 Y10
;TYPE:WALL-INNER
G1 F2400 X73.757 Y57.799 E575.63758
G1 X74.183 Y58.109 E575.66039
G1 X74.541 Y58.505 E575.68351
G1 X74.805 Y58.963 E575.7064
G1 X74.972 Y59.475 E575.72972
G1 X75.027 Y60 E575.75258
G1 X74.972 Y60.525 E575.77544
G1 X74.805 Y61.037 E575.79877
G1 X74.541 Y61.495 E575.82166
G1 X74.183 Y61.891 E575.84478
G1 X73.757 Y62.201 E575.86759
G1 X73.273 Y62.416 E575.89053
G1 X72.747 Y62.528 E575.91382
G1 X72.223 Y62.528 E575.93651
G1 X71.697 Y62.416 E575.9598
G1 X71.216 Y62.202 E575.9826
G1 X70.786 Y61.89 E576.00561
G1 X70.426 Y61.49 E576.02891
G1 X70.164 Y61.035 E576.05165
G1 X69.998 Y60.526 E576.07483
G1 X69.943 Y60 E576.09774
G1 X69.998 Y59.474 E576.12064
G1 X70.164 Y58.965 E576.14382
G1 X70.427 Y58.508 E576.16666
G1 X70.785 Y58.111 E576.18981
G1 X71.216 Y57.798 E576.21288
G1 X71.697 Y57.584 E576.23567
G1 X72.223 Y57.472 E576.25896
G1 X72.747 Y57.472 E576.28166
G1 X72.772 Y57.478 E576.28277
G0 F1920 X73.273 Y57.584
M204 S2000
M205 X30 Y30
G0 F3600 X73.429 Y57.106
M204 S500
M205 X10 Y10
G1 F2400 X74.007 Y57.363 E576.31016
G1 X74.52 Y57.736 E576.33763
G1 X74.948 Y58.21 E576.36529
G1 X75.266 Y58.761 E576.39284
G1 X75.463 Y59.367 E576.42043
G1 X75.53 Y60 E576.448
G1 X75.463 Y60.633 E576.47556
G1 X75.266 Y61.239 E576.50316
G1 X74.948 Y61.79 E576.53071
G1 X74.52 Y62.264 E576.55837
G1 X74.007 Y62.637 E576.58583
G1 X73.429 Y62.894 E576.61323
G1 X72.799 Y63.028 E576.64112
G1 X72.171 Y63.028 E576.66832
G1 X71.541 Y62.894 E576.69621
G1 X70.963 Y62.637 E576.7236
G1 X70.451 Y62.265 E576.75101
G1 X70.019 Y61.785 E576.77898
G1 X69.703 Y61.237 E576.80637
G1 X69.507 Y60.634 E576.83383
G1 X69.44 Y60 E576.86144
G1 X69.507 Y59.366 E576.88905
G1 X69.703 Y58.763 E576.9165
G1 X70.02 Y58.213 E576.94399
G1 X70.451 Y57.735 E576.97187
G1 X70.963 Y57.363 E576.99927
G1 X71.541 Y57.106 E577.02667
G1 X72.171 Y56.972 E577.05456
G1 X72.799 Y56.972 E577.08176
G1 X72.929 Y57 E577.08752
G0 F1920 X73.429 Y57.106
M204 S2000
M205 X30 Y30
G0 F3600 X73.585 Y56.628
M204 S500
M205 X10 Y10
;TYPE:WALL-OUTER
G1 F1200 X74.257 Y56.927 E577.11937
G1 X74.857 Y57.363 E577.15149
G1 X75.355 Y57.915 E577.18368
G1 X75.726 Y58.558 E577.21583
G1 X75.954 Y59.26 E577.24779
G1 X76.032 Y60 E577.28002
G1 X75.954 Y60.74 E577.31224
G1 X75.726 Y61.442 E577.34421
G1 X75.355 Y62.085 E577.37635
G1 X74.857 Y62.637 E577.40855
G1 X74.257 Y63.073 E577.44067
G1 X73.585 Y63.372 E577.47252
G1 X72.851 Y63.528 E577.50502
G1 X72.119 Y63.528 E577.53672
G1 X71.385 Y63.372 E577.56921
G1 X70.71 Y63.072 E577.6012
G1 X70.114 Y62.639 E577.6331
G1 X69.615 Y62.085 E577.66539
G1 X69.244 Y61.44 E577.69762
G1 X69.015 Y60.738 E577.72959
G1 X68.938 Y60 E577.76173
G1 X69.015 Y59.262 E577.79386
G1 X69.245 Y58.557 E577.82597
G1 X69.615 Y57.915 E577.85806
G1 X70.114 Y57.361 E577.89035
G1 X70.71 Y56.928 E577.92225
G1 X71.385 Y56.628 E577.95424
G1 X72.119 Y56.472 E577.98674
G1 X72.851 Y56.472 E578.01844
G1 X73.084 Y56.522 E578.02876
G0 F960 X73.585 Y56.628
M204 S2000
M205 X30 Y30
G0 F3600 X73.813 Y56.729
G0 X73.406 Y57.643
G1 F2700 E572.02876 ; Modi
;MESH:NONMESH
G0 F600 X73.406 Y57.643 Z17.3
G0 F3600 X70.036 Y58.224
G0 X68.793 Y57.51
G0 X52.95 Y58.224
G0 X51.515 Y58.224
G0 X46.135 Y57.922
;TIME_ELAPSED:700.912294
;LAYER:68
M204 S500
M205 X10 Y10
;TYPE:FILL
;MESH:RetractTower
G1 F2700 E578.02876
G1 F2400 X50.561 Y62.349 E578.29985
G1 X50.773 Y62.561
M204 S2000
M205 X30 Y30
G0 F3600 X50.835 Y60.265
M204 S500
M205 X10 Y10
G1 F2400 X48.219 Y57.649 E578.46007
G1 X48.007 Y57.437
M204 S2000
M205 X30 Y30
G0 F3600 X50.577 Y57.649
M204 S500
M205 X10 Y10
G1 F2400 X50.835 Y57.907 E578.47587
M204 S2000
M205 X30 Y30
G0 F3600 X48.204 Y62.349
M204 S500
M205 X10 Y10
G1 F2400 X46.135 Y60.28 E578.60258
G1 X45.923 Y60.068
M204 S2000
M205 X30 Y30
G0 F3600 X51.035 Y62.55
M204 S500
M205 X10 Y10
;TYPE:WALL-INNER
G1 F2400 X45.935 Y62.55 E578.82344
G1 X45.935 Y57.45 E579.0443
G1 X51.035 Y57.45 E579.26516
G1 X51.035 Y62.038 E579.46384
G0 F1920 X51.035 Y62.55
M204 S2000
M205 X30 Y30
G0 F3600 X51.535 Y63.05
M204 S500
M205 X10 Y10
G1 F2400 X45.435 Y63.05 E579.72801
G1 X45.435 Y56.95 E579.99217
G1 X51.535 Y56.95 E580.25634
G1 X51.535 Y62.538 E580.49833
G0 F1920 X51.535 Y63.05
M204 S2000
M205 X30 Y30
G0 F3600 X52.035 Y63.55
M204 S500
M205 X10 Y10
;TYPE:WALL-OUTER
G1 F1200 X44.935 Y63.55 E580.8058
G1 X44.935 Y56.45 E581.11327
G1 X52.035 Y56.45 E581.42074
G1 X52.035 Y63.038 E581.70604
G0 F960 X52.035 Y63.55
M204 S2000
M205 X30 Y30
G0 F3600 X51.785 Y63.55
G0 X51.035 Y62.697
G1 F2700 E575.70604 ; Modi
G0 F3600 X51.515 Y60.898
G0 X52.95 Y60.898
G0 X68.035 Y60.149
G0 X69.46 Y60
G0 X70.328 Y60.898
M204 S500
M205 X10 Y10
;TYPE:FILL
G1 F2700 E581.70604
G1 F2400 X71.572 Y62.142 E581.78223
G1 X71.784 Y62.354
M204 S2000
M205 X30 Y30
G0 F3600 X73.747 Y61.96
M204 S500
M205 X10 Y10
G1 F2400 X70.524 Y58.737 E581.97962
G1 X70.312 Y58.525
M204 S2000
M205 X30 Y30
G0 F3600 X71.892 Y57.747
M204 S500
M205 X10 Y10
G1 F2400 X74.738 Y60.593 E582.15392
G1 X74.95 Y60.805
M204 S2000
M205 X30 Y30
G0 F3600 X73.273 Y57.584
M204 S500
M205 X10 Y10
;TYPE:WALL-INNER
G1 F2400 X73.757 Y57.799 E582.17685
G1 X74.183 Y58.109 E582.19967
G1 X74.541 Y58.505 E582.22279
G1 X74.805 Y58.963 E582.24568
G1 X74.972 Y59.475 E582.269
G1 X75.027 Y60 E582.29186
G1 X74.972 Y60.525 E582.31472
G1 X74.805 Y61.037 E582.33804
G1 X74.541 Y61.495 E582.36094
G1 X74.183 Y61.891 E582.38405
G1 X73.757 Y62.201 E582.40687
G1 X73.273 Y62.416 E582.4298
G1 X72.747 Y62.528 E582.45309
G1 X72.223 Y62.528 E582.47579
G1 X71.697 Y62.416 E582.49908
G1 X71.216 Y62.202 E582.52187
G1 X70.785 Y61.889 E582.54494
G1 X70.429 Y61.494 E582.56797
G1 X70.161 Y61.027 E582.59129
G1 X69.999 Y60.53 E582.61392
G1 X69.943 Y60 E582.637
G1 X69.998 Y59.474 E582.65991
G1 X70.164 Y58.965 E582.68309
G1 X70.427 Y58.508 E582.70593
G1 X70.785 Y58.111 E582.72908
G1 X71.216 Y57.798 E582.75214
G1 X71.697 Y57.584 E582.77494
G1 X72.223 Y57.472 E582.79823
G1 X72.747 Y57.472 E582.82092
G1 X72.772 Y57.478 E582.82204
G0 F1920 X73.273 Y57.584
M204 S2000
M205 X30 Y30
G0 F3600 X73.429 Y57.106
M204 S500
M205 X10 Y10
G1 F2400 X74.007 Y57.363 E582.84943
G1 X74.52 Y57.736 E582.8769
G1 X74.948 Y58.21 E582.90456
G1 X75.266 Y58.761 E582.93211
G1 X75.463 Y59.367 E582.9597
G1 X75.53 Y60 E582.98727
G1 X75.463 Y60.633 E583.01483
G1 X75.266 Y61.239 E583.04243
G1 X74.948 Y61.79 E583.06998
G1 X74.52 Y62.264 E583.09763
G1 X74.007 Y62.637 E583.1251
G1 X73.429 Y62.894 E583.1525
G1 X72.799 Y63.028 E583.18039
G1 X72.171 Y63.028 E583.20758
G1 X71.541 Y62.894 E583.23548
G1 X70.963 Y62.637 E583.26287
G1 X70.448 Y62.263 E583.29043
G1 X70.022 Y61.79 E583.318
G1 X69.703 Y61.234 E583.34576
G1 X69.507 Y60.634 E583.37309
G1 X69.44 Y60 E583.4007
G1 X69.507 Y59.366 E583.42831
G1 X69.703 Y58.763 E583.45577
G1 X70.02 Y58.213 E583.48326
G1 X70.451 Y57.735 E583.51113
G1 X70.963 Y57.363 E583.53854
G1 X71.541 Y57.106 E583.56593
G1 X72.171 Y56.972 E583.59383
G1 X72.799 Y56.972 E583.62102
G1 X72.929 Y57 E583.62678
G0 F1920 X73.429 Y57.106
M204 S2000
M205 X30 Y30
G0 F3600 X73.585 Y56.628
M204 S500
M205 X10 Y10
;TYPE:WALL-OUTER
G1 F1200 X74.257 Y56.927 E583.65863
G1 X74.857 Y57.363 E583.69075
G1 X75.355 Y57.915 E583.72295
G1 X75.726 Y58.558 E583.7551
G1 X75.954 Y59.26 E583.78706
G1 X76.032 Y60 E583.81928
G1 X75.954 Y60.74 E583.85151
G1 X75.726 Y61.442 E583.88347
G1 X75.355 Y62.085 E583.91562
G1 X74.857 Y62.637 E583.94782
G1 X74.257 Y63.073 E583.97993
G1 X73.585 Y63.372 E584.01179
G1 X72.851 Y63.528 E584.04428
G1 X72.119 Y63.528 E584.07598
G1 X71.385 Y63.372 E584.10848
G1 X70.71 Y63.072 E584.14047
G1 X70.114 Y62.639 E584.17237
G1 X69.613 Y62.083 E584.20478
G1 X69.245 Y61.441 E584.23683
G1 X69.015 Y60.738 E584.26886
G1 X68.938 Y60 E584.30099
G1 X69.015 Y59.262 E584.33313
G1 X69.245 Y58.557 E584.36524
G1 X69.615 Y57.915 E584.39733
G1 X70.114 Y57.361 E584.42962
G1 X70.71 Y56.928 E584.46152
G1 X71.385 Y56.628 E584.49351
G1 X72.119 Y56.472 E584.526
G1 X72.851 Y56.472 E584.5577
G1 X73.084 Y56.522 E584.56802
G0 F960 X73.585 Y56.628
M204 S2000
M205 X30 Y30
G0 F3600 X73.813 Y56.729
G0 X73.406 Y57.643
G1 F2700 E578.56802 ; Modi
;MESH:NONMESH
G0 F600 X73.406 Y57.643 Z17.55
G0 F3600 X70.036 Y58.224
G0 X68.793 Y57.51
G0 X52.95 Y58.224
G0 X51.515 Y58.224
G0 X48.204 Y57.649
;TIME_ELAPSED:709.047423
;LAYER:69
M204 S500
M205 X10 Y10
;TYPE:FILL
;MESH:RetractTower
G1 F2700 E584.56802
G1 F2400 X46.135 Y59.718 E584.69474
G1 X45.923 Y59.93
M204 S2000
M205 X30 Y30
G0 F3600 X46.135 Y62.076
M204 S500
M205 X10 Y10
G1 F2400 X50.562 Y57.649 E584.96586
G1 X50.774 Y57.437
M204 S2000
M205 X30 Y30
G0 F3600 X50.834 Y59.734
M204 S500
M205 X10 Y10
G1 F2400 X48.219 Y62.349 E585.12601
G1 X48.007 Y62.561
M204 S2000
M205 X30 Y30
G0 F3600 X50.577 Y62.349
M204 S500
M205 X10 Y10
G1 F2400 X50.834 Y62.091 E585.14179
M204 S2000
M205 X30 Y30
G0 F3600 X51.035 Y62.55
M204 S500
M205 X10 Y10
;TYPE:WALL-INNER
G1 F2400 X45.935 Y62.55 E585.36264
G1 X45.935 Y57.45 E585.5835
G1 X51.035 Y57.45 E585.80436
G1 X51.035 Y62.038 E586.00305
G0 F1920 X51.035 Y62.55
M204 S2000
M205 X30 Y30
G0 F3600 X51.535 Y63.05
M204 S500
M205 X10 Y10
G1 F2400 X45.435 Y63.05 E586.26721
G1 X45.435 Y56.95 E586.53138
G1 X51.535 Y56.95 E586.79554
G1 X51.535 Y62.538 E587.03754
G0 F1920 X51.535 Y63.05
M204 S2000
M205 X30 Y30
G0 F3600 X52.035 Y63.55
M204 S500
M205 X10 Y10
;TYPE:WALL-OUTER
G1 F1200 X44.935 Y63.55 E587.34501
G1 X44.935 Y56.45 E587.65248
G1 X52.035 Y56.45 E587.95995
G1 X52.035 Y63.038 E588.24525
G0 F960 X52.035 Y63.55
M204 S2000
M205 X30 Y30
G0 F3600 X51.785 Y63.55
G0 X51.035 Y62.697
G1 F2700 E582.24525 ; Modi
G0 F3600 X51.515 Y61.261
G0 X52.95 Y61.261
G0 X68.1 Y60.781
G0 X69.526 Y60.632
G0 X70.524 Y61.261
M204 S500
M205 X10 Y10
;TYPE:FILL
G1 F2700 E588.24525
G1 F2400 X73.747 Y58.038 E588.44264
G1 X73.959 Y57.826
M204 S2000
M205 X30 Y30
G0 F3600 X74.737 Y59.406
M204 S500
M205 X10 Y10
G1 F2400 X71.89 Y62.252 E588.61697
G1 X71.678 Y62.464
M204 S2000
M205 X30 Y30
G0 F3600 X70.331 Y59.097
M204 S500
M205 X10 Y10
G1 F2400 X71.571 Y57.856 E588.69294
G1 X71.783 Y57.644
M204 S2000
M205 X30 Y30
G0 F3600 X73.273 Y57.584
M204 S500
M205 X10 Y10
;TYPE:WALL-INNER
G1 F2400 X73.757 Y57.799 E588.71587
G1 X74.183 Y58.109 E588.73869
G1 X74.541 Y58.505 E588.76181
G1 X74.805 Y58.963 E588.7847
G1 X74.972 Y59.475 E588.80802
G1 X75.027 Y60 E588.83088
G1 X74.972 Y60.525 E588.85374
G1 X74.805 Y61.037 E588.87706
G1 X74.541 Y61.495 E588.89996
G1 X74.183 Y61.891 E588.92308
G1 X73.757 Y62.201 E588.94589
G1 X73.273 Y62.416 E588.96883
G1 X72.747 Y62.528 E588.99212
G1 X72.223 Y62.528 E589.01481
G1 X71.697 Y62.416 E589.0381
G1 X71.216 Y62.202 E589.0609
G1 X70.786 Y61.89 E589.0839
G1 X70.426 Y61.49 E589.10721
G1 X70.161 Y61.031 E589.13016
G1 X69.998 Y60.529 E589.15302
G1 X69.943 Y60.001 E589.17601
G1 X69.998 Y59.474 E589.19895
G1 X70.164 Y58.965 E589.22214
G1 X70.427 Y58.508 E589.24497
G1 X70.785 Y58.111 E589.26812
G1 X71.216 Y57.798 E589.29119
G1 X71.697 Y57.584 E589.31399
G1 X72.223 Y57.472 E589.33728
G1 X72.747 Y57.472 E589.35997
G1 X72.772 Y57.478 E589.36108
G0 F1920 X73.273 Y57.584
M204 S2000
M205 X30 Y30
G0 F3600 X73.429 Y57.106
M204 S500
M205 X10 Y10
G1 F2400 X74.007 Y57.363 E589.38848
G1 X74.52 Y57.736 E589.41594
G1 X74.948 Y58.21 E589.4436
G1 X75.266 Y58.761 E589.47115
G1 X75.463 Y59.367 E589.49875
G1 X75.53 Y60 E589.52631
G1 X75.463 Y60.633 E589.55388
G1 X75.266 Y61.239 E589.58147
G1 X74.948 Y61.79 E589.60902
G1 X74.52 Y62.264 E589.63668
G1 X74.007 Y62.637 E589.66415
G1 X73.429 Y62.894 E589.69154
G1 X72.799 Y63.028 E589.71943
G1 X72.171 Y63.028 E589.74663
G1 X71.541 Y62.894 E589.77452
G1 X70.963 Y62.637 E589.80192
G1 X70.451 Y62.265 E589.82932
G1 X70.019 Y61.785 E589.85729
G1 X69.701 Y61.234 E589.88484
G1 X69.507 Y60.636 E589.91206
G1 X69.44 Y60 E589.93976
G1 X69.507 Y59.366 E589.96737
G1 X69.703 Y58.763 E589.99483
G1 X70.02 Y58.213 E590.02232
G1 X70.451 Y57.735 E590.05019
G1 X70.963 Y57.363 E590.0776
G1 X71.541 Y57.106 E590.10499
G1 X72.171 Y56.972 E590.13288
G1 X72.799 Y56.972 E590.16008
G1 X72.929 Y57 E590.16584
G0 F1920 X73.429 Y57.106
M204 S2000
M205 X30 Y30
G0 F3600 X73.585 Y56.628
M204 S500
M205 X10 Y10
;TYPE:WALL-OUTER
G1 F1200 X74.257 Y56.927 E590.19769
G1 X74.857 Y57.363 E590.22981
G1 X75.355 Y57.915 E590.262
G1 X75.726 Y58.558 E590.29415
G1 X75.954 Y59.26 E590.32612
G1 X76.032 Y60 E590.35834
G1 X75.954 Y60.74 E590.39056
G1 X75.726 Y61.442 E590.42253
G1 X75.355 Y62.085 E590.45468
G1 X74.857 Y62.637 E590.48687
G1 X74.257 Y63.073 E590.51899
G1 X73.585 Y63.372 E590.55084
G1 X72.851 Y63.528 E590.58334
G1 X72.119 Y63.528 E590.61504
G1 X71.385 Y63.372 E590.64753
G1 X70.71 Y63.072 E590.67952
G1 X70.114 Y62.639 E590.71143
G1 X69.615 Y62.085 E590.74371
G1 X69.242 Y61.437 E590.77609
G1 X69.015 Y60.74 E590.80784
G1 X68.938 Y60 E590.84006
G1 X69.015 Y59.262 E590.87219
G1 X69.245 Y58.557 E590.9043
G1 X69.615 Y57.915 E590.93639
G1 X70.114 Y57.361 E590.96868
G1 X70.71 Y56.928 E591.00059
G1 X71.385 Y56.628 E591.03257
G1 X72.119 Y56.472 E591.06507
G1 X72.851 Y56.472 E591.09677
G1 X73.084 Y56.522 E591.10709
G0 F960 X73.585 Y56.628
M204 S2000
M205 X30 Y30
G0 F3600 X73.813 Y56.729
G0 X73.406 Y57.643
G1 F2700 E585.10709 ; Modi
;MESH:NONMESH
G0 F600 X73.406 Y57.643 Z17.8
G0 F3600 X70.036 Y58.224
G0 X68.793 Y57.51
G0 X52.95 Y58.224
G0 X51.515 Y58.224
G0 X46.135 Y57.922
;TIME_ELAPSED:717.009494
;LAYER:70
M204 S500
M205 X10 Y10
;TYPE:FILL
;MESH:RetractTower
G1 F2700 E591.10709
G1 F2400 X50.561 Y62.349 E591.37818
G1 X50.773 Y62.561
M204 S2000
M205 X30 Y30
G0 F3600 X50.835 Y60.265
M204 S500
M205 X10 Y10
G1 F2400 X48.219 Y57.649 E591.5384
G1 X48.007 Y57.437
M204 S2000
M205 X30 Y30
G0 F3600 X50.577 Y57.649
M204 S500
M205 X10 Y10
G1 F2400 X50.835 Y57.907 E591.5542
M204 S2000
M205 X30 Y30
G0 F3600 X48.204 Y62.349
M204 S500
M205 X10 Y10
G1 F2400 X46.135 Y60.28 E591.68091
G1 X45.923 Y60.068
M204 S2000
M205 X30 Y30
G0 F3600 X51.035 Y62.55
M204 S500
M205 X10 Y10
;TYPE:WALL-INNER
G1 F2400 X45.935 Y62.55 E591.90177
G1 X45.935 Y57.45 E592.12263
G1 X51.035 Y57.45 E592.34349
G1 X51.035 Y62.038 E592.54218
G0 F1920 X51.035 Y62.55
M204 S2000
M205 X30 Y30
G0 F3600 X51.535 Y63.05
M204 S500
M205 X10 Y10
G1 F2400 X45.435 Y63.05 E592.80634
G1 X45.435 Y56.95 E593.07051
G1 X51.535 Y56.95 E593.33467
G1 X51.535 Y62.538 E593.57666
G0 F1920 X51.535 Y63.05
M204 S2000
M205 X30 Y30
G0 F3600 X52.035 Y63.55
M204 S500
M205 X10 Y10
;TYPE:WALL-OUTER
G1 F1200 X44.935 Y63.55 E593.88413
G1 X44.935 Y56.45 E594.1916
G1 X52.035 Y56.45 E594.49908
G1 X52.035 Y63.038 E594.78437
G0 F960 X52.035 Y63.55
M204 S2000
M205 X30 Y30
G0 F3600 X51.785 Y63.55
G0 X51.035 Y62.697
G1 F2700 E588.78437 ; Modi
G0 F3600 X51.515 Y60.896
G0 X52.95 Y60.896
G0 X68.035 Y60.149
G0 X69.46 Y60
G0 X70.326 Y60.896
M204 S500
M205 X10 Y10
;TYPE:FILL
G1 F2700 E594.78437
G1 F2400 X71.572 Y62.142 E594.86068
G1 X71.784 Y62.354
M204 S2000
M205 X30 Y30
G0 F3600 X73.747 Y61.96
M204 S500
M205 X10 Y10
G1 F2400 X70.524 Y58.737 E595.05807
G1 X70.312 Y58.525
M204 S2000
M205 X30 Y30
G0 F3600 X71.892 Y57.747
M204 S500
M205 X10 Y10
G1 F2400 X74.738 Y60.593 E595.23237
G1 X74.95 Y60.805
M204 S2000
M205 X30 Y30
G0 F3600 X73.273 Y57.584
M204 S500
M205 X10 Y10
;TYPE:WALL-INNER
G1 F2400 X73.757 Y57.799 E595.2553
G1 X74.183 Y58.109 E595.27812
G1 X74.541 Y58.505 E595.30124
G1 X74.805 Y58.963 E595.32413
G1 X74.972 Y59.475 E595.34745
G1 X75.027 Y60 E595.37031
G1 X74.972 Y60.525 E595.39317
G1 X74.805 Y61.037 E595.4165
G1 X74.541 Y61.495 E595.43939
G1 X74.183 Y61.891 E595.46251
G1 X73.757 Y62.201 E595.48532
G1 X73.273 Y62.416 E595.50826
G1 X72.747 Y62.528 E595.53155
G1 X72.223 Y62.528 E595.55424
G1 X71.697 Y62.416 E595.57753
G1 X71.216 Y62.202 E595.60033
G1 X70.786 Y61.89 E595.62333
G1 X70.426 Y61.49 E595.64664
G1 X70.161 Y61.031 E595.66959
G1 X69.998 Y60.529 E595.69245
G1 X69.943 Y60.001 E595.71544
G1 X69.998 Y59.474 E595.73838
G1 X70.164 Y58.965 E595.76157
G1 X70.427 Y58.508 E595.7844
G1 X70.785 Y58.111 E595.80755
G1 X71.216 Y57.798 E595.83062
G1 X71.697 Y57.584 E595.85342
G1 X72.223 Y57.472 E595.87671
G1 X72.747 Y57.472 E595.8994
G1 X72.772 Y57.478 E595.90051
G0 F1920 X73.273 Y57.584
M204 S2000
M205 X30 Y30
G0 F3600 X73.429 Y57.106
M204 S500
M205 X10 Y10
G1 F2400 X74.007 Y57.363 E595.92791
G1 X74.52 Y57.736 E595.95538
G1 X74.948 Y58.21 E595.98303
G1 X75.266 Y58.761 E596.01058
G1 X75.463 Y59.367 E596.03818
G1 X75.53 Y60 E596.06574
G1 X75.463 Y60.633 E596.09331
G1 X75.266 Y61.239 E596.1209
G1 X74.948 Y61.79 E596.14845
G1 X74.52 Y62.264 E596.17611
G1 X74.007 Y62.637 E596.20358
G1 X73.429 Y62.894 E596.23097
G1 X72.799 Y63.028 E596.25886
G1 X72.171 Y63.028 E596.28606
G1 X71.541 Y62.894 E596.31395
G1 X70.963 Y62.637 E596.34135
G1 X70.451 Y62.265 E596.36875
G1 X70.019 Y61.785 E596.39672
G1 X69.701 Y61.234 E596.42427
G1 X69.507 Y60.636 E596.4515
G1 X69.44 Y60 E596.47919
G1 X69.507 Y59.366 E596.5068
G1 X69.703 Y58.763 E596.53426
G1 X70.02 Y58.213 E596.56175
G1 X70.451 Y57.735 E596.58962
G1 X70.963 Y57.363 E596.61703
G1 X71.541 Y57.106 E596.64442
G1 X72.171 Y56.972 E596.67231
G1 X72.799 Y56.972 E596.69951
G1 X72.929 Y57 E596.70527
G0 F1920 X73.429 Y57.106
M204 S2000
M205 X30 Y30
G0 F3600 X73.585 Y56.628
M204 S500
M205 X10 Y10
;TYPE:WALL-OUTER
G1 F1200 X74.257 Y56.927 E596.73712
G1 X74.857 Y57.363 E596.76924
G1 X75.355 Y57.915 E596.80144
G1 X75.726 Y58.558 E596.83358
G1 X75.954 Y59.26 E596.86555
G1 X76.032 Y60 E596.89777
G1 X75.954 Y60.74 E596.93
G1 X75.726 Y61.442 E596.96196
G1 X75.355 Y62.085 E596.99411
G1 X74.857 Y62.637 E597.0263
G1 X74.257 Y63.073 E597.05842
G1 X73.585 Y63.372 E597.09027
G1 X72.851 Y63.528 E597.12277
G1 X72.119 Y63.528 E597.15447
G1 X71.385 Y63.372 E597.18697
G1 X70.71 Y63.072 E597.21896
G1 X70.114 Y62.639 E597.25086
G1 X69.615 Y62.085 E597.28315
G1 X69.242 Y61.437 E597.31553
G1 X69.015 Y60.74 E597.34727
G1 X68.938 Y60 E597.37949
G1 X69.015 Y59.262 E597.41162
G1 X69.245 Y58.557 E597.44374
G1 X69.615 Y57.915 E597.47583
G1 X70.114 Y57.361 E597.50811
G1 X70.71 Y56.928 E597.54002
G1 X71.385 Y56.628 E597.57201
G1 X72.119 Y56.472 E597.6045
G1 X72.851 Y56.472 E597.6362
G1 X73.084 Y56.522 E597.64652
G0 F960 X73.585 Y56.628
M204 S2000
M205 X30 Y30
G0 F3600 X73.813 Y56.729
G0 X73.406 Y57.643
G1 F2700 E591.64652 ; Modi
;MESH:NONMESH
G0 F600 X73.406 Y57.643 Z18.05
G0 F3600 X70.036 Y58.224
G0 X68.793 Y57.51
G0 X52.95 Y58.224
G0 X51.515 Y58.224
G0 X48.204 Y57.649
;TIME_ELAPSED:725.144708
;LAYER:71
M204 S500
M205 X10 Y10
;TYPE:FILL
;MESH:RetractTower
G1 F2700 E597.64652
G1 F2400 X46.135 Y59.718 E597.77323
G1 X45.923 Y59.93
M204 S2000
M205 X30 Y30
G0 F3600 X46.135 Y62.076
M204 S500
M205 X10 Y10
G1 F2400 X50.562 Y57.649 E598.04436
G1 X50.774 Y57.437
M204 S2000
M205 X30 Y30
G0 F3600 X50.834 Y59.734
M204 S500
M205 X10 Y10
G1 F2400 X48.219 Y62.349 E598.20451
G1 X48.007 Y62.561
M204 S2000
M205 X30 Y30
G0 F3600 X50.577 Y62.349
M204 S500
M205 X10 Y10
G1 F2400 X50.834 Y62.091 E598.22028
M204 S2000
M205 X30 Y30
G0 F3600 X51.035 Y62.55
M204 S500
M205 X10 Y10
;TYPE:WALL-INNER
G1 F2400 X45.935 Y62.55 E598.44114
G1 X45.935 Y57.45 E598.662
G1 X51.035 Y57.45 E598.88286
G1 X51.035 Y62.038 E599.08155
G0 F1920 X51.035 Y62.55
M204 S2000
M205 X30 Y30
G0 F3600 X51.535 Y63.05
M204 S500
M205 X10 Y10
G1 F2400 X45.435 Y63.05 E599.34571
G1 X45.435 Y56.95 E599.60988
G1 X51.535 Y56.95 E599.87404
G1 X51.535 Y62.538 E600.11603
G0 F1920 X51.535 Y63.05
M204 S2000
M205 X30 Y30
G0 F3600 X52.035 Y63.55
M204 S500
M205 X10 Y10
;TYPE:WALL-OUTER
G1 F1200 X44.935 Y63.55 E600.4235
G1 X44.935 Y56.45 E600.73098
G1 X52.035 Y56.45 E601.03845
G1 X52.035 Y63.038 E601.32374
G0 F960 X52.035 Y63.55
M204 S2000
M205 X30 Y30
G0 F3600 X51.785 Y63.55
G0 X51.035 Y62.697
G1 F2700 E595.32374 ; Modi
G0 F3600 X51.515 Y61.261
G0 X52.95 Y61.261
G0 X68.1 Y60.779
G0 X69.526 Y60.63
G0 X70.524 Y61.261
M204 S500
M205 X10 Y10
;TYPE:FILL
G1 F2700 E601.32374
G1 F2400 X73.747 Y58.038 E601.52113
G1 X73.959 Y57.826
M204 S2000
M205 X30 Y30
G0 F3600 X74.737 Y59.406
M204 S500
M205 X10 Y10
G1 F2400 X71.89 Y62.252 E601.69546
G1 X71.678 Y62.464
M204 S2000
M205 X30 Y30
G0 F3600 X70.331 Y59.097
M204 S500
M205 X10 Y10
G1 F2400 X71.571 Y57.856 E601.77143
G1 X71.783 Y57.644
M204 S2000
M205 X30 Y30
G0 F3600 X73.273 Y57.584
M204 S500
M205 X10 Y10
;TYPE:WALL-INNER
G1 F2400 X73.757 Y57.799 E601.79437
G1 X74.183 Y58.109 E601.81719
G1 X74.541 Y58.505 E601.8403
G1 X74.805 Y58.963 E601.8632
G1 X74.972 Y59.475 E601.88652
G1 X75.027 Y60 E601.90938
G1 X74.972 Y60.525 E601.93224
G1 X74.805 Y61.037 E601.95556
G1 X74.541 Y61.495 E601.97845
G1 X74.183 Y61.891 E602.00157
G1 X73.757 Y62.201 E602.02439
G1 X73.273 Y62.416 E602.04732
G1 X72.747 Y62.528 E602.07061
G1 X72.223 Y62.528 E602.0933
G1 X71.697 Y62.416 E602.11659
G1 X71.216 Y62.202 E602.13939
G1 X70.785 Y61.889 E602.16246
G1 X70.427 Y61.492 E602.18561
G1 X70.164 Y61.035 E602.20844
G1 X69.998 Y60.526 E602.23163
G1 X69.943 Y60 E602.25453
G1 X69.998 Y59.474 E602.27744
G1 X70.164 Y58.965 E602.30062
G1 X70.427 Y58.508 E602.32345
G1 X70.785 Y58.111 E602.34661
G1 X71.216 Y57.798 E602.36967
G1 X71.697 Y57.584 E602.39247
G1 X72.223 Y57.472 E602.41576
G1 X72.747 Y57.472 E602.43845
G1 X72.772 Y57.478 E602.43957
G0 F1920 X73.273 Y57.584
M204 S2000
M205 X30 Y30
G0 F3600 X73.429 Y57.106
M204 S500
M205 X10 Y10
G1 F2400 X74.007 Y57.363 E602.46696
G1 X74.52 Y57.736 E602.49443
G1 X74.948 Y58.21 E602.52208
G1 X75.266 Y58.761 E602.54963
G1 X75.463 Y59.367 E602.57723
G1 X75.53 Y60 E602.60479
G1 X75.463 Y60.633 E602.63236
G1 X75.266 Y61.239 E602.65996
G1 X74.948 Y61.79 E602.68751
G1 X74.52 Y62.264 E602.71516
G1 X74.007 Y62.637 E602.74263
G1 X73.429 Y62.894 E602.77002
G1 X72.799 Y63.028 E602.79792
G1 X72.171 Y63.028 E602.82511
G1 X71.541 Y62.894 E602.85301
G1 X70.963 Y62.637 E602.8804
G1 X70.451 Y62.265 E602.90781
G1 X70.02 Y61.787 E602.93568
G1 X69.703 Y61.237 E602.96317
G1 X69.507 Y60.634 E602.99063
G1 X69.44 Y60 E603.01824
G1 X69.507 Y59.366 E603.04585
G1 X69.703 Y58.763 E603.0733
G1 X70.02 Y58.213 E603.10079
G1 X70.451 Y57.735 E603.12867
G1 X70.963 Y57.363 E603.15607
G1 X71.541 Y57.106 E603.18347
G1 X72.171 Y56.972 E603.21136
G1 X72.799 Y56.972 E603.23856
G1 X72.929 Y57 E603.24432
G0 F1920 X73.429 Y57.106
M204 S2000
M205 X30 Y30
G0 F3600 X73.585 Y56.628
M204 S500
M205 X10 Y10
;TYPE:WALL-OUTER
G1 F1200 X74.257 Y56.927 E603.27617
G1 X74.857 Y57.363 E603.30829
G1 X75.355 Y57.915 E603.34048
G1 X75.726 Y58.558 E603.37263
G1 X75.954 Y59.26 E603.40459
G1 X76.032 Y60 E603.43682
G1 X75.954 Y60.74 E603.46904
G1 X75.726 Y61.442 E603.50101
G1 X75.355 Y62.085 E603.53315
G1 X74.857 Y62.637 E603.56535
G1 X74.257 Y63.073 E603.59747
G1 X73.585 Y63.372 E603.62932
G1 X72.851 Y63.528 E603.66182
G1 X72.119 Y63.528 E603.69352
G1 X71.385 Y63.372 E603.72601
G1 X70.71 Y63.072 E603.758
G1 X70.114 Y62.639 E603.7899
G1 X69.615 Y62.085 E603.82219
G1 X69.245 Y61.443 E603.85428
G1 X69.015 Y60.738 E603.8864
G1 X68.938 Y60 E603.91853
G1 X69.015 Y59.262 E603.95066
G1 X69.245 Y58.557 E603.98278
G1 X69.615 Y57.915 E604.01487
G1 X70.114 Y57.361 E604.04715
G1 X70.71 Y56.928 E604.07906
G1 X71.385 Y56.628 E604.11105
G1 X72.119 Y56.472 E604.14354
G1 X72.851 Y56.472 E604.17524
G1 X73.084 Y56.522 E604.18556
G0 F960 X73.585 Y56.628
M204 S2000
M205 X30 Y30
G0 F3600 X73.813 Y56.729
G0 X73.406 Y57.643
G1 F2700 E598.18556 ; Modi
;MESH:NONMESH
G0 F600 X73.406 Y57.643 Z18.3
G0 F3600 X70.036 Y58.224
G0 X68.793 Y57.51
G0 X52.95 Y58.224
G0 X51.515 Y58.224
G0 X46.135 Y57.922
;TIME_ELAPSED:733.106802
;LAYER:72
M204 S500
M205 X10 Y10
;TYPE:FILL
;MESH:RetractTower
G1 F2700 E604.18556
G1 F2400 X50.561 Y62.349 E604.45666
G1 X50.773 Y62.561
M204 S2000
M205 X30 Y30
G0 F3600 X50.835 Y60.265
M204 S500
M205 X10 Y10
G1 F2400 X48.219 Y57.649 E604.61687
G1 X48.007 Y57.437
M204 S2000
M205 X30 Y30
G0 F3600 X50.577 Y57.649
M204 S500
M205 X10 Y10
G1 F2400 X50.835 Y57.907 E604.63267
M204 S2000
M205 X30 Y30
G0 F3600 X48.204 Y62.349
M204 S500
M205 X10 Y10
G1 F2400 X46.135 Y60.28 E604.75938
G1 X45.923 Y60.068
M204 S2000
M205 X30 Y30
G0 F3600 X51.035 Y62.55
M204 S500
M205 X10 Y10
;TYPE:WALL-INNER
G1 F2400 X45.935 Y62.55 E604.98024
G1 X45.935 Y57.45 E605.2011
G1 X51.035 Y57.45 E605.42196
G1 X51.035 Y62.038 E605.62065
G0 F1920 X51.035 Y62.55
M204 S2000
M205 X30 Y30
G0 F3600 X51.535 Y63.05
M204 S500
M205 X10 Y10
G1 F2400 X45.435 Y63.05 E605.88481
G1 X45.435 Y56.95 E606.14898
G1 X51.535 Y56.95 E606.41314
G1 X51.535 Y62.538 E606.65513
G0 F1920 X51.535 Y63.05
M204 S2000
M205 X30 Y30
G0 F3600 X52.035 Y63.55
M204 S500
M205 X10 Y10
;TYPE:WALL-OUTER
G1 F1200 X44.935 Y63.55 E606.96261
G1 X44.935 Y56.45 E607.27008
G1 X52.035 Y56.45 E607.57755
G1 X52.035 Y63.038 E607.86284
G0 F960 X52.035 Y63.55
M204 S2000
M205 X30 Y30
G0 F3600 X51.785 Y63.55
G0 X51.035 Y62.697
G1 F2700 E601.86284 ; Modi
G0 F3600 X51.515 Y60.895
G0 X52.95 Y60.895
G0 X68.035 Y60.149
G0 X69.46 Y60
G0 X70.325 Y60.895
M204 S500
M205 X10 Y10
;TYPE:FILL
G1 F2700 E607.86284
G1 F2400 X71.572 Y62.142 E607.93922
G1 X71.784 Y62.354
M204 S2000
M205 X30 Y30
G0 F3600 X73.747 Y61.96
M204 S500
M205 X10 Y10
G1 F2400 X70.524 Y58.737 E608.1366
G1 X70.312 Y58.525
M204 S2000
M205 X30 Y30
G0 F3600 X71.892 Y57.747
M204 S500
M205 X10 Y10
G1 F2400 X74.738 Y60.593 E608.3109
G1 X74.95 Y60.805
M204 S2000
M205 X30 Y30
G0 F3600 X73.273 Y57.584
M204 S500
M205 X10 Y10
;TYPE:WALL-INNER
G1 F2400 X73.757 Y57.799 E608.33384
G1 X74.183 Y58.109 E608.35665
G1 X74.541 Y58.505 E608.37977
G1 X74.805 Y58.963 E608.40266
G1 X74.972 Y59.475 E608.42599
G1 X75.027 Y60 E608.44885
G1 X74.972 Y60.525 E608.47171
G1 X74.805 Y61.037 E608.49503
G1 X74.541 Y61.495 E608.51792
G1 X74.183 Y61.891 E608.54104
G1 X73.757 Y62.201 E608.56386
G1 X73.273 Y62.416 E608.58679
G1 X72.747 Y62.528 E608.61008
G1 X72.223 Y62.528 E608.63277
G1 X71.697 Y62.416 E608.65606
G1 X71.216 Y62.202 E608.67886
G1 X70.786 Y61.89 E608.70187
G1 X70.426 Y61.49 E608.72517
G1 X70.16 Y61.029 E608.74822
G1 X69.998 Y60.529 E608.77098
G1 X69.943 Y60.001 E608.79397
G1 X69.998 Y59.474 E608.81692
G1 X70.164 Y58.965 E608.8401
G1 X70.427 Y58.508 E608.86294
G1 X70.785 Y58.111 E608.88609
G1 X71.216 Y57.798 E608.90915
G1 X71.697 Y57.584 E608.93195
G1 X72.223 Y57.472 E608.95524
G1 X72.747 Y57.472 E608.97793
G1 X72.772 Y57.478 E608.97905
G0 F1920 X73.273 Y57.584
M204 S2000
M205 X30 Y30
G0 F3600 X73.429 Y57.106
M204 S500
M205 X10 Y10
G1 F2400 X74.007 Y57.363 E609.00644
G1 X74.52 Y57.736 E609.03391
G1 X74.948 Y58.21 E609.06157
G1 X75.266 Y58.761 E609.08912
G1 X75.463 Y59.367 E609.11671
G1 X75.53 Y60 E609.14428
G1 X75.463 Y60.633 E609.17184
G1 X75.266 Y61.239 E609.19944
G1 X74.948 Y61.79 E609.22699
G1 X74.52 Y62.264 E609.25464
G1 X74.007 Y62.637 E609.28211
G1 X73.429 Y62.894 E609.30951
G1 X72.799 Y63.028 E609.3374
G1 X72.171 Y63.028 E609.36459
G1 X71.541 Y62.894 E609.39249
G1 X70.963 Y62.637 E609.41988
G1 X70.451 Y62.265 E609.44729
G1 X70.019 Y61.785 E609.47525
G1 X69.7 Y61.232 E609.5029
G1 X69.507 Y60.636 E609.53003
G1 X69.44 Y60 E609.55773
G1 X69.507 Y59.366 E609.58533
G1 X69.703 Y58.763 E609.61279
G1 X70.02 Y58.213 E609.64028
G1 X70.451 Y57.735 E609.66816
G1 X70.963 Y57.363 E609.69556
G1 X71.541 Y57.106 E609.72296
G1 X72.171 Y56.972 E609.75085
G1 X72.799 Y56.972 E609.77805
G1 X72.929 Y57 E609.7838
G0 F1920 X73.429 Y57.106
M204 S2000
M205 X30 Y30
G0 F3600 X73.585 Y56.628
M204 S500
M205 X10 Y10
;TYPE:WALL-OUTER
G1 F1200 X74.257 Y56.927 E609.81566
G1 X74.857 Y57.363 E609.84778
G1 X75.355 Y57.915 E609.87997
G1 X75.726 Y58.558 E609.91212
G1 X75.954 Y59.26 E609.94408
G1 X76.032 Y60 E609.97631
G1 X75.954 Y60.74 E610.00853
G1 X75.726 Y61.442 E610.04049
G1 X75.355 Y62.085 E610.07264
G1 X74.857 Y62.637 E610.10484
G1 X74.257 Y63.073 E610.13696
G1 X73.585 Y63.372 E610.16881
G1 X72.851 Y63.528 E610.20131
G1 X72.119 Y63.528 E610.23301
G1 X71.385 Y63.372 E610.2655
G1 X70.71 Y63.072 E610.29749
G1 X70.114 Y62.639 E610.32939
G1 X69.615 Y62.085 E610.36168
G1 X69.241 Y61.435 E610.39416
G1 X69.015 Y60.74 E610.42581
G1 X68.938 Y60 E610.45803
G1 X69.015 Y59.262 E610.49016
G1 X69.245 Y58.557 E610.52227
G1 X69.615 Y57.915 E610.55436
G1 X70.114 Y57.361 E610.58665
G1 X70.71 Y56.928 E610.61855
G1 X71.385 Y56.628 E610.65054
G1 X72.119 Y56.472 E610.68304
G1 X72.851 Y56.472 E610.71474
G1 X73.084 Y56.522 E610.72506
G0 F960 X73.585 Y56.628
M204 S2000
M205 X30 Y30
G0 F3600 X73.813 Y56.729
G0 X73.406 Y57.643
G1 F2700 E604.72506 ; Modi
;MESH:NONMESH
G0 F600 X73.406 Y57.643 Z18.55
G0 F3600 X70.036 Y58.224
G0 X68.793 Y57.51
G0 X52.95 Y58.224
G0 X51.515 Y58.224
G0 X48.204 Y57.649
;TIME_ELAPSED:741.242044
;LAYER:73
M204 S500
M205 X10 Y10
;TYPE:FILL
;MESH:RetractTower
G1 F2700 E610.72506
G1 F2400 X46.135 Y59.718 E610.85177
G1 X45.923 Y59.93
M204 S2000
M205 X30 Y30
G0 F3600 X46.135 Y62.076
M204 S500
M205 X10 Y10
G1 F2400 X50.562 Y57.649 E611.1229
G1 X50.774 Y57.437
M204 S2000
M205 X30 Y30
G0 F3600 X50.834 Y59.734
M204 S500
M205 X10 Y10
G1 F2400 X48.219 Y62.349 E611.28305
G1 X48.007 Y62.561
M204 S2000
M205 X30 Y30
G0 F3600 X50.577 Y62.349
M204 S500
M205 X10 Y10
G1 F2400 X50.834 Y62.091 E611.29882
M204 S2000
M205 X30 Y30
G0 F3600 X51.035 Y62.55
M204 S500
M205 X10 Y10
;TYPE:WALL-INNER
G1 F2400 X45.935 Y62.55 E611.51968
G1 X45.935 Y57.45 E611.74054
G1 X51.035 Y57.45 E611.9614
G1 X51.035 Y62.038 E612.16008
G0 F1920 X51.035 Y62.55
M204 S2000
M205 X30 Y30
G0 F3600 X51.535 Y63.05
M204 S500
M205 X10 Y10
G1 F2400 X45.435 Y63.05 E612.42425
G1 X45.435 Y56.95 E612.68841
G1 X51.535 Y56.95 E612.95258
G1 X51.535 Y62.538 E613.19457
G0 F1920 X51.535 Y63.05
M204 S2000
M205 X30 Y30
G0 F3600 X52.035 Y63.55
M204 S500
M205 X10 Y10
;TYPE:WALL-OUTER
G1 F1200 X44.935 Y63.55 E613.50204
G1 X44.935 Y56.45 E613.80951
G1 X52.035 Y56.45 E614.11698
G1 X52.035 Y63.038 E614.40228
G0 F960 X52.035 Y63.55
M204 S2000
M205 X30 Y30
G0 F3600 X51.785 Y63.55
G0 X51.035 Y62.697
G1 F2700 E608.40228 ; Modi
G0 F3600 X51.515 Y61.261
G0 X52.95 Y61.261
G0 X68.1 Y60.779
G0 X69.526 Y60.63
G0 X70.524 Y61.261
M204 S500
M205 X10 Y10
;TYPE:FILL
G1 F2700 E614.40228
G1 F2400 X73.747 Y58.038 E614.59967
G1 X73.959 Y57.826
M204 S2000
M205 X30 Y30
G0 F3600 X74.737 Y59.406
M204 S500
M205 X10 Y10
G1 F2400 X71.89 Y62.252 E614.774
G1 X71.678 Y62.464
M204 S2000
M205 X30 Y30
G0 F3600 X70.331 Y59.097
M204 S500
M205 X10 Y10
G1 F2400 X71.571 Y57.856 E614.84997
G1 X71.783 Y57.644
M204 S2000
M205 X30 Y30
G0 F3600 X73.273 Y57.584
M204 S500
M205 X10 Y10
;TYPE:WALL-INNER
G1 F2400 X73.757 Y57.799 E614.87291
G1 X74.183 Y58.109 E614.89572
G1 X74.541 Y58.505 E614.91884
G1 X74.805 Y58.963 E614.94173
G1 X74.972 Y59.475 E614.96505
G1 X75.027 Y60 E614.98791
G1 X74.972 Y60.525 E615.01077
G1 X74.805 Y61.037 E615.0341
G1 X74.541 Y61.495 E615.05699
G1 X74.183 Y61.891 E615.08011
G1 X73.757 Y62.201 E615.10292
G1 X73.273 Y62.416 E615.12586
G1 X72.747 Y62.528 E615.14915
G1 X72.223 Y62.528 E615.17184
G1 X71.697 Y62.416 E615.19513
G1 X71.216 Y62.202 E615.21793
G1 X70.785 Y61.889 E615.241
G1 X70.427 Y61.492 E615.26415
G1 X70.164 Y61.035 E615.28698
G1 X69.998 Y60.526 E615.31017
G1 X69.943 Y60 E615.33307
G1 X69.998 Y59.474 E615.35597
G1 X70.164 Y58.965 E615.37916
G1 X70.427 Y58.508 E615.40199
G1 X70.785 Y58.111 E615.42514
G1 X71.216 Y57.798 E615.44821
G1 X71.697 Y57.584 E615.47101
G1 X72.223 Y57.472 E615.4943
G1 X72.747 Y57.472 E615.51699
G1 X72.772 Y57.478 E615.5181
G0 F1920 X73.273 Y57.584
M204 S2000
M205 X30 Y30
G0 F3600 X73.429 Y57.106
M204 S500
M205 X10 Y10
G1 F2400 X74.007 Y57.363 E615.5455
G1 X74.52 Y57.736 E615.57296
G1 X74.948 Y58.21 E615.60062
G1 X75.266 Y58.761 E615.62817
G1 X75.463 Y59.367 E615.65576
G1 X75.53 Y60 E615.68333
G1 X75.463 Y60.633 E615.7109
G1 X75.266 Y61.239 E615.73849
G1 X74.948 Y61.79 E615.76604
G1 X74.52 Y62.264 E615.7937
G1 X74.007 Y62.637 E615.82117
G1 X73.429 Y62.894 E615.84856
G1 X72.799 Y63.028 E615.87645
G1 X72.171 Y63.028 E615.90365
G1 X71.541 Y62.894 E615.93154
G1 X70.963 Y62.637 E615.95893
G1 X70.451 Y62.265 E615.98634
G1 X70.02 Y61.787 E616.01421
G1 X69.703 Y61.237 E616.04171
G1 X69.507 Y60.634 E616.06916
G1 X69.44 Y60 E616.09677
G1 X69.507 Y59.366 E616.12438
G1 X69.703 Y58.763 E616.15184
G1 X70.02 Y58.213 E616.17933
G1 X70.451 Y57.735 E616.2072
G1 X70.963 Y57.363 E616.23461
G1 X71.541 Y57.106 E616.262
G1 X72.171 Y56.972 E616.2899
G1 X72.799 Y56.972 E616.31709
G1 X72.929 Y57 E616.32285
G0 F1920 X73.429 Y57.106
M204 S2000
M205 X30 Y30
G0 F3600 X73.585 Y56.628
M204 S500
M205 X10 Y10
;TYPE:WALL-OUTER
G1 F1200 X74.257 Y56.927 E616.3547
G1 X74.857 Y57.363 E616.38682
G1 X75.355 Y57.915 E616.41902
G1 X75.726 Y58.558 E616.45117
G1 X75.954 Y59.26 E616.48313
G1 X76.032 Y60 E616.51535
G1 X75.954 Y60.74 E616.54758
G1 X75.726 Y61.442 E616.57954
G1 X75.355 Y62.085 E616.61169
G1 X74.857 Y62.637 E616.64388
G1 X74.257 Y63.073 E616.676
G1 X73.585 Y63.372 E616.70786
G1 X72.851 Y63.528 E616.74035
G1 X72.119 Y63.528 E616.77205
G1 X71.385 Y63.372 E616.80455
G1 X70.71 Y63.072 E616.83654
G1 X70.114 Y62.639 E616.86844
G1 X69.615 Y62.085 E616.90073
G1 X69.245 Y61.443 E616.93282
G1 X69.015 Y60.738 E616.96493
G1 X68.938 Y60 E616.99706
G1 X69.015 Y59.262 E617.0292
G1 X69.245 Y58.557 E617.06131
G1 X69.615 Y57.915 E617.0934
G1 X70.114 Y57.361 E617.12569
G1 X70.71 Y56.928 E617.15759
G1 X71.385 Y56.628 E617.18958
G1 X72.119 Y56.472 E617.22208
G1 X72.851 Y56.472 E617.25378
G1 X73.084 Y56.522 E617.2641
G0 F960 X73.585 Y56.628
M204 S2000
M205 X30 Y30
G0 F3600 X73.813 Y56.729
G0 X73.406 Y57.643
G1 F2700 E611.26410 ; Modi
;MESH:NONMESH
G0 F600 X73.406 Y57.643 Z18.8
G0 F3600 X70.036 Y58.224
G0 X68.793 Y57.51
G0 X52.95 Y58.224
G0 X51.515 Y58.224
G0 X46.135 Y57.922
;TIME_ELAPSED:749.204138
;LAYER:74
M204 S500
M205 X10 Y10
;TYPE:FILL
;MESH:RetractTower
G1 F2700 E617.2641
G1 F2400 X50.561 Y62.349 E617.53519
G1 X50.773 Y62.561
M204 S2000
M205 X30 Y30
G0 F3600 X50.835 Y60.265
M204 S500
M205 X10 Y10
G1 F2400 X48.369 Y57.799 E617.68622
G1 X48.157 Y57.587
M204 S2000
M205 X30 Y30
G0 F3600 X50.641 Y57.714
M204 S500
M205 X10 Y10
G1 F2400 X50.835 Y57.907 E617.69807
M204 S2000
M205 X30 Y30
G0 F3600 X48.204 Y62.349
M204 S500
M205 X10 Y10
G1 F2400 X46.135 Y60.28 E617.82478
G1 X45.923 Y60.068
M204 S2000
M205 X30 Y30
G0 F3600 X46.486 Y57.6
M204 S500
M205 X10 Y10
;TYPE:WALL-INNER
G1 F2400 X50.443 Y57.6 E617.99614
G1 X50.444 Y57.45 E618.00264
G1 X51.035 Y57.45 E618.02823
G1 X51.035 Y62.55 E618.24909
G1 X45.935 Y62.55 E618.46995
G1 X45.935 Y57.45 E618.69081
G1 X46.124 Y57.45 E618.69899
G0 F1920 X46.486 Y57.45
G0 X46.486 Y57.6
M204 S2000
M205 X30 Y30
G0 F3600 X46.986 Y57.1
M204 S500
M205 X10 Y10
G1 F2400 X49.946 Y57.1 E618.82718
G1 X49.947 Y56.95 E618.83368
G1 X51.535 Y56.95 E618.90245
G1 X51.535 Y63.05 E619.16661
G1 X45.435 Y63.05 E619.43078
G1 X45.435 Y56.95 E619.69494
G1 X46.624 Y56.95 E619.74643
G0 F1920 X46.986 Y56.95
G0 X46.986 Y57.1
M204 S2000
M205 X30 Y30
G0 F3600 X47.486 Y56.6
M204 S500
M205 X10 Y10
;TYPE:WALL-OUTER
G1 F1200 X49.449 Y56.6 E619.83144
G1 X49.45 Y56.45 E619.83794
G1 X52.035 Y56.45 E619.94988
G1 X52.035 Y63.55 E620.25735
G1 X44.935 Y63.55 E620.56482
G1 X44.935 Y56.45 E620.87229
G1 X47.124 Y56.45 E620.96709
G0 F960 X47.486 Y56.45
G0 X47.486 Y56.6
M204 S2000
M205 X30 Y30
G0 F3600 X47.736 Y56.6
G0 X47.736 Y57.6
G1 F2700 E614.96709 ; Modi
G0 F3600 X51.515 Y58.737
G0 X52.95 Y58.737
G0 X68.099 Y59.222
G0 X69.526 Y59.37
G0 X70.524 Y58.737
M204 S500
M205 X10 Y10
;TYPE:FILL
G1 F2700 E620.96709
G1 F2400 X73.747 Y61.96 E621.16448
G1 X73.959 Y62.172
M204 S2000
M205 X30 Y30
G0 F3600 X74.738 Y60.593
M204 S500
M205 X10 Y10
G1 F2400 X71.892 Y57.747 E621.33878
G1 X71.68 Y57.535
M204 S2000
M205 X30 Y30
G0 F3600 X70.329 Y60.899
M204 S500
M205 X10 Y10
G1 F2400 X71.572 Y62.142 E621.4149
G1 X71.784 Y62.354
M204 S2000
M205 X30 Y30
G0 F3600 X73.273 Y57.584
M204 S500
M205 X10 Y10
;TYPE:WALL-INNER
G1 F2400 X73.757 Y57.799 E621.43784
G1 X74.183 Y58.109 E621.46065
G1 X74.541 Y58.505 E621.48377
G1 X74.805 Y58.963 E621.50666
G1 X74.972 Y59.475 E621.52999
G1 X75.027 Y60 E621.55285
G1 X74.972 Y60.525 E621.57571
G1 X74.805 Y61.037 E621.59903
G1 X74.541 Y61.495 E621.62192
G1 X74.183 Y61.891 E621.64504
G1 X73.757 Y62.201 E621.66786
G1 X73.273 Y62.416 E621.69079
G1 X72.747 Y62.528 E621.71408
G1 X72.223 Y62.528 E621.73677
G1 X71.697 Y62.416 E621.76006
G1 X71.216 Y62.202 E621.78286
G1 X70.785 Y61.889 E621.80593
G1 X70.427 Y61.492 E621.82908
G1 X70.164 Y61.035 E621.85191
G1 X69.998 Y60.526 E621.8751
G1 X69.943 Y60 E621.898
G1 X69.998 Y59.474 E621.9209
G1 X70.164 Y58.965 E621.94409
G1 X70.427 Y58.508 E621.96692
G1 X70.785 Y58.111 E621.99007
G1 X71.216 Y57.798 E622.01314
G1 X71.697 Y57.584 E622.03594
G1 X72.223 Y57.472 E622.05923
G1 X72.747 Y57.472 E622.08192
G1 X72.772 Y57.478 E622.08303
G0 F1920 X73.273 Y57.584
M204 S2000
M205 X30 Y30
G0 F3600 X73.429 Y57.106
M204 S500
M205 X10 Y10
G1 F2400 X74.007 Y57.363 E622.11043
G1 X74.52 Y57.736 E622.13789
G1 X74.948 Y58.21 E622.16555
G1 X75.266 Y58.761 E622.1931
G1 X75.463 Y59.367 E622.2207
G1 X75.53 Y60 E622.24826
G1 X75.463 Y60.633 E622.27583
G1 X75.266 Y61.239 E622.30342
G1 X74.948 Y61.79 E622.33097
G1 X74.52 Y62.264 E622.35863
G1 X74.007 Y62.637 E622.3861
G1 X73.429 Y62.894 E622.41349
G1 X72.799 Y63.028 E622.44138
G1 X72.171 Y63.028 E622.46858
G1 X71.541 Y62.894 E622.49647
G1 X70.963 Y62.637 E622.52387
G1 X70.451 Y62.265 E622.55127
G1 X70.02 Y61.787 E622.57915
G1 X69.703 Y61.237 E622.60664
G1 X69.507 Y60.634 E622.6341
G1 X69.44 Y60 E622.6617
G1 X69.507 Y59.366 E622.68931
G1 X69.703 Y58.763 E622.71677
G1 X70.02 Y58.213 E622.74426
G1 X70.451 Y57.735 E622.77213
G1 X70.963 Y57.363 E622.79954
G1 X71.541 Y57.106 E622.82694
G1 X72.171 Y56.972 E622.85483
G1 X72.799 Y56.972 E622.88202
G1 X72.929 Y57 E622.88778
G0 F1920 X73.429 Y57.106
M204 S2000
M205 X30 Y30
G0 F3600 X73.585 Y56.628
M204 S500
M205 X10 Y10
;TYPE:WALL-OUTER
G1 F1200 X74.257 Y56.927 E622.91963
G1 X74.857 Y57.363 E622.95175
G1 X75.355 Y57.915 E622.98395
G1 X75.726 Y58.558 E623.0161
G1 X75.954 Y59.26 E623.04806
G1 X76.032 Y60 E623.08029
G1 X75.954 Y60.74 E623.11251
G1 X75.726 Y61.442 E623.14447
G1 X75.355 Y62.085 E623.17662
G1 X74.857 Y62.637 E623.20882
G1 X74.257 Y63.073 E623.24094
G1 X73.585 Y63.372 E623.27279
G1 X72.851 Y63.528 E623.30528
G1 X72.119 Y63.528 E623.33698
G1 X71.385 Y63.372 E623.36948
G1 X70.71 Y63.072 E623.40147
G1 X70.114 Y62.639 E623.43337
G1 X69.615 Y62.085 E623.46566
G1 X69.245 Y61.443 E623.49775
G1 X69.015 Y60.738 E623.52986
G1 X68.938 Y60 E623.562
G1 X69.015 Y59.262 E623.59413
G1 X69.245 Y58.557 E623.62624
G1 X69.615 Y57.915 E623.65833
G1 X70.114 Y57.361 E623.69062
G1 X70.71 Y56.928 E623.72252
G1 X71.385 Y56.628 E623.75451
G1 X72.119 Y56.472 E623.78701
G1 X72.851 Y56.472 E623.81871
G1 X73.084 Y56.522 E623.82903
G0 F960 X73.585 Y56.628
M204 S2000
M205 X30 Y30
G0 F3600 X73.813 Y56.729
G0 X73.406 Y57.643
G1 F2700 E617.82903 ; Modi
;MESH:NONMESH
G0 F600 X73.406 Y57.643 Z19.05
G0 F3600 X70.036 Y58.224
G0 X68.793 Y57.51
G0 X52.95 Y58.224
G0 X51.515 Y58.224
G0 X48.054 Y57.798
;TIME_ELAPSED:757.653943
;LAYER:75
M204 S500
M205 X10 Y10
;TYPE:FILL
;MESH:RetractTower
G1 F2700 E623.82903
G1 F2400 X46.135 Y59.718 E623.94659
G1 X45.923 Y59.93
M204 S2000
M205 X30 Y30
G0 F3600 X46.135 Y62.076
M204 S500
M205 X10 Y10
G1 F2400 X50.412 Y57.798 E624.20856
G1 X50.624 Y57.586
M204 S2000
M205 X30 Y30
G0 F3600 X50.834 Y59.734
M204 S500
M205 X10 Y10
G1 F2400 X48.219 Y62.349 E624.36871
G1 X48.007 Y62.561
M204 S2000
M205 X30 Y30
G0 F3600 X50.577 Y62.349
M204 S500
M205 X10 Y10
G1 F2400 X50.834 Y62.091 E624.38448
M204 S2000
M205 X30 Y30
G0 F3600 X50.753 Y57.6
M204 S500
M205 X10 Y10
;TYPE:WALL-INNER
G1 F2400 X50.753 Y57.45 E624.39097
G1 X51.035 Y57.45 E624.40319
G1 X51.035 Y62.55 E624.62404
G1 X45.935 Y62.55 E624.8449
G1 X45.935 Y57.45 E625.06576
G1 X46.257 Y57.45 E625.07971
G1 X46.264 Y57.6 E625.08621
G1 X50.241 Y57.6 E625.25844
G0 F1920 X50.753 Y57.6
M204 S2000
M205 X30 Y30
G0 F3600 X50.253 Y57.1
M204 S500
M205 X10 Y10
G1 F2400 X50.253 Y56.95 E625.26493
G1 X51.535 Y56.95 E625.32045
G1 X51.535 Y63.05 E625.58462
G1 X45.435 Y63.05 E625.84878
G1 X45.435 Y56.95 E626.11295
G1 X46.734 Y56.95 E626.1692
G1 X46.741 Y57.1 E626.1757
G1 X49.741 Y57.1 E626.30562
G0 F1920 X50.253 Y57.1
M204 S2000
M205 X30 Y30
G0 F3600 X49.753 Y56.6
M204 S500
M205 X10 Y10
;TYPE:WALL-OUTER
G1 F1200 X49.753 Y56.45 E626.31212
G1 X52.035 Y56.45 E626.41094
G1 X52.035 Y63.55 E626.71841
G1 X44.935 Y63.55 E627.02588
G1 X44.935 Y56.45 E627.33335
G1 X47.211 Y56.45 E627.43192
G1 X47.218 Y56.6 E627.43842
G1 X49.241 Y56.6 E627.52603
G0 F960 X49.753 Y56.6
M204 S2000
M205 X30 Y30
G0 F3600 X49.753 Y56.45
G0 X49.853 Y56.45
G0 X50.606 Y57.45
G1 F2700 E621.52603 ; Modi
G0 F3600 X51.515 Y59.097
G0 X52.95 Y59.097
G0 X68.034 Y59.852
G0 X69.46 Y60
G0 X70.331 Y59.097
M204 S500
M205 X10 Y10
;TYPE:FILL
G1 F2700 E627.52603
G1 F2400 X71.571 Y57.856 E627.602
G1 X71.783 Y57.644
M204 S2000
M205 X30 Y30
G0 F3600 X73.747 Y58.038
M204 S500
M205 X10 Y10
G1 F2400 X70.524 Y61.261 E627.79939
G1 X70.312 Y61.473
M204 S2000
M205 X30 Y30
G0 F3600 X71.89 Y62.252
M204 S500
M205 X10 Y10
G1 F2400 X74.737 Y59.406 E627.97372
G1 X74.949 Y59.194
M204 S2000
M205 X30 Y30
G0 F3600 X73.273 Y57.584
M204 S500
M205 X10 Y10
;TYPE:WALL-INNER
G1 F2400 X73.757 Y57.799 E627.99665
G1 X74.183 Y58.109 E628.01947
G1 X74.541 Y58.505 E628.04259
G1 X74.805 Y58.963 E628.06548
G1 X74.972 Y59.475 E628.0888
G1 X75.027 Y60 E628.11166
G1 X74.972 Y60.525 E628.13452
G1 X74.805 Y61.037 E628.15784
G1 X74.541 Y61.495 E628.18074
G1 X74.183 Y61.891 E628.20385
G1 X73.757 Y62.201 E628.22667
G1 X73.273 Y62.416 E628.24961
G1 X72.747 Y62.528 E628.27289
G1 X72.223 Y62.528 E628.29559
G1 X71.697 Y62.416 E628.31888
G1 X71.216 Y62.202 E628.34167
G1 X70.785 Y61.889 E628.36474
G1 X70.427 Y61.492 E628.38789
G1 X70.164 Y61.035 E628.41073
G1 X69.998 Y60.526 E628.43391
G1 X69.943 Y60 E628.45681
G1 X69.998 Y59.474 E628.47972
G1 X70.164 Y58.965 E628.5029
G1 X70.427 Y58.508 E628.52574
G1 X70.785 Y58.111 E628.54889
G1 X71.216 Y57.798 E628.57195
G1 X71.697 Y57.584 E628.59475
G1 X72.223 Y57.472 E628.61804
G1 X72.747 Y57.472 E628.64073
G1 X72.772 Y57.478 E628.64185
G0 F1920 X73.273 Y57.584
M204 S2000
M205 X30 Y30
G0 F3600 X73.429 Y57.106
M204 S500
M205 X10 Y10
G1 F2400 X74.007 Y57.363 E628.66924
G1 X74.52 Y57.736 E628.69671
G1 X74.948 Y58.21 E628.72437
G1 X75.266 Y58.761 E628.75192
G1 X75.463 Y59.367 E628.77951
G1 X75.53 Y60 E628.80708
G1 X75.463 Y60.633 E628.83464
G1 X75.266 Y61.239 E628.86224
G1 X74.948 Y61.79 E628.88979
G1 X74.52 Y62.264 E628.91744
G1 X74.007 Y62.637 E628.94491
G1 X73.429 Y62.894 E628.97231
G1 X72.799 Y63.028 E629.0002
G1 X72.171 Y63.028 E629.02739
G1 X71.541 Y62.894 E629.05529
G1 X70.963 Y62.637 E629.08268
G1 X70.451 Y62.265 E629.11009
G1 X70.02 Y61.787 E629.13796
G1 X69.703 Y61.237 E629.16545
G1 X69.507 Y60.634 E629.19291
G1 X69.44 Y60 E629.22052
G1 X69.507 Y59.366 E629.24813
G1 X69.703 Y58.763 E629.27559
G1 X70.02 Y58.213 E629.30308
G1 X70.451 Y57.735 E629.33095
G1 X70.963 Y57.363 E629.35836
G1 X71.541 Y57.106 E629.38575
G1 X72.171 Y56.972 E629.41364
G1 X72.799 Y56.972 E629.44084
G1 X72.929 Y57 E629.4466
G0 F1920 X73.429 Y57.106
M204 S2000
M205 X30 Y30
G0 F3600 X73.585 Y56.628
M204 S500
M205 X10 Y10
;TYPE:WALL-OUTER
G1 F1200 X74.257 Y56.927 E629.47845
G1 X74.857 Y57.363 E629.51057
G1 X75.355 Y57.915 E629.54276
G1 X75.726 Y58.558 E629.57491
G1 X75.954 Y59.26 E629.60688
G1 X76.032 Y60 E629.6391
G1 X75.954 Y60.74 E629.67132
G1 X75.726 Y61.442 E629.70329
G1 X75.355 Y62.085 E629.73544
G1 X74.857 Y62.637 E629.76763
G1 X74.257 Y63.073 E629.79975
G1 X73.585 Y63.372 E629.8316
G1 X72.851 Y63.528 E629.8641
G1 X72.119 Y63.528 E629.8958
G1 X71.385 Y63.372 E629.92829
G1 X70.71 Y63.072 E629.96028
G1 X70.114 Y62.639 E629.99219
G1 X69.615 Y62.085 E630.02447
G1 X69.245 Y61.443 E630.05656
G1 X69.015 Y60.738 E630.08868
G1 X68.938 Y60 E630.12081
G1 X69.015 Y59.262 E630.15294
G1 X69.245 Y58.557 E630.18506
G1 X69.615 Y57.915 E630.21715
G1 X70.114 Y57.361 E630.24944
G1 X70.71 Y56.928 E630.28134
G1 X71.385 Y56.628 E630.31333
G1 X72.119 Y56.472 E630.34582
G1 X72.851 Y56.472 E630.37752
G1 X73.084 Y56.522 E630.38784
G0 F960 X73.585 Y56.628
M204 S2000
M205 X30 Y30
G0 F3600 X73.813 Y56.729
G0 X73.406 Y57.643
G1 F2700 E624.38784 ; Modi
;MESH:NONMESH
G0 F600 X73.406 Y57.643 Z19.3
G0 F3600 X70.036 Y58.224
G0 X68.793 Y57.51
G0 X52.95 Y58.224
G0 X51.515 Y58.224
G0 X46.135 Y57.922
;TIME_ELAPSED:765.946417
;LAYER:76
M204 S500
M205 X10 Y10
;TYPE:FILL
;MESH:RetractTower
G1 F2700 E630.38784
G1 F2400 X50.561 Y62.349 E630.65894
G1 X50.773 Y62.561
M204 S2000
M205 X30 Y30
G0 F3600 X50.835 Y60.265
M204 S500
M205 X10 Y10
G1 F2400 X48.369 Y57.799 E630.80996
G1 X48.157 Y57.587
M204 S2000
M205 X30 Y30
G0 F3600 X50.727 Y57.799
M204 S500
M205 X10 Y10
G1 F2400 X50.835 Y57.907 E630.81658
M204 S2000
M205 X30 Y30
G0 F3600 X48.204 Y62.349
M204 S500
M205 X10 Y10
G1 F2400 X46.135 Y60.28 E630.94329
G1 X45.923 Y60.068
M204 S2000
M205 X30 Y30
G0 F3600 X46.068 Y57.6
M204 S500
M205 X10 Y10
;TYPE:WALL-INNER
G1 F2400 X50.748 Y57.6 E631.14596
G1 X50.766 Y57.45 E631.15251
G1 X51.035 Y57.45 E631.16415
G1 X51.035 Y62.55 E631.38501
G1 X45.935 Y62.55 E631.60587
G1 X45.935 Y57.68 E631.81677
G0 F1920 X45.935 Y57.45
G0 X46.067 Y57.45
G0 X46.068 Y57.6
M204 S2000
M205 X30 Y30
G0 F3600 X46.565 Y57.1
M204 S500
M205 X10 Y10
G1 F2400 X50.304 Y57.1 E631.97869
G1 X50.322 Y56.95 E631.98523
G1 X51.535 Y56.95 E632.03776
G1 X51.535 Y63.05 E632.30193
G1 X45.435 Y63.05 E632.56609
G1 X45.435 Y56.95 E632.83026
G1 X46.202 Y56.95 E632.86347
G0 F1920 X46.564 Y56.95
G0 X46.565 Y57.1
M204 S2000
M205 X30 Y30
G0 F3600 X47.062 Y56.6
M204 S500
M205 X10 Y10
;TYPE:WALL-OUTER
G1 F1200 X49.86 Y56.6 E632.98464
G1 X49.878 Y56.45 E632.99119
G1 X52.035 Y56.45 E633.0846
G1 X52.035 Y63.55 E633.39207
G1 X44.935 Y63.55 E633.69954
G1 X44.935 Y56.45 E634.00701
G1 X46.699 Y56.45 E634.0834
G0 F960 X47.061 Y56.45
G0 X47.062 Y56.6
M204 S2000
M205 X30 Y30
G0 F3600 X47.312 Y56.6
G0 X47.312 Y57.6
G1 F2700 E628.08340 ; Modi
G0 F3600 X51.515 Y58.737
G0 X52.95 Y58.737
G0 X68.099 Y59.222
G0 X69.526 Y59.37
G0 X70.524 Y58.737
M204 S500
M205 X10 Y10
;TYPE:FILL
G1 F2700 E634.0834
G1 F2400 X73.747 Y61.96 E634.28079
G1 X73.959 Y62.172
M204 S2000
M205 X30 Y30
G0 F3600 X74.738 Y60.593
M204 S500
M205 X10 Y10
G1 F2400 X71.892 Y57.747 E634.45509
G1 X71.68 Y57.535
M204 S2000
M205 X30 Y30
G0 F3600 X70.329 Y60.899
M204 S500
M205 X10 Y10
G1 F2400 X71.572 Y62.142 E634.53121
G1 X71.784 Y62.354
M204 S2000
M205 X30 Y30
G0 F3600 X73.273 Y57.584
M204 S500
M205 X10 Y10
;TYPE:WALL-INNER
G1 F2400 X73.757 Y57.799 E634.55415
G1 X74.183 Y58.109 E634.57696
G1 X74.541 Y58.505 E634.60008
G1 X74.805 Y58.963 E634.62298
G1 X74.972 Y59.475 E634.6463
G1 X75.027 Y60 E634.66916
G1 X74.972 Y60.525 E634.69202
G1 X74.805 Y61.037 E634.71534
G1 X74.541 Y61.495 E634.73823
G1 X74.183 Y61.891 E634.76135
G1 X73.757 Y62.201 E634.78417
G1 X73.273 Y62.416 E634.8071
G1 X72.747 Y62.528 E634.83039
G1 X72.223 Y62.528 E634.85308
G1 X71.697 Y62.416 E634.87637
G1 X71.216 Y62.202 E634.89917
G1 X70.785 Y61.889 E634.92224
G1 X70.427 Y61.492 E634.94539
G1 X70.164 Y61.035 E634.96822
G1 X69.998 Y60.526 E634.99141
G1 X69.943 Y60 E635.01431
G1 X69.998 Y59.474 E635.03721
G1 X70.164 Y58.965 E635.0604
G1 X70.427 Y58.508 E635.08323
G1 X70.785 Y58.111 E635.10638
G1 X71.216 Y57.798 E635.12945
G1 X71.697 Y57.584 E635.15225
G1 X72.223 Y57.472 E635.17554
G1 X72.747 Y57.472 E635.19823
G1 X72.772 Y57.478 E635.19934
G0 F1920 X73.273 Y57.584
M204 S2000
M205 X30 Y30
G0 F3600 X73.429 Y57.106
M204 S500
M205 X10 Y10
G1 F2400 X74.007 Y57.363 E635.22674
G1 X74.52 Y57.736 E635.25421
G1 X74.948 Y58.21 E635.28186
G1 X75.266 Y58.761 E635.30941
G1 X75.463 Y59.367 E635.33701
G1 X75.53 Y60 E635.36457
G1 X75.463 Y60.633 E635.39214
G1 X75.266 Y61.239 E635.41973
G1 X74.948 Y61.79 E635.44728
G1 X74.52 Y62.264 E635.47494
G1 X74.007 Y62.637 E635.50241
G1 X73.429 Y62.894 E635.5298
G1 X72.799 Y63.028 E635.5577
G1 X72.171 Y63.028 E635.58489
G1 X71.541 Y62.894 E635.61278
G1 X70.963 Y62.637 E635.64018
G1 X70.451 Y62.265 E635.66758
G1 X70.02 Y61.787 E635.69546
G1 X69.703 Y61.237 E635.72295
G1 X69.507 Y60.634 E635.75041
G1 X69.44 Y60 E635.77802
G1 X69.507 Y59.366 E635.80562
G1 X69.703 Y58.763 E635.83308
G1 X70.02 Y58.213 E635.86057
G1 X70.451 Y57.735 E635.88845
G1 X70.963 Y57.363 E635.91585
G1 X71.541 Y57.106 E635.94325
G1 X72.171 Y56.972 E635.97114
G1 X72.799 Y56.972 E635.99834
G1 X72.929 Y57 E636.00409
G0 F1920 X73.429 Y57.106
M204 S2000
M205 X30 Y30
G0 F3600 X73.585 Y56.628
M204 S500
M205 X10 Y10
;TYPE:WALL-OUTER
G1 F1200 X74.257 Y56.927 E636.03595
G1 X74.857 Y57.363 E636.06807
G1 X75.355 Y57.915 E636.10026
G1 X75.726 Y58.558 E636.13241
G1 X75.954 Y59.26 E636.16437
G1 X76.032 Y60 E636.1966
G1 X75.954 Y60.74 E636.22882
G1 X75.726 Y61.442 E636.26078
G1 X75.355 Y62.085 E636.29293
G1 X74.857 Y62.637 E636.32513
G1 X74.257 Y63.073 E636.35725
G1 X73.585 Y63.372 E636.3891
G1 X72.851 Y63.528 E636.4216
G1 X72.119 Y63.528 E636.4533
G1 X71.385 Y63.372 E636.48579
G1 X70.71 Y63.072 E636.51778
G1 X70.114 Y62.639 E636.54968
G1 X69.615 Y62.085 E636.58197
G1 X69.245 Y61.443 E636.61406
G1 X69.015 Y60.738 E636.64617
G1 X68.938 Y60 E636.67831
G1 X69.015 Y59.262 E636.71044
G1 X69.245 Y58.557 E636.74255
G1 X69.615 Y57.915 E636.77464
G1 X70.114 Y57.361 E636.80693
G1 X70.71 Y56.928 E636.83884
G1 X71.385 Y56.628 E636.87082
G1 X72.119 Y56.472 E636.90332
G1 X72.851 Y56.472 E636.93502
G1 X73.084 Y56.522 E636.94534
G0 F960 X73.585 Y56.628
M204 S2000
M205 X30 Y30
G0 F3600 X73.813 Y56.729
G0 X73.406 Y57.643
G1 F2700 E630.94534 ; Modi
;MESH:NONMESH
G0 F600 X73.406 Y57.643 Z19.55
G0 F3600 X70.036 Y58.224
G0 X68.793 Y57.51
G0 X52.95 Y58.224
G0 X51.515 Y58.224
G0 X48.054 Y57.798
;TIME_ELAPSED:774.349896
;LAYER:77
M204 S500
M205 X10 Y10
;TYPE:FILL
;MESH:RetractTower
G1 F2700 E636.94534
G1 F2400 X46.135 Y59.718 E637.0629
G1 X45.923 Y59.93
M204 S2000
M205 X30 Y30
G0 F3600 X46.135 Y62.076
M204 S500
M205 X10 Y10
G1 F2400 X50.412 Y57.798 E637.32487
G1 X50.624 Y57.586
M204 S2000
M205 X30 Y30
G0 F3600 X50.834 Y59.734
M204 S500
M205 X10 Y10
G1 F2400 X48.219 Y62.349 E637.48502
G1 X48.007 Y62.561
M204 S2000
M205 X30 Y30
G0 F3600 X50.577 Y62.349
M204 S500
M205 X10 Y10
G1 F2400 X50.834 Y62.091 E637.50079
M204 S2000
M205 X30 Y30
G0 F3600 X50.979 Y57.6
M204 S500
M205 X10 Y10
;TYPE:WALL-INNER
G1 F2400 X50.979 Y57.45 E637.50728
G1 X51.035 Y57.45 E637.50971
G1 X51.035 Y62.55 E637.73057
G1 X45.935 Y62.55 E637.95143
G1 X45.935 Y57.45 E638.17229
G1 X46.004 Y57.45 E638.17528
G1 X46.005 Y57.6 E638.18177
G1 X50.467 Y57.6 E638.375
G0 F1920 X50.979 Y57.6
M204 S2000
M205 X30 Y30
G0 F3600 X50.479 Y57.1
M204 S500
M205 X10 Y10
G1 F2400 X50.479 Y56.95 E638.3815
G1 X51.535 Y56.95 E638.42723
G1 X51.535 Y63.05 E638.69139
G1 X45.435 Y63.05 E638.95556
G1 X45.435 Y56.95 E639.21972
G1 X46.501 Y56.95 E639.26589
G1 X46.502 Y57.1 E639.27238
G1 X49.967 Y57.1 E639.42244
G0 F1920 X50.479 Y57.1
M204 S2000
M205 X30 Y30
G0 F3600 X49.979 Y56.6
M204 S500
M205 X10 Y10
;TYPE:WALL-OUTER
G1 F1200 X49.979 Y56.45 E639.42893
G1 X52.035 Y56.45 E639.51797
G1 X52.035 Y63.55 E639.82544
G1 X44.935 Y63.55 E640.13291
G1 X44.935 Y56.45 E640.44038
G1 X46.998 Y56.45 E640.52972
G1 X46.999 Y56.6 E640.53622
G1 X49.467 Y56.6 E640.6431
G0 F960 X49.979 Y56.6
M204 S2000
M205 X30 Y30
G0 F3600 X49.979 Y56.45
G0 X50.079 Y56.45
G0 X50.832 Y57.45
G1 F2700 E634.64310 ; Modi
G0 F3600 X51.515 Y59.097
G0 X52.95 Y59.097
G0 X68.034 Y59.852
G0 X69.46 Y60
G0 X70.331 Y59.097
M204 S500
M205 X10 Y10
;TYPE:FILL
G1 F2700 E640.6431
G1 F2400 X71.571 Y57.856 E640.71907
G1 X71.783 Y57.644
M204 S2000
M205 X30 Y30
G0 F3600 X73.747 Y58.038
M204 S500
M205 X10 Y10
G1 F2400 X70.524 Y61.261 E640.91646
G1 X70.312 Y61.473
M204 S2000
M205 X30 Y30
G0 F3600 X71.89 Y62.252
M204 S500
M205 X10 Y10
G1 F2400 X74.737 Y59.406 E641.09079
G1 X74.949 Y59.194
M204 S2000
M205 X30 Y30
G0 F3600 X73.273 Y57.584
M204 S500
M205 X10 Y10
;TYPE:WALL-INNER
G1 F2400 X73.757 Y57.799 E641.11372
G1 X74.183 Y58.109 E641.13654
G1 X74.541 Y58.505 E641.15966
G1 X74.805 Y58.963 E641.18255
G1 X74.972 Y59.475 E641.20587
G1 X75.027 Y60 E641.22873
G1 X74.972 Y60.525 E641.25159
G1 X74.805 Y61.037 E641.27491
G1 X74.541 Y61.495 E641.29781
G1 X74.183 Y61.891 E641.32092
G1 X73.757 Y62.201 E641.34374
G1 X73.273 Y62.416 E641.36667
G1 X72.747 Y62.528 E641.38996
G1 X72.223 Y62.528 E641.41266
G1 X71.697 Y62.416 E641.43595
G1 X71.216 Y62.202 E641.45874
G1 X70.785 Y61.889 E641.48181
G1 X70.427 Y61.492 E641.50496
G1 X70.164 Y61.035 E641.5278
G1 X69.998 Y60.526 E641.55098
G1 X69.943 Y60 E641.57388
G1 X69.998 Y59.474 E641.59679
G1 X70.164 Y58.965 E641.61997
G1 X70.427 Y58.508 E641.64281
G1 X70.785 Y58.111 E641.66596
G1 X71.216 Y57.798 E641.68902
G1 X71.697 Y57.584 E641.71182
G1 X72.223 Y57.472 E641.73511
G1 X72.747 Y57.472 E641.7578
G1 X72.772 Y57.478 E641.75892
G0 F1920 X73.273 Y57.584
M204 S2000
M205 X30 Y30
G0 F3600 X73.429 Y57.106
M204 S500
M205 X10 Y10
G1 F2400 X74.007 Y57.363 E641.78631
G1 X74.52 Y57.736 E641.81378
G1 X74.948 Y58.21 E641.84144
G1 X75.266 Y58.761 E641.86899
G1 X75.463 Y59.367 E641.89658
G1 X75.53 Y60 E641.92415
G1 X75.463 Y60.633 E641.95171
G1 X75.266 Y61.239 E641.97931
G1 X74.948 Y61.79 E642.00686
G1 X74.52 Y62.264 E642.03451
G1 X74.007 Y62.637 E642.06198
G1 X73.429 Y62.894 E642.08938
G1 X72.799 Y63.028 E642.11727
G1 X72.171 Y63.028 E642.14446
G1 X71.541 Y62.894 E642.17236
G1 X70.963 Y62.637 E642.19975
G1 X70.451 Y62.265 E642.22716
G1 X70.02 Y61.787 E642.25503
G1 X69.703 Y61.237 E642.28252
G1 X69.507 Y60.634 E642.30998
G1 X69.44 Y60 E642.33759
G1 X69.507 Y59.366 E642.3652
G1 X69.703 Y58.763 E642.39266
G1 X70.02 Y58.213 E642.42015
G1 X70.451 Y57.735 E642.44802
G1 X70.963 Y57.363 E642.47543
G1 X71.541 Y57.106 E642.50282
G1 X72.171 Y56.972 E642.53071
G1 X72.799 Y56.972 E642.55791
G1 X72.929 Y57 E642.56367
G0 F1920 X73.429 Y57.106
M204 S2000
M205 X30 Y30
G0 F3600 X73.585 Y56.628
M204 S500
M205 X10 Y10
;TYPE:WALL-OUTER
G1 F1200 X74.257 Y56.927 E642.59552
G1 X74.857 Y57.363 E642.62764
G1 X75.355 Y57.915 E642.65983
G1 X75.726 Y58.558 E642.69198
G1 X75.954 Y59.26 E642.72395
G1 X76.032 Y60 E642.75617
G1 X75.954 Y60.74 E642.78839
G1 X75.726 Y61.442 E642.82036
G1 X75.355 Y62.085 E642.85251
G1 X74.857 Y62.637 E642.8847
G1 X74.257 Y63.073 E642.91682
G1 X73.585 Y63.372 E642.94867
G1 X72.851 Y63.528 E642.98117
G1 X72.119 Y63.528 E643.01287
G1 X71.385 Y63.372 E643.04536
G1 X70.71 Y63.072 E643.07735
G1 X70.114 Y62.639 E643.10926
G1 X69.615 Y62.085 E643.14154
G1 X69.245 Y61.443 E643.17363
G1 X69.015 Y60.738 E643.20575
G1 X68.938 Y60 E643.23788
G1 X69.015 Y59.262 E643.27001
G1 X69.245 Y58.557 E643.30213
G1 X69.615 Y57.915 E643.33422
G1 X70.114 Y57.361 E643.36651
G1 X70.71 Y56.928 E643.39841
G1 X71.385 Y56.628 E643.4304
G1 X72.119 Y56.472 E643.46289
G1 X72.851 Y56.472 E643.49459
G1 X73.084 Y56.522 E643.50491
G0 F960 X73.585 Y56.628
M204 S2000
M205 X30 Y30
G0 F3600 X73.813 Y56.729
G0 X73.406 Y57.643
G1 F2700 E637.50491 ; Modi
;MESH:NONMESH
G0 F600 X73.406 Y57.643 Z19.8
G0 F3600 X70.036 Y58.224
G0 X68.793 Y57.51
G0 X52.95 Y58.224
G0 X51.515 Y58.224
G0 X46.135 Y57.922
;TIME_ELAPSED:782.608489
;LAYER:78
M204 S500
M205 X10 Y10
;TYPE:FILL
;MESH:RetractTower
G1 F2700 E643.50491
G1 F2400 X50.561 Y62.349 E643.77601
G1 X50.773 Y62.561
M204 S2000
M205 X30 Y30
G0 F3600 X50.835 Y60.265
M204 S500
M205 X10 Y10
G1 F2400 X48.368 Y57.798 E643.9271
G1 X48.156 Y57.586
M204 S2000
M205 X30 Y30
G0 F3600 X50.726 Y57.798
M204 S500
M205 X10 Y10
G1 F2400 X50.835 Y57.907 E643.93377
M204 S2000
M205 X30 Y30
G0 F3600 X48.204 Y62.349
M204 S500
M205 X10 Y10
G1 F2400 X46.135 Y60.28 E644.06048
G1 X45.923 Y60.068
M204 S2000
M205 X30 Y30
G0 F3600 X47.478 Y57.6
M204 S500
M205 X10 Y10
;TYPE:WALL-INNER
G1 F2400 X50.978 Y57.6 E644.21205
G1 X50.979 Y57.45 E644.21855
G1 X51.035 Y57.45 E644.22098
G1 X51.035 Y62.55 E644.44183
G1 X45.935 Y62.55 E644.66269
G1 X45.935 Y57.45 E644.88355
G1 X47.115 Y57.45 E644.93465
G0 F1920 X47.477 Y57.45
G0 X47.478 Y57.6
M204 S2000
M205 X30 Y30
G0 F3600 X47.975 Y57.1
M204 S500
M205 X10 Y10
G1 F2400 X50.481 Y57.1 E645.04318
G1 X50.482 Y56.95 E645.04967
G1 X51.535 Y56.95 E645.09527
G1 X51.535 Y63.05 E645.35944
G1 X45.435 Y63.05 E645.6236
G1 X45.435 Y56.95 E645.88777
G1 X47.612 Y56.95 E645.98205
G0 F1920 X47.974 Y56.95
G0 X47.975 Y57.1
M204 S2000
M205 X30 Y30
G0 F3600 X48.472 Y56.6
M204 S500
M205 X10 Y10
;TYPE:WALL-OUTER
G1 F1200 X49.984 Y56.6 E646.04752
G1 X49.985 Y56.45 E646.05402
G1 X52.035 Y56.45 E646.1428
G1 X52.035 Y63.55 E646.45027
G1 X44.935 Y63.55 E646.75774
G1 X44.935 Y56.45 E647.06521
G1 X48.109 Y56.45 E647.20266
G0 F960 X48.471 Y56.45
G0 X48.472 Y56.6
M204 S2000
M205 X30 Y30
G0 F3600 X48.722 Y56.6
G0 X48.722 Y57.6
G1 F2700 E641.20266 ; Modi
G0 F3600 X51.515 Y58.737
G0 X52.95 Y58.737
G0 X68.099 Y59.222
G0 X69.526 Y59.37
G0 X70.524 Y58.737
M204 S500
M205 X10 Y10
;TYPE:FILL
G1 F2700 E647.20266
G1 F2400 X73.747 Y61.96 E647.40005
G1 X73.959 Y62.172
M204 S2000
M205 X30 Y30
G0 F3600 X74.738 Y60.593
M204 S500
M205 X10 Y10
G1 F2400 X71.892 Y57.747 E647.57435
G1 X71.68 Y57.535
M204 S2000
M205 X30 Y30
G0 F3600 X70.329 Y60.899
M204 S500
M205 X10 Y10
G1 F2400 X71.572 Y62.142 E647.65047
G1 X71.784 Y62.354
M204 S2000
M205 X30 Y30
G0 F3600 X73.273 Y57.584
M204 S500
M205 X10 Y10
;TYPE:WALL-INNER
G1 F2400 X73.757 Y57.799 E647.67341
G1 X74.183 Y58.109 E647.69623
G1 X74.541 Y58.505 E647.71934
G1 X74.805 Y58.963 E647.74224
G1 X74.972 Y59.475 E647.76556
G1 X75.027 Y60 E647.78842
G1 X74.972 Y60.525 E647.81128
G1 X74.805 Y61.037 E647.8346
G1 X74.541 Y61.495 E647.85749
G1 X74.183 Y61.891 E647.88061
G1 X73.757 Y62.201 E647.90343
G1 X73.273 Y62.416 E647.92636
G1 X72.747 Y62.528 E647.94965
G1 X72.223 Y62.528 E647.97234
G1 X71.697 Y62.416 E647.99563
G1 X71.216 Y62.202 E648.01843
G1 X70.785 Y61.889 E648.0415
G1 X70.427 Y61.492 E648.06465
G1 X70.164 Y61.035 E648.08748
G1 X69.998 Y60.526 E648.11067
G1 X69.943 Y60 E648.13357
G1 X69.998 Y59.474 E648.15648
G1 X70.164 Y58.965 E648.17966
G1 X70.427 Y58.508 E648.2025
G1 X70.785 Y58.111 E648.22565
G1 X71.216 Y57.798 E648.24871
G1 X71.697 Y57.584 E648.27151
G1 X72.223 Y57.472 E648.2948
G1 X72.747 Y57.472 E648.31749
G1 X72.772 Y57.478 E648.31861
G0 F1920 X73.273 Y57.584
M204 S2000
M205 X30 Y30
G0 F3600 X73.429 Y57.106
M204 S500
M205 X10 Y10
G1 F2400 X74.007 Y57.363 E648.346
G1 X74.52 Y57.736 E648.37347
G1 X74.948 Y58.21 E648.40112
G1 X75.266 Y58.761 E648.42867
G1 X75.463 Y59.367 E648.45627
G1 X75.53 Y60 E648.48384
G1 X75.463 Y60.633 E648.5114
G1 X75.266 Y61.239 E648.539
G1 X74.948 Y61.79 E648.56655
G1 X74.52 Y62.264 E648.5942
G1 X74.007 Y62.637 E648.62167
G1 X73.429 Y62.894 E648.64906
G1 X72.799 Y63.028 E648.67696
G1 X72.171 Y63.028 E648.70415
G1 X71.541 Y62.894 E648.73205
G1 X70.963 Y62.637 E648.75944
G1 X70.451 Y62.265 E648.78685
G1 X70.02 Y61.787 E648.81472
G1 X69.703 Y61.237 E648.84221
G1 X69.507 Y60.634 E648.86967
G1 X69.44 Y60 E648.89728
G1 X69.507 Y59.366 E648.92489
G1 X69.703 Y58.763 E648.95234
G1 X70.02 Y58.213 E648.97983
G1 X70.451 Y57.735 E649.00771
G1 X70.963 Y57.363 E649.03511
G1 X71.541 Y57.106 E649.06251
G1 X72.171 Y56.972 E649.0904
G1 X72.799 Y56.972 E649.1176
G1 X72.929 Y57 E649.12336
G0 F1920 X73.429 Y57.106
M204 S2000
M205 X30 Y30
G0 F3600 X73.585 Y56.628
M204 S500
M205 X10 Y10
;TYPE:WALL-OUTER
G1 F1200 X74.257 Y56.927 E649.15521
G1 X74.857 Y57.363 E649.18733
G1 X75.355 Y57.915 E649.21952
G1 X75.726 Y58.558 E649.25167
G1 X75.954 Y59.26 E649.28363
G1 X76.032 Y60 E649.31586
G1 X75.954 Y60.74 E649.34808
G1 X75.726 Y61.442 E649.38005
G1 X75.355 Y62.085 E649.41219
G1 X74.857 Y62.637 E649.44439
G1 X74.257 Y63.073 E649.47651
G1 X73.585 Y63.372 E649.50836
G1 X72.851 Y63.528 E649.54086
G1 X72.119 Y63.528 E649.57256
G1 X71.385 Y63.372 E649.60505
G1 X70.71 Y63.072 E649.63704
G1 X70.114 Y62.639 E649.66894
G1 X69.615 Y62.085 E649.70123
G1 X69.245 Y61.443 E649.73332
G1 X69.015 Y60.738 E649.76544
G1 X68.938 Y60 E649.79757
G1 X69.015 Y59.262 E649.8297
G1 X69.245 Y58.557 E649.86182
G1 X69.615 Y57.915 E649.89391
G1 X70.114 Y57.361 E649.92619
G1 X70.71 Y56.928 E649.9581
G1 X71.385 Y56.628 E649.99009
G1 X72.119 Y56.472 E650.02258
G1 X72.851 Y56.472 E650.05428
G1 X73.084 Y56.522 E650.0646
G0 F960 X73.585 Y56.628
M204 S2000
M205 X30 Y30
G0 F3600 X73.813 Y56.729
G0 X73.406 Y57.643
G1 F2700 E644.06460 ; Modi
;MESH:NONMESH
G0 F600 X73.406 Y57.643 Z20.05
G0 F3600 X70.036 Y58.224
G0 X68.793 Y57.51
G0 X52.95 Y58.224
G0 X51.515 Y58.224
G0 X48.054 Y57.798
;TIME_ELAPSED:791.036267
;LAYER:79
M204 S500
M205 X10 Y10
;TYPE:FILL
;MESH:RetractTower
G1 F2700 E650.0646
G1 F2400 X46.135 Y59.718 E650.18216
G1 X45.923 Y59.93
M204 S2000
M205 X30 Y30
G0 F3600 X46.135 Y62.076
M204 S500
M205 X10 Y10
G1 F2400 X50.412 Y57.798 E650.44413
G1 X50.624 Y57.586
M204 S2000
M205 X30 Y30
G0 F3600 X50.834 Y59.734
M204 S500
M205 X10 Y10
G1 F2400 X48.219 Y62.349 E650.60428
G1 X48.007 Y62.561
M204 S2000
M205 X30 Y30
G0 F3600 X50.577 Y62.349
M204 S500
M205 X10 Y10
G1 F2400 X50.834 Y62.091 E650.62005
M204 S2000
M205 X30 Y30
G0 F3600 X47.444 Y57.6
M204 S500
M205 X10 Y10
;TYPE:WALL-INNER
G1 F2400 X50.774 Y57.6 E650.76426
G1 X50.791 Y57.45 E650.7708
G1 X51.035 Y57.45 E650.78136
G1 X51.035 Y62.55 E651.00222
G1 X45.935 Y62.55 E651.22308
G1 X45.935 Y57.45 E651.44394
G1 X47.078 Y57.45 E651.49344
G0 F1920 X47.44 Y57.45
G0 X47.444 Y57.6
M204 S2000
M205 X30 Y30
G0 F3600 X47.931 Y57.1
M204 S500
M205 X10 Y10
G1 F2400 X50.327 Y57.1 E651.5972
G1 X50.344 Y56.95 E651.60374
G1 X51.535 Y56.95 E651.65531
G1 X51.535 Y63.05 E651.91948
G1 X45.435 Y63.05 E652.18364
G1 X45.435 Y56.95 E652.44781
G1 X47.565 Y56.95 E652.54005
G0 F1920 X47.927 Y56.95
G0 X47.931 Y57.1
M204 S2000
M205 X30 Y30
G0 F3600 X48.418 Y56.6
M204 S500
M205 X10 Y10
;TYPE:WALL-OUTER
G1 F1200 X49.88 Y56.6 E652.60336
G1 X49.897 Y56.45 E652.6099
G1 X52.035 Y56.45 E652.70249
G1 X52.035 Y63.55 E653.00996
G1 X44.935 Y63.55 E653.31743
G1 X44.935 Y56.45 E653.6249
G1 X48.052 Y56.45 E653.75988
G0 F960 X48.414 Y56.45
G0 X48.418 Y56.6
M204 S2000
M205 X30 Y30
G0 F3600 X48.668 Y56.6
G0 X48.668 Y57.6
G1 F2700 E647.75988 ; Modi
G0 F3600 X51.515 Y59.097
G0 X52.95 Y59.097
G0 X68.034 Y59.852
G0 X69.46 Y60
G0 X70.331 Y59.097
M204 S500
M205 X10 Y10
;TYPE:FILL
G1 F2700 E653.75988
G1 F2400 X71.571 Y57.856 E653.83586
G1 X71.783 Y57.644
M204 S2000
M205 X30 Y30
G0 F3600 X73.747 Y58.038
M204 S500
M205 X10 Y10
G1 F2400 X70.524 Y61.261 E654.03324
G1 X70.312 Y61.473
M204 S2000
M205 X30 Y30
G0 F3600 X71.89 Y62.252
M204 S500
M205 X10 Y10
G1 F2400 X74.737 Y59.406 E654.20757
G1 X74.949 Y59.194
M204 S2000
M205 X30 Y30
G0 F3600 X73.273 Y57.584
M204 S500
M205 X10 Y10
;TYPE:WALL-INNER
G1 F2400 X73.757 Y57.799 E654.23051
G1 X74.183 Y58.109 E654.25332
G1 X74.541 Y58.505 E654.27644
G1 X74.805 Y58.963 E654.29934
G1 X74.972 Y59.475 E654.32266
G1 X75.027 Y60 E654.34552
G1 X74.972 Y60.525 E654.36838
G1 X74.805 Y61.037 E654.3917
G1 X74.541 Y61.495 E654.41459
G1 X74.183 Y61.891 E654.43771
G1 X73.757 Y62.201 E654.46053
G1 X73.273 Y62.416 E654.48346
G1 X72.747 Y62.528 E654.50675
G1 X72.223 Y62.528 E654.52944
G1 X71.697 Y62.416 E654.55273
G1 X71.216 Y62.202 E654.57553
G1 X70.785 Y61.889 E654.5986
G1 X70.427 Y61.492 E654.62175
G1 X70.164 Y61.035 E654.64458
G1 X69.998 Y60.526 E654.66777
G1 X69.943 Y60 E654.69067
G1 X69.998 Y59.474 E654.71358
G1 X70.164 Y58.965 E654.73676
G1 X70.427 Y58.508 E654.75959
G1 X70.785 Y58.111 E654.78274
G1 X71.216 Y57.798 E654.80581
G1 X71.697 Y57.584 E654.82861
G1 X72.223 Y57.472 E654.8519
G1 X72.747 Y57.472 E654.87459
G1 X72.772 Y57.478 E654.87571
G0 F1920 X73.273 Y57.584
M204 S2000
M205 X30 Y30
G0 F3600 X73.429 Y57.106
M204 S500
M205 X10 Y10
G1 F2400 X74.007 Y57.363 E654.9031
G1 X74.52 Y57.736 E654.93057
G1 X74.948 Y58.21 E654.95822
G1 X75.266 Y58.761 E654.98577
G1 X75.463 Y59.367 E655.01337
G1 X75.53 Y60 E655.04093
G1 X75.463 Y60.633 E655.0685
G1 X75.266 Y61.239 E655.0961
G1 X74.948 Y61.79 E655.12365
G1 X74.52 Y62.264 E655.1513
G1 X74.007 Y62.637 E655.17877
G1 X73.429 Y62.894 E655.20616
G1 X72.799 Y63.028 E655.23406
G1 X72.171 Y63.028 E655.26125
G1 X71.541 Y62.894 E655.28914
G1 X70.963 Y62.637 E655.31654
G1 X70.451 Y62.265 E655.34395
G1 X70.02 Y61.787 E655.37182
G1 X69.703 Y61.237 E655.39931
G1 X69.507 Y60.634 E655.42677
G1 X69.44 Y60 E655.45438
G1 X69.507 Y59.366 E655.48198
G1 X69.703 Y58.763 E655.50944
G1 X70.02 Y58.213 E655.53693
G1 X70.451 Y57.735 E655.56481
G1 X70.963 Y57.363 E655.59221
G1 X71.541 Y57.106 E655.61961
G1 X72.171 Y56.972 E655.6475
G1 X72.799 Y56.972 E655.6747
G1 X72.929 Y57 E655.68045
G0 F1920 X73.429 Y57.106
M204 S2000
M205 X30 Y30
G0 F3600 X73.585 Y56.628
M204 S500
M205 X10 Y10
;TYPE:WALL-OUTER
G1 F1200 X74.257 Y56.927 E655.71231
G1 X74.857 Y57.363 E655.74443
G1 X75.355 Y57.915 E655.77662
G1 X75.726 Y58.558 E655.80877
G1 X75.954 Y59.26 E655.84073
G1 X76.032 Y60 E655.87296
G1 X75.954 Y60.74 E655.90518
G1 X75.726 Y61.442 E655.93714
G1 X75.355 Y62.085 E655.96929
G1 X74.857 Y62.637 E656.00149
G1 X74.257 Y63.073 E656.03361
G1 X73.585 Y63.372 E656.06546
G1 X72.851 Y63.528 E656.09796
G1 X72.119 Y63.528 E656.12966
G1 X71.385 Y63.372 E656.16215
G1 X70.71 Y63.072 E656.19414
G1 X70.114 Y62.639 E656.22604
G1 X69.615 Y62.085 E656.25833
G1 X69.245 Y61.443 E656.29042
G1 X69.015 Y60.738 E656.32254
G1 X68.938 Y60 E656.35467
G1 X69.015 Y59.262 E656.3868
G1 X69.245 Y58.557 E656.41892
G1 X69.615 Y57.915 E656.451
G1 X70.114 Y57.361 E656.48329
G1 X70.71 Y56.928 E656.5152
G1 X71.385 Y56.628 E656.54718
G1 X72.119 Y56.472 E656.57968
G1 X72.851 Y56.472 E656.61138
G1 X73.084 Y56.522 E656.6217
G0 F960 X73.585 Y56.628
M204 S2000
M205 X30 Y30
G0 F3600 X73.813 Y56.729
G0 X73.406 Y57.643
G1 F2700 E650.62170 ; Modi
;MESH:NONMESH
G0 F600 X73.406 Y57.643 Z20.3
G0 F3600 X70.036 Y58.224
G0 X68.793 Y57.51
G0 X52.95 Y58.224
G0 X51.515 Y58.224
G0 X46.135 Y57.922
;TIME_ELAPSED:799.430094
;LAYER:80
M204 S500
M205 X10 Y10
;TYPE:FILL
;MESH:RetractTower
G1 F2700 E656.6217
G1 F2400 X50.561 Y62.349 E656.8928
G1 X50.773 Y62.561
M204 S2000
M205 X30 Y30
G0 F3600 X50.835 Y60.265
M204 S500
M205 X10 Y10
G1 F2400 X48.369 Y57.799 E657.04382
G1 X48.157 Y57.587
M204 S2000
M205 X30 Y30
G0 F3600 X50.727 Y57.799
M204 S500
M205 X10 Y10
G1 F2400 X50.835 Y57.907 E657.05044
M204 S2000
M205 X30 Y30
G0 F3600 X48.204 Y62.349
M204 S500
M205 X10 Y10
G1 F2400 X46.135 Y60.28 E657.17715
G1 X45.923 Y60.068
M204 S2000
M205 X30 Y30
G0 F3600 X46.782 Y57.6
M204 S500
M205 X10 Y10
;TYPE:WALL-INNER
G1 F2400 X50.752 Y57.6 E657.34907
G1 X50.753 Y57.45 E657.35557
G1 X51.035 Y57.45 E657.36778
G1 X51.035 Y62.55 E657.58864
G1 X45.935 Y62.55 E657.8095
G1 X45.935 Y57.45 E658.03036
G1 X46.42 Y57.45 E658.05136
G0 F1920 X46.782 Y57.45
G0 X46.782 Y57.6
M204 S2000
M205 X30 Y30
G0 F3600 X47.282 Y57.1
M204 S500
M205 X10 Y10
G1 F2400 X50.255 Y57.1 E658.18011
G1 X50.256 Y56.95 E658.18661
G1 X51.535 Y56.95 E658.24199
G1 X51.535 Y63.05 E658.50616
G1 X45.435 Y63.05 E658.77032
G1 X45.435 Y56.95 E659.03449
G1 X46.92 Y56.95 E659.0988
G0 F1920 X47.282 Y56.95
G0 X47.282 Y57.1
M204 S2000
M205 X30 Y30
G0 F3600 X47.782 Y56.6
M204 S500
M205 X10 Y10
;TYPE:WALL-OUTER
G1 F1200 X49.758 Y56.6 E659.18437
G1 X49.759 Y56.45 E659.19087
G1 X52.035 Y56.45 E659.28943
G1 X52.035 Y63.55 E659.5969
G1 X44.935 Y63.55 E659.90437
G1 X44.935 Y56.45 E660.21184
G1 X47.42 Y56.45 E660.31946
G0 F960 X47.782 Y56.45
G0 X47.782 Y56.6
M204 S2000
M205 X30 Y30
G0 F3600 X48.032 Y56.6
G0 X48.032 Y57.6
G1 F2700 E654.31946 ; Modi
G0 F3600 X51.515 Y58.737
G0 X52.95 Y58.737
G0 X68.099 Y59.222
G0 X69.526 Y59.37
G0 X70.524 Y58.737
M204 S500
M205 X10 Y10
;TYPE:FILL
G1 F2700 E660.31946
G1 F2400 X73.747 Y61.96 E660.51684
G1 X73.959 Y62.172
M204 S2000
M205 X30 Y30
G0 F3600 X74.738 Y60.593
M204 S500
M205 X10 Y10
G1 F2400 X71.892 Y57.747 E660.69114
G1 X71.68 Y57.535
M204 S2000
M205 X30 Y30
G0 F3600 X70.329 Y60.899
M204 S500
M205 X10 Y10
G1 F2400 X71.572 Y62.142 E660.76727
G1 X71.784 Y62.354
M204 S2000
M205 X30 Y30
G0 F3600 X73.273 Y57.584
M204 S500
M205 X10 Y10
;TYPE:WALL-INNER
G1 F2400 X73.757 Y57.799 E660.7902
G1 X74.183 Y58.109 E660.81302
G1 X74.541 Y58.505 E660.83614
G1 X74.805 Y58.963 E660.85903
G1 X74.972 Y59.475 E660.88235
G1 X75.027 Y60 E660.90521
G1 X74.972 Y60.525 E660.92807
G1 X74.805 Y61.037 E660.9514
G1 X74.541 Y61.495 E660.97429
G1 X74.183 Y61.891 E660.99741
G1 X73.757 Y62.201 E661.02022
G1 X73.273 Y62.416 E661.04316
G1 X72.747 Y62.528 E661.06645
G1 X72.223 Y62.528 E661.08914
G1 X71.697 Y62.416 E661.11243
G1 X71.216 Y62.202 E661.13523
G1 X70.785 Y61.889 E661.1583
G1 X70.427 Y61.492 E661.18145
G1 X70.164 Y61.035 E661.20428
G1 X69.998 Y60.526 E661.22746
G1 X69.943 Y60 E661.25037
G1 X69.998 Y59.474 E661.27327
G1 X70.164 Y58.965 E661.29646
G1 X70.427 Y58.508 E661.31929
G1 X70.785 Y58.111 E661.34244
G1 X71.216 Y57.798 E661.36551
G1 X71.697 Y57.584 E661.38831
G1 X72.223 Y57.472 E661.4116
G1 X72.747 Y57.472 E661.43429
G1 X72.772 Y57.478 E661.4354
G0 F1920 X73.273 Y57.584
M204 S2000
M205 X30 Y30
G0 F3600 X73.429 Y57.106
M204 S500
M205 X10 Y10
G1 F2400 X74.007 Y57.363 E661.46279
G1 X74.52 Y57.736 E661.49026
G1 X74.948 Y58.21 E661.51792
G1 X75.266 Y58.761 E661.54547
G1 X75.463 Y59.367 E661.57306
G1 X75.53 Y60 E661.60063
G1 X75.463 Y60.633 E661.6282
G1 X75.266 Y61.239 E661.65579
G1 X74.948 Y61.79 E661.68334
G1 X74.52 Y62.264 E661.711
G1 X74.007 Y62.637 E661.73847
G1 X73.429 Y62.894 E661.76586
G1 X72.799 Y63.028 E661.79375
G1 X72.171 Y63.028 E661.82095
G1 X71.541 Y62.894 E661.84884
G1 X70.963 Y62.637 E661.87623
G1 X70.451 Y62.265 E661.90364
G1 X70.02 Y61.787 E661.93151
G1 X69.703 Y61.237 E661.959
G1 X69.507 Y60.634 E661.98646
G1 X69.44 Y60 E662.01407
G1 X69.507 Y59.366 E662.04168
G1 X69.703 Y58.763 E662.06914
G1 X70.02 Y58.213 E662.09663
G1 X70.451 Y57.735 E662.1245
G1 X70.963 Y57.363 E662.15191
G1 X71.541 Y57.106 E662.1793
G1 X72.171 Y56.972 E662.2072
G1 X72.799 Y56.972 E662.23439
G1 X72.929 Y57 E662.24015
G0 F1920 X73.429 Y57.106
M204 S2000
M205 X30 Y30
G0 F3600 X73.585 Y56.628
M204 S500
M205 X10 Y10
;TYPE:WALL-OUTER
G1 F1200 X74.257 Y56.927 E662.272
G1 X74.857 Y57.363 E662.30412
G1 X75.355 Y57.915 E662.33632
G1 X75.726 Y58.558 E662.36847
G1 X75.954 Y59.26 E662.40043
G1 X76.032 Y60 E662.43265
G1 X75.954 Y60.74 E662.46488
G1 X75.726 Y61.442 E662.49684
G1 X75.355 Y62.085 E662.52899
G1 X74.857 Y62.637 E662.56118
G1 X74.257 Y63.073 E662.5933
G1 X73.585 Y63.372 E662.62516
G1 X72.851 Y63.528 E662.65765
G1 X72.119 Y63.528 E662.68935
G1 X71.385 Y63.372 E662.72185
G1 X70.71 Y63.072 E662.75384
G1 X70.114 Y62.639 E662.78574
G1 X69.615 Y62.085 E662.81803
G1 X69.245 Y61.443 E662.85012
G1 X69.015 Y60.738 E662.88223
G1 X68.938 Y60 E662.91436
G1 X69.015 Y59.262 E662.9465
G1 X69.245 Y58.557 E662.97861
G1 X69.615 Y57.915 E663.0107
G1 X70.114 Y57.361 E663.04299
G1 X70.71 Y56.928 E663.07489
G1 X71.385 Y56.628 E663.10688
G1 X72.119 Y56.472 E663.13938
G1 X72.851 Y56.472 E663.17108
G1 X73.084 Y56.522 E663.1814
G0 F960 X73.585 Y56.628
M204 S2000
M205 X30 Y30
G0 F3600 X73.813 Y56.729
G0 X73.406 Y57.643
G1 F2700 E657.18140 ; Modi
;MESH:NONMESH
G0 F600 X73.406 Y57.643 Z20.55
G0 F3600 X70.036 Y58.224
G0 X68.793 Y57.51
G0 X52.95 Y58.224
G0 X51.515 Y58.224
G0 X48.054 Y57.798
;TIME_ELAPSED:807.867896
;LAYER:81
M204 S500
M205 X10 Y10
;TYPE:FILL
;MESH:RetractTower
G1 F2700 E663.1814
G1 F2400 X46.135 Y59.718 E663.29895
G1 X45.923 Y59.93
M204 S2000
M205 X30 Y30
G0 F3600 X46.135 Y62.076
M204 S500
M205 X10 Y10
G1 F2400 X50.412 Y57.798 E663.56092
G1 X50.624 Y57.586
M204 S2000
M205 X30 Y30
G0 F3600 X50.834 Y59.734
M204 S500
M205 X10 Y10
G1 F2400 X48.219 Y62.349 E663.72107
G1 X48.007 Y62.561
M204 S2000
M205 X30 Y30
G0 F3600 X50.577 Y62.349
M204 S500
M205 X10 Y10
G1 F2400 X50.834 Y62.091 E663.73684
M204 S2000
M205 X30 Y30
G0 F3600 X50.47 Y57.6
M204 S500
M205 X10 Y10
;TYPE:WALL-INNER
G1 F2400 X50.471 Y57.45 E663.74334
G1 X51.035 Y57.45 E663.76777
G1 X51.035 Y62.55 E663.98862
G1 X45.935 Y62.55 E664.20948
G1 X45.935 Y57.45 E664.43034
G1 X47.046 Y57.45 E664.47846
G1 X47.072 Y57.6 E664.48505
G1 X49.958 Y57.6 E664.61003
G0 F1920 X50.47 Y57.6
M204 S2000
M205 X30 Y30
G0 F3600 X49.973 Y57.1
M204 S500
M205 X10 Y10
G1 F2400 X49.974 Y56.95 E664.61652
G1 X51.535 Y56.95 E664.68412
G1 X51.535 Y63.05 E664.94829
G1 X45.435 Y63.05 E665.21245
G1 X45.435 Y56.95 E665.47662
G1 X47.467 Y56.95 E665.56462
G1 X47.493 Y57.1 E665.57121
G1 X49.461 Y57.1 E665.65644
G0 F1920 X49.973 Y57.1
M204 S2000
M205 X30 Y30
G0 F3600 X49.476 Y56.6
M204 S500
M205 X10 Y10
;TYPE:WALL-OUTER
G1 F1200 X49.477 Y56.45 E665.66293
G1 X52.035 Y56.45 E665.77371
G1 X52.035 Y63.55 E666.08118
G1 X44.935 Y63.55 E666.38865
G1 X44.935 Y56.45 E666.69612
G1 X47.888 Y56.45 E666.824
G1 X47.914 Y56.6 E666.83059
G1 X48.964 Y56.6 E666.87607
G0 F960 X49.476 Y56.6
M204 S2000
M205 X30 Y30
G0 F3600 X49.477 Y56.45
G0 X49.577 Y56.45
G0 X50.326 Y57.45
G1 F2700 E660.87607 ; Modi
G0 F3600 X51.515 Y59.097
G0 X52.95 Y59.097
G0 X68.034 Y59.852
G0 X69.46 Y60
G0 X70.331 Y59.097
M204 S500
M205 X10 Y10
;TYPE:FILL
G1 F2700 E666.87607
G1 F2400 X71.571 Y57.856 E666.95204
G1 X71.783 Y57.644
M204 S2000
M205 X30 Y30
G0 F3600 X73.747 Y58.038
M204 S500
M205 X10 Y10
G1 F2400 X70.524 Y61.261 E667.14943
G1 X70.312 Y61.473
M204 S2000
M205 X30 Y30
G0 F3600 X71.89 Y62.252
M204 S500
M205 X10 Y10
G1 F2400 X74.737 Y59.406 E667.32376
G1 X74.949 Y59.194
M204 S2000
M205 X30 Y30
G0 F3600 X73.273 Y57.584
M204 S500
M205 X10 Y10
;TYPE:WALL-INNER
G1 F2400 X73.757 Y57.799 E667.34669
G1 X74.183 Y58.109 E667.36951
G1 X74.541 Y58.505 E667.39262
G1 X74.805 Y58.963 E667.41552
G1 X74.972 Y59.475 E667.43884
G1 X75.027 Y60 E667.4617
G1 X74.972 Y60.525 E667.48456
G1 X74.805 Y61.037 E667.50788
G1 X74.541 Y61.495 E667.53078
G1 X74.183 Y61.891 E667.55389
G1 X73.757 Y62.201 E667.57671
G1 X73.273 Y62.416 E667.59964
G1 X72.747 Y62.528 E667.62293
G1 X72.223 Y62.528 E667.64563
G1 X71.697 Y62.416 E667.66892
G1 X71.216 Y62.202 E667.69171
G1 X70.785 Y61.889 E667.71478
G1 X70.427 Y61.492 E667.73793
G1 X70.164 Y61.035 E667.76077
G1 X69.998 Y60.526 E667.78395
G1 X69.943 Y60 E667.80685
G1 X69.998 Y59.474 E667.82976
G1 X70.164 Y58.965 E667.85294
G1 X70.427 Y58.508 E667.87578
G1 X70.785 Y58.111 E667.89893
G1 X71.216 Y57.798 E667.92199
G1 X71.697 Y57.584 E667.94479
G1 X72.223 Y57.472 E667.96808
G1 X72.747 Y57.472 E667.99077
G1 X72.772 Y57.478 E667.99189
G0 F1920 X73.273 Y57.584
M204 S2000
M205 X30 Y30
G0 F3600 X73.429 Y57.106
M204 S500
M205 X10 Y10
G1 F2400 X74.007 Y57.363 E668.01928
G1 X74.52 Y57.736 E668.04675
G1 X74.948 Y58.21 E668.0744
G1 X75.266 Y58.761 E668.10196
G1 X75.463 Y59.367 E668.12955
G1 X75.53 Y60 E668.15712
G1 X75.463 Y60.633 E668.18468
G1 X75.266 Y61.239 E668.21228
G1 X74.948 Y61.79 E668.23983
G1 X74.52 Y62.264 E668.26748
G1 X74.007 Y62.637 E668.29495
G1 X73.429 Y62.894 E668.32234
G1 X72.799 Y63.028 E668.35024
G1 X72.171 Y63.028 E668.37743
G1 X71.541 Y62.894 E668.40533
G1 X70.963 Y62.637 E668.43272
G1 X70.451 Y62.265 E668.46013
G1 X70.02 Y61.787 E668.488
G1 X69.703 Y61.237 E668.51549
G1 X69.507 Y60.634 E668.54295
G1 X69.44 Y60 E668.57056
G1 X69.507 Y59.366 E668.59817
G1 X69.703 Y58.763 E668.62562
G1 X70.02 Y58.213 E668.65312
G1 X70.451 Y57.735 E668.68099
G1 X70.963 Y57.363 E668.70839
G1 X71.541 Y57.106 E668.73579
G1 X72.171 Y56.972 E668.76368
G1 X72.799 Y56.972 E668.79088
G1 X72.929 Y57 E668.79664
G0 F1920 X73.429 Y57.106
M204 S2000
M205 X30 Y30
G0 F3600 X73.585 Y56.628
M204 S500
M205 X10 Y10
;TYPE:WALL-OUTER
G1 F1200 X74.257 Y56.927 E668.82849
G1 X74.857 Y57.363 E668.86061
G1 X75.355 Y57.915 E668.8928
G1 X75.726 Y58.558 E668.92495
G1 X75.954 Y59.26 E668.95691
G1 X76.032 Y60 E668.98914
G1 X75.954 Y60.74 E669.02136
G1 X75.726 Y61.442 E669.05333
G1 X75.355 Y62.085 E669.08547
G1 X74.857 Y62.637 E669.11767
G1 X74.257 Y63.073 E669.14979
G1 X73.585 Y63.372 E669.18164
G1 X72.851 Y63.528 E669.21414
G1 X72.119 Y63.528 E669.24584
G1 X71.385 Y63.372 E669.27833
G1 X70.71 Y63.072 E669.31032
G1 X70.114 Y62.639 E669.34222
G1 X69.615 Y62.085 E669.37451
G1 X69.245 Y61.443 E669.4066
G1 X69.015 Y60.738 E669.43872
G1 X68.938 Y60 E669.47085
G1 X69.015 Y59.262 E669.50298
G1 X69.245 Y58.557 E669.5351
G1 X69.615 Y57.915 E669.56719
G1 X70.114 Y57.361 E669.59947
G1 X70.71 Y56.928 E669.63138
G1 X71.385 Y56.628 E669.66337
G1 X72.119 Y56.472 E669.69586
G1 X72.851 Y56.472 E669.72756
G1 X73.084 Y56.522 E669.73788
G0 F960 X73.585 Y56.628
M204 S2000
M205 X30 Y30
G0 F3600 X73.813 Y56.729
G0 X73.406 Y57.643
G1 F2700 E663.73788 ; Modi
;MESH:NONMESH
G0 F600 X73.406 Y57.643 Z20.8
G0 F3600 X70.036 Y58.224
G0 X68.793 Y57.51
G0 X52.95 Y58.224
G0 X51.515 Y58.224
G0 X46.135 Y57.922
;TIME_ELAPSED:816.193556
;LAYER:82
M204 S500
M205 X10 Y10
;TYPE:FILL
;MESH:RetractTower
G1 F2700 E669.73788
G1 F2400 X50.561 Y62.349 E670.00898
G1 X50.773 Y62.561
M204 S2000
M205 X30 Y30
G0 F3600 X50.835 Y60.265
M204 S500
M205 X10 Y10
G1 F2400 X48.369 Y57.799 E670.16
G1 X48.157 Y57.587
M204 S2000
M205 X30 Y30
G0 F3600 X50.727 Y57.799
M204 S500
M205 X10 Y10
G1 F2400 X50.835 Y57.907 E670.16662
M204 S2000
M205 X30 Y30
G0 F3600 X48.204 Y62.349
M204 S500
M205 X10 Y10
G1 F2400 X46.135 Y60.28 E670.29333
G1 X45.923 Y60.068
M204 S2000
M205 X30 Y30
G0 F3600 X50.748 Y57.6
M204 S500
M205 X10 Y10
;TYPE:WALL-INNER
G1 F2400 X50.748 Y57.45 E670.29983
G1 X51.035 Y57.45 E670.31226
G1 X51.035 Y62.55 E670.53311
G1 X45.935 Y62.55 E670.75397
G1 X45.935 Y57.45 E670.97483
G1 X47.199 Y57.45 E671.02957
G1 X47.2 Y57.6 E671.03607
G1 X50.236 Y57.6 E671.16754
G0 F1920 X50.748 Y57.6
M204 S2000
M205 X30 Y30
G0 F3600 X50.248 Y57.1
M204 S500
M205 X10 Y10
G1 F2400 X50.248 Y56.95 E671.17404
G1 X51.535 Y56.95 E671.22977
G1 X51.535 Y63.05 E671.49394
G1 X45.435 Y63.05 E671.7581
G1 X45.435 Y56.95 E672.02227
G1 X47.696 Y56.95 E672.12018
G1 X47.697 Y57.1 E672.12668
G1 X49.736 Y57.1 E672.21498
G0 F1920 X50.248 Y57.1
M204 S2000
M205 X30 Y30
G0 F3600 X49.748 Y56.6
M204 S500
M205 X10 Y10
;TYPE:WALL-OUTER
G1 F1200 X49.748 Y56.45 E672.22148
G1 X52.035 Y56.45 E672.32052
G1 X52.035 Y63.55 E672.62799
G1 X44.935 Y63.55 E672.93546
G1 X44.935 Y56.45 E673.24293
G1 X48.193 Y56.45 E673.38402
G1 X48.194 Y56.6 E673.39051
G1 X49.236 Y56.6 E673.43564
G0 F960 X49.748 Y56.6
M204 S2000
M205 X30 Y30
G0 F3600 X49.748 Y56.45
G0 X49.848 Y56.45
G0 X50.601 Y57.45
G1 F2700 E667.43564 ; Modi
G0 F3600 X51.515 Y58.737
G0 X52.95 Y58.737
G0 X68.099 Y59.222
G0 X69.526 Y59.37
G0 X70.524 Y58.737
M204 S500
M205 X10 Y10
;TYPE:FILL
G1 F2700 E673.43564
G1 F2400 X73.747 Y61.96 E673.63303
G1 X73.959 Y62.172
M204 S2000
M205 X30 Y30
G0 F3600 X74.738 Y60.593
M204 S500
M205 X10 Y10
G1 F2400 X71.892 Y57.747 E673.80733
G1 X71.68 Y57.535
M204 S2000
M205 X30 Y30
G0 F3600 X70.329 Y60.899
M204 S500
M205 X10 Y10
G1 F2400 X71.572 Y62.142 E673.88345
G1 X71.784 Y62.354
M204 S2000
M205 X30 Y30
G0 F3600 X73.273 Y57.584
M204 S500
M205 X10 Y10
;TYPE:WALL-INNER
G1 F2400 X73.757 Y57.799 E673.90639
G1 X74.183 Y58.109 E673.9292
G1 X74.541 Y58.505 E673.95232
G1 X74.805 Y58.963 E673.97521
G1 X74.972 Y59.475 E673.99854
G1 X75.027 Y60 E674.0214
G1 X74.972 Y60.525 E674.04426
G1 X74.805 Y61.037 E674.06758
G1 X74.541 Y61.495 E674.09047
G1 X74.183 Y61.891 E674.11359
G1 X73.757 Y62.201 E674.1364
G1 X73.273 Y62.416 E674.15934
G1 X72.747 Y62.528 E674.18263
G1 X72.223 Y62.528 E674.20532
G1 X71.697 Y62.416 E674.22861
G1 X71.216 Y62.202 E674.25141
G1 X70.785 Y61.889 E674.27448
G1 X70.427 Y61.492 E674.29763
G1 X70.164 Y61.035 E674.32046
G1 X69.998 Y60.526 E674.34365
G1 X69.943 Y60 E674.36655
G1 X69.998 Y59.474 E674.38945
G1 X70.164 Y58.965 E674.41264
G1 X70.427 Y58.508 E674.43547
G1 X70.785 Y58.111 E674.45862
G1 X71.216 Y57.798 E674.48169
G1 X71.697 Y57.584 E674.50449
G1 X72.223 Y57.472 E674.52778
G1 X72.747 Y57.472 E674.55047
G1 X72.772 Y57.478 E674.55158
G0 F1920 X73.273 Y57.584
M204 S2000
M205 X30 Y30
G0 F3600 X73.429 Y57.106
M204 S500
M205 X10 Y10
G1 F2400 X74.007 Y57.363 E674.57898
G1 X74.52 Y57.736 E674.60644
G1 X74.948 Y58.21 E674.6341
G1 X75.266 Y58.761 E674.66165
G1 X75.463 Y59.367 E674.68925
G1 X75.53 Y60 E674.71681
G1 X75.463 Y60.633 E674.74438
G1 X75.266 Y61.239 E674.77197
G1 X74.948 Y61.79 E674.79952
G1 X74.52 Y62.264 E674.82718
G1 X74.007 Y62.637 E674.85465
G1 X73.429 Y62.894 E674.88204
G1 X72.799 Y63.028 E674.90993
G1 X72.171 Y63.028 E674.93713
G1 X71.541 Y62.894 E674.96502
G1 X70.963 Y62.637 E674.99242
G1 X70.451 Y62.265 E675.01982
G1 X70.02 Y61.787 E675.0477
G1 X69.703 Y61.237 E675.07519
G1 X69.507 Y60.634 E675.10264
G1 X69.44 Y60 E675.13025
G1 X69.507 Y59.366 E675.15786
G1 X69.703 Y58.763 E675.18532
G1 X70.02 Y58.213 E675.21281
G1 X70.451 Y57.735 E675.24068
G1 X70.963 Y57.363 E675.26809
G1 X71.541 Y57.106 E675.29548
G1 X72.171 Y56.972 E675.32338
G1 X72.799 Y56.972 E675.35057
G1 X72.929 Y57 E675.35633
G0 F1920 X73.429 Y57.106
M204 S2000
M205 X30 Y30
G0 F3600 X73.585 Y56.628
M204 S500
M205 X10 Y10
;TYPE:WALL-OUTER
G1 F1200 X74.257 Y56.927 E675.38818
G1 X74.857 Y57.363 E675.4203
G1 X75.355 Y57.915 E675.4525
G1 X75.726 Y58.558 E675.48465
G1 X75.954 Y59.26 E675.51661
G1 X76.032 Y60 E675.54883
G1 X75.954 Y60.74 E675.58106
G1 X75.726 Y61.442 E675.61302
G1 X75.355 Y62.085 E675.64517
G1 X74.857 Y62.637 E675.67737
G1 X74.257 Y63.073 E675.70948
G1 X73.585 Y63.372 E675.74134
G1 X72.851 Y63.528 E675.77383
G1 X72.119 Y63.528 E675.80553
G1 X71.385 Y63.372 E675.83803
G1 X70.71 Y63.072 E675.87002
G1 X70.114 Y62.639 E675.90192
G1 X69.615 Y62.085 E675.93421
G1 X69.245 Y61.443 E675.9663
G1 X69.015 Y60.738 E675.99841
G1 X68.938 Y60 E676.03055
G1 X69.015 Y59.262 E676.06268
G1 X69.245 Y58.557 E676.09479
G1 X69.615 Y57.915 E676.12688
G1 X70.114 Y57.361 E676.15917
G1 X70.71 Y56.928 E676.19107
G1 X71.385 Y56.628 E676.22306
G1 X72.119 Y56.472 E676.25556
G1 X72.851 Y56.472 E676.28726
G1 X73.084 Y56.522 E676.29758
G0 F960 X73.585 Y56.628
M204 S2000
M205 X30 Y30
G0 F3600 X73.813 Y56.729
G0 X73.406 Y57.643
G1 F2700 E670.29758 ; Modi
;MESH:NONMESH
G0 F600 X73.406 Y57.643 Z21.05
G0 F3600 X70.036 Y58.224
G0 X68.793 Y57.51
G0 X52.95 Y58.224
G0 X51.515 Y58.224
G0 X48.054 Y57.798
;TIME_ELAPSED:824.634945
;LAYER:83
M204 S500
M205 X10 Y10
;TYPE:FILL
;MESH:RetractTower
G1 F2700 E676.29758
G1 F2400 X46.135 Y59.718 E676.41513
G1 X45.923 Y59.93
M204 S2000
M205 X30 Y30
G0 F3600 X46.135 Y62.076
M204 S500
M205 X10 Y10
G1 F2400 X50.412 Y57.798 E676.6771
G1 X50.624 Y57.586
M204 S2000
M205 X30 Y30
G0 F3600 X50.834 Y59.734
M204 S500
M205 X10 Y10
G1 F2400 X48.219 Y62.349 E676.83726
G1 X48.007 Y62.561
M204 S2000
M205 X30 Y30
G0 F3600 X50.577 Y62.349
M204 S500
M205 X10 Y10
G1 F2400 X50.834 Y62.091 E676.85303
M204 S2000
M205 X30 Y30
G0 F3600 X46.506 Y57.6
M204 S500
M205 X10 Y10
;TYPE:WALL-INNER
G1 F2400 X50.838 Y57.6 E677.04063
G1 X50.838 Y57.45 E677.04712
G1 X51.035 Y57.45 E677.05565
G1 X51.035 Y62.55 E677.27651
G1 X45.935 Y62.55 E677.49737
G1 X45.935 Y57.45 E677.71823
G1 X46.144 Y57.45 E677.72728
G0 F1920 X46.506 Y57.45
G0 X46.506 Y57.6
M204 S2000
M205 X30 Y30
G0 F3600 X47.006 Y57.1
M204 S500
M205 X10 Y10
G1 F2400 X50.338 Y57.1 E677.87158
G1 X50.338 Y56.95 E677.87807
G1 X51.535 Y56.95 E677.92991
G1 X51.535 Y63.05 E678.19408
G1 X45.435 Y63.05 E678.45824
G1 X45.435 Y56.95 E678.72241
G1 X46.644 Y56.95 E678.77476
G0 F1920 X47.006 Y56.95
G0 X47.006 Y57.1
M204 S2000
M205 X30 Y30
G0 F3600 X47.506 Y56.6
M204 S500
M205 X10 Y10
;TYPE:WALL-OUTER
G1 F1200 X49.838 Y56.6 E678.87575
G1 X49.838 Y56.45 E678.88225
G1 X52.035 Y56.45 E678.97739
G1 X52.035 Y63.55 E679.28486
G1 X44.935 Y63.55 E679.59233
G1 X44.935 Y56.45 E679.8998
G1 X47.144 Y56.45 E679.99546
G0 F960 X47.506 Y56.45
G0 X47.506 Y56.6
M204 S2000
M205 X30 Y30
G0 F3600 X47.756 Y56.6
G0 X47.756 Y57.6
G1 F2700 E673.99546 ; Modi
G0 F3600 X51.515 Y59.097
G0 X52.95 Y59.097
G0 X68.034 Y59.852
G0 X69.46 Y60
G0 X70.331 Y59.097
M204 S500
M205 X10 Y10
;TYPE:FILL
G1 F2700 E679.99546
G1 F2400 X71.571 Y57.856 E680.07144
G1 X71.783 Y57.644
M204 S2000
M205 X30 Y30
G0 F3600 X73.747 Y58.038
M204 S500
M205 X10 Y10
G1 F2400 X70.524 Y61.261 E680.26882
G1 X70.312 Y61.473
M204 S2000
M205 X30 Y30
G0 F3600 X71.89 Y62.252
M204 S500
M205 X10 Y10
G1 F2400 X74.737 Y59.406 E680.44315
G1 X74.949 Y59.194
M204 S2000
M205 X30 Y30
G0 F3600 X73.273 Y57.584
M204 S500
M205 X10 Y10
;TYPE:WALL-INNER
G1 F2400 X73.757 Y57.799 E680.46609
G1 X74.183 Y58.109 E680.4889
G1 X74.541 Y58.505 E680.51202
G1 X74.805 Y58.963 E680.53492
G1 X74.972 Y59.475 E680.55824
G1 X75.027 Y60 E680.5811
G1 X74.972 Y60.525 E680.60396
G1 X74.805 Y61.037 E680.62728
G1 X74.541 Y61.495 E680.65017
G1 X74.183 Y61.891 E680.67329
G1 X73.757 Y62.201 E680.69611
G1 X73.273 Y62.416 E680.71904
G1 X72.747 Y62.528 E680.74233
G1 X72.223 Y62.528 E680.76502
G1 X71.697 Y62.416 E680.78831
G1 X71.216 Y62.202 E680.81111
G1 X70.785 Y61.889 E680.83418
G1 X70.427 Y61.492 E680.85733
G1 X70.164 Y61.035 E680.88016
G1 X69.998 Y60.526 E680.90335
G1 X69.943 Y60 E680.92625
G1 X69.998 Y59.474 E680.94916
G1 X70.164 Y58.965 E680.97234
G1 X70.427 Y58.508 E680.99517
G1 X70.785 Y58.111 E681.01832
G1 X71.216 Y57.798 E681.04139
G1 X71.697 Y57.584 E681.06419
G1 X72.223 Y57.472 E681.08748
G1 X72.747 Y57.472 E681.11017
G1 X72.772 Y57.478 E681.11129
G0 F1920 X73.273 Y57.584
M204 S2000
M205 X30 Y30
G0 F3600 X73.429 Y57.106
M204 S500
M205 X10 Y10
G1 F2400 X74.007 Y57.363 E681.13868
G1 X74.52 Y57.736 E681.16615
G1 X74.948 Y58.21 E681.1938
G1 X75.266 Y58.761 E681.22135
G1 X75.463 Y59.367 E681.24895
G1 X75.53 Y60 E681.27651
G1 X75.463 Y60.633 E681.30408
G1 X75.266 Y61.239 E681.33168
G1 X74.948 Y61.79 E681.35923
G1 X74.52 Y62.264 E681.38688
G1 X74.007 Y62.637 E681.41435
G1 X73.429 Y62.894 E681.44174
G1 X72.799 Y63.028 E681.46964
G1 X72.171 Y63.028 E681.49683
G1 X71.541 Y62.894 E681.52473
G1 X70.963 Y62.637 E681.55212
G1 X70.451 Y62.265 E681.57953
G1 X70.02 Y61.787 E681.6074
G1 X69.703 Y61.237 E681.63489
G1 X69.507 Y60.634 E681.66235
G1 X69.44 Y60 E681.68996
G1 X69.507 Y59.366 E681.71756
G1 X69.703 Y58.763 E681.74502
G1 X70.02 Y58.213 E681.77251
G1 X70.451 Y57.735 E681.80039
G1 X70.963 Y57.363 E681.82779
G1 X71.541 Y57.106 E681.85519
G1 X72.171 Y56.972 E681.88308
G1 X72.799 Y56.972 E681.91028
G1 X72.929 Y57 E681.91603
G0 F1920 X73.429 Y57.106
M204 S2000
M205 X30 Y30
G0 F3600 X73.585 Y56.628
M204 S500
M205 X10 Y10
;TYPE:WALL-OUTER
G1 F1200 X74.257 Y56.927 E681.94789
G1 X74.857 Y57.363 E681.98001
G1 X75.355 Y57.915 E682.0122
G1 X75.726 Y58.558 E682.04435
G1 X75.954 Y59.26 E682.07631
G1 X76.032 Y60 E682.10854
G1 X75.954 Y60.74 E682.14076
G1 X75.726 Y61.442 E682.17272
G1 X75.355 Y62.085 E682.20487
G1 X74.857 Y62.637 E682.23707
G1 X74.257 Y63.073 E682.26919
G1 X73.585 Y63.372 E682.30104
G1 X72.851 Y63.528 E682.33354
G1 X72.119 Y63.528 E682.36524
G1 X71.385 Y63.372 E682.39773
G1 X70.71 Y63.072 E682.42972
G1 X70.114 Y62.639 E682.46162
G1 X69.615 Y62.085 E682.49391
G1 X69.245 Y61.443 E682.526
G1 X69.015 Y60.738 E682.55812
G1 X68.938 Y60 E682.59025
G1 X69.015 Y59.262 E682.62238
G1 X69.245 Y58.557 E682.6545
G1 X69.615 Y57.915 E682.68658
G1 X70.114 Y57.361 E682.71887
G1 X70.71 Y56.928 E682.75078
G1 X71.385 Y56.628 E682.78276
G1 X72.119 Y56.472 E682.81526
G1 X72.851 Y56.472 E682.84696
G1 X73.084 Y56.522 E682.85728
G0 F960 X73.585 Y56.628
M204 S2000
M205 X30 Y30
G0 F3600 X73.813 Y56.729
G0 X73.406 Y57.643
G1 F2700 E676.85728 ; Modi
;MESH:NONMESH
G0 F600 X73.406 Y57.643 Z21.3
G0 F3600 X70.036 Y58.224
G0 X68.793 Y57.51
G0 X52.95 Y58.224
G0 X51.515 Y58.224
G0 X46.135 Y57.922
;TIME_ELAPSED:833.037658
;LAYER:84
M204 S500
M205 X10 Y10
;TYPE:FILL
;MESH:RetractTower
G1 F2700 E682.85728
G1 F2400 X50.561 Y62.349 E683.12838
G1 X50.773 Y62.561
M204 S2000
M205 X30 Y30
G0 F3600 X50.835 Y60.265
M204 S500
M205 X10 Y10
G1 F2400 X48.369 Y57.799 E683.2794
G1 X48.157 Y57.587
M204 S2000
M205 X30 Y30
G0 F3600 X50.727 Y57.799
M204 S500
M205 X10 Y10
G1 F2400 X50.835 Y57.907 E683.28602
M204 S2000
M205 X30 Y30
G0 F3600 X48.204 Y62.349
M204 S500
M205 X10 Y10
G1 F2400 X46.135 Y60.28 E683.41273
G1 X45.923 Y60.068
M204 S2000
M205 X30 Y30
G0 F3600 X46.086 Y57.6
M204 S500
M205 X10 Y10
;TYPE:WALL-INNER
G1 F2400 X50.823 Y57.6 E683.61787
G1 X50.824 Y57.45 E683.62436
G1 X51.035 Y57.45 E683.6335
G1 X51.035 Y62.55 E683.85436
G1 X45.935 Y62.55 E684.07522
G1 X45.935 Y57.661 E684.28694
G0 F1920 X45.935 Y57.45
G0 X46.086 Y57.45
G0 X46.086 Y57.6
M204 S2000
M205 X30 Y30
G0 F3600 X46.586 Y57.1
M204 S500
M205 X10 Y10
G1 F2400 X50.326 Y57.1 E684.44891
G1 X50.327 Y56.95 E684.4554
G1 X51.535 Y56.95 E684.50771
G1 X51.535 Y63.05 E684.77188
G1 X45.435 Y63.05 E685.03604
G1 X45.435 Y56.95 E685.30021
G1 X46.224 Y56.95 E685.33438
G0 F1920 X46.586 Y56.95
G0 X46.586 Y57.1
M204 S2000
M205 X30 Y30
G0 F3600 X47.086 Y56.6
M204 S500
M205 X10 Y10
;TYPE:WALL-OUTER
G1 F1200 X49.829 Y56.6 E685.45317
G1 X49.83 Y56.45 E685.45966
G1 X52.035 Y56.45 E685.55515
G1 X52.035 Y63.55 E685.86262
G1 X44.935 Y63.55 E686.17009
G1 X44.935 Y56.45 E686.47756
G1 X46.724 Y56.45 E686.55504
G0 F960 X47.086 Y56.45
G0 X47.086 Y56.6
M204 S2000
M205 X30 Y30
G0 F3600 X47.336 Y56.6
G0 X47.336 Y57.6
G1 F2700 E680.55504 ; Modi
G0 F3600 X51.515 Y58.737
G0 X52.95 Y58.737
G0 X68.099 Y59.222
G0 X69.526 Y59.37
G0 X70.524 Y58.737
M204 S500
M205 X10 Y10
;TYPE:FILL
G1 F2700 E686.55504
G1 F2400 X73.747 Y61.96 E686.75242
G1 X73.959 Y62.172
M204 S2000
M205 X30 Y30
G0 F3600 X74.738 Y60.593
M204 S500
M205 X10 Y10
G1 F2400 X71.892 Y57.747 E686.92672
G1 X71.68 Y57.535
M204 S2000
M205 X30 Y30
G0 F3600 X70.329 Y60.899
M204 S500
M205 X10 Y10
G1 F2400 X71.572 Y62.142 E687.00285
G1 X71.784 Y62.354
M204 S2000
M205 X30 Y30
G0 F3600 X73.273 Y57.584
M204 S500
M205 X10 Y10
;TYPE:WALL-INNER
G1 F2400 X73.757 Y57.799 E687.02578
G1 X74.183 Y58.109 E687.0486
G1 X74.541 Y58.505 E687.07172
G1 X74.805 Y58.963 E687.09461
G1 X74.972 Y59.475 E687.11793
G1 X75.027 Y60 E687.14079
G1 X74.972 Y60.525 E687.16365
G1 X74.805 Y61.037 E687.18698
G1 X74.541 Y61.495 E687.20987
G1 X74.183 Y61.891 E687.23299
G1 X73.757 Y62.201 E687.2558
G1 X73.273 Y62.416 E687.27874
G1 X72.747 Y62.528 E687.30203
G1 X72.223 Y62.528 E687.32472
G1 X71.697 Y62.416 E687.34801
G1 X71.216 Y62.202 E687.37081
G1 X70.785 Y61.889 E687.39388
G1 X70.427 Y61.492 E687.41703
G1 X70.164 Y61.035 E687.43986
G1 X69.998 Y60.526 E687.46304
G1 X69.943 Y60 E687.48595
G1 X69.998 Y59.474 E687.50885
G1 X70.164 Y58.965 E687.53204
G1 X70.427 Y58.508 E687.55487
G1 X70.785 Y58.111 E687.57802
G1 X71.216 Y57.798 E687.60109
G1 X71.697 Y57.584 E687.62389
G1 X72.223 Y57.472 E687.64718
G1 X72.747 Y57.472 E687.66987
G1 X72.772 Y57.478 E687.67098
G0 F1920 X73.273 Y57.584
M204 S2000
M205 X30 Y30
G0 F3600 X73.429 Y57.106
M204 S500
M205 X10 Y10
G1 F2400 X74.007 Y57.363 E687.69837
G1 X74.52 Y57.736 E687.72584
G1 X74.948 Y58.21 E687.7535
G1 X75.266 Y58.761 E687.78105
G1 X75.463 Y59.367 E687.80864
G1 X75.53 Y60 E687.83621
G1 X75.463 Y60.633 E687.86378
G1 X75.266 Y61.239 E687.89137
G1 X74.948 Y61.79 E687.91892
G1 X74.52 Y62.264 E687.94658
G1 X74.007 Y62.637 E687.97405
G1 X73.429 Y62.894 E688.00144
G1 X72.799 Y63.028 E688.02933
G1 X72.171 Y63.028 E688.05653
G1 X71.541 Y62.894 E688.08442
G1 X70.963 Y62.637 E688.11181
G1 X70.451 Y62.265 E688.13922
G1 X70.02 Y61.787 E688.16709
G1 X69.703 Y61.237 E688.19458
G1 X69.507 Y60.634 E688.22204
G1 X69.44 Y60 E688.24965
G1 X69.507 Y59.366 E688.27726
G1 X69.703 Y58.763 E688.30472
G1 X70.02 Y58.213 E688.33221
G1 X70.451 Y57.735 E688.36008
G1 X70.963 Y57.363 E688.38749
G1 X71.541 Y57.106 E688.41488
G1 X72.171 Y56.972 E688.44278
G1 X72.799 Y56.972 E688.46997
G1 X72.929 Y57 E688.47573
G0 F1920 X73.429 Y57.106
M204 S2000
M205 X30 Y30
G0 F3600 X73.585 Y56.628
M204 S500
M205 X10 Y10
;TYPE:WALL-OUTER
G1 F1200 X74.257 Y56.927 E688.50758
G1 X74.857 Y57.363 E688.5397
G1 X75.355 Y57.915 E688.5719
G1 X75.726 Y58.558 E688.60405
G1 X75.954 Y59.26 E688.63601
G1 X76.032 Y60 E688.66823
G1 X75.954 Y60.74 E688.70046
G1 X75.726 Y61.442 E688.73242
G1 X75.355 Y62.085 E688.76457
G1 X74.857 Y62.637 E688.79676
G1 X74.257 Y63.073 E688.82888
G1 X73.585 Y63.372 E688.86074
G1 X72.851 Y63.528 E688.89323
G1 X72.119 Y63.528 E688.92493
G1 X71.385 Y63.372 E688.95743
G1 X70.71 Y63.072 E688.98942
G1 X70.114 Y62.639 E689.02132
G1 X69.615 Y62.085 E689.05361
G1 X69.245 Y61.443 E689.0857
G1 X69.015 Y60.738 E689.11781
G1 X68.938 Y60 E689.14994
G1 X69.015 Y59.262 E689.18208
G1 X69.245 Y58.557 E689.21419
G1 X69.615 Y57.915 E689.24628
G1 X70.114 Y57.361 E689.27857
G1 X70.71 Y56.928 E689.31047
G1 X71.385 Y56.628 E689.34246
G1 X72.119 Y56.472 E689.37496
G1 X72.851 Y56.472 E689.40666
G1 X73.084 Y56.522 E689.41698
G0 F960 X73.585 Y56.628
M204 S2000
M205 X30 Y30
G0 F3600 X73.813 Y56.729
G0 X73.406 Y57.643
G1 F2700 E683.41698 ; Modi
;MESH:NONMESH
G0 F600 X73.406 Y57.643 Z21.55
G0 F3600 X70.036 Y58.224
G0 X68.793 Y57.51
G0 X52.95 Y58.224
G0 X51.515 Y58.224
G0 X48.054 Y57.798
;TIME_ELAPSED:841.446446
;LAYER:85
M204 S500
M205 X10 Y10
;TYPE:FILL
;MESH:RetractTower
G1 F2700 E689.41698
G1 F2400 X46.135 Y59.718 E689.53453
G1 X45.923 Y59.93
M204 S2000
M205 X30 Y30
G0 F3600 X46.135 Y62.076
M204 S500
M205 X10 Y10
G1 F2400 X50.412 Y57.798 E689.7965
G1 X50.624 Y57.586
M204 S2000
M205 X30 Y30
G0 F3600 X50.834 Y59.734
M204 S500
M205 X10 Y10
G1 F2400 X48.219 Y62.349 E689.95665
G1 X48.007 Y62.561
M204 S2000
M205 X30 Y30
G0 F3600 X50.577 Y62.349
M204 S500
M205 X10 Y10
G1 F2400 X50.834 Y62.091 E689.97242
M204 S2000
M205 X30 Y30
G0 F3600 X46.201 Y57.6
M204 S500
M205 X10 Y10
;TYPE:WALL-INNER
G1 F2400 X50.707 Y57.6 E690.16756
G1 X50.708 Y57.45 E690.17406
G1 X51.035 Y57.45 E690.18822
G1 X51.035 Y62.55 E690.40908
G1 X45.935 Y62.55 E690.62994
G1 X45.935 Y57.546 E690.84664
G0 F1920 X45.935 Y57.45
G0 X46.201 Y57.45
G0 X46.201 Y57.6
M204 S2000
M205 X30 Y30
G0 F3600 X46.701 Y57.1
M204 S500
M205 X10 Y10
G1 F2400 X50.21 Y57.1 E690.9986
G1 X50.211 Y56.95 E691.00509
G1 X51.535 Y56.95 E691.06243
G1 X51.535 Y63.05 E691.3266
G1 X45.435 Y63.05 E691.59076
G1 X45.435 Y56.95 E691.85493
G1 X46.339 Y56.95 E691.89407
G0 F1920 X46.701 Y56.95
G0 X46.701 Y57.1
M204 S2000
M205 X30 Y30
G0 F3600 X47.201 Y56.6
M204 S500
M205 X10 Y10
;TYPE:WALL-OUTER
G1 F1200 X49.713 Y56.6 E692.00286
G1 X49.714 Y56.45 E692.00935
G1 X52.035 Y56.45 E692.10987
G1 X52.035 Y63.55 E692.41734
G1 X44.935 Y63.55 E692.72481
G1 X44.935 Y56.45 E693.03228
G1 X46.839 Y56.45 E693.11473
G0 F960 X47.201 Y56.45
G0 X47.201 Y56.6
M204 S2000
M205 X30 Y30
G0 F3600 X47.451 Y56.6
G0 X47.451 Y57.6
G1 F2700 E687.11473 ; Modi
G0 F3600 X51.515 Y59.097
G0 X52.95 Y59.097
G0 X68.034 Y59.852
G0 X69.46 Y60
G0 X70.331 Y59.097
M204 S500
M205 X10 Y10
;TYPE:FILL
G1 F2700 E693.11473
G1 F2400 X71.571 Y57.856 E693.19071
G1 X71.783 Y57.644
M204 S2000
M205 X30 Y30
G0 F3600 X73.747 Y58.038
M204 S500
M205 X10 Y10
G1 F2400 X70.524 Y61.261 E693.38809
G1 X70.312 Y61.473
M204 S2000
M205 X30 Y30
G0 F3600 X71.89 Y62.252
M204 S500
M205 X10 Y10
G1 F2400 X74.737 Y59.406 E693.56242
G1 X74.949 Y59.194
M204 S2000
M205 X30 Y30
G0 F3600 X73.273 Y57.584
M204 S500
M205 X10 Y10
;TYPE:WALL-INNER
G1 F2400 X73.757 Y57.799 E693.58536
G1 X74.183 Y58.109 E693.60817
G1 X74.541 Y58.505 E693.63129
G1 X74.805 Y58.963 E693.65419
G1 X74.972 Y59.475 E693.67751
G1 X75.027 Y60 E693.70037
G1 X74.972 Y60.525 E693.72323
G1 X74.805 Y61.037 E693.74655
G1 X74.541 Y61.495 E693.76944
G1 X74.183 Y61.891 E693.79256
G1 X73.757 Y62.201 E693.81538
G1 X73.273 Y62.416 E693.83831
G1 X72.747 Y62.528 E693.8616
G1 X72.223 Y62.528 E693.88429
G1 X71.697 Y62.416 E693.90758
G1 X71.216 Y62.202 E693.93038
G1 X70.785 Y61.889 E693.95345
G1 X70.427 Y61.492 E693.9766
G1 X70.164 Y61.035 E693.99943
G1 X69.998 Y60.526 E694.02262
G1 X69.943 Y60 E694.04552
G1 X69.998 Y59.474 E694.06842
G1 X70.164 Y58.965 E694.09161
G1 X70.427 Y58.508 E694.11444
G1 X70.785 Y58.111 E694.13759
G1 X71.216 Y57.798 E694.16066
G1 X71.697 Y57.584 E694.18346
G1 X72.223 Y57.472 E694.20675
G1 X72.747 Y57.472 E694.22944
G1 X72.772 Y57.478 E694.23055
G0 F1920 X73.273 Y57.584
M204 S2000
M205 X30 Y30
G0 F3600 X73.429 Y57.106
M204 S500
M205 X10 Y10
G1 F2400 X74.007 Y57.363 E694.25795
G1 X74.52 Y57.736 E694.28542
G1 X74.948 Y58.21 E694.31307
G1 X75.266 Y58.761 E694.34062
G1 X75.463 Y59.367 E694.36822
G1 X75.53 Y60 E694.39578
G1 X75.463 Y60.633 E694.42335
G1 X75.266 Y61.239 E694.45094
G1 X74.948 Y61.79 E694.47849
G1 X74.52 Y62.264 E694.50615
G1 X74.007 Y62.637 E694.53362
G1 X73.429 Y62.894 E694.56101
G1 X72.799 Y63.028 E694.5889
G1 X72.171 Y63.028 E694.6161
G1 X71.541 Y62.894 E694.64399
G1 X70.963 Y62.637 E694.67139
G1 X70.451 Y62.265 E694.69879
G1 X70.02 Y61.787 E694.72667
G1 X69.703 Y61.237 E694.75416
G1 X69.507 Y60.634 E694.78162
G1 X69.44 Y60 E694.80922
G1 X69.507 Y59.366 E694.83683
G1 X69.703 Y58.763 E694.86429
G1 X70.02 Y58.213 E694.89178
G1 X70.451 Y57.735 E694.91966
G1 X70.963 Y57.363 E694.94706
G1 X71.541 Y57.106 E694.97446
G1 X72.171 Y56.972 E695.00235
G1 X72.799 Y56.972 E695.02954
G1 X72.929 Y57 E695.0353
G0 F1920 X73.429 Y57.106
M204 S2000
M205 X30 Y30
G0 F3600 X73.585 Y56.628
M204 S500
M205 X10 Y10
;TYPE:WALL-OUTER
G1 F1200 X74.257 Y56.927 E695.06716
G1 X74.857 Y57.363 E695.09927
G1 X75.355 Y57.915 E695.13147
G1 X75.726 Y58.558 E695.16362
G1 X75.954 Y59.26 E695.19558
G1 X76.032 Y60 E695.22781
G1 X75.954 Y60.74 E695.26003
G1 X75.726 Y61.442 E695.29199
G1 X75.355 Y62.085 E695.32414
G1 X74.857 Y62.637 E695.35634
G1 X74.257 Y63.073 E695.38846
G1 X73.585 Y63.372 E695.42031
G1 X72.851 Y63.528 E695.4528
G1 X72.119 Y63.528 E695.4845
G1 X71.385 Y63.372 E695.517
G1 X70.71 Y63.072 E695.54899
G1 X70.114 Y62.639 E695.58089
G1 X69.615 Y62.085 E695.61318
G1 X69.245 Y61.443 E695.64527
G1 X69.015 Y60.738 E695.67738
G1 X68.938 Y60 E695.70952
G1 X69.015 Y59.262 E695.74165
G1 X69.245 Y58.557 E695.77376
G1 X69.615 Y57.915 E695.80585
G1 X70.114 Y57.361 E695.83814
G1 X70.71 Y56.928 E695.87004
G1 X71.385 Y56.628 E695.90203
G1 X72.119 Y56.472 E695.93453
G1 X72.851 Y56.472 E695.96623
G1 X73.084 Y56.522 E695.97655
G0 F960 X73.585 Y56.628
M204 S2000
M205 X30 Y30
G0 F3600 X73.813 Y56.729
G0 X73.406 Y57.643
G1 F2700 E689.97655 ; Modi
;MESH:NONMESH
G0 F600 X73.406 Y57.643 Z21.8
G0 F3600 X70.036 Y58.224
G0 X68.793 Y57.51
G0 X52.95 Y58.224
G0 X51.515 Y58.224
G0 X46.135 Y57.922
;TIME_ELAPSED:849.850319
;LAYER:86
M204 S500
M205 X10 Y10
;TYPE:FILL
;MESH:RetractTower
G1 F2700 E695.97655
G1 F2400 X50.561 Y62.349 E696.24764
G1 X50.773 Y62.561
M204 S2000
M205 X30 Y30
G0 F3600 X50.835 Y60.265
M204 S500
M205 X10 Y10
G1 F2400 X48.369 Y57.799 E696.39867
G1 X48.157 Y57.587
M204 S2000
M205 X30 Y30
G0 F3600 X50.636 Y57.709
M204 S500
M205 X10 Y10
G1 F2400 X50.835 Y57.907 E696.41083
M204 S2000
M205 X30 Y30
G0 F3600 X48.204 Y62.349
M204 S500
M205 X10 Y10
G1 F2400 X46.135 Y60.28 E696.53754
G1 X45.923 Y60.068
M204 S2000
M205 X30 Y30
G0 F3600 X50.437 Y57.6
M204 S500
M205 X10 Y10
;TYPE:WALL-INNER
G1 F2400 X50.437 Y57.45 E696.54404
G1 X51.035 Y57.45 E696.56993
G1 X51.035 Y62.55 E696.79079
G1 X45.935 Y62.55 E697.01165
G1 X45.935 Y57.45 E697.23251
G1 X46.482 Y57.45 E697.2562
G1 X46.483 Y57.6 E697.2627
G1 X49.925 Y57.6 E697.41175
G0 F1920 X50.437 Y57.6
M204 S2000
M205 X30 Y30
G0 F3600 X49.937 Y57.1
M204 S500
M205 X10 Y10
G1 F2400 X49.937 Y56.95 E697.41825
G1 X51.535 Y56.95 E697.48745
G1 X51.535 Y63.05 E697.75162
G1 X45.435 Y63.05 E698.01578
G1 X45.435 Y56.95 E698.27995
G1 X46.979 Y56.95 E698.34681
G1 X46.98 Y57.1 E698.35331
G1 X49.425 Y57.1 E698.45919
G0 F1920 X49.937 Y57.1
M204 S2000
M205 X30 Y30
G0 F3600 X49.437 Y56.6
M204 S500
M205 X10 Y10
;TYPE:WALL-OUTER
G1 F1200 X49.437 Y56.45 E698.46569
G1 X52.035 Y56.45 E698.57819
G1 X52.035 Y63.55 E698.88566
G1 X44.935 Y63.55 E699.19314
G1 X44.935 Y56.45 E699.50061
G1 X47.476 Y56.45 E699.61065
G1 X47.477 Y56.6 E699.61714
G1 X48.925 Y56.6 E699.67985
G0 F960 X49.437 Y56.6
M204 S2000
M205 X30 Y30
G0 F3600 X49.437 Y56.45
G0 X49.537 Y56.45
G0 X50.29 Y57.45
G1 F2700 E693.67985 ; Modi
G0 F3600 X51.515 Y58.737
G0 X52.95 Y58.737
G0 X68.099 Y59.222
G0 X69.526 Y59.37
G0 X70.524 Y58.737
M204 S500
M205 X10 Y10
;TYPE:FILL
G1 F2700 E699.67985
G1 F2400 X73.747 Y61.96 E699.87724
G1 X73.959 Y62.172
M204 S2000
M205 X30 Y30
G0 F3600 X74.738 Y60.593
M204 S500
M205 X10 Y10
G1 F2400 X71.892 Y57.747 E700.05154
G1 X71.68 Y57.535
M204 S2000
M205 X30 Y30
G0 F3600 X70.329 Y60.899
M204 S500
M205 X10 Y10
G1 F2400 X71.572 Y62.142 E700.12766
G1 X71.784 Y62.354
M204 S2000
M205 X30 Y30
G0 F3600 X73.273 Y57.584
M204 S500
M205 X10 Y10
;TYPE:WALL-INNER
G1 F2400 X73.757 Y57.799 E700.1506
G1 X74.183 Y58.109 E700.17341
G1 X74.541 Y58.505 E700.19653
G1 X74.805 Y58.963 E700.21942
G1 X74.972 Y59.475 E700.24275
G1 X75.027 Y60 E700.26561
G1 X74.972 Y60.525 E700.28847
G1 X74.805 Y61.037 E700.31179
G1 X74.541 Y61.495 E700.33468
G1 X74.183 Y61.891 E700.3578
G1 X73.757 Y62.201 E700.38061
G1 X73.273 Y62.416 E700.40355
G1 X72.747 Y62.528 E700.42684
G1 X72.223 Y62.528 E700.44953
G1 X71.697 Y62.416 E700.47282
G1 X71.216 Y62.202 E700.49562
G1 X70.785 Y61.889 E700.51869
G1 X70.427 Y61.492 E700.54184
G1 X70.164 Y61.035 E700.56467
G1 X69.998 Y60.526 E700.58786
G1 X69.943 Y60 E700.61076
G1 X69.998 Y59.474 E700.63366
G1 X70.164 Y58.965 E700.65685
G1 X70.427 Y58.508 E700.67968
G1 X70.785 Y58.111 E700.70283
G1 X71.216 Y57.798 E700.7259
G1 X71.697 Y57.584 E700.7487
G1 X72.223 Y57.472 E700.77199
G1 X72.747 Y57.472 E700.79468
G1 X72.772 Y57.478 E700.79579
G0 F1920 X73.273 Y57.584
M204 S2000
M205 X30 Y30
G0 F3600 X73.429 Y57.106
M204 S500
M205 X10 Y10
G1 F2400 X74.007 Y57.363 E700.82319
G1 X74.52 Y57.736 E700.85065
G1 X74.948 Y58.21 E700.87831
G1 X75.266 Y58.761 E700.90586
G1 X75.463 Y59.367 E700.93346
G1 X75.53 Y60 E700.96102
G1 X75.463 Y60.633 E700.98859
G1 X75.266 Y61.239 E701.01618
G1 X74.948 Y61.79 E701.04373
G1 X74.52 Y62.264 E701.07139
G1 X74.007 Y62.637 E701.09886
G1 X73.429 Y62.894 E701.12625
G1 X72.799 Y63.028 E701.15414
G1 X72.171 Y63.028 E701.18134
G1 X71.541 Y62.894 E701.20923
G1 X70.963 Y62.637 E701.23663
G1 X70.451 Y62.265 E701.26403
G1 X70.02 Y61.787 E701.29191
G1 X69.703 Y61.237 E701.3194
G1 X69.507 Y60.634 E701.34685
G1 X69.44 Y60 E701.37446
G1 X69.507 Y59.366 E701.40207
G1 X69.703 Y58.763 E701.42953
G1 X70.02 Y58.213 E701.45702
G1 X70.451 Y57.735 E701.48489
G1 X70.963 Y57.363 E701.5123
G1 X71.541 Y57.106 E701.53969
G1 X72.171 Y56.972 E701.56759
G1 X72.799 Y56.972 E701.59478
G1 X72.929 Y57 E701.60054
G0 F1920 X73.429 Y57.106
M204 S2000
M205 X30 Y30
G0 F3600 X73.585 Y56.628
M204 S500
M205 X10 Y10
;TYPE:WALL-OUTER
G1 F1200 X74.257 Y56.927 E701.63239
G1 X74.857 Y57.363 E701.66451
G1 X75.355 Y57.915 E701.69671
G1 X75.726 Y58.558 E701.72886
G1 X75.954 Y59.26 E701.76082
G1 X76.032 Y60 E701.79304
G1 X75.954 Y60.74 E701.82527
G1 X75.726 Y61.442 E701.85723
G1 X75.355 Y62.085 E701.88938
G1 X74.857 Y62.637 E701.92158
G1 X74.257 Y63.073 E701.95369
G1 X73.585 Y63.372 E701.98555
G1 X72.851 Y63.528 E702.01804
G1 X72.119 Y63.528 E702.04974
G1 X71.385 Y63.372 E702.08224
G1 X70.71 Y63.072 E702.11423
G1 X70.114 Y62.639 E702.14613
G1 X69.615 Y62.085 E702.17842
G1 X69.245 Y61.443 E702.21051
G1 X69.015 Y60.738 E702.24262
G1 X68.938 Y60 E702.27476
G1 X69.015 Y59.262 E702.30689
G1 X69.245 Y58.557 E702.339
G1 X69.615 Y57.915 E702.37109
G1 X70.114 Y57.361 E702.40338
G1 X70.71 Y56.928 E702.43528
G1 X71.385 Y56.628 E702.46727
G1 X72.119 Y56.472 E702.49977
G1 X72.851 Y56.472 E702.53147
G1 X73.084 Y56.522 E702.54179
G0 F960 X73.585 Y56.628
M204 S2000
M205 X30 Y30
G0 F3600 X73.813 Y56.729
G0 X73.406 Y57.643
G1 F2700 E696.54179 ; Modi
;MESH:NONMESH
G0 F600 X73.406 Y57.643 Z22.05
G0 F3600 X70.036 Y58.224
G0 X68.793 Y57.51
G0 X52.95 Y58.224
G0 X51.515 Y58.224
G0 X48.204 Y57.649
;TIME_ELAPSED:858.285712
;LAYER:87
M204 S500
M205 X10 Y10
;TYPE:FILL
;MESH:RetractTower
G1 F2700 E702.54179
G1 F2400 X46.135 Y59.718 E702.6685
G1 X45.923 Y59.93
M204 S2000
M205 X30 Y30
G0 F3600 X46.135 Y62.076
M204 S500
M205 X10 Y10
G1 F2400 X50.562 Y57.649 E702.93963
G1 X50.774 Y57.437
M204 S2000
M205 X30 Y30
G0 F3600 X50.834 Y59.734
M204 S500
M205 X10 Y10
G1 F2400 X48.219 Y62.349 E703.09978
G1 X48.007 Y62.561
M204 S2000
M205 X30 Y30
G0 F3600 X50.577 Y62.349
M204 S500
M205 X10 Y10
G1 F2400 X50.834 Y62.091 E703.11555
M204 S2000
M205 X30 Y30
G0 F3600 X51.035 Y62.55
M204 S500
M205 X10 Y10
;TYPE:WALL-INNER
G1 F2400 X45.935 Y62.55 E703.33641
G1 X45.935 Y57.45 E703.55727
G1 X51.035 Y57.45 E703.77813
G1 X51.035 Y62.038 E703.97681
G0 F1920 X51.035 Y62.55
M204 S2000
M205 X30 Y30
G0 F3600 X51.535 Y63.05
M204 S500
M205 X10 Y10
G1 F2400 X45.435 Y63.05 E704.24098
G1 X45.435 Y56.95 E704.50514
G1 X51.535 Y56.95 E704.76931
G1 X51.535 Y62.538 E705.0113
G0 F1920 X51.535 Y63.05
M204 S2000
M205 X30 Y30
G0 F3600 X52.035 Y63.55
M204 S500
M205 X10 Y10
;TYPE:WALL-OUTER
G1 F1200 X44.935 Y63.55 E705.31877
G1 X44.935 Y56.45 E705.62624
G1 X52.035 Y56.45 E705.93371
G1 X52.035 Y63.038 E706.21901
G0 F960 X52.035 Y63.55
M204 S2000
M205 X30 Y30
G0 F3600 X51.785 Y63.55
G0 X51.035 Y62.697
G1 F2700 E700.21901 ; Modi
G0 F3600 X51.515 Y61.261
G0 X52.95 Y61.261
G0 X68.1 Y60.779
G0 X69.526 Y60.63
G0 X70.524 Y61.261
M204 S500
M205 X10 Y10
;TYPE:FILL
G1 F2700 E706.21901
G1 F2400 X73.747 Y58.038 E706.4164
G1 X73.959 Y57.826
M204 S2000
M205 X30 Y30
G0 F3600 X74.737 Y59.406
M204 S500
M205 X10 Y10
G1 F2400 X71.89 Y62.252 E706.59073
G1 X71.678 Y62.464
M204 S2000
M205 X30 Y30
G0 F3600 X70.331 Y59.097
M204 S500
M205 X10 Y10
G1 F2400 X71.571 Y57.856 E706.6667
G1 X71.783 Y57.644
M204 S2000
M205 X30 Y30
G0 F3600 X73.273 Y57.584
M204 S500
M205 X10 Y10
;TYPE:WALL-INNER
G1 F2400 X73.757 Y57.799 E706.68964
G1 X74.183 Y58.109 E706.71245
G1 X74.541 Y58.505 E706.73557
G1 X74.805 Y58.963 E706.75846
G1 X74.972 Y59.475 E706.78178
G1 X75.027 Y60 E706.80464
G1 X74.972 Y60.525 E706.8275
G1 X74.805 Y61.037 E706.85083
G1 X74.541 Y61.495 E706.87372
G1 X74.183 Y61.891 E706.89684
G1 X73.757 Y62.201 E706.91965
G1 X73.273 Y62.416 E706.94259
G1 X72.747 Y62.528 E706.96588
G1 X72.223 Y62.528 E706.98857
G1 X71.697 Y62.416 E707.01186
G1 X71.216 Y62.202 E707.03466
G1 X70.785 Y61.889 E707.05773
G1 X70.427 Y61.492 E707.08088
G1 X70.164 Y61.035 E707.10371
G1 X69.998 Y60.526 E707.1269
G1 X69.943 Y60 E707.1498
G1 X69.998 Y59.474 E707.1727
G1 X70.164 Y58.965 E707.19589
G1 X70.427 Y58.508 E707.21872
G1 X70.785 Y58.111 E707.24187
G1 X71.216 Y57.798 E707.26494
G1 X71.697 Y57.584 E707.28774
G1 X72.223 Y57.472 E707.31103
G1 X72.747 Y57.472 E707.33372
G1 X72.772 Y57.478 E707.33483
G0 F1920 X73.273 Y57.584
M204 S2000
M205 X30 Y30
G0 F3600 X73.429 Y57.106
M204 S500
M205 X10 Y10
G1 F2400 X74.007 Y57.363 E707.36223
G1 X74.52 Y57.736 E707.38969
G1 X74.948 Y58.21 E707.41735
G1 X75.266 Y58.761 E707.4449
G1 X75.463 Y59.367 E707.4725
G1 X75.53 Y60 E707.50006
G1 X75.463 Y60.633 E707.52763
G1 X75.266 Y61.239 E707.55522
G1 X74.948 Y61.79 E707.58277
G1 X74.52 Y62.264 E707.61043
G1 X74.007 Y62.637 E707.6379
G1 X73.429 Y62.894 E707.66529
G1 X72.799 Y63.028 E707.69318
G1 X72.171 Y63.028 E707.72038
G1 X71.541 Y62.894 E707.74827
G1 X70.963 Y62.637 E707.77567
G1 X70.451 Y62.265 E707.80307
G1 X70.02 Y61.787 E707.83094
G1 X69.703 Y61.237 E707.85844
G1 X69.507 Y60.634 E707.88589
G1 X69.44 Y60 E707.9135
G1 X69.507 Y59.366 E707.94111
G1 X69.703 Y58.763 E707.96857
G1 X70.02 Y58.213 E707.99606
G1 X70.451 Y57.735 E708.02393
G1 X70.963 Y57.363 E708.05134
G1 X71.541 Y57.106 E708.07873
G1 X72.171 Y56.972 E708.10663
G1 X72.799 Y56.972 E708.13382
G1 X72.929 Y57 E708.13958
G0 F1920 X73.429 Y57.106
M204 S2000
M205 X30 Y30
G0 F3600 X73.585 Y56.628
M204 S500
M205 X10 Y10
;TYPE:WALL-OUTER
G1 F1200 X74.257 Y56.927 E708.17143
G1 X74.857 Y57.363 E708.20355
G1 X75.355 Y57.915 E708.23575
G1 X75.726 Y58.558 E708.2679
G1 X75.954 Y59.26 E708.29986
G1 X76.032 Y60 E708.33208
G1 X75.954 Y60.74 E708.36431
G1 X75.726 Y61.442 E708.39627
G1 X75.355 Y62.085 E708.42842
G1 X74.857 Y62.637 E708.46061
G1 X74.257 Y63.073 E708.49273
G1 X73.585 Y63.372 E708.52459
G1 X72.851 Y63.528 E708.55708
G1 X72.119 Y63.528 E708.58878
G1 X71.385 Y63.372 E708.62128
G1 X70.71 Y63.072 E708.65327
G1 X70.114 Y62.639 E708.68517
G1 X69.615 Y62.085 E708.71746
G1 X69.245 Y61.443 E708.74955
G1 X69.015 Y60.738 E708.78166
G1 X68.938 Y60 E708.81379
G1 X69.015 Y59.262 E708.84593
G1 X69.245 Y58.557 E708.87804
G1 X69.615 Y57.915 E708.91013
G1 X70.114 Y57.361 E708.94242
G1 X70.71 Y56.928 E708.97432
G1 X71.385 Y56.628 E709.00631
G1 X72.119 Y56.472 E709.03881
G1 X72.851 Y56.472 E709.07051
G1 X73.084 Y56.522 E709.08083
G0 F960 X73.585 Y56.628
M204 S2000
M205 X30 Y30
G0 F3600 X73.813 Y56.729
G0 X73.406 Y57.643
G1 F2700 E703.08083 ; Modi
;MESH:NONMESH
G0 F600 X73.406 Y57.643 Z22.3
G0 F3600 X70.036 Y58.224
G0 X68.793 Y57.51
G0 X52.95 Y58.224
G0 X51.515 Y58.224
G0 X46.135 Y57.922
;TIME_ELAPSED:866.247806
;LAYER:88
M204 S500
M205 X10 Y10
;TYPE:FILL
;MESH:RetractTower
G1 F2700 E709.08083
G1 F2400 X50.561 Y62.349 E709.35192
G1 X50.773 Y62.561
M204 S2000
M205 X30 Y30
G0 F3600 X50.835 Y60.265
M204 S500
M205 X10 Y10
G1 F2400 X48.219 Y57.649 E709.51213
G1 X48.007 Y57.437
M204 S2000
M205 X30 Y30
G0 F3600 X50.577 Y57.649
M204 S500
M205 X10 Y10
G1 F2400 X50.835 Y57.907 E709.52794
M204 S2000
M205 X30 Y30
G0 F3600 X48.204 Y62.349
M204 S500
M205 X10 Y10
G1 F2400 X46.135 Y60.28 E709.65465
G1 X45.923 Y60.068
M204 S2000
M205 X30 Y30
G0 F3600 X51.035 Y62.55
M204 S500
M205 X10 Y10
;TYPE:WALL-INNER
G1 F2400 X45.935 Y62.55 E709.87551
G1 X45.935 Y57.45 E710.09637
G1 X51.035 Y57.45 E710.31723
G1 X51.035 Y62.038 E710.51591
G0 F1920 X51.035 Y62.55
M204 S2000
M205 X30 Y30
G0 F3600 X51.535 Y63.05
M204 S500
M205 X10 Y10
G1 F2400 X45.435 Y63.05 E710.78008
G1 X45.435 Y56.95 E711.04424
G1 X51.535 Y56.95 E711.30841
G1 X51.535 Y62.538 E711.5504
G0 F1920 X51.535 Y63.05
M204 S2000
M205 X30 Y30
G0 F3600 X52.035 Y63.55
M204 S500
M205 X10 Y10
;TYPE:WALL-OUTER
G1 F1200 X44.935 Y63.55 E711.85787
G1 X44.935 Y56.45 E712.16534
G1 X52.035 Y56.45 E712.47281
G1 X52.035 Y63.038 E712.75811
G0 F960 X52.035 Y63.55
M204 S2000
M205 X30 Y30
G0 F3600 X51.785 Y63.55
G0 X51.035 Y62.697
G1 F2700 E706.75811 ; Modi
G0 F3600 X51.515 Y60.899
G0 X52.95 Y60.899
G0 X68.035 Y60.149
G0 X69.46 Y60
G0 X70.329 Y60.899
M204 S500
M205 X10 Y10
;TYPE:FILL
G1 F2700 E712.75811
G1 F2400 X71.572 Y62.142 E712.83424
G1 X71.784 Y62.354
M204 S2000
M205 X30 Y30
G0 F3600 X73.747 Y61.96
M204 S500
M205 X10 Y10
G1 F2400 X70.524 Y58.737 E713.03162
G1 X70.312 Y58.525
M204 S2000
M205 X30 Y30
G0 F3600 X71.892 Y57.747
M204 S500
M205 X10 Y10
G1 F2400 X74.738 Y60.593 E713.20592
G1 X74.95 Y60.805
M204 S2000
M205 X30 Y30
G0 F3600 X73.273 Y57.584
M204 S500
M205 X10 Y10
;TYPE:WALL-INNER
G1 F2400 X73.757 Y57.799 E713.22886
G1 X74.183 Y58.109 E713.25167
G1 X74.541 Y58.505 E713.27479
G1 X74.805 Y58.963 E713.29769
G1 X74.972 Y59.475 E713.32101
G1 X75.027 Y60 E713.34387
G1 X74.972 Y60.525 E713.36673
G1 X74.805 Y61.037 E713.39005
G1 X74.541 Y61.495 E713.41294
G1 X74.183 Y61.891 E713.43606
G1 X73.757 Y62.201 E713.45888
G1 X73.273 Y62.416 E713.48181
G1 X72.747 Y62.528 E713.5051
G1 X72.223 Y62.528 E713.52779
G1 X71.697 Y62.416 E713.55108
G1 X71.216 Y62.202 E713.57388
G1 X70.785 Y61.889 E713.59695
G1 X70.427 Y61.492 E713.6201
G1 X70.164 Y61.035 E713.64293
G1 X69.998 Y60.526 E713.66612
G1 X69.943 Y60 E713.68902
G1 X69.998 Y59.474 E713.71192
G1 X70.164 Y58.965 E713.73511
G1 X70.427 Y58.508 E713.75794
G1 X70.785 Y58.111 E713.78109
G1 X71.216 Y57.798 E713.80416
G1 X71.697 Y57.584 E713.82696
G1 X72.223 Y57.472 E713.85025
G1 X72.747 Y57.472 E713.87294
G1 X72.772 Y57.478 E713.87406
G0 F1920 X73.273 Y57.584
M204 S2000
M205 X30 Y30
G0 F3600 X73.429 Y57.106
M204 S500
M205 X10 Y10
G1 F2400 X74.007 Y57.363 E713.90145
G1 X74.52 Y57.736 E713.92892
G1 X74.948 Y58.21 E713.95657
G1 X75.266 Y58.761 E713.98412
G1 X75.463 Y59.367 E714.01172
G1 X75.53 Y60 E714.03928
G1 X75.463 Y60.633 E714.06685
G1 X75.266 Y61.239 E714.09444
G1 X74.948 Y61.79 E714.12199
G1 X74.52 Y62.264 E714.14965
G1 X74.007 Y62.637 E714.17712
G1 X73.429 Y62.894 E714.20451
G1 X72.799 Y63.028 E714.23241
G1 X72.171 Y63.028 E714.2596
G1 X71.541 Y62.894 E714.28749
G1 X70.963 Y62.637 E714.31489
G1 X70.451 Y62.265 E714.3423
G1 X70.02 Y61.787 E714.37017
G1 X69.703 Y61.237 E714.39766
G1 X69.507 Y60.634 E714.42512
G1 X69.44 Y60 E714.45273
G1 X69.507 Y59.366 E714.48033
G1 X69.703 Y58.763 E714.50779
G1 X70.02 Y58.213 E714.53528
G1 X70.451 Y57.735 E714.56316
G1 X70.963 Y57.363 E714.59056
G1 X71.541 Y57.106 E714.61796
G1 X72.171 Y56.972 E714.64585
G1 X72.799 Y56.972 E714.67305
G1 X72.929 Y57 E714.6788
G0 F1920 X73.429 Y57.106
M204 S2000
M205 X30 Y30
G0 F3600 X73.585 Y56.628
M204 S500
M205 X10 Y10
;TYPE:WALL-OUTER
G1 F1200 X74.257 Y56.927 E714.71066
G1 X74.857 Y57.363 E714.74278
G1 X75.355 Y57.915 E714.77497
G1 X75.726 Y58.558 E714.80712
G1 X75.954 Y59.26 E714.83908
G1 X76.032 Y60 E714.87131
G1 X75.954 Y60.74 E714.90353
G1 X75.726 Y61.442 E714.93549
G1 X75.355 Y62.085 E714.96764
G1 X74.857 Y62.637 E714.99984
G1 X74.257 Y63.073 E715.03196
G1 X73.585 Y63.372 E715.06381
G1 X72.851 Y63.528 E715.09631
G1 X72.119 Y63.528 E715.12801
G1 X71.385 Y63.372 E715.1605
G1 X70.71 Y63.072 E715.19249
G1 X70.114 Y62.639 E715.22439
G1 X69.615 Y62.085 E715.25668
G1 X69.245 Y61.443 E715.28877
G1 X69.015 Y60.738 E715.32088
G1 X68.938 Y60 E715.35302
G1 X69.015 Y59.262 E715.38515
G1 X69.245 Y58.557 E715.41727
G1 X69.615 Y57.915 E715.44935
G1 X70.114 Y57.361 E715.48164
G1 X70.71 Y56.928 E715.51355
G1 X71.385 Y56.628 E715.54553
G1 X72.119 Y56.472 E715.57803
G1 X72.851 Y56.472 E715.60973
G1 X73.084 Y56.522 E715.62005
G0 F960 X73.585 Y56.628
M204 S2000
M205 X30 Y30
G0 F3600 X73.813 Y56.729
G0 X73.406 Y57.643
G1 F2700 E709.62005 ; Modi
;MESH:NONMESH
G0 F600 X73.406 Y57.643 Z22.55
G0 F3600 X70.036 Y58.224
G0 X68.793 Y57.51
G0 X52.95 Y58.224
G0 X51.515 Y58.224
G0 X48.204 Y57.649
;TIME_ELAPSED:874.382921
;LAYER:89
M204 S500
M205 X10 Y10
;TYPE:FILL
;MESH:RetractTower
G1 F2700 E715.62005
G1 F2400 X46.135 Y59.718 E715.74676
G1 X45.923 Y59.93
M204 S2000
M205 X30 Y30
G0 F3600 X46.135 Y62.076
M204 S500
M205 X10 Y10
G1 F2400 X50.562 Y57.649 E716.01789
G1 X50.774 Y57.437
M204 S2000
M205 X30 Y30
G0 F3600 X50.834 Y59.734
M204 S500
M205 X10 Y10
G1 F2400 X48.219 Y62.349 E716.17804
G1 X48.007 Y62.561
M204 S2000
M205 X30 Y30
G0 F3600 X50.577 Y62.349
M204 S500
M205 X10 Y10
G1 F2400 X50.834 Y62.091 E716.19381
M204 S2000
M205 X30 Y30
G0 F3600 X51.035 Y62.55
M204 S500
M205 X10 Y10
;TYPE:WALL-INNER
G1 F2400 X45.935 Y62.55 E716.41467
G1 X45.935 Y57.45 E716.63553
G1 X51.035 Y57.45 E716.85639
G1 X51.035 Y62.038 E717.05507
G0 F1920 X51.035 Y62.55
M204 S2000
M205 X30 Y30
G0 F3600 X51.535 Y63.05
M204 S500
M205 X10 Y10
G1 F2400 X45.435 Y63.05 E717.31924
G1 X45.435 Y56.95 E717.5834
G1 X51.535 Y56.95 E717.84757
G1 X51.535 Y62.538 E718.08956
G0 F1920 X51.535 Y63.05
M204 S2000
M205 X30 Y30
G0 F3600 X52.035 Y63.55
M204 S500
M205 X10 Y10
;TYPE:WALL-OUTER
G1 F1200 X44.935 Y63.55 E718.39703
G1 X44.935 Y56.45 E718.7045
G1 X52.035 Y56.45 E719.01197
G1 X52.035 Y63.038 E719.29727
G0 F960 X52.035 Y63.55
M204 S2000
M205 X30 Y30
G0 F3600 X51.785 Y63.55
G0 X51.035 Y62.697
G1 F2700 E713.29727 ; Modi
G0 F3600 X51.515 Y61.261
G0 X52.95 Y61.261
G0 X68.1 Y60.779
G0 X69.526 Y60.63
G0 X70.524 Y61.261
M204 S500
M205 X10 Y10
;TYPE:FILL
G1 F2700 E719.29727
G1 F2400 X73.747 Y58.038 E719.49466
G1 X73.959 Y57.826
M204 S2000
M205 X30 Y30
G0 F3600 X74.737 Y59.406
M204 S500
M205 X10 Y10
G1 F2400 X71.89 Y62.252 E719.66899
G1 X71.678 Y62.464
M204 S2000
M205 X30 Y30
G0 F3600 X70.331 Y59.097
M204 S500
M205 X10 Y10
G1 F2400 X71.571 Y57.856 E719.74496
G1 X71.783 Y57.644
M204 S2000
M205 X30 Y30
G0 F3600 X73.273 Y57.584
M204 S500
M205 X10 Y10
;TYPE:WALL-INNER
G1 F2400 X73.757 Y57.799 E719.7679
G1 X74.183 Y58.109 E719.79071
G1 X74.541 Y58.505 E719.81383
G1 X74.805 Y58.963 E719.83673
G1 X74.972 Y59.475 E719.86005
G1 X75.027 Y60 E719.88291
G1 X74.972 Y60.525 E719.90577
G1 X74.805 Y61.037 E719.92909
G1 X74.541 Y61.495 E719.95198
G1 X74.183 Y61.891 E719.9751
G1 X73.757 Y62.201 E719.99792
G1 X73.273 Y62.416 E720.02085
G1 X72.747 Y62.528 E720.04414
G1 X72.223 Y62.528 E720.06683
G1 X71.697 Y62.416 E720.09012
G1 X71.216 Y62.202 E720.11292
G1 X70.785 Y61.889 E720.13599
G1 X70.427 Y61.492 E720.15914
G1 X70.164 Y61.035 E720.18197
G1 X69.998 Y60.526 E720.20516
G1 X69.943 Y60 E720.22806
G1 X69.998 Y59.474 E720.25096
G1 X70.164 Y58.965 E720.27415
G1 X70.427 Y58.508 E720.29698
G1 X70.785 Y58.111 E720.32013
G1 X71.216 Y57.798 E720.3432
G1 X71.697 Y57.584 E720.366
G1 X72.223 Y57.472 E720.38929
G1 X72.747 Y57.472 E720.41198
G1 X72.772 Y57.478 E720.41309
G0 F1920 X73.273 Y57.584
M204 S2000
M205 X30 Y30
G0 F3600 X73.429 Y57.106
M204 S500
M205 X10 Y10
G1 F2400 X74.007 Y57.363 E720.44049
G1 X74.52 Y57.736 E720.46796
G1 X74.948 Y58.21 E720.49561
G1 X75.266 Y58.761 E720.52316
G1 X75.463 Y59.367 E720.55076
G1 X75.53 Y60 E720.57832
G1 X75.463 Y60.633 E720.60589
G1 X75.266 Y61.239 E720.63348
G1 X74.948 Y61.79 E720.66103
G1 X74.52 Y62.264 E720.68869
G1 X74.007 Y62.637 E720.71616
G1 X73.429 Y62.894 E720.74355
G1 X72.799 Y63.028 E720.77145
G1 X72.171 Y63.028 E720.79864
G1 X71.541 Y62.894 E720.82653
G1 X70.963 Y62.637 E720.85393
G1 X70.451 Y62.265 E720.88133
G1 X70.02 Y61.787 E720.90921
G1 X69.703 Y61.237 E720.9367
G1 X69.507 Y60.634 E720.96416
G1 X69.44 Y60 E720.99176
G1 X69.507 Y59.366 E721.01937
G1 X69.703 Y58.763 E721.04683
G1 X70.02 Y58.213 E721.07432
G1 X70.451 Y57.735 E721.1022
G1 X70.963 Y57.363 E721.1296
G1 X71.541 Y57.106 E721.157
G1 X72.171 Y56.972 E721.18489
G1 X72.799 Y56.972 E721.21208
G1 X72.929 Y57 E721.21784
G0 F1920 X73.429 Y57.106
M204 S2000
M205 X30 Y30
G0 F3600 X73.585 Y56.628
M204 S500
M205 X10 Y10
;TYPE:WALL-OUTER
G1 F1200 X74.257 Y56.927 E721.2497
G1 X74.857 Y57.363 E721.28181
G1 X75.355 Y57.915 E721.31401
G1 X75.726 Y58.558 E721.34616
G1 X75.954 Y59.26 E721.37812
G1 X76.032 Y60 E721.41035
G1 X75.954 Y60.74 E721.44257
G1 X75.726 Y61.442 E721.47453
G1 X75.355 Y62.085 E721.50668
G1 X74.857 Y62.637 E721.53888
G1 X74.257 Y63.073 E721.571
G1 X73.585 Y63.372 E721.60285
G1 X72.851 Y63.528 E721.63534
G1 X72.119 Y63.528 E721.66704
G1 X71.385 Y63.372 E721.69954
G1 X70.71 Y63.072 E721.73153
G1 X70.114 Y62.639 E721.76343
G1 X69.615 Y62.085 E721.79572
G1 X69.245 Y61.443 E721.82781
G1 X69.015 Y60.738 E721.85992
G1 X68.938 Y60 E721.89206
G1 X69.015 Y59.262 E721.92419
G1 X69.245 Y58.557 E721.9563
G1 X69.615 Y57.915 E721.98839
G1 X70.114 Y57.361 E722.02068
G1 X70.71 Y56.928 E722.05259
G1 X71.385 Y56.628 E722.08457
G1 X72.119 Y56.472 E722.11707
G1 X72.851 Y56.472 E722.14877
G1 X73.084 Y56.522 E722.15909
G0 F960 X73.585 Y56.628
M204 S2000
M205 X30 Y30
G0 F3600 X73.813 Y56.729
G0 X73.406 Y57.643
G1 F2700 E716.15909 ; Modi
;MESH:NONMESH
G0 F600 X73.406 Y57.643 Z22.8
G0 F3600 X70.036 Y58.224
G0 X68.793 Y57.51
G0 X52.95 Y58.224
G0 X51.515 Y58.224
G0 X46.294 Y58.082
;TIME_ELAPSED:882.342256
;LAYER:90
M204 S500
M205 X10 Y10
;TYPE:FILL
;MESH:RetractTower
G1 F2700 E722.15909
G1 F2400 X50.401 Y62.189 E722.41062
G1 X50.613 Y62.401
M204 S2000
M205 X30 Y30
G0 F3600 X50.674 Y60.104
M204 S500
M205 X10 Y10
G1 F2400 X48.379 Y57.809 E722.55117
G1 X48.167 Y57.597
M204 S2000
M205 X30 Y30
G0 F3600 X46.294 Y60.439
M204 S500
M205 X10 Y10
G1 F2400 X48.044 Y62.189 E722.65835
G1 X48.256 Y62.401
M204 S2000
M205 X30 Y30
G0 F3600 X51.347 Y60.622
G0 X69.842 Y59.384
G0 X70.815 Y59.027
M204 S500
M205 X10 Y10
G1 F2400 X73.462 Y61.675 E722.82049
G1 X73.674 Y61.887
M204 S2000
M205 X30 Y30
G0 F3600 X74.398 Y60.253
M204 S500
M205 X10 Y10
G1 F2400 X72.227 Y58.082 E722.95345
G1 X72.015 Y57.87
M204 S2000
M205 X30 Y30
G0 F3600 X69.842 Y59.384
G0 X50.875 Y59.85
M204 S500
M205 X10 Y10
;TYPE:WALL-INNER
G1 F2400 X70.111 Y59.85 E723.78648
G1 X70.749 Y58.744 E723.84177
G1 X71.054 Y58.407 E723.86146
G1 X71.413 Y58.145 E723.8807
G1 X71.821 Y57.964 E723.90003
G1 X72.262 Y57.87 E723.91956
G1 X72.707 Y57.87 E723.93883
G1 X73.148 Y57.964 E723.95836
G1 X73.557 Y58.145 E723.97773
G1 X73.916 Y58.407 E723.99697
G1 X74.217 Y58.74 E724.01641
G1 X74.444 Y59.133 E724.03607
G1 X74.581 Y59.553 E724.0552
G1 X74.628 Y60 E724.07466
G1 X74.581 Y60.447 E724.09413
G1 X74.444 Y60.867 E724.11326
G1 X74.217 Y61.26 E724.13291
G1 X73.916 Y61.593 E724.15235
G1 X73.557 Y61.855 E724.1716
G1 X73.148 Y62.036 E724.19097
G1 X72.707 Y62.13 E724.21049
G1 X72.262 Y62.13 E724.22976
G1 X71.821 Y62.036 E724.24929
G1 X71.413 Y61.855 E724.26862
G1 X71.054 Y61.593 E724.28787
G1 X70.749 Y61.256 E724.30755
G1 X70.111 Y60.15 E724.36284
G1 X50.875 Y60.15 E725.19587
G1 X50.875 Y62.39 E725.29288
G1 X46.095 Y62.39 E725.49988
G1 X46.095 Y57.61 E725.70688
G1 X50.875 Y57.61 E725.91388
G1 X50.875 Y59.338 E725.98871
G0 F1920 X50.875 Y59.85
M204 S2000
M205 X30 Y30
G0 F3600 X51.375 Y59.35
M204 S500
M205 X10 Y10
G1 F2400 X69.822 Y59.35 E726.78758
G1 X70.342 Y58.449 E726.83263
G1 X70.717 Y58.034 E726.85685
G1 X71.163 Y57.709 E726.88075
G1 X71.665 Y57.486 E726.90453
G1 X72.21 Y57.37 E726.92866
G1 X72.759 Y57.37 E726.95244
G1 X73.304 Y57.486 E726.97657
G1 X73.807 Y57.709 E727.0004
G1 X74.253 Y58.034 E727.0243
G1 X74.624 Y58.445 E727.04827
G1 X74.902 Y58.927 E727.07237
G1 X75.072 Y59.449 E727.09614
G1 X75.13 Y60 E727.12014
G1 X75.072 Y60.551 E727.14413
G1 X74.902 Y61.073 E727.1679
G1 X74.624 Y61.555 E727.192
G1 X74.253 Y61.966 E727.21598
G1 X73.807 Y62.291 E727.23988
G1 X73.304 Y62.514 E727.2637
G1 X72.759 Y62.63 E727.28783
G1 X72.21 Y62.63 E727.31161
G1 X71.665 Y62.514 E727.33574
G1 X71.163 Y62.291 E727.35953
G1 X70.717 Y61.966 E727.38343
G1 X70.342 Y61.551 E727.40765
G1 X69.822 Y60.65 E727.4527
G1 X51.375 Y60.65 E728.25156
G1 X51.375 Y62.89 E728.34856
G1 X45.595 Y62.89 E728.59887
G1 X45.595 Y57.11 E728.84918
G1 X51.375 Y57.11 E729.09949
G1 X51.375 Y58.838 E729.17432
G0 F1920 X51.375 Y59.35
M204 S2000
M205 X30 Y30
G0 F3600 X51.875 Y58.85
M204 S500
M205 X10 Y10
;TYPE:WALL-OUTER
G1 F1200 X69.533 Y58.85 E729.93901
G1 X69.935 Y58.154 E729.97382
G1 X70.38 Y57.661 E730.00258
G1 X70.913 Y57.273 E730.03113
G1 X71.509 Y57.008 E730.05938
G1 X72.158 Y56.87 E730.08811
G1 X72.811 Y56.87 E730.11639
G1 X73.46 Y57.008 E730.14512
G1 X74.057 Y57.273 E730.17341
G1 X74.59 Y57.661 E730.20196
G1 X75.031 Y58.15 E730.23047
G1 X75.36 Y58.721 E730.25901
G1 X75.563 Y59.345 E730.28743
G1 X75.632 Y60 E730.31595
G1 X75.563 Y60.655 E730.34447
G1 X75.36 Y61.279 E730.37289
G1 X75.031 Y61.85 E730.40143
G1 X74.59 Y62.339 E730.42995
G1 X74.057 Y62.727 E730.4585
G1 X73.46 Y62.992 E730.48678
G1 X72.811 Y63.13 E730.51552
G1 X72.158 Y63.13 E730.54379
G1 X71.509 Y62.992 E730.57253
G1 X70.913 Y62.727 E730.60077
G1 X70.38 Y62.339 E730.62932
G1 X69.935 Y61.846 E730.65809
G1 X69.533 Y61.15 E730.69289
G1 X51.875 Y61.15 E731.45758
G1 X51.875 Y63.39 E731.55459
G1 X45.095 Y63.39 E731.8482
G1 X45.095 Y56.61 E732.14182
G1 X51.875 Y56.61 E732.43543
G1 X51.875 Y58.338 E732.51026
G0 F960 X51.875 Y58.85
M204 S2000
M205 X30 Y30
G0 F3600 X52.125 Y58.85
G0 X52.125 Y59.85
;MESH:NONMESH
G0 F600 X52.125 Y59.85 Z23.05
G0 F3600 X48.044 Y57.809
;TIME_ELAPSED:892.825732
;LAYER:91
M204 S500
M205 X10 Y10
;TYPE:FILL
;MESH:RetractTower
G1 F2400 X46.294 Y59.558 E732.61741
G1 X46.082 Y59.77
M204 S2000
M205 X30 Y30
G0 F3600 X46.294 Y61.916
M204 S500
M205 X10 Y10
G1 F2400 X50.401 Y57.809 E732.86893
G1 X50.613 Y57.597
M204 S2000
M205 X30 Y30
G0 F3600 X50.674 Y59.894
M204 S500
M205 X10 Y10
G1 F2400 X48.379 Y62.189 E733.00949
G1 X48.167 Y62.401
M204 S2000
M205 X30 Y30
G0 F3600 X51.347 Y60.622
G0 X69.842 Y60.616
G0 X70.815 Y60.97
M204 S500
M205 X10 Y10
G1 F2400 X73.462 Y58.323 E733.1716
G1 X73.674 Y58.111
M204 S2000
M205 X30 Y30
G0 F3600 X74.398 Y59.745
M204 S500
M205 X10 Y10
G1 F2400 X72.225 Y61.918 E733.30468
G1 X72.013 Y62.13
M204 S2000
M205 X30 Y30
G0 F3600 X69.842 Y60.616
G0 X50.875 Y59.85
M204 S500
M205 X10 Y10
;TYPE:WALL-INNER
G1 F2400 X70.111 Y59.85 E734.13771
G1 X70.749 Y58.744 E734.193
G1 X71.054 Y58.407 E734.21269
G1 X71.413 Y58.145 E734.23193
G1 X71.821 Y57.964 E734.25126
G1 X72.262 Y57.87 E734.27079
G1 X72.707 Y57.87 E734.29006
G1 X73.148 Y57.964 E734.30959
G1 X73.557 Y58.145 E734.32896
G1 X73.916 Y58.407 E734.3482
G1 X74.217 Y58.74 E734.36764
G1 X74.444 Y59.133 E734.3873
G1 X74.581 Y59.553 E734.40643
G1 X74.628 Y60 E734.42589
G1 X74.581 Y60.447 E734.44536
G1 X74.444 Y60.867 E734.46449
G1 X74.217 Y61.26 E734.48414
G1 X73.916 Y61.593 E734.50358
G1 X73.557 Y61.855 E734.52283
G1 X73.148 Y62.036 E734.5422
G1 X72.707 Y62.13 E734.56173
G1 X72.262 Y62.13 E734.581
G1 X71.821 Y62.036 E734.60052
G1 X71.413 Y61.855 E734.61985
G1 X71.054 Y61.593 E734.6391
G1 X70.749 Y61.256 E734.65878
G1 X70.111 Y60.15 E734.71408
G1 X50.875 Y60.15 E735.54711
G1 X50.875 Y62.39 E735.64411
G1 X46.095 Y62.39 E735.85111
G1 X46.095 Y57.61 E736.05811
G1 X50.875 Y57.61 E736.26511
G1 X50.875 Y59.338 E736.33995
G0 F1920 X50.875 Y59.85
M204 S2000
M205 X30 Y30
G0 F3600 X51.375 Y59.35
M204 S500
M205 X10 Y10
G1 F2400 X69.822 Y59.35 E737.13881
G1 X70.342 Y58.449 E737.18386
G1 X70.717 Y58.034 E737.20808
G1 X71.163 Y57.709 E737.23198
G1 X71.665 Y57.486 E737.25577
G1 X72.21 Y57.37 E737.2799
G1 X72.759 Y57.37 E737.30367
G1 X73.304 Y57.486 E737.3278
G1 X73.807 Y57.709 E737.35163
G1 X74.253 Y58.034 E737.37553
G1 X74.624 Y58.445 E737.39951
G1 X74.902 Y58.927 E737.4236
G1 X75.072 Y59.449 E737.44738
G1 X75.13 Y60 E737.47137
G1 X75.072 Y60.551 E737.49536
G1 X74.902 Y61.073 E737.51914
G1 X74.624 Y61.555 E737.54323
G1 X74.253 Y61.966 E737.56721
G1 X73.807 Y62.291 E737.59111
G1 X73.304 Y62.514 E737.61494
G1 X72.759 Y62.63 E737.63907
G1 X72.21 Y62.63 E737.66284
G1 X71.665 Y62.514 E737.68697
G1 X71.163 Y62.291 E737.71076
G1 X70.717 Y61.966 E737.73466
G1 X70.342 Y61.551 E737.75888
G1 X69.822 Y60.65 E737.80393
G1 X51.375 Y60.65 E738.60279
G1 X51.375 Y62.89 E738.6998
G1 X45.595 Y62.89 E738.9501
G1 X45.595 Y57.11 E739.20041
G1 X51.375 Y57.11 E739.45072
G1 X51.375 Y58.838 E739.52555
G0 F1920 X51.375 Y59.35
M204 S2000
M205 X30 Y30
G0 F3600 X51.875 Y58.85
M204 S500
M205 X10 Y10
;TYPE:WALL-OUTER
G1 F1200 X69.533 Y58.85 E740.29024
G1 X69.935 Y58.154 E740.32505
G1 X70.38 Y57.661 E740.35381
G1 X70.913 Y57.273 E740.38236
G1 X71.509 Y57.008 E740.41061
G1 X72.158 Y56.87 E740.43934
G1 X72.811 Y56.87 E740.46762
G1 X73.46 Y57.008 E740.49635
G1 X74.057 Y57.273 E740.52464
G1 X74.59 Y57.661 E740.55319
G1 X75.031 Y58.15 E740.58171
G1 X75.36 Y58.721 E740.61025
G1 X75.563 Y59.345 E740.63866
G1 X75.632 Y60 E740.66718
G1 X75.563 Y60.655 E740.69571
G1 X75.36 Y61.279 E740.72412
G1 X75.031 Y61.85 E740.75266
G1 X74.59 Y62.339 E740.78118
G1 X74.057 Y62.727 E740.80973
G1 X73.46 Y62.992 E740.83801
G1 X72.811 Y63.13 E740.86675
G1 X72.158 Y63.13 E740.89503
G1 X71.509 Y62.992 E740.92376
G1 X70.913 Y62.727 E740.95201
G1 X70.38 Y62.339 E740.98056
G1 X69.935 Y61.846 E741.00932
G1 X69.533 Y61.15 E741.04412
G1 X51.875 Y61.15 E741.80882
G1 X51.875 Y63.39 E741.90582
G1 X45.095 Y63.39 E742.19944
G1 X45.095 Y56.61 E742.49305
G1 X51.875 Y56.61 E742.78666
G1 X51.875 Y58.338 E742.86149
G0 F960 X51.875 Y58.85
M204 S2000
M205 X30 Y30
G0 F3600 X52.125 Y58.85
G0 X52.125 Y59.85
;MESH:NONMESH
G0 F600 X52.125 Y59.85 Z23.3
G0 F3600 X46.294 Y58.082
;TIME_ELAPSED:903.153170
;LAYER:92
M204 S500
M205 X10 Y10
;TYPE:FILL
;MESH:RetractTower
G1 F2400 X50.401 Y62.189 E743.11302
G1 X50.613 Y62.401
M204 S2000
M205 X30 Y30
G0 F3600 X50.674 Y60.104
M204 S500
M205 X10 Y10
G1 F2400 X48.379 Y57.809 E743.25357
G1 X48.167 Y57.597
M204 S2000
M205 X30 Y30
G0 F3600 X46.294 Y60.439
M204 S500
M205 X10 Y10
G1 F2400 X48.044 Y62.189 E743.36075
G1 X48.256 Y62.401
M204 S2000
M205 X30 Y30
G0 F3600 X51.347 Y60.622
G0 X69.842 Y59.384
G0 X70.815 Y59.027
M204 S500
M205 X10 Y10
G1 F2400 X73.462 Y61.675 E743.52289
G1 X73.674 Y61.887
M204 S2000
M205 X30 Y30
G0 F3600 X74.398 Y60.253
M204 S500
M205 X10 Y10
G1 F2400 X72.227 Y58.082 E743.65585
G1 X72.015 Y57.87
M204 S2000
M205 X30 Y30
G0 F3600 X69.842 Y59.384
G0 X50.875 Y59.85
M204 S500
M205 X10 Y10
;TYPE:WALL-INNER
G1 F2400 X70.111 Y59.85 E744.48888
G1 X70.749 Y58.744 E744.54418
G1 X71.054 Y58.407 E744.56386
G1 X71.413 Y58.145 E744.58311
G1 X71.821 Y57.964 E744.60244
G1 X72.262 Y57.87 E744.62196
G1 X72.707 Y57.87 E744.64123
G1 X73.148 Y57.964 E744.66076
G1 X73.557 Y58.145 E744.68013
G1 X73.916 Y58.407 E744.69938
G1 X74.217 Y58.74 E744.71881
G1 X74.444 Y59.133 E744.73847
G1 X74.581 Y59.553 E744.7576
G1 X74.628 Y60 E744.77706
G1 X74.581 Y60.447 E744.79653
G1 X74.444 Y60.867 E744.81566
G1 X74.217 Y61.26 E744.83532
G1 X73.916 Y61.593 E744.85475
G1 X73.557 Y61.855 E744.874
G1 X73.148 Y62.036 E744.89337
G1 X72.707 Y62.13 E744.9129
G1 X72.262 Y62.13 E744.93217
G1 X71.821 Y62.036 E744.95169
G1 X71.413 Y61.855 E744.97102
G1 X71.054 Y61.593 E744.99027
G1 X70.749 Y61.256 E745.00995
G1 X70.111 Y60.15 E745.06525
G1 X50.875 Y60.15 E745.89828
G1 X50.875 Y62.39 E745.99528
G1 X46.095 Y62.39 E746.20228
G1 X46.095 Y57.61 E746.40928
G1 X50.875 Y57.61 E746.61629
G1 X50.875 Y59.338 E746.69112
G0 F1920 X50.875 Y59.85
M204 S2000
M205 X30 Y30
G0 F3600 X51.375 Y59.35
M204 S500
M205 X10 Y10
G1 F2400 X69.822 Y59.35 E747.48998
G1 X70.342 Y58.449 E747.53503
G1 X70.717 Y58.034 E747.55925
G1 X71.163 Y57.709 E747.58315
G1 X71.665 Y57.486 E747.60694
G1 X72.21 Y57.37 E747.63107
G1 X72.759 Y57.37 E747.65484
G1 X73.304 Y57.486 E747.67897
G1 X73.807 Y57.709 E747.7028
G1 X74.253 Y58.034 E747.7267
G1 X74.624 Y58.445 E747.75068
G1 X74.902 Y58.927 E747.77477
G1 X75.072 Y59.449 E747.79855
G1 X75.13 Y60 E747.82254
G1 X75.072 Y60.551 E747.84653
G1 X74.902 Y61.073 E747.87031
G1 X74.624 Y61.555 E747.8944
G1 X74.253 Y61.966 E747.91838
G1 X73.807 Y62.291 E747.94228
G1 X73.304 Y62.514 E747.96611
G1 X72.759 Y62.63 E747.99024
G1 X72.21 Y62.63 E748.01401
G1 X71.665 Y62.514 E748.03814
G1 X71.163 Y62.291 E748.06193
G1 X70.717 Y61.966 E748.08583
G1 X70.342 Y61.551 E748.11005
G1 X69.822 Y60.65 E748.1551
G1 X51.375 Y60.65 E748.95396
G1 X51.375 Y62.89 E749.05097
G1 X45.595 Y62.89 E749.30128
G1 X45.595 Y57.11 E749.55158
G1 X51.375 Y57.11 E749.80189
G1 X51.375 Y58.838 E749.87672
G0 F1920 X51.375 Y59.35
M204 S2000
M205 X30 Y30
G0 F3600 X51.875 Y58.85
M204 S500
M205 X10 Y10
;TYPE:WALL-OUTER
G1 F1200 X69.533 Y58.85 E750.64141
G1 X69.935 Y58.154 E750.67622
G1 X70.38 Y57.661 E750.70498
G1 X70.913 Y57.273 E750.73353
G1 X71.509 Y57.008 E750.76178
G1 X72.158 Y56.87 E750.79051
G1 X72.811 Y56.87 E750.81879
G1 X73.46 Y57.008 E750.84753
G1 X74.057 Y57.273 E750.87581
G1 X74.59 Y57.661 E750.90436
G1 X75.031 Y58.15 E750.93288
G1 X75.36 Y58.721 E750.96142
G1 X75.563 Y59.345 E750.98983
G1 X75.632 Y60 E751.01836
G1 X75.563 Y60.655 E751.04688
G1 X75.36 Y61.279 E751.07529
G1 X75.031 Y61.85 E751.10383
G1 X74.59 Y62.339 E751.13235
G1 X74.057 Y62.727 E751.1609
G1 X73.46 Y62.992 E751.18919
G1 X72.811 Y63.13 E751.21792
G1 X72.158 Y63.13 E751.2462
G1 X71.509 Y62.992 E751.27493
G1 X70.913 Y62.727 E751.30318
G1 X70.38 Y62.339 E751.33173
G1 X69.935 Y61.846 E751.36049
G1 X69.533 Y61.15 E751.3953
G1 X51.875 Y61.15 E752.15999
G1 X51.875 Y63.39 E752.25699
G1 X45.095 Y63.39 E752.55061
G1 X45.095 Y56.61 E752.84422
G1 X51.875 Y56.61 E753.13783
G1 X51.875 Y58.338 E753.21266
G0 F960 X51.875 Y58.85
M204 S2000
M205 X30 Y30
G0 F3600 X52.125 Y58.85
G0 X52.125 Y59.85
;MESH:NONMESH
G0 F600 X52.125 Y59.85 Z23.55
G0 F3600 X48.044 Y57.809
;TIME_ELAPSED:913.470724
;LAYER:93
M204 S500
M205 X10 Y10
;TYPE:FILL
;MESH:RetractTower
G1 F2400 X46.294 Y59.558 E753.31981
G1 X46.082 Y59.77
M204 S2000
M205 X30 Y30
G0 F3600 X46.294 Y61.916
M204 S500
M205 X10 Y10
G1 F2400 X50.401 Y57.809 E753.57134
G1 X50.613 Y57.597
M204 S2000
M205 X30 Y30
G0 F3600 X50.674 Y59.894
M204 S500
M205 X10 Y10
G1 F2400 X48.379 Y62.189 E753.71189
G1 X48.167 Y62.401
M204 S2000
M205 X30 Y30
G0 F3600 X50.875 Y62.39
M204 S500
M205 X10 Y10
;TYPE:WALL-INNER
G1 F2400 X46.095 Y62.39 E753.91889
G1 X46.095 Y57.61 E754.12589
G1 X50.875 Y57.61 E754.3329
G1 X50.875 Y61.878 E754.51772
G0 F1920 X50.875 Y62.39
M204 S2000
M205 X30 Y30
G0 F3600 X51.375 Y62.89
M204 S500
M205 X10 Y10
G1 F2400 X45.595 Y62.89 E754.76803
G1 X45.595 Y57.11 E755.01834
G1 X51.375 Y57.11 E755.26865
G1 X51.375 Y62.378 E755.49678
G0 F1920 X51.375 Y62.89
M204 S2000
M205 X30 Y30
G0 F3600 X51.875 Y63.39
M204 S500
M205 X10 Y10
;TYPE:WALL-OUTER
G1 F1200 X45.095 Y63.39 E755.79039
G1 X45.095 Y56.61 E756.08401
G1 X51.875 Y56.61 E756.37762
G1 X51.875 Y62.878 E756.64906
G0 F960 X51.875 Y63.39
M204 S2000
M205 X30 Y30
G0 F3600 X51.625 Y63.39
G0 X50.875 Y62.537
G1 F2700 E749.64906 ; Modi
G0 F3600 X51.355 Y60.97
G0 X52.79 Y60.97
G0 X68.434 Y60.149
G0 X69.86 Y60
G0 X70.816 Y60.97
M204 S500
M205 X10 Y10
;TYPE:FILL
G1 F2700 E756.64906
G1 F2400 X73.462 Y58.323 E756.81114
G1 X73.674 Y58.111
M204 S2000
M205 X30 Y30
G0 F3600 X74.398 Y59.745
M204 S500
M205 X10 Y10
G1 F2400 X72.225 Y61.918 E756.94422
G1 X72.013 Y62.13
M204 S2000
M205 X30 Y30
G0 F3600 X73.148 Y57.964
M204 S500
M205 X10 Y10
;TYPE:WALL-INNER
G1 F720 X73.557 Y58.145 E756.96359
G1 X73.916 Y58.407 E756.98284
G1 X74.217 Y58.74 E757.00228
G1 X74.444 Y59.133 E757.02193
G1 X74.581 Y59.553 E757.04106
G1 X74.628 Y60 E757.06053
G1 X74.581 Y60.447 E757.07999
G1 X74.444 Y60.867 E757.09912
G1 X74.217 Y61.26 E757.11878
G1 X73.916 Y61.593 E757.13822
G1 X73.557 Y61.855 E757.15746
G1 X73.148 Y62.036 E757.17683
G1 X72.707 Y62.13 E757.19636
G1 X72.262 Y62.13 E757.21563
G1 X71.821 Y62.036 E757.23516
G1 X71.415 Y61.856 E757.25439
G1 X71.051 Y61.59 E757.27391
G1 X70.752 Y61.26 E757.2932
G1 X70.527 Y60.87 E757.3127
G1 X70.389 Y60.445 E757.33205
G1 X70.342 Y60 E757.35143
G1 X70.389 Y59.555 E757.3708
G1 X70.527 Y59.13 E757.39015
G1 X70.752 Y58.74 E757.40965
G1 X71.051 Y58.41 E757.42894
G1 X71.415 Y58.144 E757.44846
G1 X71.821 Y57.964 E757.46769
G1 X72.262 Y57.87 E757.48722
G1 X72.645 Y57.87 E757.50381
G0 F1920 X72.707 Y57.87
G0 X73.148 Y57.964
M204 S2000
M205 X30 Y30
G0 F3600 X73.304 Y57.486
M204 S500
M205 X10 Y10
G1 F2400 X73.807 Y57.709 E757.52763
G1 X74.253 Y58.034 E757.55153
G1 X74.624 Y58.445 E757.57551
G1 X74.902 Y58.927 E757.59961
G1 X75.072 Y59.449 E757.62338
G1 X75.13 Y60 E757.64737
G1 X75.072 Y60.551 E757.67137
G1 X74.902 Y61.073 E757.69514
G1 X74.624 Y61.555 E757.71924
G1 X74.253 Y61.966 E757.74322
G1 X73.807 Y62.291 E757.76711
G1 X73.304 Y62.514 E757.79094
G1 X72.759 Y62.63 E757.81507
G1 X72.21 Y62.63 E757.83885
G1 X71.665 Y62.514 E757.86298
G1 X71.163 Y62.291 E757.88676
G1 X70.716 Y61.965 E757.91072
G1 X70.345 Y61.555 E757.93467
G1 X70.067 Y61.073 E757.95877
G1 X69.898 Y60.552 E757.98248
G1 X69.84 Y60 E758.00652
G1 X69.898 Y59.448 E758.03056
G1 X70.067 Y58.927 E758.05428
G1 X70.345 Y58.445 E758.07837
G1 X70.716 Y58.035 E758.10232
G1 X71.163 Y57.709 E758.12628
G1 X71.665 Y57.486 E758.15007
G1 X72.21 Y57.37 E758.1742
G1 X72.759 Y57.37 E758.19797
G1 X72.804 Y57.38 E758.19997
G0 F1920 X73.304 Y57.486
M204 S2000
M205 X30 Y30
G0 F3600 X73.46 Y57.008
M204 S500
M205 X10 Y10
;TYPE:WALL-OUTER
G1 F1200 X74.057 Y57.273 E758.22825
G1 X74.59 Y57.661 E758.2568
G1 X75.031 Y58.15 E758.28532
G1 X75.36 Y58.721 E758.31386
G1 X75.563 Y59.345 E758.34227
G1 X75.632 Y60 E758.3708
G1 X75.563 Y60.655 E758.39932
G1 X75.36 Y61.279 E758.42774
G1 X75.031 Y61.85 E758.45627
G1 X74.59 Y62.339 E758.48479
G1 X74.057 Y62.727 E758.51334
G1 X73.46 Y62.992 E758.54163
G1 X72.811 Y63.13 E758.57036
G1 X72.158 Y63.13 E758.59864
G1 X71.509 Y62.992 E758.62737
G1 X70.913 Y62.727 E758.65562
G1 X70.379 Y62.338 E758.68423
G1 X69.938 Y61.85 E758.71271
G1 X69.609 Y61.279 E758.74125
G1 X69.406 Y60.656 E758.76963
G1 X69.338 Y60 E758.79819
G1 X69.406 Y59.344 E758.82675
G1 X69.609 Y58.721 E758.85513
G1 X69.938 Y58.15 E758.88366
G1 X70.379 Y57.662 E758.91215
G1 X70.913 Y57.273 E758.94076
G1 X71.509 Y57.008 E758.96901
G1 X72.158 Y56.87 E758.99774
G1 X72.811 Y56.87 E759.02602
G1 X72.959 Y56.902 E759.03257
G0 F960 X73.46 Y57.008
M204 S2000
M205 X30 Y30
G0 F3600 X73.688 Y57.109
G0 X73.283 Y58.023
G1 F2700 E752.03257 ; Modi
;MESH:NONMESH
G0 F600 X73.283 Y58.023 Z23.8
G0 F3600 X69.917 Y59.452
G0 X68.49 Y59.304
G0 X52.79 Y59.452
G0 X51.355 Y59.452
G0 X46.294 Y58.082
;TIME_ELAPSED:921.442418
;LAYER:94
M204 S500
M205 X10 Y10
;TYPE:FILL
;MESH:RetractTower
G1 F2700 E759.03257
G1 F2400 X50.401 Y62.189 E759.2841
G1 X50.613 Y62.401
M204 S2000
M205 X30 Y30
G0 F3600 X50.674 Y60.104
M204 S500
M205 X10 Y10
G1 F2400 X48.379 Y57.809 E759.42466
G1 X48.167 Y57.597
M204 S2000
M205 X30 Y30
G0 F3600 X46.294 Y60.439
M204 S500
M205 X10 Y10
G1 F2400 X48.044 Y62.189 E759.53183
G1 X48.256 Y62.401
M204 S2000
M205 X30 Y30
G0 F3600 X50.875 Y62.39
M204 S500
M205 X10 Y10
;TYPE:WALL-INNER
G1 F2400 X46.095 Y62.39 E759.73883
G1 X46.095 Y57.61 E759.94584
G1 X50.875 Y57.61 E760.15284
G1 X50.875 Y61.878 E760.33767
G0 F1920 X50.875 Y62.39
M204 S2000
M205 X30 Y30
G0 F3600 X51.375 Y62.89
M204 S500
M205 X10 Y10
G1 F2400 X45.595 Y62.89 E760.58797
G1 X45.595 Y57.11 E760.83828
G1 X51.375 Y57.11 E761.08859
G1 X51.375 Y62.378 E761.31672
G0 F1920 X51.375 Y62.89
M204 S2000
M205 X30 Y30
G0 F3600 X51.875 Y63.39
M204 S500
M205 X10 Y10
;TYPE:WALL-OUTER
G1 F1200 X45.095 Y63.39 E761.61033
G1 X45.095 Y56.61 E761.90395
G1 X51.875 Y56.61 E762.19756
G1 X51.875 Y62.878 E762.469
G0 F960 X51.875 Y63.39
M204 S2000
M205 X30 Y30
G0 F3600 X51.625 Y63.39
G0 X50.875 Y62.537
G1 F2700 E755.46900 ; Modi
G0 F3600 X51.355 Y59.027
G0 X52.79 Y59.027
G0 X68.433 Y59.852
G0 X69.86 Y60
G0 X70.815 Y59.027
M204 S500
M205 X10 Y10
;TYPE:FILL
G1 F2700 E762.469
G1 F2400 X73.462 Y61.675 E762.63114
G1 X73.674 Y61.887
M204 S2000
M205 X30 Y30
G0 F3600 X74.398 Y60.253
M204 S500
M205 X10 Y10
G1 F2400 X72.227 Y58.082 E762.7641
G1 X72.015 Y57.87
M204 S2000
M205 X30 Y30
G0 F3600 X73.148 Y57.964
M204 S500
M205 X10 Y10
;TYPE:WALL-INNER
G1 F720 X73.557 Y58.145 E762.78347
G1 X73.916 Y58.407 E762.80272
G1 X74.217 Y58.74 E762.82216
G1 X74.444 Y59.133 E762.84181
G1 X74.581 Y59.553 E762.86094
G1 X74.628 Y60 E762.88041
G1 X74.581 Y60.447 E762.89987
G1 X74.444 Y60.867 E762.919
G1 X74.217 Y61.26 E762.93866
G1 X73.916 Y61.593 E762.9581
G1 X73.557 Y61.855 E762.97734
G1 X73.148 Y62.036 E762.99671
G1 X72.707 Y62.13 E763.01624
G1 X72.262 Y62.13 E763.03551
G1 X71.821 Y62.036 E763.05504
G1 X71.415 Y61.856 E763.07427
G1 X71.051 Y61.59 E763.09379
G1 X70.752 Y61.26 E763.11308
G1 X70.527 Y60.87 E763.13258
G1 X70.389 Y60.445 E763.15193
G1 X70.342 Y60 E763.17131
G1 X70.389 Y59.555 E763.19068
G1 X70.527 Y59.13 E763.21003
G1 X70.752 Y58.74 E763.22953
G1 X71.051 Y58.41 E763.24882
G1 X71.415 Y58.144 E763.26834
G1 X71.821 Y57.964 E763.28757
G1 X72.262 Y57.87 E763.3071
G1 X72.645 Y57.87 E763.32369
G0 F1920 X72.707 Y57.87
G0 X73.148 Y57.964
M204 S2000
M205 X30 Y30
G0 F3600 X73.304 Y57.486
M204 S500
M205 X10 Y10
G1 F2400 X73.807 Y57.709 E763.34751
G1 X74.253 Y58.034 E763.37141
G1 X74.624 Y58.445 E763.39539
G1 X74.902 Y58.927 E763.41949
G1 X75.072 Y59.449 E763.44326
G1 X75.13 Y60 E763.46725
G1 X75.072 Y60.551 E763.49125
G1 X74.902 Y61.073 E763.51502
G1 X74.624 Y61.555 E763.53912
G1 X74.253 Y61.966 E763.5631
G1 X73.807 Y62.291 E763.58699
G1 X73.304 Y62.514 E763.61082
G1 X72.759 Y62.63 E763.63495
G1 X72.21 Y62.63 E763.65873
G1 X71.665 Y62.514 E763.68286
G1 X71.163 Y62.291 E763.70664
G1 X70.716 Y61.965 E763.7306
G1 X70.345 Y61.555 E763.75455
G1 X70.067 Y61.073 E763.77865
G1 X69.898 Y60.552 E763.80236
G1 X69.84 Y60 E763.8264
G1 X69.898 Y59.448 E763.85044
G1 X70.067 Y58.927 E763.87416
G1 X70.345 Y58.445 E763.89825
G1 X70.716 Y58.035 E763.9222
G1 X71.163 Y57.709 E763.94616
G1 X71.665 Y57.486 E763.96995
G1 X72.21 Y57.37 E763.99408
G1 X72.759 Y57.37 E764.01785
G1 X72.804 Y57.38 E764.01985
G0 F1920 X73.304 Y57.486
M204 S2000
M205 X30 Y30
G0 F3600 X73.46 Y57.008
M204 S500
M205 X10 Y10
;TYPE:WALL-OUTER
G1 F1200 X74.057 Y57.273 E764.04813
G1 X74.59 Y57.661 E764.07668
G1 X75.031 Y58.15 E764.1052
G1 X75.36 Y58.721 E764.13374
G1 X75.563 Y59.345 E764.16215
G1 X75.632 Y60 E764.19068
G1 X75.563 Y60.655 E764.2192
G1 X75.36 Y61.279 E764.24762
G1 X75.031 Y61.85 E764.27615
G1 X74.59 Y62.339 E764.30467
G1 X74.057 Y62.727 E764.33322
G1 X73.46 Y62.992 E764.36151
G1 X72.811 Y63.13 E764.39024
G1 X72.158 Y63.13 E764.41852
G1 X71.509 Y62.992 E764.44725
G1 X70.913 Y62.727 E764.4755
G1 X70.379 Y62.338 E764.50411
G1 X69.938 Y61.85 E764.53259
G1 X69.609 Y61.279 E764.56113
G1 X69.406 Y60.656 E764.58951
G1 X69.338 Y60 E764.61807
G1 X69.406 Y59.344 E764.64663
G1 X69.609 Y58.721 E764.67501
G1 X69.938 Y58.15 E764.70354
G1 X70.379 Y57.662 E764.73203
G1 X70.913 Y57.273 E764.76064
G1 X71.509 Y57.008 E764.78888
G1 X72.158 Y56.87 E764.81762
G1 X72.811 Y56.87 E764.8459
G1 X72.959 Y56.902 E764.85245
G0 F960 X73.46 Y57.008
M204 S2000
M205 X30 Y30
G0 F3600 X73.688 Y57.109
G0 X73.283 Y58.023
G1 F2700 E757.85245 ; Modi
;MESH:NONMESH
G0 F600 X73.283 Y58.023 Z24.05
G0 F3600 X70.729 Y58.049
G0 X69.666 Y57.089
G0 X52.79 Y58.049
G0 X51.355 Y58.049
G0 X48.204 Y57.649
;TIME_ELAPSED:929.542019
;LAYER:95
M204 S500
M205 X10 Y10
;TYPE:FILL
;MESH:RetractTower
G1 F2700 E764.85245
G1 F2400 X46.135 Y59.718 E764.97917
G1 X45.923 Y59.93
M204 S2000
M205 X30 Y30
G0 F3600 X46.135 Y62.076
M204 S500
M205 X10 Y10
G1 F2400 X50.562 Y57.649 E765.25029
G1 X50.774 Y57.437
M204 S2000
M205 X30 Y30
G0 F3600 X50.834 Y59.734
M204 S500
M205 X10 Y10
G1 F2400 X48.219 Y62.349 E765.41044
G1 X48.007 Y62.561
M204 S2000
M205 X30 Y30
G0 F3600 X50.577 Y62.349
M204 S500
M205 X10 Y10
G1 F2400 X50.834 Y62.091 E765.42621
M204 S2000
M205 X30 Y30
G0 F3600 X51.035 Y62.55
M204 S500
M205 X10 Y10
;TYPE:WALL-INNER
G1 F2400 X45.935 Y62.55 E765.64707
G1 X45.935 Y57.45 E765.86793
G1 X51.035 Y57.45 E766.08879
G1 X51.035 Y62.038 E766.28748
G0 F1920 X51.035 Y62.55
M204 S2000
M205 X30 Y30
G0 F3600 X51.535 Y63.05
M204 S500
M205 X10 Y10
G1 F2400 X45.435 Y63.05 E766.55164
G1 X45.435 Y56.95 E766.81581
G1 X51.535 Y56.95 E767.07997
G1 X51.535 Y62.538 E767.32197
G0 F1920 X51.535 Y63.05
M204 S2000
M205 X30 Y30
G0 F3600 X52.035 Y63.55
M204 S500
M205 X10 Y10
;TYPE:WALL-OUTER
G1 F1200 X44.935 Y63.55 E767.62944
G1 X44.935 Y56.45 E767.93691
G1 X52.035 Y56.45 E768.24438
G1 X52.035 Y63.038 E768.52968
G0 F960 X52.035 Y63.55
M204 S2000
M205 X30 Y30
G0 F3600 X51.785 Y63.55
G0 X51.035 Y62.697
G1 F2700 E761.52968 ; Modi
G0 F3600 X51.515 Y61.261
G0 X52.95 Y61.261
G0 X68.1 Y60.779
G0 X69.526 Y60.63
G0 X70.524 Y61.261
M204 S500
M205 X10 Y10
;TYPE:FILL
G1 F2700 E768.52968
G1 F2400 X73.747 Y58.038 E768.72707
G1 X73.959 Y57.826
M204 S2000
M205 X30 Y30
G0 F3600 X74.737 Y59.406
M204 S500
M205 X10 Y10
G1 F2400 X71.89 Y62.252 E768.90139
G1 X71.678 Y62.464
M204 S2000
M205 X30 Y30
G0 F3600 X70.331 Y59.097
M204 S500
M205 X10 Y10
G1 F2400 X71.571 Y57.856 E768.97737
G1 X71.783 Y57.644
M204 S2000
M205 X30 Y30
G0 F3600 X73.273 Y57.584
M204 S500
M205 X10 Y10
;TYPE:WALL-INNER
G1 F2400 X73.757 Y57.799 E769.0003
G1 X74.183 Y58.109 E769.02312
G1 X74.541 Y58.505 E769.04624
G1 X74.805 Y58.963 E769.06913
G1 X74.972 Y59.475 E769.09245
G1 X75.027 Y60 E769.11531
G1 X74.972 Y60.525 E769.13817
G1 X74.805 Y61.037 E769.16149
G1 X74.541 Y61.495 E769.18439
G1 X74.183 Y61.891 E769.20751
G1 X73.757 Y62.201 E769.23032
G1 X73.273 Y62.416 E769.25326
G1 X72.747 Y62.528 E769.27655
G1 X72.223 Y62.528 E769.29924
G1 X71.697 Y62.416 E769.32253
G1 X71.216 Y62.202 E769.34533
G1 X70.785 Y61.889 E769.36839
G1 X70.427 Y61.492 E769.39154
G1 X70.164 Y61.035 E769.41438
G1 X69.998 Y60.526 E769.43756
G1 X69.943 Y60 E769.46047
G1 X69.998 Y59.474 E769.48337
G1 X70.164 Y58.965 E769.50655
G1 X70.427 Y58.508 E769.52939
G1 X70.785 Y58.111 E769.55254
G1 X71.216 Y57.798 E769.57561
G1 X71.697 Y57.584 E769.5984
G1 X72.223 Y57.472 E769.62169
G1 X72.747 Y57.472 E769.64439
G1 X72.772 Y57.478 E769.6455
G0 F1920 X73.273 Y57.584
M204 S2000
M205 X30 Y30
G0 F3600 X73.429 Y57.106
M204 S500
M205 X10 Y10
G1 F2400 X74.007 Y57.363 E769.67289
G1 X74.52 Y57.736 E769.70036
G1 X74.948 Y58.21 E769.72802
G1 X75.266 Y58.761 E769.75557
G1 X75.463 Y59.367 E769.78316
G1 X75.53 Y60 E769.81073
G1 X75.463 Y60.633 E769.83829
G1 X75.266 Y61.239 E769.86589
G1 X74.948 Y61.79 E769.89344
G1 X74.52 Y62.264 E769.9211
G1 X74.007 Y62.637 E769.94856
G1 X73.429 Y62.894 E769.97596
G1 X72.799 Y63.028 E770.00385
G1 X72.171 Y63.028 E770.03105
G1 X71.541 Y62.894 E770.05894
G1 X70.963 Y62.637 E770.08633
G1 X70.451 Y62.265 E770.11374
G1 X70.02 Y61.787 E770.14161
G1 X69.703 Y61.237 E770.1691
G1 X69.507 Y60.634 E770.19656
G1 X69.44 Y60 E770.22417
G1 X69.507 Y59.366 E770.25178
G1 X69.703 Y58.763 E770.27924
G1 X70.02 Y58.213 E770.30673
G1 X70.451 Y57.735 E770.3346
G1 X70.963 Y57.363 E770.36201
G1 X71.541 Y57.106 E770.3894
G1 X72.171 Y56.972 E770.41729
G1 X72.799 Y56.972 E770.44449
G1 X72.929 Y57 E770.45025
G0 F1920 X73.429 Y57.106
M204 S2000
M205 X30 Y30
G0 F3600 X73.585 Y56.628
M204 S500
M205 X10 Y10
;TYPE:WALL-OUTER
G1 F1200 X74.257 Y56.927 E770.4821
G1 X74.857 Y57.363 E770.51422
G1 X75.355 Y57.915 E770.54641
G1 X75.726 Y58.558 E770.57856
G1 X75.954 Y59.26 E770.61053
G1 X76.032 Y60 E770.64275
G1 X75.954 Y60.74 E770.67497
G1 X75.726 Y61.442 E770.70694
G1 X75.355 Y62.085 E770.73909
G1 X74.857 Y62.637 E770.77128
G1 X74.257 Y63.073 E770.8034
G1 X73.585 Y63.372 E770.83525
G1 X72.851 Y63.528 E770.86775
G1 X72.119 Y63.528 E770.89945
G1 X71.385 Y63.372 E770.93195
G1 X70.71 Y63.072 E770.96393
G1 X70.114 Y62.639 E770.99584
G1 X69.615 Y62.085 E771.02813
G1 X69.245 Y61.443 E771.06021
G1 X69.015 Y60.738 E771.09233
G1 X68.938 Y60 E771.12446
G1 X69.015 Y59.262 E771.15659
G1 X69.245 Y58.557 E771.18871
G1 X69.615 Y57.915 E771.2208
G1 X70.114 Y57.361 E771.25309
G1 X70.71 Y56.928 E771.28499
G1 X71.385 Y56.628 E771.31698
G1 X72.119 Y56.472 E771.34947
G1 X72.851 Y56.472 E771.38117
G1 X73.084 Y56.522 E771.39149
G0 F960 X73.585 Y56.628
M204 S2000
M205 X30 Y30
G0 F3600 X73.813 Y56.729
G0 X73.406 Y57.643
G1 F2700 E764.39149 ; Modi
;MESH:NONMESH
G0 F600 X73.406 Y57.643 Z24.3
G0 F3600 X70.036 Y58.224
G0 X68.793 Y57.51
G0 X52.95 Y58.224
G0 X51.515 Y58.224
G0 X46.135 Y57.922
;TIME_ELAPSED:937.504113
;LAYER:96
M204 S500
M205 X10 Y10
;TYPE:FILL
;MESH:RetractTower
G1 F2700 E771.39149
G1 F2400 X50.561 Y62.349 E771.66259
G1 X50.773 Y62.561
M204 S2000
M205 X30 Y30
G0 F3600 X50.835 Y60.265
M204 S500
M205 X10 Y10
G1 F2400 X48.219 Y57.649 E771.8228
G1 X48.007 Y57.437
M204 S2000
M205 X30 Y30
G0 F3600 X50.577 Y57.649
M204 S500
M205 X10 Y10
G1 F2400 X50.835 Y57.907 E771.8386
M204 S2000
M205 X30 Y30
G0 F3600 X48.204 Y62.349
M204 S500
M205 X10 Y10
G1 F2400 X46.135 Y60.28 E771.96532
G1 X45.923 Y60.068
M204 S2000
M205 X30 Y30
G0 F3600 X51.035 Y62.55
M204 S500
M205 X10 Y10
;TYPE:WALL-INNER
G1 F2400 X45.935 Y62.55 E772.18617
G1 X45.935 Y57.45 E772.40703
G1 X51.035 Y57.45 E772.62789
G1 X51.035 Y62.038 E772.82658
G0 F1920 X51.035 Y62.55
M204 S2000
M205 X30 Y30
G0 F3600 X51.535 Y63.05
M204 S500
M205 X10 Y10
G1 F2400 X45.435 Y63.05 E773.09074
G1 X45.435 Y56.95 E773.35491
G1 X51.535 Y56.95 E773.61907
G1 X51.535 Y62.538 E773.86107
G0 F1920 X51.535 Y63.05
M204 S2000
M205 X30 Y30
G0 F3600 X52.035 Y63.55
M204 S500
M205 X10 Y10
;TYPE:WALL-OUTER
G1 F1200 X44.935 Y63.55 E774.16854
G1 X44.935 Y56.45 E774.47601
G1 X52.035 Y56.45 E774.78348
G1 X52.035 Y63.038 E775.06878
G0 F960 X52.035 Y63.55
M204 S2000
M205 X30 Y30
G0 F3600 X51.785 Y63.55
G0 X51.035 Y62.697
G1 F2700 E768.06878 ; Modi
G0 F3600 X51.515 Y60.896
G0 X52.95 Y60.896
G0 X68.035 Y60.149
G0 X69.46 Y60
G0 X70.326 Y60.896
M204 S500
M205 X10 Y10
;TYPE:FILL
G1 F2700 E775.06878
G1 F2400 X71.572 Y62.142 E775.14509
G1 X71.784 Y62.354
M204 S2000
M205 X30 Y30
G0 F3600 X73.747 Y61.96
M204 S500
M205 X10 Y10
G1 F2400 X70.524 Y58.737 E775.34248
G1 X70.312 Y58.525
M204 S2000
M205 X30 Y30
G0 F3600 X71.892 Y57.747
M204 S500
M205 X10 Y10
G1 F2400 X74.738 Y60.593 E775.51677
G1 X74.95 Y60.805
M204 S2000
M205 X30 Y30
G0 F3600 X73.273 Y57.584
M204 S500
M205 X10 Y10
;TYPE:WALL-INNER
G1 F2400 X73.757 Y57.799 E775.53971
G1 X74.183 Y58.109 E775.56253
G1 X74.541 Y58.505 E775.58564
G1 X74.805 Y58.963 E775.60854
G1 X74.972 Y59.475 E775.63186
G1 X75.027 Y60 E775.65472
G1 X74.972 Y60.525 E775.67758
G1 X74.805 Y61.037 E775.7009
G1 X74.541 Y61.495 E775.72379
G1 X74.183 Y61.891 E775.74691
G1 X73.757 Y62.201 E775.76973
G1 X73.273 Y62.416 E775.79266
G1 X72.747 Y62.528 E775.81595
G1 X72.223 Y62.528 E775.83864
G1 X71.697 Y62.416 E775.86193
G1 X71.216 Y62.202 E775.88473
G1 X70.786 Y61.89 E775.90774
G1 X70.426 Y61.49 E775.93104
G1 X70.162 Y61.032 E775.95394
G1 X69.999 Y60.53 E775.97679
G1 X69.943 Y60 E775.99987
G1 X69.998 Y59.474 E776.02278
G1 X70.164 Y58.965 E776.04596
G1 X70.427 Y58.508 E776.0688
G1 X70.785 Y58.111 E776.09195
G1 X71.216 Y57.798 E776.11501
G1 X71.697 Y57.584 E776.13781
G1 X72.223 Y57.472 E776.1611
G1 X72.747 Y57.472 E776.18379
G1 X72.772 Y57.478 E776.18491
G0 F1920 X73.273 Y57.584
M204 S2000
M205 X30 Y30
G0 F3600 X73.429 Y57.106
M204 S500
M205 X10 Y10
G1 F2400 X74.007 Y57.363 E776.2123
G1 X74.52 Y57.736 E776.23977
G1 X74.948 Y58.21 E776.26743
G1 X75.266 Y58.761 E776.29498
G1 X75.463 Y59.367 E776.32257
G1 X75.53 Y60 E776.35014
G1 X75.463 Y60.633 E776.3777
G1 X75.266 Y61.239 E776.4053
G1 X74.948 Y61.79 E776.43285
G1 X74.52 Y62.264 E776.4605
G1 X74.007 Y62.637 E776.48797
G1 X73.429 Y62.894 E776.51536
G1 X72.799 Y63.028 E776.54326
G1 X72.171 Y63.028 E776.57045
G1 X71.541 Y62.894 E776.59835
G1 X70.963 Y62.637 E776.62574
G1 X70.451 Y62.265 E776.65315
G1 X70.019 Y61.785 E776.68111
G1 X69.704 Y61.238 E776.70845
G1 X69.507 Y60.634 E776.73596
G1 X69.44 Y60 E776.76357
G1 X69.507 Y59.366 E776.79118
G1 X69.703 Y58.763 E776.81864
G1 X70.02 Y58.213 E776.84613
G1 X70.451 Y57.735 E776.874
G1 X70.963 Y57.363 E776.90141
G1 X71.541 Y57.106 E776.9288
G1 X72.171 Y56.972 E776.95669
G1 X72.799 Y56.972 E776.98389
G1 X72.929 Y57 E776.98965
G0 F1920 X73.429 Y57.106
M204 S2000
M205 X30 Y30
G0 F3600 X73.585 Y56.628
M204 S500
M205 X10 Y10
;TYPE:WALL-OUTER
G1 F1200 X74.257 Y56.927 E777.0215
G1 X74.857 Y57.363 E777.05362
G1 X75.355 Y57.915 E777.08582
G1 X75.726 Y58.558 E777.11796
G1 X75.954 Y59.26 E777.14993
G1 X76.032 Y60 E777.18215
G1 X75.954 Y60.74 E777.21437
G1 X75.726 Y61.442 E777.24634
G1 X75.355 Y62.085 E777.27849
G1 X74.857 Y62.637 E777.31068
G1 X74.257 Y63.073 E777.3428
G1 X73.585 Y63.372 E777.37465
G1 X72.851 Y63.528 E777.40715
G1 X72.119 Y63.528 E777.43885
G1 X71.385 Y63.372 E777.47135
G1 X70.71 Y63.072 E777.50333
G1 X70.114 Y62.639 E777.53524
G1 X69.615 Y62.085 E777.56753
G1 X69.245 Y61.442 E777.59965
G1 X69.015 Y60.738 E777.63173
G1 X68.938 Y60 E777.66386
G1 X69.015 Y59.262 E777.69599
G1 X69.245 Y58.557 E777.72811
G1 X69.615 Y57.915 E777.76019
G1 X70.114 Y57.361 E777.79248
G1 X70.71 Y56.928 E777.82439
G1 X71.385 Y56.628 E777.85637
G1 X72.119 Y56.472 E777.88887
G1 X72.851 Y56.472 E777.92057
G1 X73.084 Y56.522 E777.93089
G0 F960 X73.585 Y56.628
M204 S2000
M205 X30 Y30
G0 F3600 X73.813 Y56.729
G0 X73.406 Y57.643
G1 F2700 E770.93089 ; Modi
;MESH:NONMESH
G0 F600 X73.406 Y57.643 Z24.55
G0 F3600 X70.036 Y58.224
G0 X68.793 Y57.51
G0 X52.95 Y58.224
G0 X51.515 Y58.224
G0 X48.204 Y57.649
;TIME_ELAPSED:945.639300
;LAYER:97
M204 S500
M205 X10 Y10
;TYPE:FILL
;MESH:RetractTower
G1 F2700 E777.93089
G1 F2400 X46.135 Y59.718 E778.0576
G1 X45.923 Y59.93
M204 S2000
M205 X30 Y30
G0 F3600 X46.135 Y62.076
M204 S500
M205 X10 Y10
G1 F2400 X50.562 Y57.649 E778.32873
G1 X50.774 Y57.437
M204 S2000
M205 X30 Y30
G0 F3600 X50.834 Y59.734
M204 S500
M205 X10 Y10
G1 F2400 X48.219 Y62.349 E778.48888
G1 X48.007 Y62.561
M204 S2000
M205 X30 Y30
G0 F3600 X50.577 Y62.349
M204 S500
M205 X10 Y10
G1 F2400 X50.834 Y62.091 E778.50465
M204 S2000
M205 X30 Y30
G0 F3600 X51.035 Y62.55
M204 S500
M205 X10 Y10
;TYPE:WALL-INNER
G1 F2400 X45.935 Y62.55 E778.72551
G1 X45.935 Y57.45 E778.94637
G1 X51.035 Y57.45 E779.16723
G1 X51.035 Y62.038 E779.36592
G0 F1920 X51.035 Y62.55
M204 S2000
M205 X30 Y30
G0 F3600 X51.535 Y63.05
M204 S500
M205 X10 Y10
G1 F2400 X45.435 Y63.05 E779.63008
G1 X45.435 Y56.95 E779.89425
G1 X51.535 Y56.95 E780.15841
G1 X51.535 Y62.538 E780.4004
G0 F1920 X51.535 Y63.05
M204 S2000
M205 X30 Y30
G0 F3600 X52.035 Y63.55
M204 S500
M205 X10 Y10
;TYPE:WALL-OUTER
G1 F1200 X44.935 Y63.55 E780.70787
G1 X44.935 Y56.45 E781.01534
G1 X52.035 Y56.45 E781.32282
G1 X52.035 Y63.038 E781.60811
G0 F960 X52.035 Y63.55
M204 S2000
M205 X30 Y30
G0 F3600 X51.785 Y63.55
G0 X51.035 Y62.697
G1 F2700 E774.60811 ; Modi
G0 F3600 X51.515 Y61.261
G0 X52.95 Y61.261
G0 X68.1 Y60.781
G0 X69.526 Y60.632
G0 X70.524 Y61.261
M204 S500
M205 X10 Y10
;TYPE:FILL
G1 F2700 E781.60811
G1 F2400 X73.747 Y58.038 E781.8055
G1 X73.959 Y57.826
M204 S2000
M205 X30 Y30
G0 F3600 X74.737 Y59.406
M204 S500
M205 X10 Y10
G1 F2400 X71.89 Y62.252 E781.97983
G1 X71.678 Y62.464
M204 S2000
M205 X30 Y30
G0 F3600 X70.331 Y59.097
M204 S500
M205 X10 Y10
G1 F2400 X71.571 Y57.856 E782.0558
G1 X71.783 Y57.644
M204 S2000
M205 X30 Y30
G0 F3600 X73.273 Y57.584
M204 S500
M205 X10 Y10
;TYPE:WALL-INNER
G1 F2400 X73.757 Y57.799 E782.07874
G1 X74.183 Y58.109 E782.10155
G1 X74.541 Y58.505 E782.12467
G1 X74.805 Y58.963 E782.14757
G1 X74.972 Y59.475 E782.17089
G1 X75.027 Y60 E782.19375
G1 X74.972 Y60.525 E782.21661
G1 X74.805 Y61.037 E782.23993
G1 X74.541 Y61.495 E782.26282
G1 X74.183 Y61.891 E782.28594
G1 X73.757 Y62.201 E782.30876
G1 X73.273 Y62.416 E782.33169
G1 X72.747 Y62.528 E782.35498
G1 X72.223 Y62.528 E782.37767
G1 X71.697 Y62.416 E782.40096
G1 X71.216 Y62.202 E782.42376
G1 X70.785 Y61.889 E782.44683
G1 X70.427 Y61.492 E782.46998
G1 X70.162 Y61.031 E782.49301
G1 X69.998 Y60.527 E782.51596
G1 X69.943 Y60.001 E782.53886
G1 X69.998 Y59.474 E782.56181
G1 X70.164 Y58.965 E782.58499
G1 X70.427 Y58.508 E782.60783
G1 X70.785 Y58.111 E782.63098
G1 X71.216 Y57.798 E782.65405
G1 X71.697 Y57.584 E782.67684
G1 X72.223 Y57.472 E782.70013
G1 X72.747 Y57.472 E782.72283
G1 X72.772 Y57.478 E782.72394
G0 F1920 X73.273 Y57.584
M204 S2000
M205 X30 Y30
G0 F3600 X73.429 Y57.106
M204 S500
M205 X10 Y10
G1 F2400 X74.007 Y57.363 E782.75133
G1 X74.52 Y57.736 E782.7788
G1 X74.948 Y58.21 E782.80646
G1 X75.266 Y58.761 E782.83401
G1 X75.463 Y59.367 E782.8616
G1 X75.53 Y60 E782.88917
G1 X75.463 Y60.633 E782.91673
G1 X75.266 Y61.239 E782.94433
G1 X74.948 Y61.79 E782.97188
G1 X74.52 Y62.264 E782.99954
G1 X74.007 Y62.637 E783.027
G1 X73.429 Y62.894 E783.0544
G1 X72.799 Y63.028 E783.08229
G1 X72.171 Y63.028 E783.10949
G1 X71.541 Y62.894 E783.13738
G1 X70.963 Y62.637 E783.16477
G1 X70.451 Y62.265 E783.19218
G1 X70.02 Y61.787 E783.22005
G1 X69.701 Y61.233 E783.24774
G1 X69.507 Y60.636 E783.27492
G1 X69.44 Y60 E783.30261
G1 X69.507 Y59.366 E783.33022
G1 X69.703 Y58.763 E783.35768
G1 X70.02 Y58.213 E783.38517
G1 X70.451 Y57.735 E783.41305
G1 X70.963 Y57.363 E783.44045
G1 X71.541 Y57.106 E783.46785
G1 X72.171 Y56.972 E783.49574
G1 X72.799 Y56.972 E783.52293
G1 X72.929 Y57 E783.52869
G0 F1920 X73.429 Y57.106
M204 S2000
M205 X30 Y30
G0 F3600 X73.585 Y56.628
M204 S500
M205 X10 Y10
;TYPE:WALL-OUTER
G1 F1200 X74.257 Y56.927 E783.56055
G1 X74.857 Y57.363 E783.59266
G1 X75.355 Y57.915 E783.62486
G1 X75.726 Y58.558 E783.65701
G1 X75.954 Y59.26 E783.68897
G1 X76.032 Y60 E783.7212
G1 X75.954 Y60.74 E783.75342
G1 X75.726 Y61.442 E783.78538
G1 X75.355 Y62.085 E783.81753
G1 X74.857 Y62.637 E783.84973
G1 X74.257 Y63.073 E783.88185
G1 X73.585 Y63.372 E783.9137
G1 X72.851 Y63.528 E783.94619
G1 X72.119 Y63.528 E783.97789
G1 X71.385 Y63.372 E784.01039
G1 X70.71 Y63.072 E784.04238
G1 X70.114 Y62.639 E784.07428
G1 X69.615 Y62.085 E784.10657
G1 X69.243 Y61.439 E784.13885
G1 X69.015 Y60.74 E784.17069
G1 X68.938 Y60 E784.20291
G1 X69.015 Y59.262 E784.23505
G1 X69.245 Y58.557 E784.26716
G1 X69.615 Y57.915 E784.29925
G1 X70.114 Y57.361 E784.33154
G1 X70.71 Y56.928 E784.36344
G1 X71.385 Y56.628 E784.39543
G1 X72.119 Y56.472 E784.42793
G1 X72.851 Y56.472 E784.45963
G1 X73.084 Y56.522 E784.46995
G0 F960 X73.585 Y56.628
M204 S2000
M205 X30 Y30
G0 F3600 X73.813 Y56.729
G0 X73.406 Y57.643
G1 F2700 E777.46995 ; Modi
;MESH:NONMESH
G0 F600 X73.406 Y57.643 Z24.8
G0 F3600 X70.036 Y58.224
G0 X68.793 Y57.51
G0 X52.95 Y58.224
G0 X51.515 Y58.224
G0 X46.135 Y57.922
;TIME_ELAPSED:953.601365
;LAYER:98
M204 S500
M205 X10 Y10
;TYPE:FILL
;MESH:RetractTower
G1 F2700 E784.46995
G1 F2400 X50.561 Y62.349 E784.74104
G1 X50.773 Y62.561
M204 S2000
M205 X30 Y30
G0 F3600 X50.835 Y60.265
M204 S500
M205 X10 Y10
G1 F2400 X48.219 Y57.649 E784.90125
G1 X48.007 Y57.437
M204 S2000
M205 X30 Y30
G0 F3600 X50.577 Y57.649
M204 S500
M205 X10 Y10
G1 F2400 X50.835 Y57.907 E784.91705
M204 S2000
M205 X30 Y30
G0 F3600 X48.204 Y62.349
M204 S500
M205 X10 Y10
G1 F2400 X46.135 Y60.28 E785.04377
G1 X45.923 Y60.068
M204 S2000
M205 X30 Y30
G0 F3600 X51.035 Y62.55
M204 S500
M205 X10 Y10
;TYPE:WALL-INNER
G1 F2400 X45.935 Y62.55 E785.26463
G1 X45.935 Y57.45 E785.48549
G1 X51.035 Y57.45 E785.70634
G1 X51.035 Y62.038 E785.90503
G0 F1920 X51.035 Y62.55
M204 S2000
M205 X30 Y30
G0 F3600 X51.535 Y63.05
M204 S500
M205 X10 Y10
G1 F2400 X45.435 Y63.05 E786.1692
G1 X45.435 Y56.95 E786.43336
G1 X51.535 Y56.95 E786.69753
G1 X51.535 Y62.538 E786.93952
G0 F1920 X51.535 Y63.05
M204 S2000
M205 X30 Y30
G0 F3600 X52.035 Y63.55
M204 S500
M205 X10 Y10
;TYPE:WALL-OUTER
G1 F1200 X44.935 Y63.55 E787.24699
G1 X44.935 Y56.45 E787.55446
G1 X52.035 Y56.45 E787.86193
G1 X52.035 Y63.038 E788.14723
G0 F960 X52.035 Y63.55
M204 S2000
M205 X30 Y30
G0 F3600 X51.785 Y63.55
G0 X51.035 Y62.697
G1 F2700 E781.14723 ; Modi
G0 F3600 X51.515 Y60.899
G0 X52.95 Y60.899
G0 X68.035 Y60.149
G0 X69.46 Y60
G0 X70.329 Y60.899
M204 S500
M205 X10 Y10
;TYPE:FILL
G1 F2700 E788.14723
G1 F2400 X71.572 Y62.142 E788.22335
G1 X71.784 Y62.354
M204 S2000
M205 X30 Y30
G0 F3600 X73.747 Y61.96
M204 S500
M205 X10 Y10
G1 F2400 X70.524 Y58.737 E788.42074
G1 X70.312 Y58.525
M204 S2000
M205 X30 Y30
G0 F3600 X71.892 Y57.747
M204 S500
M205 X10 Y10
G1 F2400 X74.738 Y60.593 E788.59504
G1 X74.95 Y60.805
M204 S2000
M205 X30 Y30
G0 F3600 X73.273 Y57.584
M204 S500
M205 X10 Y10
;TYPE:WALL-INNER
G1 F2400 X73.757 Y57.799 E788.61798
G1 X74.183 Y58.109 E788.64079
G1 X74.541 Y58.505 E788.66391
G1 X74.805 Y58.963 E788.6868
G1 X74.972 Y59.475 E788.71013
G1 X75.027 Y60 E788.73299
G1 X74.972 Y60.525 E788.75585
G1 X74.805 Y61.037 E788.77917
G1 X74.541 Y61.495 E788.80206
G1 X74.183 Y61.891 E788.82518
G1 X73.757 Y62.201 E788.84799
G1 X73.273 Y62.416 E788.87093
G1 X72.747 Y62.528 E788.89422
G1 X72.223 Y62.528 E788.91691
G1 X71.697 Y62.416 E788.9402
G1 X71.216 Y62.202 E788.963
G1 X70.786 Y61.89 E788.98601
G1 X70.426 Y61.49 E789.00931
G1 X70.164 Y61.035 E789.03205
G1 X69.998 Y60.526 E789.05523
G1 X69.943 Y60 E789.07814
G1 X69.998 Y59.474 E789.10104
G1 X70.164 Y58.965 E789.12423
G1 X70.427 Y58.508 E789.14706
G1 X70.785 Y58.111 E789.17021
G1 X71.216 Y57.798 E789.19328
G1 X71.697 Y57.584 E789.21608
G1 X72.223 Y57.472 E789.23936
G1 X72.747 Y57.472 E789.26206
G1 X72.772 Y57.478 E789.26317
G0 F1920 X73.273 Y57.584
M204 S2000
M205 X30 Y30
G0 F3600 X73.429 Y57.106
M204 S500
M205 X10 Y10
G1 F2400 X74.007 Y57.363 E789.29056
G1 X74.52 Y57.736 E789.31803
G1 X74.948 Y58.21 E789.34569
G1 X75.266 Y58.761 E789.37324
G1 X75.463 Y59.367 E789.40083
G1 X75.53 Y60 E789.4284
G1 X75.463 Y60.633 E789.45596
G1 X75.266 Y61.239 E789.48356
G1 X74.948 Y61.79 E789.51111
G1 X74.52 Y62.264 E789.53877
G1 X74.007 Y62.637 E789.56623
G1 X73.429 Y62.894 E789.59363
G1 X72.799 Y63.028 E789.62152
G1 X72.171 Y63.028 E789.64872
G1 X71.541 Y62.894 E789.67661
G1 X70.963 Y62.637 E789.704
G1 X70.451 Y62.265 E789.73141
G1 X70.019 Y61.785 E789.75938
G1 X69.703 Y61.237 E789.78677
G1 X69.507 Y60.634 E789.81423
G1 X69.44 Y60 E789.84184
G1 X69.507 Y59.366 E789.86945
G1 X69.703 Y58.763 E789.8969
G1 X70.02 Y58.213 E789.9244
G1 X70.451 Y57.735 E789.95227
G1 X70.963 Y57.363 E789.97967
G1 X71.541 Y57.106 E790.00707
G1 X72.171 Y56.972 E790.03496
G1 X72.799 Y56.972 E790.06216
G1 X72.929 Y57 E790.06792
G0 F1920 X73.429 Y57.106
M204 S2000
M205 X30 Y30
G0 F3600 X73.585 Y56.628
M204 S500
M205 X10 Y10
;TYPE:WALL-OUTER
G1 F1200 X74.257 Y56.927 E790.09977
G1 X74.857 Y57.363 E790.13189
G1 X75.355 Y57.915 E790.16408
G1 X75.726 Y58.558 E790.19623
G1 X75.954 Y59.26 E790.22819
G1 X76.032 Y60 E790.26042
G1 X75.954 Y60.74 E790.29264
G1 X75.726 Y61.442 E790.32461
G1 X75.355 Y62.085 E790.35675
G1 X74.857 Y62.637 E790.38895
G1 X74.257 Y63.073 E790.42107
G1 X73.585 Y63.372 E790.45292
G1 X72.851 Y63.528 E790.48542
G1 X72.119 Y63.528 E790.51712
G1 X71.385 Y63.372 E790.54961
G1 X70.71 Y63.072 E790.5816
G1 X70.114 Y62.639 E790.6135
G1 X69.615 Y62.085 E790.64579
G1 X69.244 Y61.44 E790.67802
G1 X69.015 Y60.738 E790.70999
G1 X68.938 Y60 E790.74213
G1 X69.015 Y59.262 E790.77426
G1 X69.245 Y58.557 E790.80637
G1 X69.615 Y57.915 E790.83846
G1 X70.114 Y57.361 E790.87075
G1 X70.71 Y56.928 E790.90265
G1 X71.385 Y56.628 E790.93464
G1 X72.119 Y56.472 E790.96714
G1 X72.851 Y56.472 E790.99884
G1 X73.084 Y56.522 E791.00916
G0 F960 X73.585 Y56.628
M204 S2000
M205 X30 Y30
G0 F3600 X73.813 Y56.729
G0 X73.406 Y57.643
G1 F2700 E784.00916 ; Modi
;MESH:NONMESH
G0 F600 X73.406 Y57.643 Z25.05
G0 F3600 X70.036 Y58.224
G0 X68.793 Y57.51
G0 X52.95 Y58.224
G0 X51.515 Y58.224
G0 X48.204 Y57.649
;TIME_ELAPSED:961.736473
;LAYER:99
M204 S500
M205 X10 Y10
;TYPE:FILL
;MESH:RetractTower
G1 F2700 E791.00916
G1 F2400 X46.135 Y59.718 E791.13587
G1 X45.923 Y59.93
M204 S2000
M205 X30 Y30
G0 F3600 X46.135 Y62.076
M204 S500
M205 X10 Y10
G1 F2400 X50.562 Y57.649 E791.407
G1 X50.774 Y57.437
M204 S2000
M205 X30 Y30
G0 F3600 X50.834 Y59.734
M204 S500
M205 X10 Y10
G1 F2400 X48.219 Y62.349 E791.56715
G1 X48.007 Y62.561
M204 S2000
M205 X30 Y30
G0 F3600 X50.577 Y62.349
M204 S500
M205 X10 Y10
G1 F2400 X50.834 Y62.091 E791.58292
M204 S2000
M205 X30 Y30
G0 F3600 X51.035 Y62.55
M204 S500
M205 X10 Y10
;TYPE:WALL-INNER
G1 F2400 X45.935 Y62.55 E791.80378
G1 X45.935 Y57.45 E792.02464
G1 X51.035 Y57.45 E792.2455
G1 X51.035 Y62.038 E792.44418
G0 F1920 X51.035 Y62.55
M204 S2000
M205 X30 Y30
G0 F3600 X51.535 Y63.05
M204 S500
M205 X10 Y10
G1 F2400 X45.435 Y63.05 E792.70835
G1 X45.435 Y56.95 E792.97251
G1 X51.535 Y56.95 E793.23668
G1 X51.535 Y62.538 E793.47867
G0 F1920 X51.535 Y63.05
M204 S2000
M205 X30 Y30
G0 F3600 X52.035 Y63.55
M204 S500
M205 X10 Y10
;TYPE:WALL-OUTER
G1 F1200 X44.935 Y63.55 E793.78614
G1 X44.935 Y56.45 E794.09361
G1 X52.035 Y56.45 E794.40108
G1 X52.035 Y63.038 E794.68638
G0 F960 X52.035 Y63.55
M204 S2000
M205 X30 Y30
G0 F3600 X51.785 Y63.55
G0 X51.035 Y62.697
G1 F2700 E787.68638 ; Modi
G0 F3600 X51.515 Y61.261
G0 X52.95 Y61.261
G0 X68.1 Y60.779
G0 X69.526 Y60.63
G0 X70.524 Y61.261
M204 S500
M205 X10 Y10
;TYPE:FILL
G1 F2700 E794.68638
G1 F2400 X73.747 Y58.038 E794.88377
G1 X73.959 Y57.826
M204 S2000
M205 X30 Y30
G0 F3600 X74.737 Y59.406
M204 S500
M205 X10 Y10
G1 F2400 X71.89 Y62.252 E795.0581
G1 X71.678 Y62.464
M204 S2000
M205 X30 Y30
G0 F3600 X70.331 Y59.097
M204 S500
M205 X10 Y10
G1 F2400 X71.571 Y57.856 E795.13407
G1 X71.783 Y57.644
M204 S2000
M205 X30 Y30
G0 F3600 X73.273 Y57.584
M204 S500
M205 X10 Y10
;TYPE:WALL-INNER
G1 F2400 X73.757 Y57.799 E795.15701
G1 X74.183 Y58.109 E795.17982
G1 X74.541 Y58.505 E795.20294
G1 X74.805 Y58.963 E795.22583
G1 X74.972 Y59.475 E795.24916
G1 X75.027 Y60 E795.27202
G1 X74.972 Y60.525 E795.29488
G1 X74.805 Y61.037 E795.3182
G1 X74.541 Y61.495 E795.34109
G1 X74.183 Y61.891 E795.36421
G1 X73.757 Y62.201 E795.38703
G1 X73.273 Y62.416 E795.40996
G1 X72.747 Y62.528 E795.43325
G1 X72.223 Y62.528 E795.45594
G1 X71.697 Y62.416 E795.47923
G1 X71.216 Y62.202 E795.50203
G1 X70.785 Y61.889 E795.5251
G1 X70.429 Y61.494 E795.54813
G1 X70.161 Y61.027 E795.57144
G1 X69.999 Y60.53 E795.59408
G1 X69.943 Y60 E795.61716
G1 X69.998 Y59.474 E795.64006
G1 X70.164 Y58.965 E795.66325
G1 X70.427 Y58.508 E795.68608
G1 X70.785 Y58.111 E795.70923
G1 X71.216 Y57.798 E795.7323
G1 X71.697 Y57.584 E795.7551
G1 X72.223 Y57.472 E795.77839
G1 X72.747 Y57.472 E795.80108
G1 X72.772 Y57.478 E795.80219
G0 F1920 X73.273 Y57.584
M204 S2000
M205 X30 Y30
G0 F3600 X73.429 Y57.106
M204 S500
M205 X10 Y10
G1 F2400 X74.007 Y57.363 E795.82959
G1 X74.52 Y57.736 E795.85705
G1 X74.948 Y58.21 E795.88471
G1 X75.266 Y58.761 E795.91226
G1 X75.463 Y59.367 E795.93986
G1 X75.53 Y60 E795.96742
G1 X75.463 Y60.633 E795.99499
G1 X75.266 Y61.239 E796.02258
G1 X74.948 Y61.79 E796.05013
G1 X74.52 Y62.264 E796.07779
G1 X74.007 Y62.637 E796.10526
G1 X73.429 Y62.894 E796.13265
G1 X72.799 Y63.028 E796.16054
G1 X72.171 Y63.028 E796.18774
G1 X71.541 Y62.894 E796.21563
G1 X70.963 Y62.637 E796.24303
G1 X70.448 Y62.263 E796.27059
G1 X70.022 Y61.79 E796.29816
G1 X69.703 Y61.234 E796.32592
G1 X69.507 Y60.634 E796.35325
G1 X69.44 Y60 E796.38086
G1 X69.507 Y59.366 E796.40847
G1 X69.703 Y58.763 E796.43593
G1 X70.02 Y58.213 E796.46342
G1 X70.451 Y57.735 E796.49129
G1 X70.963 Y57.363 E796.5187
G1 X71.541 Y57.106 E796.54609
G1 X72.171 Y56.972 E796.57398
G1 X72.799 Y56.972 E796.60118
G1 X72.929 Y57 E796.60694
G0 F1920 X73.429 Y57.106
M204 S2000
M205 X30 Y30
G0 F3600 X73.585 Y56.628
M204 S500
M205 X10 Y10
;TYPE:WALL-OUTER
G1 F1200 X74.257 Y56.927 E796.63879
G1 X74.857 Y57.363 E796.67091
G1 X75.355 Y57.915 E796.7031
G1 X75.726 Y58.558 E796.73525
G1 X75.954 Y59.26 E796.76722
G1 X76.032 Y60 E796.79944
G1 X75.954 Y60.74 E796.83166
G1 X75.726 Y61.442 E796.86363
G1 X75.355 Y62.085 E796.89578
G1 X74.857 Y62.637 E796.92797
G1 X74.257 Y63.073 E796.96009
G1 X73.585 Y63.372 E796.99194
G1 X72.851 Y63.528 E797.02444
G1 X72.119 Y63.528 E797.05614
G1 X71.385 Y63.372 E797.08864
G1 X70.71 Y63.072 E797.12062
G1 X70.114 Y62.639 E797.15253
G1 X69.613 Y62.083 E797.18494
G1 X69.245 Y61.441 E797.21698
G1 X69.015 Y60.738 E797.24902
G1 X68.938 Y60 E797.28115
G1 X69.015 Y59.262 E797.31328
G1 X69.245 Y58.557 E797.3454
G1 X69.615 Y57.915 E797.37748
G1 X70.114 Y57.361 E797.40977
G1 X70.71 Y56.928 E797.44168
G1 X71.385 Y56.628 E797.47366
G1 X72.119 Y56.472 E797.50616
G1 X72.851 Y56.472 E797.53786
G1 X73.084 Y56.522 E797.54818
G0 F960 X73.585 Y56.628
M204 S2000
M205 X30 Y30
G0 F3600 X73.813 Y56.729
G0 X73.406 Y57.643
G1 F2700 E790.54818 ; Modi
;MESH:NONMESH
G0 F600 X73.406 Y57.643 Z25.3
G0 F3600 X70.036 Y58.224
G0 X68.793 Y57.51
G0 X52.95 Y58.224
G0 X51.515 Y58.224
G0 X46.135 Y57.922
;TIME_ELAPSED:969.698555
;LAYER:100
M204 S500
M205 X10 Y10
;TYPE:FILL
;MESH:RetractTower
G1 F2700 E797.54818
G1 F2400 X50.561 Y62.349 E797.81928
G1 X50.773 Y62.561
M204 S2000
M205 X30 Y30
G0 F3600 X50.835 Y60.265
M204 S500
M205 X10 Y10
G1 F2400 X48.219 Y57.649 E797.97949
G1 X48.007 Y57.437
M204 S2000
M205 X30 Y30
G0 F3600 X50.577 Y57.649
M204 S500
M205 X10 Y10
G1 F2400 X50.835 Y57.907 E797.99529
M204 S2000
M205 X30 Y30
G0 F3600 X48.204 Y62.349
M204 S500
M205 X10 Y10
G1 F2400 X46.135 Y60.28 E798.122
G1 X45.923 Y60.068
M204 S2000
M205 X30 Y30
G0 F3600 X51.035 Y62.55
M204 S500
M205 X10 Y10
;TYPE:WALL-INNER
G1 F2400 X45.935 Y62.55 E798.34286
G1 X45.935 Y57.45 E798.56372
G1 X51.035 Y57.45 E798.78458
G1 X51.035 Y62.038 E798.98327
G0 F1920 X51.035 Y62.55
M204 S2000
M205 X30 Y30
G0 F3600 X51.535 Y63.05
M204 S500
M205 X10 Y10
G1 F2400 X45.435 Y63.05 E799.24743
G1 X45.435 Y56.95 E799.5116
G1 X51.535 Y56.95 E799.77576
G1 X51.535 Y62.538 E800.01775
G0 F1920 X51.535 Y63.05
M204 S2000
M205 X30 Y30
G0 F3600 X52.035 Y63.55
M204 S500
M205 X10 Y10
;TYPE:WALL-OUTER
G1 F1200 X44.935 Y63.55 E800.32522
G1 X44.935 Y56.45 E800.6327
G1 X52.035 Y56.45 E800.94017
G1 X52.035 Y63.038 E801.22546
G0 F960 X52.035 Y63.55
M204 S2000
M205 X30 Y30
G0 F3600 X51.785 Y63.55
G0 X51.035 Y62.697
G1 F2700 E794.22546 ; Modi
G0 F3600 X51.515 Y60.896
G0 X52.95 Y60.896
G0 X68.035 Y60.149
G0 X69.46 Y60
G0 X70.326 Y60.896
M204 S500
M205 X10 Y10
;TYPE:FILL
G1 F2700 E801.22546
G1 F2400 X71.572 Y62.142 E801.30177
G1 X71.784 Y62.354
M204 S2000
M205 X30 Y30
G0 F3600 X73.747 Y61.96
M204 S500
M205 X10 Y10
G1 F2400 X70.524 Y58.737 E801.49916
G1 X70.312 Y58.525
M204 S2000
M205 X30 Y30
G0 F3600 X71.892 Y57.747
M204 S500
M205 X10 Y10
G1 F2400 X74.738 Y60.593 E801.67346
G1 X74.95 Y60.805
M204 S2000
M205 X30 Y30
G0 F3600 X73.273 Y57.584
M204 S500
M205 X10 Y10
;TYPE:WALL-INNER
G1 F2400 X73.757 Y57.799 E801.6964
G1 X74.183 Y58.109 E801.71921
G1 X74.541 Y58.505 E801.74233
G1 X74.805 Y58.963 E801.76522
G1 X74.972 Y59.475 E801.78855
G1 X75.027 Y60 E801.81141
G1 X74.972 Y60.525 E801.83427
G1 X74.805 Y61.037 E801.85759
G1 X74.541 Y61.495 E801.88048
G1 X74.183 Y61.891 E801.9036
G1 X73.757 Y62.201 E801.92641
G1 X73.273 Y62.416 E801.94935
G1 X72.747 Y62.528 E801.97264
G1 X72.223 Y62.528 E801.99533
G1 X71.697 Y62.416 E802.01862
G1 X71.216 Y62.202 E802.04142
G1 X70.786 Y61.89 E802.06443
G1 X70.426 Y61.49 E802.08773
G1 X70.161 Y61.031 E802.11068
G1 X69.998 Y60.529 E802.13354
G1 X69.943 Y60.001 E802.15653
G1 X69.998 Y59.474 E802.17947
G1 X70.164 Y58.965 E802.20266
G1 X70.427 Y58.508 E802.22549
G1 X70.785 Y58.111 E802.24864
G1 X71.216 Y57.798 E802.27171
G1 X71.697 Y57.584 E802.29451
G1 X72.223 Y57.472 E802.3178
G1 X72.747 Y57.472 E802.34049
G1 X72.772 Y57.478 E802.34161
G0 F1920 X73.273 Y57.584
M204 S2000
M205 X30 Y30
G0 F3600 X73.429 Y57.106
M204 S500
M205 X10 Y10
G1 F2400 X74.007 Y57.363 E802.369
G1 X74.52 Y57.736 E802.39647
G1 X74.948 Y58.21 E802.42412
G1 X75.266 Y58.761 E802.45167
G1 X75.463 Y59.367 E802.47927
G1 X75.53 Y60 E802.50683
G1 X75.463 Y60.633 E802.5344
G1 X75.266 Y61.239 E802.562
G1 X74.948 Y61.79 E802.58955
G1 X74.52 Y62.264 E802.6172
G1 X74.007 Y62.637 E802.64467
G1 X73.429 Y62.894 E802.67206
G1 X72.799 Y63.028 E802.69996
G1 X72.171 Y63.028 E802.72715
G1 X71.541 Y62.894 E802.75504
G1 X70.963 Y62.637 E802.78244
G1 X70.451 Y62.265 E802.80985
G1 X70.019 Y61.785 E802.83781
G1 X69.701 Y61.234 E802.86536
G1 X69.507 Y60.636 E802.89259
G1 X69.44 Y60 E802.92028
G1 X69.507 Y59.366 E802.94789
G1 X69.703 Y58.763 E802.97535
G1 X70.02 Y58.213 E803.00284
G1 X70.451 Y57.735 E803.03071
G1 X70.963 Y57.363 E803.05812
G1 X71.541 Y57.106 E803.08551
G1 X72.171 Y56.972 E803.11341
G1 X72.799 Y56.972 E803.1406
G1 X72.929 Y57 E803.14636
G0 F1920 X73.429 Y57.106
M204 S2000
M205 X30 Y30
G0 F3600 X73.585 Y56.628
M204 S500
M205 X10 Y10
;TYPE:WALL-OUTER
G1 F1200 X74.257 Y56.927 E803.17821
G1 X74.857 Y57.363 E803.21033
G1 X75.355 Y57.915 E803.24253
G1 X75.726 Y58.558 E803.27468
G1 X75.954 Y59.26 E803.30664
G1 X76.032 Y60 E803.33886
G1 X75.954 Y60.74 E803.37109
G1 X75.726 Y61.442 E803.40305
G1 X75.355 Y62.085 E803.4352
G1 X74.857 Y62.637 E803.46739
G1 X74.257 Y63.073 E803.49951
G1 X73.585 Y63.372 E803.53137
G1 X72.851 Y63.528 E803.56386
G1 X72.119 Y63.528 E803.59556
G1 X71.385 Y63.372 E803.62806
G1 X70.71 Y63.072 E803.66005
G1 X70.114 Y62.639 E803.69195
G1 X69.615 Y62.085 E803.72424
G1 X69.242 Y61.437 E803.75662
G1 X69.015 Y60.74 E803.78836
G1 X68.938 Y60 E803.82058
G1 X69.015 Y59.262 E803.85271
G1 X69.245 Y58.557 E803.88483
G1 X69.615 Y57.915 E803.91692
G1 X70.114 Y57.361 E803.94921
G1 X70.71 Y56.928 E803.98111
G1 X71.385 Y56.628 E804.0131
G1 X72.119 Y56.472 E804.04559
G1 X72.851 Y56.472 E804.07729
G1 X73.084 Y56.522 E804.08761
G0 F960 X73.585 Y56.628
M204 S2000
M205 X30 Y30
G0 F3600 X73.813 Y56.729
G0 X73.406 Y57.643
G1 F2700 E797.08761 ; Modi
;MESH:NONMESH
G0 F600 X73.406 Y57.643 Z25.55
G0 F3600 X70.036 Y58.224
G0 X68.793 Y57.51
G0 X52.95 Y58.224
G0 X51.515 Y58.224
G0 X48.204 Y57.649
;TIME_ELAPSED:977.833768
;LAYER:101
M204 S500
M205 X10 Y10
;TYPE:FILL
;MESH:RetractTower
G1 F2700 E804.08761
G1 F2400 X46.135 Y59.718 E804.21433
G1 X45.923 Y59.93
M204 S2000
M205 X30 Y30
G0 F3600 X46.135 Y62.076
M204 S500
M205 X10 Y10
G1 F2400 X50.562 Y57.649 E804.48545
G1 X50.774 Y57.437
M204 S2000
M205 X30 Y30
G0 F3600 X50.834 Y59.734
M204 S500
M205 X10 Y10
G1 F2400 X48.219 Y62.349 E804.6456
G1 X48.007 Y62.561
M204 S2000
M205 X30 Y30
G0 F3600 X50.577 Y62.349
M204 S500
M205 X10 Y10
G1 F2400 X50.834 Y62.091 E804.66137
M204 S2000
M205 X30 Y30
G0 F3600 X51.035 Y62.55
M204 S500
M205 X10 Y10
;TYPE:WALL-INNER
G1 F2400 X45.935 Y62.55 E804.88223
G1 X45.935 Y57.45 E805.10309
G1 X51.035 Y57.45 E805.32395
G1 X51.035 Y62.038 E805.52264
G0 F1920 X51.035 Y62.55
M204 S2000
M205 X30 Y30
G0 F3600 X51.535 Y63.05
M204 S500
M205 X10 Y10
G1 F2400 X45.435 Y63.05 E805.7868
G1 X45.435 Y56.95 E806.05097
G1 X51.535 Y56.95 E806.31513
G1 X51.535 Y62.538 E806.55713
G0 F1920 X51.535 Y63.05
M204 S2000
M205 X30 Y30
G0 F3600 X52.035 Y63.55
M204 S500
M205 X10 Y10
;TYPE:WALL-OUTER
G1 F1200 X44.935 Y63.55 E806.8646
G1 X44.935 Y56.45 E807.17207
G1 X52.035 Y56.45 E807.47954
G1 X52.035 Y63.038 E807.76484
G0 F960 X52.035 Y63.55
M204 S2000
M205 X30 Y30
G0 F3600 X51.785 Y63.55
G0 X51.035 Y62.697
G1 F2700 E800.76484 ; Modi
G0 F3600 X51.515 Y61.261
G0 X52.95 Y61.261
G0 X68.1 Y60.779
G0 X69.526 Y60.63
G0 X70.524 Y61.261
M204 S500
M205 X10 Y10
;TYPE:FILL
G1 F2700 E807.76484
G1 F2400 X73.747 Y58.038 E807.96222
G1 X73.959 Y57.826
M204 S2000
M205 X30 Y30
G0 F3600 X74.737 Y59.406
M204 S500
M205 X10 Y10
G1 F2400 X71.89 Y62.252 E808.13655
G1 X71.678 Y62.464
M204 S2000
M205 X30 Y30
G0 F3600 X70.331 Y59.097
M204 S500
M205 X10 Y10
G1 F2400 X71.571 Y57.856 E808.21253
G1 X71.783 Y57.644
M204 S2000
M205 X30 Y30
G0 F3600 X73.273 Y57.584
M204 S500
M205 X10 Y10
;TYPE:WALL-INNER
G1 F2400 X73.757 Y57.799 E808.23546
G1 X74.183 Y58.109 E808.25828
G1 X74.541 Y58.505 E808.28139
G1 X74.805 Y58.963 E808.30429
G1 X74.972 Y59.475 E808.32761
G1 X75.027 Y60 E808.35047
G1 X74.972 Y60.525 E808.37333
G1 X74.805 Y61.037 E808.39665
G1 X74.541 Y61.495 E808.41955
G1 X74.183 Y61.891 E808.44266
G1 X73.757 Y62.201 E808.46548
G1 X73.273 Y62.416 E808.48841
G1 X72.747 Y62.528 E808.5117
G1 X72.223 Y62.528 E808.5344
G1 X71.697 Y62.416 E808.55769
G1 X71.216 Y62.202 E808.58048
G1 X70.785 Y61.889 E808.60355
G1 X70.429 Y61.494 E808.62658
G1 X70.16 Y61.025 E808.64999
G1 X69.999 Y60.53 E808.67253
G1 X69.943 Y60 E808.69561
G1 X69.998 Y59.474 E808.71852
G1 X70.164 Y58.965 E808.7417
G1 X70.427 Y58.508 E808.76454
G1 X70.785 Y58.111 E808.78769
G1 X71.216 Y57.798 E808.81075
G1 X71.697 Y57.584 E808.83355
G1 X72.223 Y57.472 E808.85684
G1 X72.747 Y57.472 E808.87953
G1 X72.772 Y57.478 E808.88065
G0 F1920 X73.273 Y57.584
M204 S2000
M205 X30 Y30
G0 F3600 X73.429 Y57.106
M204 S500
M205 X10 Y10
G1 F2400 X74.007 Y57.363 E808.90804
G1 X74.52 Y57.736 E808.93551
G1 X74.948 Y58.21 E808.96317
G1 X75.266 Y58.761 E808.99072
G1 X75.463 Y59.367 E809.01831
G1 X75.53 Y60 E809.04588
G1 X75.463 Y60.633 E809.07344
G1 X75.266 Y61.239 E809.10104
G1 X74.948 Y61.79 E809.12859
G1 X74.52 Y62.264 E809.15624
G1 X74.007 Y62.637 E809.18371
G1 X73.429 Y62.894 E809.21111
G1 X72.799 Y63.028 E809.239
G1 X72.171 Y63.028 E809.26619
G1 X71.541 Y62.894 E809.29409
G1 X70.963 Y62.637 E809.32148
G1 X70.448 Y62.263 E809.34904
G1 X70.022 Y61.79 E809.37661
G1 X69.702 Y61.232 E809.40447
G1 X69.507 Y60.634 E809.43171
G1 X69.44 Y60 E809.45931
G1 X69.507 Y59.366 E809.48692
G1 X69.703 Y58.763 E809.51438
G1 X70.02 Y58.213 E809.54187
G1 X70.451 Y57.735 E809.56975
G1 X70.963 Y57.363 E809.59715
G1 X71.541 Y57.106 E809.62455
G1 X72.171 Y56.972 E809.65244
G1 X72.799 Y56.972 E809.67963
G1 X72.929 Y57 E809.68539
G0 F1920 X73.429 Y57.106
M204 S2000
M205 X30 Y30
G0 F3600 X73.585 Y56.628
M204 S500
M205 X10 Y10
;TYPE:WALL-OUTER
G1 F1200 X74.257 Y56.927 E809.71725
G1 X74.857 Y57.363 E809.74936
G1 X75.355 Y57.915 E809.78156
G1 X75.726 Y58.558 E809.81371
G1 X75.954 Y59.26 E809.84567
G1 X76.032 Y60 E809.8779
G1 X75.954 Y60.74 E809.91012
G1 X75.726 Y61.442 E809.94208
G1 X75.355 Y62.085 E809.97423
G1 X74.857 Y62.637 E810.00643
G1 X74.257 Y63.073 E810.03855
G1 X73.585 Y63.372 E810.0704
G1 X72.851 Y63.528 E810.10289
G1 X72.119 Y63.528 E810.13459
G1 X71.385 Y63.372 E810.16709
G1 X70.71 Y63.072 E810.19908
G1 X70.114 Y62.639 E810.23098
G1 X69.613 Y62.083 E810.26339
G1 X69.244 Y61.439 E810.29554
G1 X69.015 Y60.738 E810.32747
G1 X68.938 Y60 E810.3596
G1 X69.015 Y59.262 E810.39174
G1 X69.245 Y58.557 E810.42385
G1 X69.615 Y57.915 E810.45594
G1 X70.114 Y57.361 E810.48823
G1 X70.71 Y56.928 E810.52013
G1 X71.385 Y56.628 E810.55212
G1 X72.119 Y56.472 E810.58462
G1 X72.851 Y56.472 E810.61632
G1 X73.084 Y56.522 E810.62664
G0 F960 X73.585 Y56.628
M204 S2000
M205 X30 Y30
G0 F3600 X73.813 Y56.729
G0 X73.406 Y57.643
G1 F2700 E803.62664 ; Modi
;MESH:NONMESH
G0 F600 X73.406 Y57.643 Z25.8
G0 F3600 X70.036 Y58.224
G0 X68.793 Y57.51
G0 X52.95 Y58.224
G0 X51.515 Y58.224
G0 X46.135 Y57.922
;TIME_ELAPSED:985.795852
;LAYER:102
M204 S500
M205 X10 Y10
;TYPE:FILL
;MESH:RetractTower
G1 F2700 E810.62664
G1 F2400 X50.561 Y62.349 E810.89773
G1 X50.773 Y62.561
M204 S2000
M205 X30 Y30
G0 F3600 X50.835 Y60.265
M204 S500
M205 X10 Y10
G1 F2400 X48.219 Y57.649 E811.05794
G1 X48.007 Y57.437
M204 S2000
M205 X30 Y30
G0 F3600 X50.577 Y57.649
M204 S500
M205 X10 Y10
G1 F2400 X50.835 Y57.907 E811.07375
M204 S2000
M205 X30 Y30
G0 F3600 X48.204 Y62.349
M204 S500
M205 X10 Y10
G1 F2400 X46.135 Y60.28 E811.20046
G1 X45.923 Y60.068
M204 S2000
M205 X30 Y30
G0 F3600 X51.035 Y62.55
M204 S500
M205 X10 Y10
;TYPE:WALL-INNER
G1 F2400 X45.935 Y62.55 E811.42132
G1 X45.935 Y57.45 E811.64218
G1 X51.035 Y57.45 E811.86304
G1 X51.035 Y62.038 E812.06172
G0 F1920 X51.035 Y62.55
M204 S2000
M205 X30 Y30
G0 F3600 X51.535 Y63.05
M204 S500
M205 X10 Y10
G1 F2400 X45.435 Y63.05 E812.32589
G1 X45.435 Y56.95 E812.59005
G1 X51.535 Y56.95 E812.85422
G1 X51.535 Y62.538 E813.09621
G0 F1920 X51.535 Y63.05
M204 S2000
M205 X30 Y30
G0 F3600 X52.035 Y63.55
M204 S500
M205 X10 Y10
;TYPE:WALL-OUTER
G1 F1200 X44.935 Y63.55 E813.40368
G1 X44.935 Y56.45 E813.71115
G1 X52.035 Y56.45 E814.01862
G1 X52.035 Y63.038 E814.30392
G0 F960 X52.035 Y63.55
M204 S2000
M205 X30 Y30
G0 F3600 X51.785 Y63.55
G0 X51.035 Y62.697
G1 F2700 E807.30392 ; Modi
G0 F3600 X51.515 Y60.899
G0 X52.95 Y60.899
G0 X68.035 Y60.149
G0 X69.46 Y60
G0 X70.329 Y60.899
M204 S500
M205 X10 Y10
;TYPE:FILL
G1 F2700 E814.30392
G1 F2400 X71.572 Y62.142 E814.38005
G1 X71.784 Y62.354
M204 S2000
M205 X30 Y30
G0 F3600 X73.747 Y61.96
M204 S500
M205 X10 Y10
G1 F2400 X70.524 Y58.737 E814.57743
G1 X70.312 Y58.525
M204 S2000
M205 X30 Y30
G0 F3600 X71.892 Y57.747
M204 S500
M205 X10 Y10
G1 F2400 X74.738 Y60.593 E814.75173
G1 X74.95 Y60.805
M204 S2000
M205 X30 Y30
G0 F3600 X73.273 Y57.584
M204 S500
M205 X10 Y10
;TYPE:WALL-INNER
G1 F2400 X73.757 Y57.799 E814.77467
G1 X74.183 Y58.109 E814.79748
G1 X74.541 Y58.505 E814.8206
G1 X74.805 Y58.963 E814.8435
G1 X74.972 Y59.475 E814.86682
G1 X75.027 Y60 E814.88968
G1 X74.972 Y60.525 E814.91254
G1 X74.805 Y61.037 E814.93586
G1 X74.541 Y61.495 E814.95875
G1 X74.183 Y61.891 E814.98187
G1 X73.757 Y62.201 E815.00469
G1 X73.273 Y62.416 E815.02762
G1 X72.747 Y62.528 E815.05091
G1 X72.223 Y62.528 E815.0736
G1 X71.697 Y62.416 E815.09689
G1 X71.216 Y62.202 E815.11969
G1 X70.785 Y61.889 E815.14276
G1 X70.427 Y61.492 E815.16591
G1 X70.164 Y61.035 E815.18874
G1 X69.998 Y60.526 E815.21193
G1 X69.943 Y60 E815.23483
G1 X69.998 Y59.474 E815.25773
G1 X70.164 Y58.965 E815.28092
G1 X70.427 Y58.508 E815.30375
G1 X70.785 Y58.111 E815.3269
G1 X71.216 Y57.798 E815.34997
G1 X71.697 Y57.584 E815.37277
G1 X72.223 Y57.472 E815.39606
G1 X72.747 Y57.472 E815.41875
G1 X72.772 Y57.478 E815.41987
G0 F1920 X73.273 Y57.584
M204 S2000
M205 X30 Y30
G0 F3600 X73.429 Y57.106
M204 S500
M205 X10 Y10
G1 F2400 X74.007 Y57.363 E815.44726
G1 X74.52 Y57.736 E815.47473
G1 X74.948 Y58.21 E815.50238
G1 X75.266 Y58.761 E815.52993
G1 X75.463 Y59.367 E815.55753
G1 X75.53 Y60 E815.58509
G1 X75.463 Y60.633 E815.61266
G1 X75.266 Y61.239 E815.64025
G1 X74.948 Y61.79 E815.6678
G1 X74.52 Y62.264 E815.69546
G1 X74.007 Y62.637 E815.72293
G1 X73.429 Y62.894 E815.75032
G1 X72.799 Y63.028 E815.77822
G1 X72.171 Y63.028 E815.80541
G1 X71.541 Y62.894 E815.8333
G1 X70.963 Y62.637 E815.8607
G1 X70.451 Y62.265 E815.88811
G1 X70.02 Y61.787 E815.91598
G1 X69.703 Y61.237 E815.94347
G1 X69.507 Y60.634 E815.97093
G1 X69.44 Y60 E815.99854
G1 X69.507 Y59.366 E816.02614
G1 X69.703 Y58.763 E816.0536
G1 X70.02 Y58.213 E816.08109
G1 X70.451 Y57.735 E816.10897
G1 X70.963 Y57.363 E816.13637
G1 X71.541 Y57.106 E816.16377
G1 X72.171 Y56.972 E816.19166
G1 X72.799 Y56.972 E816.21886
G1 X72.929 Y57 E816.22461
G0 F1920 X73.429 Y57.106
M204 S2000
M205 X30 Y30
G0 F3600 X73.585 Y56.628
M204 S500
M205 X10 Y10
;TYPE:WALL-OUTER
G1 F1200 X74.257 Y56.927 E816.25647
G1 X74.857 Y57.363 E816.28859
G1 X75.355 Y57.915 E816.32078
G1 X75.726 Y58.558 E816.35293
G1 X75.954 Y59.26 E816.38489
G1 X76.032 Y60 E816.41712
G1 X75.954 Y60.74 E816.44934
G1 X75.726 Y61.442 E816.4813
G1 X75.355 Y62.085 E816.51345
G1 X74.857 Y62.637 E816.54565
G1 X74.257 Y63.073 E816.57777
G1 X73.585 Y63.372 E816.60962
G1 X72.851 Y63.528 E816.64212
G1 X72.119 Y63.528 E816.67382
G1 X71.385 Y63.372 E816.70631
G1 X70.71 Y63.072 E816.7383
G1 X70.114 Y62.639 E816.7702
G1 X69.615 Y62.085 E816.80249
G1 X69.245 Y61.443 E816.83458
G1 X69.015 Y60.738 E816.86669
G1 X68.938 Y60 E816.89883
G1 X69.015 Y59.262 E816.93096
G1 X69.245 Y58.557 E816.96308
G1 X69.615 Y57.915 E816.99516
G1 X70.114 Y57.361 E817.02745
G1 X70.71 Y56.928 E817.05936
G1 X71.385 Y56.628 E817.09134
G1 X72.119 Y56.472 E817.12384
G1 X72.851 Y56.472 E817.15554
G1 X73.084 Y56.522 E817.16586
G0 F960 X73.585 Y56.628
M204 S2000
M205 X30 Y30
G0 F3600 X73.813 Y56.729
G0 X73.406 Y57.643
G1 F2700 E810.16586 ; Modi
;MESH:NONMESH
G0 F600 X73.406 Y57.643 Z26.05
G0 F3600 X70.036 Y58.224
G0 X68.793 Y57.51
G0 X52.95 Y58.224
G0 X51.515 Y58.224
G0 X48.204 Y57.649
;TIME_ELAPSED:993.930967
;LAYER:103
M204 S500
M205 X10 Y10
;TYPE:FILL
;MESH:RetractTower
G1 F2700 E817.16586
G1 F2400 X46.135 Y59.718 E817.29257
G1 X45.923 Y59.93
M204 S2000
M205 X30 Y30
G0 F3600 X46.135 Y62.076
M204 S500
M205 X10 Y10
G1 F2400 X50.562 Y57.649 E817.5637
G1 X50.774 Y57.437
M204 S2000
M205 X30 Y30
G0 F3600 X50.834 Y59.734
M204 S500
M205 X10 Y10
G1 F2400 X48.219 Y62.349 E817.72385
G1 X48.007 Y62.561
M204 S2000
M205 X30 Y30
G0 F3600 X50.577 Y62.349
M204 S500
M205 X10 Y10
G1 F2400 X50.834 Y62.091 E817.73962
M204 S2000
M205 X30 Y30
G0 F3600 X51.035 Y62.55
M204 S500
M205 X10 Y10
;TYPE:WALL-INNER
G1 F2400 X45.935 Y62.55 E817.96048
G1 X45.935 Y57.45 E818.18134
G1 X51.035 Y57.45 E818.4022
G1 X51.035 Y62.038 E818.60088
G0 F1920 X51.035 Y62.55
M204 S2000
M205 X30 Y30
G0 F3600 X51.535 Y63.05
M204 S500
M205 X10 Y10
G1 F2400 X45.435 Y63.05 E818.86505
G1 X45.435 Y56.95 E819.12921
G1 X51.535 Y56.95 E819.39338
G1 X51.535 Y62.538 E819.63537
G0 F1920 X51.535 Y63.05
M204 S2000
M205 X30 Y30
G0 F3600 X52.035 Y63.55
M204 S500
M205 X10 Y10
;TYPE:WALL-OUTER
G1 F1200 X44.935 Y63.55 E819.94284
G1 X44.935 Y56.45 E820.25031
G1 X52.035 Y56.45 E820.55778
G1 X52.035 Y63.038 E820.84308
G0 F960 X52.035 Y63.55
M204 S2000
M205 X30 Y30
G0 F3600 X51.785 Y63.55
G0 X51.035 Y62.697
G1 F2700 E813.84308 ; Modi
G0 F3600 X51.515 Y61.261
G0 X52.95 Y61.261
G0 X68.1 Y60.779
G0 X69.526 Y60.63
G0 X70.524 Y61.261
M204 S500
M205 X10 Y10
;TYPE:FILL
G1 F2700 E820.84308
G1 F2400 X73.747 Y58.038 E821.04047
G1 X73.959 Y57.826
M204 S2000
M205 X30 Y30
G0 F3600 X74.737 Y59.406
M204 S500
M205 X10 Y10
G1 F2400 X71.89 Y62.252 E821.2148
G1 X71.678 Y62.464
M204 S2000
M205 X30 Y30
G0 F3600 X70.331 Y59.097
M204 S500
M205 X10 Y10
G1 F2400 X71.571 Y57.856 E821.29077
G1 X71.783 Y57.644
M204 S2000
M205 X30 Y30
G0 F3600 X73.273 Y57.584
M204 S500
M205 X10 Y10
;TYPE:WALL-INNER
G1 F2400 X73.757 Y57.799 E821.31371
G1 X74.183 Y58.109 E821.33652
G1 X74.541 Y58.505 E821.35964
G1 X74.805 Y58.963 E821.38254
G1 X74.972 Y59.475 E821.40586
G1 X75.027 Y60 E821.42872
G1 X74.972 Y60.525 E821.45158
G1 X74.805 Y61.037 E821.4749
G1 X74.541 Y61.495 E821.49779
G1 X74.183 Y61.891 E821.52091
G1 X73.757 Y62.201 E821.54373
G1 X73.273 Y62.416 E821.56666
G1 X72.747 Y62.528 E821.58995
G1 X72.223 Y62.528 E821.61264
G1 X71.697 Y62.416 E821.63593
G1 X71.216 Y62.202 E821.65873
G1 X70.785 Y61.889 E821.6818
G1 X70.427 Y61.492 E821.70495
G1 X70.164 Y61.035 E821.72778
G1 X69.998 Y60.526 E821.75097
G1 X69.943 Y60 E821.77387
G1 X69.998 Y59.474 E821.79677
G1 X70.164 Y58.965 E821.81996
G1 X70.427 Y58.508 E821.84279
G1 X70.785 Y58.111 E821.86594
G1 X71.216 Y57.798 E821.88901
G1 X71.697 Y57.584 E821.91181
G1 X72.223 Y57.472 E821.9351
G1 X72.747 Y57.472 E821.95779
G1 X72.772 Y57.478 E821.9589
G0 F1920 X73.273 Y57.584
M204 S2000
M205 X30 Y30
G0 F3600 X73.429 Y57.106
M204 S500
M205 X10 Y10
G1 F2400 X74.007 Y57.363 E821.9863
G1 X74.52 Y57.736 E822.01377
G1 X74.948 Y58.21 E822.04142
G1 X75.266 Y58.761 E822.06897
G1 X75.463 Y59.367 E822.09657
G1 X75.53 Y60 E822.12413
G1 X75.463 Y60.633 E822.1517
G1 X75.266 Y61.239 E822.17929
G1 X74.948 Y61.79 E822.20684
G1 X74.52 Y62.264 E822.2345
G1 X74.007 Y62.637 E822.26197
G1 X73.429 Y62.894 E822.28936
G1 X72.799 Y63.028 E822.31725
G1 X72.171 Y63.028 E822.34445
G1 X71.541 Y62.894 E822.37234
G1 X70.963 Y62.637 E822.39974
G1 X70.451 Y62.265 E822.42714
G1 X70.02 Y61.787 E822.45502
G1 X69.703 Y61.237 E822.48251
G1 X69.507 Y60.634 E822.50997
G1 X69.44 Y60 E822.53757
G1 X69.507 Y59.366 E822.56518
G1 X69.703 Y58.763 E822.59264
G1 X70.02 Y58.213 E822.62013
G1 X70.451 Y57.735 E822.64801
G1 X70.963 Y57.363 E822.67541
G1 X71.541 Y57.106 E822.70281
G1 X72.171 Y56.972 E822.7307
G1 X72.799 Y56.972 E822.75789
G1 X72.929 Y57 E822.76365
G0 F1920 X73.429 Y57.106
M204 S2000
M205 X30 Y30
G0 F3600 X73.585 Y56.628
M204 S500
M205 X10 Y10
;TYPE:WALL-OUTER
G1 F1200 X74.257 Y56.927 E822.79551
G1 X74.857 Y57.363 E822.82762
G1 X75.355 Y57.915 E822.85982
G1 X75.726 Y58.558 E822.89197
G1 X75.954 Y59.26 E822.92393
G1 X76.032 Y60 E822.95616
G1 X75.954 Y60.74 E822.98838
G1 X75.726 Y61.442 E823.02034
G1 X75.355 Y62.085 E823.05249
G1 X74.857 Y62.637 E823.08469
G1 X74.257 Y63.073 E823.11681
G1 X73.585 Y63.372 E823.14866
G1 X72.851 Y63.528 E823.18115
G1 X72.119 Y63.528 E823.21285
G1 X71.385 Y63.372 E823.24535
G1 X70.71 Y63.072 E823.27734
G1 X70.114 Y62.639 E823.30924
G1 X69.615 Y62.085 E823.34153
G1 X69.245 Y61.443 E823.37362
G1 X69.015 Y60.738 E823.40573
G1 X68.938 Y60 E823.43787
G1 X69.015 Y59.262 E823.47
G1 X69.245 Y58.557 E823.50211
G1 X69.615 Y57.915 E823.5342
G1 X70.114 Y57.361 E823.56649
G1 X70.71 Y56.928 E823.59839
G1 X71.385 Y56.628 E823.63038
G1 X72.119 Y56.472 E823.66288
G1 X72.851 Y56.472 E823.69458
G1 X73.084 Y56.522 E823.7049
G0 F960 X73.585 Y56.628
M204 S2000
M205 X30 Y30
G0 F3600 X73.813 Y56.729
G0 X73.406 Y57.643
G1 F2700 E816.70490 ; Modi
;MESH:NONMESH
G0 F600 X73.406 Y57.643 Z26.3
G0 F3600 X70.036 Y58.224
G0 X68.793 Y57.51
G0 X52.95 Y58.224
G0 X51.515 Y58.224
G0 X46.135 Y57.922
;TIME_ELAPSED:1001.893061
;LAYER:104
M204 S500
M205 X10 Y10
;TYPE:FILL
;MESH:RetractTower
G1 F2700 E823.7049
G1 F2400 X50.561 Y62.349 E823.97599
G1 X50.773 Y62.561
M204 S2000
M205 X30 Y30
G0 F3600 X50.835 Y60.265
M204 S500
M205 X10 Y10
G1 F2400 X48.219 Y57.649 E824.13621
G1 X48.007 Y57.437
M204 S2000
M205 X30 Y30
G0 F3600 X50.577 Y57.649
M204 S500
M205 X10 Y10
G1 F2400 X50.835 Y57.907 E824.15201
M204 S2000
M205 X30 Y30
G0 F3600 X48.204 Y62.349
M204 S500
M205 X10 Y10
G1 F2400 X46.135 Y60.28 E824.27872
G1 X45.923 Y60.068
M204 S2000
M205 X30 Y30
G0 F3600 X51.035 Y62.55
M204 S500
M205 X10 Y10
;TYPE:WALL-INNER
G1 F2400 X45.935 Y62.55 E824.49958
G1 X45.935 Y57.45 E824.72044
G1 X51.035 Y57.45 E824.9413
G1 X51.035 Y62.038 E825.13999
G0 F1920 X51.035 Y62.55
M204 S2000
M205 X30 Y30
G0 F3600 X51.535 Y63.05
M204 S500
M205 X10 Y10
G1 F2400 X45.435 Y63.05 E825.40415
G1 X45.435 Y56.95 E825.66832
G1 X51.535 Y56.95 E825.93248
G1 X51.535 Y62.538 E826.17447
G0 F1920 X51.535 Y63.05
M204 S2000
M205 X30 Y30
G0 F3600 X52.035 Y63.55
M204 S500
M205 X10 Y10
;TYPE:WALL-OUTER
G1 F1200 X44.935 Y63.55 E826.48194
G1 X44.935 Y56.45 E826.78941
G1 X52.035 Y56.45 E827.09689
G1 X52.035 Y63.038 E827.38218
G0 F960 X52.035 Y63.55
M204 S2000
M205 X30 Y30
G0 F3600 X51.785 Y63.55
G0 X51.035 Y62.697
G1 F2700 E820.38218 ; Modi
G0 F3600 X51.515 Y60.899
G0 X52.95 Y60.899
G0 X68.035 Y60.149
G0 X69.46 Y60
G0 X70.329 Y60.899
M204 S500
M205 X10 Y10
;TYPE:FILL
G1 F2700 E827.38218
G1 F2400 X71.572 Y62.142 E827.45831
G1 X71.784 Y62.354
M204 S2000
M205 X30 Y30
G0 F3600 X73.747 Y61.96
M204 S500
M205 X10 Y10
G1 F2400 X70.524 Y58.737 E827.6557
G1 X70.312 Y58.525
M204 S2000
M205 X30 Y30
G0 F3600 X71.892 Y57.747
M204 S500
M205 X10 Y10
G1 F2400 X74.738 Y60.593 E827.83
G1 X74.95 Y60.805
M204 S2000
M205 X30 Y30
G0 F3600 X73.273 Y57.584
M204 S500
M205 X10 Y10
;TYPE:WALL-INNER
G1 F2400 X73.757 Y57.799 E827.85293
G1 X74.183 Y58.109 E827.87575
G1 X74.541 Y58.505 E827.89887
G1 X74.805 Y58.963 E827.92176
G1 X74.972 Y59.475 E827.94508
G1 X75.027 Y60 E827.96794
G1 X74.972 Y60.525 E827.9908
G1 X74.805 Y61.037 E828.01412
G1 X74.541 Y61.495 E828.03702
G1 X74.183 Y61.891 E828.06013
G1 X73.757 Y62.201 E828.08295
G1 X73.273 Y62.416 E828.10588
G1 X72.747 Y62.528 E828.12917
G1 X72.223 Y62.528 E828.15187
G1 X71.697 Y62.416 E828.17516
G1 X71.216 Y62.202 E828.19795
G1 X70.785 Y61.889 E828.22102
G1 X70.427 Y61.492 E828.24417
G1 X70.164 Y61.035 E828.26701
G1 X69.998 Y60.526 E828.29019
G1 X69.943 Y60 E828.31309
G1 X69.998 Y59.474 E828.336
G1 X70.164 Y58.965 E828.35918
G1 X70.427 Y58.508 E828.38202
G1 X70.785 Y58.111 E828.40517
G1 X71.216 Y57.798 E828.42823
G1 X71.697 Y57.584 E828.45103
G1 X72.223 Y57.472 E828.47432
G1 X72.747 Y57.472 E828.49701
G1 X72.772 Y57.478 E828.49813
G0 F1920 X73.273 Y57.584
M204 S2000
M205 X30 Y30
G0 F3600 X73.429 Y57.106
M204 S500
M205 X10 Y10
G1 F2400 X74.007 Y57.363 E828.52552
G1 X74.52 Y57.736 E828.55299
G1 X74.948 Y58.21 E828.58065
G1 X75.266 Y58.761 E828.6082
G1 X75.463 Y59.367 E828.63579
G1 X75.53 Y60 E828.66336
G1 X75.463 Y60.633 E828.69092
G1 X75.266 Y61.239 E828.71852
G1 X74.948 Y61.79 E828.74607
G1 X74.52 Y62.264 E828.77372
G1 X74.007 Y62.637 E828.80119
G1 X73.429 Y62.894 E828.82859
G1 X72.799 Y63.028 E828.85648
G1 X72.171 Y63.028 E828.88367
G1 X71.541 Y62.894 E828.91157
G1 X70.963 Y62.637 E828.93896
G1 X70.451 Y62.265 E828.96637
G1 X70.02 Y61.787 E828.99424
G1 X69.703 Y61.237 E829.02173
G1 X69.507 Y60.634 E829.04919
G1 X69.44 Y60 E829.0768
G1 X69.507 Y59.366 E829.10441
G1 X69.703 Y58.763 E829.13186
G1 X70.02 Y58.213 E829.15936
G1 X70.451 Y57.735 E829.18723
G1 X70.963 Y57.363 E829.21464
G1 X71.541 Y57.106 E829.24203
G1 X72.171 Y56.972 E829.26992
G1 X72.799 Y56.972 E829.29712
G1 X72.929 Y57 E829.30288
G0 F1920 X73.429 Y57.106
M204 S2000
M205 X30 Y30
G0 F3600 X73.585 Y56.628
M204 S500
M205 X10 Y10
;TYPE:WALL-OUTER
G1 F1200 X74.257 Y56.927 E829.33473
G1 X74.857 Y57.363 E829.36685
G1 X75.355 Y57.915 E829.39904
G1 X75.726 Y58.558 E829.43119
G1 X75.954 Y59.26 E829.46316
G1 X76.032 Y60 E829.49538
G1 X75.954 Y60.74 E829.5276
G1 X75.726 Y61.442 E829.55957
G1 X75.355 Y62.085 E829.59171
G1 X74.857 Y62.637 E829.62391
G1 X74.257 Y63.073 E829.65603
G1 X73.585 Y63.372 E829.68788
G1 X72.851 Y63.528 E829.72038
G1 X72.119 Y63.528 E829.75208
G1 X71.385 Y63.372 E829.78457
G1 X70.71 Y63.072 E829.81656
G1 X70.114 Y62.639 E829.84847
G1 X69.615 Y62.085 E829.88075
G1 X69.245 Y61.443 E829.91284
G1 X69.015 Y60.738 E829.94496
G1 X68.938 Y60 E829.97709
G1 X69.015 Y59.262 E830.00922
G1 X69.245 Y58.557 E830.04134
G1 X69.615 Y57.915 E830.07343
G1 X70.114 Y57.361 E830.10572
G1 X70.71 Y56.928 E830.13762
G1 X71.385 Y56.628 E830.16961
G1 X72.119 Y56.472 E830.2021
G1 X72.851 Y56.472 E830.2338
G1 X73.084 Y56.522 E830.24412
G0 F960 X73.585 Y56.628
M204 S2000
M205 X30 Y30
G0 F3600 X73.813 Y56.729
G0 X73.406 Y57.643
G1 F2700 E823.24412 ; Modi
;MESH:NONMESH
G0 F600 X73.406 Y57.643 Z26.55
G0 F3600 X70.036 Y58.224
G0 X68.793 Y57.51
G0 X52.95 Y58.224
G0 X51.515 Y58.224
G0 X48.054 Y57.798
;TIME_ELAPSED:1010.030285
;LAYER:105
M204 S500
M205 X10 Y10
;TYPE:FILL
;MESH:RetractTower
G1 F2700 E830.24412
G1 F2400 X46.135 Y59.718 E830.36168
G1 X45.923 Y59.93
M204 S2000
M205 X30 Y30
G0 F3600 X46.135 Y62.076
M204 S500
M205 X10 Y10
G1 F2400 X50.412 Y57.798 E830.62365
G1 X50.624 Y57.586
M204 S2000
M205 X30 Y30
G0 F3600 X50.834 Y59.734
M204 S500
M205 X10 Y10
G1 F2400 X48.219 Y62.349 E830.7838
G1 X48.007 Y62.561
M204 S2000
M205 X30 Y30
G0 F3600 X50.577 Y62.349
M204 S500
M205 X10 Y10
G1 F2400 X50.834 Y62.091 E830.79957
M204 S2000
M205 X30 Y30
G0 F3600 X47.204 Y57.6
M204 S500
M205 X10 Y10
;TYPE:WALL-INNER
G1 F2400 X50.69 Y57.6 E830.95053
G1 X50.69 Y57.45 E830.95703
G1 X51.035 Y57.45 E830.97197
G1 X51.035 Y62.55 E831.19283
G1 X45.935 Y62.55 E831.41369
G1 X45.935 Y57.45 E831.63455
G1 X46.842 Y57.45 E831.67383
G0 F1920 X47.204 Y57.45
G0 X47.204 Y57.6
M204 S2000
M205 X30 Y30
G0 F3600 X47.704 Y57.1
M204 S500
M205 X10 Y10
G1 F2400 X50.19 Y57.1 E831.78149
G1 X50.19 Y56.95 E831.78798
G1 X51.535 Y56.95 E831.84623
G1 X51.535 Y63.05 E832.11039
G1 X45.435 Y63.05 E832.37456
G1 X45.435 Y56.95 E832.63872
G1 X47.342 Y56.95 E832.72131
G0 F1920 X47.704 Y56.95
G0 X47.704 Y57.1
M204 S2000
M205 X30 Y30
G0 F3600 X48.204 Y56.6
M204 S500
M205 X10 Y10
;TYPE:WALL-OUTER
G1 F1200 X49.69 Y56.6 E832.78566
G1 X49.69 Y56.45 E832.79215
G1 X52.035 Y56.45 E832.89371
G1 X52.035 Y63.55 E833.20118
G1 X44.935 Y63.55 E833.50865
G1 X44.935 Y56.45 E833.81612
G1 X47.842 Y56.45 E833.94201
G0 F960 X48.204 Y56.45
G0 X48.204 Y56.6
M204 S2000
M205 X30 Y30
G0 F3600 X48.454 Y56.6
G0 X48.454 Y57.6
G1 F2700 E826.94201 ; Modi
G0 F3600 X51.515 Y59.097
G0 X52.95 Y59.097
G0 X68.034 Y59.852
G0 X69.46 Y60
G0 X70.331 Y59.097
M204 S500
M205 X10 Y10
;TYPE:FILL
G1 F2700 E833.94201
G1 F2400 X71.571 Y57.856 E834.01798
G1 X71.783 Y57.644
M204 S2000
M205 X30 Y30
G0 F3600 X73.747 Y58.038
M204 S500
M205 X10 Y10
G1 F2400 X70.524 Y61.261 E834.21537
G1 X70.312 Y61.473
M204 S2000
M205 X30 Y30
G0 F3600 X71.89 Y62.252
M204 S500
M205 X10 Y10
G1 F2400 X74.737 Y59.406 E834.3897
G1 X74.949 Y59.194
M204 S2000
M205 X30 Y30
G0 F3600 X73.273 Y57.584
M204 S500
M205 X10 Y10
;TYPE:WALL-INNER
G1 F2400 X73.757 Y57.799 E834.41263
G1 X74.183 Y58.109 E834.43545
G1 X74.541 Y58.505 E834.45857
G1 X74.805 Y58.963 E834.48146
G1 X74.972 Y59.475 E834.50478
G1 X75.027 Y60 E834.52764
G1 X74.972 Y60.525 E834.5505
G1 X74.805 Y61.037 E834.57383
G1 X74.541 Y61.495 E834.59672
G1 X74.183 Y61.891 E834.61984
G1 X73.757 Y62.201 E834.64265
G1 X73.273 Y62.416 E834.66559
G1 X72.747 Y62.528 E834.68888
G1 X72.223 Y62.528 E834.71157
G1 X71.697 Y62.416 E834.73486
G1 X71.216 Y62.202 E834.75766
G1 X70.785 Y61.889 E834.78072
G1 X70.427 Y61.492 E834.80387
G1 X70.164 Y61.035 E834.82671
G1 X69.998 Y60.526 E834.84989
G1 X69.943 Y60 E834.8728
G1 X69.998 Y59.474 E834.8957
G1 X70.164 Y58.965 E834.91888
G1 X70.427 Y58.508 E834.94172
G1 X70.785 Y58.111 E834.96487
G1 X71.216 Y57.798 E834.98794
G1 X71.697 Y57.584 E835.01074
G1 X72.223 Y57.472 E835.03402
G1 X72.747 Y57.472 E835.05672
G1 X72.772 Y57.478 E835.05783
G0 F1920 X73.273 Y57.584
M204 S2000
M205 X30 Y30
G0 F3600 X73.429 Y57.106
M204 S500
M205 X10 Y10
G1 F2400 X74.007 Y57.363 E835.08522
G1 X74.52 Y57.736 E835.11269
G1 X74.948 Y58.21 E835.14035
G1 X75.266 Y58.761 E835.1679
G1 X75.463 Y59.367 E835.19549
G1 X75.53 Y60 E835.22306
G1 X75.463 Y60.633 E835.25062
G1 X75.266 Y61.239 E835.27822
G1 X74.948 Y61.79 E835.30577
G1 X74.52 Y62.264 E835.33343
G1 X74.007 Y62.637 E835.36089
G1 X73.429 Y62.894 E835.38829
G1 X72.799 Y63.028 E835.41618
G1 X72.171 Y63.028 E835.44338
G1 X71.541 Y62.894 E835.47127
G1 X70.963 Y62.637 E835.49866
G1 X70.451 Y62.265 E835.52607
G1 X70.02 Y61.787 E835.55394
G1 X69.703 Y61.237 E835.58143
G1 X69.507 Y60.634 E835.60889
G1 X69.44 Y60 E835.6365
G1 X69.507 Y59.366 E835.66411
G1 X69.703 Y58.763 E835.69157
G1 X70.02 Y58.213 E835.71906
G1 X70.451 Y57.735 E835.74693
G1 X70.963 Y57.363 E835.77434
G1 X71.541 Y57.106 E835.80173
G1 X72.171 Y56.972 E835.82962
G1 X72.799 Y56.972 E835.85682
G1 X72.929 Y57 E835.86258
G0 F1920 X73.429 Y57.106
M204 S2000
M205 X30 Y30
G0 F3600 X73.585 Y56.628
M204 S500
M205 X10 Y10
;TYPE:WALL-OUTER
G1 F1200 X74.257 Y56.927 E835.89443
G1 X74.857 Y57.363 E835.92655
G1 X75.355 Y57.915 E835.95875
G1 X75.726 Y58.558 E835.99089
G1 X75.954 Y59.26 E836.02286
G1 X76.032 Y60 E836.05508
G1 X75.954 Y60.74 E836.08731
G1 X75.726 Y61.442 E836.11927
G1 X75.355 Y62.085 E836.15142
G1 X74.857 Y62.637 E836.18361
G1 X74.257 Y63.073 E836.21573
G1 X73.585 Y63.372 E836.24758
G1 X72.851 Y63.528 E836.28008
G1 X72.119 Y63.528 E836.31178
G1 X71.385 Y63.372 E836.34428
G1 X70.71 Y63.072 E836.37627
G1 X70.114 Y62.639 E836.40817
G1 X69.615 Y62.085 E836.44046
G1 X69.245 Y61.443 E836.47255
G1 X69.015 Y60.738 E836.50466
G1 X68.938 Y60 E836.53679
G1 X69.015 Y59.262 E836.56893
G1 X69.245 Y58.557 E836.60104
G1 X69.615 Y57.915 E836.63313
G1 X70.114 Y57.361 E836.66542
G1 X70.71 Y56.928 E836.69732
G1 X71.385 Y56.628 E836.72931
G1 X72.119 Y56.472 E836.76181
G1 X72.851 Y56.472 E836.79351
G1 X73.084 Y56.522 E836.80383
G0 F960 X73.585 Y56.628
M204 S2000
M205 X30 Y30
G0 F3600 X73.813 Y56.729
G0 X73.406 Y57.643
G1 F2700 E829.80383 ; Modi
;MESH:NONMESH
G0 F600 X73.406 Y57.643 Z26.8
G0 F3600 X70.036 Y58.224
G0 X68.793 Y57.51
G0 X52.95 Y58.224
G0 X51.515 Y58.224
G0 X46.135 Y57.922
;TIME_ELAPSED:1018.441457
;LAYER:106
M204 S500
M205 X10 Y10
;TYPE:FILL
;MESH:RetractTower
G1 F2700 E836.80383
G1 F2400 X50.561 Y62.349 E837.07492
G1 X50.773 Y62.561
M204 S2000
M205 X30 Y30
G0 F3600 X50.835 Y60.265
M204 S500
M205 X10 Y10
G1 F2400 X48.368 Y57.798 E837.22601
G1 X48.156 Y57.586
M204 S2000
M205 X30 Y30
G0 F3600 X50.726 Y57.798
M204 S500
M205 X10 Y10
G1 F2400 X50.835 Y57.907 E837.23268
M204 S2000
M205 X30 Y30
G0 F3600 X48.204 Y62.349
M204 S500
M205 X10 Y10
G1 F2400 X46.135 Y60.28 E837.3594
G1 X45.923 Y60.068
M204 S2000
M205 X30 Y30
G0 F3600 X47.204 Y57.6
M204 S500
M205 X10 Y10
;TYPE:WALL-INNER
G1 F2400 X50.69 Y57.6 E837.51036
G1 X50.69 Y57.45 E837.51686
G1 X51.035 Y57.45 E837.5318
G1 X51.035 Y62.55 E837.75266
G1 X45.935 Y62.55 E837.97351
G1 X45.935 Y57.45 E838.19437
G1 X46.842 Y57.45 E838.23365
G0 F1920 X47.204 Y57.45
G0 X47.204 Y57.6
M204 S2000
M205 X30 Y30
G0 F3600 X47.704 Y57.1
M204 S500
M205 X10 Y10
G1 F2400 X50.19 Y57.1 E838.34131
G1 X50.19 Y56.95 E838.34781
G1 X51.535 Y56.95 E838.40605
G1 X51.535 Y63.05 E838.67022
G1 X45.435 Y63.05 E838.93438
G1 X45.435 Y56.95 E839.19855
G1 X47.342 Y56.95 E839.28113
G0 F1920 X47.704 Y56.95
G0 X47.704 Y57.1
M204 S2000
M205 X30 Y30
G0 F3600 X48.204 Y56.6
M204 S500
M205 X10 Y10
;TYPE:WALL-OUTER
G1 F1200 X49.69 Y56.6 E839.34548
G1 X49.69 Y56.45 E839.35198
G1 X52.035 Y56.45 E839.45353
G1 X52.035 Y63.55 E839.761
G1 X44.935 Y63.55 E840.06847
G1 X44.935 Y56.45 E840.37594
G1 X47.842 Y56.45 E840.50183
G0 F960 X48.204 Y56.45
G0 X48.204 Y56.6
M204 S2000
M205 X30 Y30
G0 F3600 X48.454 Y56.6
G0 X48.454 Y57.6
G1 F2700 E833.50183 ; Modi
G0 F3600 X51.515 Y58.737
G0 X52.95 Y58.737
G0 X68.099 Y59.222
G0 X69.526 Y59.37
G0 X70.524 Y58.737
M204 S500
M205 X10 Y10
;TYPE:FILL
G1 F2700 E840.50183
G1 F2400 X73.747 Y61.96 E840.69922
G1 X73.959 Y62.172
M204 S2000
M205 X30 Y30
G0 F3600 X74.738 Y60.593
M204 S500
M205 X10 Y10
G1 F2400 X71.892 Y57.747 E840.87352
G1 X71.68 Y57.535
M204 S2000
M205 X30 Y30
G0 F3600 X70.329 Y60.899
M204 S500
M205 X10 Y10
G1 F2400 X71.572 Y62.142 E840.94965
G1 X71.784 Y62.354
M204 S2000
M205 X30 Y30
G0 F3600 X73.273 Y57.584
M204 S500
M205 X10 Y10
;TYPE:WALL-INNER
G1 F2400 X73.757 Y57.799 E840.97258
G1 X74.183 Y58.109 E840.9954
G1 X74.541 Y58.505 E841.01852
G1 X74.805 Y58.963 E841.04141
G1 X74.972 Y59.475 E841.06473
G1 X75.027 Y60 E841.08759
G1 X74.972 Y60.525 E841.11045
G1 X74.805 Y61.037 E841.13377
G1 X74.541 Y61.495 E841.15667
G1 X74.183 Y61.891 E841.17978
G1 X73.757 Y62.201 E841.2026
G1 X73.273 Y62.416 E841.22553
G1 X72.747 Y62.528 E841.24882
G1 X72.223 Y62.528 E841.27152
G1 X71.697 Y62.416 E841.29481
G1 X71.216 Y62.202 E841.3176
G1 X70.785 Y61.889 E841.34067
G1 X70.427 Y61.492 E841.36382
G1 X70.164 Y61.035 E841.38666
G1 X69.998 Y60.526 E841.40984
G1 X69.943 Y60 E841.43274
G1 X69.998 Y59.474 E841.45565
G1 X70.164 Y58.965 E841.47883
G1 X70.427 Y58.508 E841.50167
G1 X70.785 Y58.111 E841.52482
G1 X71.216 Y57.798 E841.54788
G1 X71.697 Y57.584 E841.57068
G1 X72.223 Y57.472 E841.59397
G1 X72.747 Y57.472 E841.61666
G1 X72.772 Y57.478 E841.61778
G0 F1920 X73.273 Y57.584
M204 S2000
M205 X30 Y30
G0 F3600 X73.429 Y57.106
M204 S500
M205 X10 Y10
G1 F2400 X74.007 Y57.363 E841.64517
G1 X74.52 Y57.736 E841.67264
G1 X74.948 Y58.21 E841.7003
G1 X75.266 Y58.761 E841.72785
G1 X75.463 Y59.367 E841.75544
G1 X75.53 Y60 E841.78301
G1 X75.463 Y60.633 E841.81057
G1 X75.266 Y61.239 E841.83817
G1 X74.948 Y61.79 E841.86572
G1 X74.52 Y62.264 E841.89337
G1 X74.007 Y62.637 E841.92084
G1 X73.429 Y62.894 E841.94824
G1 X72.799 Y63.028 E841.97613
G1 X72.171 Y63.028 E842.00332
G1 X71.541 Y62.894 E842.03122
G1 X70.963 Y62.637 E842.05861
G1 X70.451 Y62.265 E842.08602
G1 X70.02 Y61.787 E842.11389
G1 X69.703 Y61.237 E842.14138
G1 X69.507 Y60.634 E842.16884
G1 X69.44 Y60 E842.19645
G1 X69.507 Y59.366 E842.22406
G1 X69.703 Y58.763 E842.25152
G1 X70.02 Y58.213 E842.27901
G1 X70.451 Y57.735 E842.30688
G1 X70.963 Y57.363 E842.33429
G1 X71.541 Y57.106 E842.36168
G1 X72.171 Y56.972 E842.38957
G1 X72.799 Y56.972 E842.41677
G1 X72.929 Y57 E842.42253
G0 F1920 X73.429 Y57.106
M204 S2000
M205 X30 Y30
G0 F3600 X73.585 Y56.628
M204 S500
M205 X10 Y10
;TYPE:WALL-OUTER
G1 F1200 X74.257 Y56.927 E842.45438
G1 X74.857 Y57.363 E842.4865
G1 X75.355 Y57.915 E842.51869
G1 X75.726 Y58.558 E842.55084
G1 X75.954 Y59.26 E842.58281
G1 X76.032 Y60 E842.61503
G1 X75.954 Y60.74 E842.64725
G1 X75.726 Y61.442 E842.67922
G1 X75.355 Y62.085 E842.71137
G1 X74.857 Y62.637 E842.74356
G1 X74.257 Y63.073 E842.77568
G1 X73.585 Y63.372 E842.80753
G1 X72.851 Y63.528 E842.84003
G1 X72.119 Y63.528 E842.87173
G1 X71.385 Y63.372 E842.90422
G1 X70.71 Y63.072 E842.93621
G1 X70.114 Y62.639 E842.96812
G1 X69.615 Y62.085 E843.0004
G1 X69.245 Y61.443 E843.03249
G1 X69.015 Y60.738 E843.06461
G1 X68.938 Y60 E843.09674
G1 X69.015 Y59.262 E843.12887
G1 X69.245 Y58.557 E843.16099
G1 X69.615 Y57.915 E843.19308
G1 X70.114 Y57.361 E843.22537
G1 X70.71 Y56.928 E843.25727
G1 X71.385 Y56.628 E843.28926
G1 X72.119 Y56.472 E843.32175
G1 X72.851 Y56.472 E843.35345
G1 X73.084 Y56.522 E843.36377
G0 F960 X73.585 Y56.628
M204 S2000
M205 X30 Y30
G0 F3600 X73.813 Y56.729
G0 X73.406 Y57.643
G1 F2700 E836.36377 ; Modi
;MESH:NONMESH
G0 F600 X73.406 Y57.643 Z27.05
G0 F3600 X70.036 Y58.224
G0 X68.793 Y57.51
G0 X52.95 Y58.224
G0 X51.515 Y58.224
G0 X48.054 Y57.798
;TIME_ELAPSED:1026.888857
;LAYER:107
M204 S500
M205 X10 Y10
;TYPE:FILL
;MESH:RetractTower
G1 F2700 E843.36377
G1 F2400 X46.135 Y59.718 E843.48133
G1 X45.923 Y59.93
M204 S2000
M205 X30 Y30
G0 F3600 X46.135 Y62.076
M204 S500
M205 X10 Y10
G1 F2400 X50.412 Y57.798 E843.7433
G1 X50.624 Y57.586
M204 S2000
M205 X30 Y30
G0 F3600 X50.834 Y59.734
M204 S500
M205 X10 Y10
G1 F2400 X48.219 Y62.349 E843.90345
G1 X48.007 Y62.561
M204 S2000
M205 X30 Y30
G0 F3600 X50.577 Y62.349
M204 S500
M205 X10 Y10
G1 F2400 X50.834 Y62.091 E843.91922
M204 S2000
M205 X30 Y30
G0 F3600 X47.204 Y57.6
M204 S500
M205 X10 Y10
;TYPE:WALL-INNER
G1 F2400 X50.69 Y57.6 E844.07019
G1 X50.69 Y57.45 E844.07668
G1 X51.035 Y57.45 E844.09162
G1 X51.035 Y62.55 E844.31248
G1 X45.935 Y62.55 E844.53334
G1 X45.935 Y57.45 E844.7542
G1 X46.842 Y57.45 E844.79348
G0 F1920 X47.204 Y57.45
G0 X47.204 Y57.6
M204 S2000
M205 X30 Y30
G0 F3600 X47.704 Y57.1
M204 S500
M205 X10 Y10
G1 F2400 X50.19 Y57.1 E844.90114
G1 X50.19 Y56.95 E844.90763
G1 X51.535 Y56.95 E844.96588
G1 X51.535 Y63.05 E845.23004
G1 X45.435 Y63.05 E845.49421
G1 X45.435 Y56.95 E845.75837
G1 X47.342 Y56.95 E845.84096
G0 F1920 X47.704 Y56.95
G0 X47.704 Y57.1
M204 S2000
M205 X30 Y30
G0 F3600 X48.204 Y56.6
M204 S500
M205 X10 Y10
;TYPE:WALL-OUTER
G1 F1200 X49.69 Y56.6 E845.90531
G1 X49.69 Y56.45 E845.9118
G1 X52.035 Y56.45 E846.01336
G1 X52.035 Y63.55 E846.32083
G1 X44.935 Y63.55 E846.6283
G1 X44.935 Y56.45 E846.93577
G1 X47.842 Y56.45 E847.06166
G0 F960 X48.204 Y56.45
G0 X48.204 Y56.6
M204 S2000
M205 X30 Y30
G0 F3600 X48.454 Y56.6
G0 X48.454 Y57.6
G1 F2700 E840.06166 ; Modi
G0 F3600 X51.515 Y59.097
G0 X52.95 Y59.097
G0 X68.034 Y59.852
G0 X69.46 Y60
G0 X70.331 Y59.097
M204 S500
M205 X10 Y10
;TYPE:FILL
G1 F2700 E847.06166
G1 F2400 X71.571 Y57.856 E847.13763
G1 X71.783 Y57.644
M204 S2000
M205 X30 Y30
G0 F3600 X73.747 Y58.038
M204 S500
M205 X10 Y10
G1 F2400 X70.524 Y61.261 E847.33502
G1 X70.312 Y61.473
M204 S2000
M205 X30 Y30
G0 F3600 X71.89 Y62.252
M204 S500
M205 X10 Y10
G1 F2400 X74.737 Y59.406 E847.50935
G1 X74.949 Y59.194
M204 S2000
M205 X30 Y30
G0 F3600 X73.273 Y57.584
M204 S500
M205 X10 Y10
;TYPE:WALL-INNER
G1 F2400 X73.757 Y57.799 E847.53228
G1 X74.183 Y58.109 E847.5551
G1 X74.541 Y58.505 E847.57822
G1 X74.805 Y58.963 E847.60111
G1 X74.972 Y59.475 E847.62443
G1 X75.027 Y60 E847.64729
G1 X74.972 Y60.525 E847.67015
G1 X74.805 Y61.037 E847.69348
G1 X74.541 Y61.495 E847.71637
G1 X74.183 Y61.891 E847.73949
G1 X73.757 Y62.201 E847.7623
G1 X73.273 Y62.416 E847.78524
G1 X72.747 Y62.528 E847.80853
G1 X72.223 Y62.528 E847.83122
G1 X71.697 Y62.416 E847.85451
G1 X71.216 Y62.202 E847.87731
G1 X70.785 Y61.889 E847.90037
G1 X70.427 Y61.492 E847.92352
G1 X70.164 Y61.035 E847.94636
G1 X69.998 Y60.526 E847.96954
G1 X69.943 Y60 E847.99245
G1 X69.998 Y59.474 E848.01535
G1 X70.164 Y58.965 E848.03854
G1 X70.427 Y58.508 E848.06137
G1 X70.785 Y58.111 E848.08452
G1 X71.216 Y57.798 E848.10759
G1 X71.697 Y57.584 E848.13039
G1 X72.223 Y57.472 E848.15368
G1 X72.747 Y57.472 E848.17637
G1 X72.772 Y57.478 E848.17748
G0 F1920 X73.273 Y57.584
M204 S2000
M205 X30 Y30
G0 F3600 X73.429 Y57.106
M204 S500
M205 X10 Y10
G1 F2400 X74.007 Y57.363 E848.20487
G1 X74.52 Y57.736 E848.23234
G1 X74.948 Y58.21 E848.26
G1 X75.266 Y58.761 E848.28755
G1 X75.463 Y59.367 E848.31514
G1 X75.53 Y60 E848.34271
G1 X75.463 Y60.633 E848.37028
G1 X75.266 Y61.239 E848.39787
G1 X74.948 Y61.79 E848.42542
G1 X74.52 Y62.264 E848.45308
G1 X74.007 Y62.637 E848.48054
G1 X73.429 Y62.894 E848.50794
G1 X72.799 Y63.028 E848.53583
G1 X72.171 Y63.028 E848.56303
G1 X71.541 Y62.894 E848.59092
G1 X70.963 Y62.637 E848.61831
G1 X70.451 Y62.265 E848.64572
G1 X70.02 Y61.787 E848.67359
G1 X69.703 Y61.237 E848.70108
G1 X69.507 Y60.634 E848.72854
G1 X69.44 Y60 E848.75615
G1 X69.507 Y59.366 E848.78376
G1 X69.703 Y58.763 E848.81122
G1 X70.02 Y58.213 E848.83871
G1 X70.451 Y57.735 E848.86658
G1 X70.963 Y57.363 E848.89399
G1 X71.541 Y57.106 E848.92138
G1 X72.171 Y56.972 E848.94927
G1 X72.799 Y56.972 E848.97647
G1 X72.929 Y57 E848.98223
G0 F1920 X73.429 Y57.106
M204 S2000
M205 X30 Y30
G0 F3600 X73.585 Y56.628
M204 S500
M205 X10 Y10
;TYPE:WALL-OUTER
G1 F1200 X74.257 Y56.927 E849.01408
G1 X74.857 Y57.363 E849.0462
G1 X75.355 Y57.915 E849.0784
G1 X75.726 Y58.558 E849.11054
G1 X75.954 Y59.26 E849.14251
G1 X76.032 Y60 E849.17473
G1 X75.954 Y60.74 E849.20696
G1 X75.726 Y61.442 E849.23892
G1 X75.355 Y62.085 E849.27107
G1 X74.857 Y62.637 E849.30326
G1 X74.257 Y63.073 E849.33538
G1 X73.585 Y63.372 E849.36723
G1 X72.851 Y63.528 E849.39973
G1 X72.119 Y63.528 E849.43143
G1 X71.385 Y63.372 E849.46393
G1 X70.71 Y63.072 E849.49592
G1 X70.114 Y62.639 E849.52782
G1 X69.615 Y62.085 E849.56011
G1 X69.245 Y61.443 E849.5922
G1 X69.015 Y60.738 E849.62431
G1 X68.938 Y60 E849.65644
G1 X69.015 Y59.262 E849.68858
G1 X69.245 Y58.557 E849.72069
G1 X69.615 Y57.915 E849.75278
G1 X70.114 Y57.361 E849.78507
G1 X70.71 Y56.928 E849.81697
G1 X71.385 Y56.628 E849.84896
G1 X72.119 Y56.472 E849.88146
G1 X72.851 Y56.472 E849.91316
G1 X73.084 Y56.522 E849.92348
G0 F960 X73.585 Y56.628
M204 S2000
M205 X30 Y30
G0 F3600 X73.813 Y56.729
G0 X73.406 Y57.643
G1 F2700 E842.92348 ; Modi
;MESH:NONMESH
G0 F600 X73.406 Y57.643 Z27.3
G0 F3600 X70.036 Y58.224
G0 X68.793 Y57.51
G0 X52.95 Y58.224
G0 X51.515 Y58.224
G0 X46.135 Y57.922
;TIME_ELAPSED:1035.300030
;LAYER:108
M204 S500
M205 X10 Y10
;TYPE:FILL
;MESH:RetractTower
G1 F2700 E849.92348
G1 F2400 X50.561 Y62.349 E850.19457
G1 X50.773 Y62.561
M204 S2000
M205 X30 Y30
G0 F3600 X50.835 Y60.265
M204 S500
M205 X10 Y10
G1 F2400 X48.369 Y57.799 E850.3456
G1 X48.157 Y57.587
M204 S2000
M205 X30 Y30
G0 F3600 X50.727 Y57.799
M204 S500
M205 X10 Y10
G1 F2400 X50.835 Y57.907 E850.35221
M204 S2000
M205 X30 Y30
G0 F3600 X48.204 Y62.349
M204 S500
M205 X10 Y10
G1 F2400 X46.135 Y60.28 E850.47892
G1 X45.923 Y60.068
M204 S2000
M205 X30 Y30
G0 F3600 X51.035 Y62.55
M204 S500
M205 X10 Y10
;TYPE:WALL-INNER
G1 F2400 X45.935 Y62.55 E850.69978
G1 X45.935 Y57.6 E850.91415
G1 X51.035 Y57.6 E851.13501
G1 X51.035 Y62.038 E851.3272
G0 F1920 X51.035 Y62.55
M204 S2000
M205 X30 Y30
G0 F3600 X46.34 Y57.17
G0 X46.41 Y57.1
M204 S500
M205 X10 Y10
G1 F2400 X50.583 Y57.1 E851.50791
G1 X50.583 Y56.95 E851.51441
G1 X51.535 Y56.95 E851.55563
G1 X51.535 Y63.05 E851.8198
G1 X45.435 Y63.05 E852.08396
G1 X45.435 Y56.95 E852.34813
G1 X46.048 Y56.95 E852.37468
G0 F1920 X46.41 Y56.95
G0 X46.41 Y57.1
M204 S2000
M205 X30 Y30
G0 F3600 X46.91 Y56.6
M204 S500
M205 X10 Y10
;TYPE:WALL-OUTER
G1 F1200 X50.083 Y56.6 E852.51209
G1 X50.083 Y56.45 E852.51858
G1 X52.035 Y56.45 E852.60311
G1 X52.035 Y63.55 E852.91058
G1 X44.935 Y63.55 E853.21806
G1 X44.935 Y56.45 E853.52553
G1 X46.548 Y56.45 E853.59538
G0 F960 X46.91 Y56.45
G0 X46.91 Y56.6
M204 S2000
M205 X30 Y30
G0 F3600 X47.16 Y56.6
G0 X47.16 Y57.6
G1 F2700 E846.59538 ; Modi
G0 F3600 X51.515 Y58.737
G0 X52.95 Y58.737
G0 X68.099 Y59.222
G0 X69.526 Y59.37
G0 X70.524 Y58.737
M204 S500
M205 X10 Y10
;TYPE:FILL
G1 F2700 E853.59538
G1 F2400 X73.747 Y61.96 E853.79277
G1 X73.959 Y62.172
M204 S2000
M205 X30 Y30
G0 F3600 X74.738 Y60.593
M204 S500
M205 X10 Y10
G1 F2400 X71.892 Y57.747 E853.96707
G1 X71.68 Y57.535
M204 S2000
M205 X30 Y30
G0 F3600 X70.329 Y60.899
M204 S500
M205 X10 Y10
G1 F2400 X71.572 Y62.142 E854.04319
G1 X71.784 Y62.354
M204 S2000
M205 X30 Y30
G0 F3600 X73.273 Y57.584
M204 S500
M205 X10 Y10
;TYPE:WALL-INNER
G1 F2400 X73.757 Y57.799 E854.06613
G1 X74.183 Y58.109 E854.08894
G1 X74.541 Y58.505 E854.11206
G1 X74.805 Y58.963 E854.13495
G1 X74.972 Y59.475 E854.15828
G1 X75.027 Y60 E854.18114
G1 X74.972 Y60.525 E854.20399
G1 X74.805 Y61.037 E854.22732
G1 X74.541 Y61.495 E854.25021
G1 X74.183 Y61.891 E854.27333
G1 X73.757 Y62.201 E854.29614
G1 X73.273 Y62.416 E854.31908
G1 X72.747 Y62.528 E854.34237
G1 X72.223 Y62.528 E854.36506
G1 X71.697 Y62.416 E854.38835
G1 X71.216 Y62.202 E854.41115
G1 X70.785 Y61.889 E854.43422
G1 X70.427 Y61.492 E854.45737
G1 X70.164 Y61.035 E854.4802
G1 X69.998 Y60.526 E854.50339
G1 X69.943 Y60 E854.52629
G1 X69.998 Y59.474 E854.54919
G1 X70.164 Y58.965 E854.57238
G1 X70.427 Y58.508 E854.59521
G1 X70.785 Y58.111 E854.61836
G1 X71.216 Y57.798 E854.64143
G1 X71.697 Y57.584 E854.66423
G1 X72.223 Y57.472 E854.68752
G1 X72.747 Y57.472 E854.71021
G1 X72.772 Y57.478 E854.71132
G0 F1920 X73.273 Y57.584
M204 S2000
M205 X30 Y30
G0 F3600 X73.429 Y57.106
M204 S500
M205 X10 Y10
G1 F2400 X74.007 Y57.363 E854.73872
G1 X74.52 Y57.736 E854.76618
G1 X74.948 Y58.21 E854.79384
G1 X75.266 Y58.761 E854.82139
G1 X75.463 Y59.367 E854.84899
G1 X75.53 Y60 E854.87655
G1 X75.463 Y60.633 E854.90412
G1 X75.266 Y61.239 E854.93171
G1 X74.948 Y61.79 E854.95926
G1 X74.52 Y62.264 E854.98692
G1 X74.007 Y62.637 E855.01439
G1 X73.429 Y62.894 E855.04178
G1 X72.799 Y63.028 E855.06967
G1 X72.171 Y63.028 E855.09687
G1 X71.541 Y62.894 E855.12476
G1 X70.963 Y62.637 E855.15216
G1 X70.451 Y62.265 E855.17956
G1 X70.02 Y61.787 E855.20743
G1 X69.703 Y61.237 E855.23493
G1 X69.507 Y60.634 E855.26238
G1 X69.44 Y60 E855.28999
G1 X69.507 Y59.366 E855.3176
G1 X69.703 Y58.763 E855.34506
G1 X70.02 Y58.213 E855.37255
G1 X70.451 Y57.735 E855.40042
G1 X70.963 Y57.363 E855.42783
G1 X71.541 Y57.106 E855.45522
G1 X72.171 Y56.972 E855.48312
G1 X72.799 Y56.972 E855.51031
G1 X72.929 Y57 E855.51607
G0 F1920 X73.429 Y57.106
M204 S2000
M205 X30 Y30
G0 F3600 X73.585 Y56.628
M204 S500
M205 X10 Y10
;TYPE:WALL-OUTER
G1 F1200 X74.257 Y56.927 E855.54792
G1 X74.857 Y57.363 E855.58004
G1 X75.355 Y57.915 E855.61224
G1 X75.726 Y58.558 E855.64439
G1 X75.954 Y59.26 E855.67635
G1 X76.032 Y60 E855.70857
G1 X75.954 Y60.74 E855.7408
G1 X75.726 Y61.442 E855.77276
G1 X75.355 Y62.085 E855.80491
G1 X74.857 Y62.637 E855.83711
G1 X74.257 Y63.073 E855.86922
G1 X73.585 Y63.372 E855.90108
G1 X72.851 Y63.528 E855.93357
G1 X72.119 Y63.528 E855.96527
G1 X71.385 Y63.372 E855.99777
G1 X70.71 Y63.072 E856.02976
G1 X70.114 Y62.639 E856.06166
G1 X69.615 Y62.085 E856.09395
G1 X69.245 Y61.443 E856.12604
G1 X69.015 Y60.738 E856.15815
G1 X68.938 Y60 E856.19029
G1 X69.015 Y59.262 E856.22242
G1 X69.245 Y58.557 E856.25453
G1 X69.615 Y57.915 E856.28662
G1 X70.114 Y57.361 E856.31891
G1 X70.71 Y56.928 E856.35081
G1 X71.385 Y56.628 E856.3828
G1 X72.119 Y56.472 E856.4153
G1 X72.851 Y56.472 E856.447
G1 X73.084 Y56.522 E856.45732
G0 F960 X73.585 Y56.628
M204 S2000
M205 X30 Y30
G0 F3600 X73.813 Y56.729
G0 X73.406 Y57.643
G1 F2700 E849.45732 ; Modi
;MESH:NONMESH
G0 F600 X73.406 Y57.643 Z27.55
G0 F3600 X70.036 Y58.224
G0 X68.793 Y57.51
G0 X52.95 Y58.224
G0 X51.515 Y58.224
G0 X48.054 Y57.798
;TIME_ELAPSED:1043.804532
;LAYER:109
M204 S500
M205 X10 Y10
;TYPE:FILL
;MESH:RetractTower
G1 F2700 E856.45732
G1 F2400 X46.135 Y59.718 E856.57487
G1 X45.923 Y59.93
M204 S2000
M205 X30 Y30
G0 F3600 X46.135 Y62.076
M204 S500
M205 X10 Y10
G1 F2400 X50.412 Y57.798 E856.83684
G1 X50.624 Y57.586
M204 S2000
M205 X30 Y30
G0 F3600 X50.834 Y59.734
M204 S500
M205 X10 Y10
G1 F2400 X48.219 Y62.349 E856.997
G1 X48.007 Y62.561
M204 S2000
M205 X30 Y30
G0 F3600 X50.577 Y62.349
M204 S500
M205 X10 Y10
G1 F2400 X50.834 Y62.091 E857.01277
M204 S2000
M205 X30 Y30
G0 F3600 X51.035 Y62.55
M204 S500
M205 X10 Y10
;TYPE:WALL-INNER
G1 F2400 X45.935 Y62.55 E857.23363
G1 X45.935 Y57.6 E857.44799
G1 X51.035 Y57.6 E857.66885
G1 X51.035 Y62.038 E857.86104
G0 F1920 X51.035 Y62.55
M204 S2000
M205 X30 Y30
G0 F3600 X46.34 Y57.17
G0 X46.41 Y57.1
M204 S500
M205 X10 Y10
G1 F2400 X50.583 Y57.1 E858.04175
G1 X50.583 Y56.95 E858.04825
G1 X51.535 Y56.95 E858.08948
G1 X51.535 Y63.05 E858.35364
G1 X45.435 Y63.05 E858.61781
G1 X45.435 Y56.95 E858.88197
G1 X46.048 Y56.95 E858.90852
G0 F1920 X46.41 Y56.95
G0 X46.41 Y57.1
M204 S2000
M205 X30 Y30
G0 F3600 X46.91 Y56.6
M204 S500
M205 X10 Y10
;TYPE:WALL-OUTER
G1 F1200 X50.083 Y56.6 E859.04593
G1 X50.083 Y56.45 E859.05242
G1 X52.035 Y56.45 E859.13696
G1 X52.035 Y63.55 E859.44443
G1 X44.935 Y63.55 E859.7519
G1 X44.935 Y56.45 E860.05937
G1 X46.548 Y56.45 E860.12922
G0 F960 X46.91 Y56.45
G0 X46.91 Y56.6
M204 S2000
M205 X30 Y30
G0 F3600 X47.16 Y56.6
G0 X47.16 Y57.6
G1 F2700 E853.12922 ; Modi
G0 F3600 X51.515 Y59.097
G0 X52.95 Y59.097
G0 X68.034 Y59.852
G0 X69.46 Y60
G0 X70.331 Y59.097
M204 S500
M205 X10 Y10
;TYPE:FILL
G1 F2700 E860.12922
G1 F2400 X71.571 Y57.856 E860.20519
G1 X71.783 Y57.644
M204 S2000
M205 X30 Y30
G0 F3600 X73.747 Y58.038
M204 S500
M205 X10 Y10
G1 F2400 X70.524 Y61.261 E860.40258
G1 X70.312 Y61.473
M204 S2000
M205 X30 Y30
G0 F3600 X71.89 Y62.252
M204 S500
M205 X10 Y10
G1 F2400 X74.737 Y59.406 E860.57691
G1 X74.949 Y59.194
M204 S2000
M205 X30 Y30
G0 F3600 X73.273 Y57.584
M204 S500
M205 X10 Y10
;TYPE:WALL-INNER
G1 F2400 X73.757 Y57.799 E860.59985
G1 X74.183 Y58.109 E860.62266
G1 X74.541 Y58.505 E860.64578
G1 X74.805 Y58.963 E860.66867
G1 X74.972 Y59.475 E860.69199
G1 X75.027 Y60 E860.71485
G1 X74.972 Y60.525 E860.73771
G1 X74.805 Y61.037 E860.76104
G1 X74.541 Y61.495 E860.78393
G1 X74.183 Y61.891 E860.80705
G1 X73.757 Y62.201 E860.82986
G1 X73.273 Y62.416 E860.8528
G1 X72.747 Y62.528 E860.87609
G1 X72.223 Y62.528 E860.89878
G1 X71.697 Y62.416 E860.92207
G1 X71.216 Y62.202 E860.94487
G1 X70.785 Y61.889 E860.96794
G1 X70.427 Y61.492 E860.99109
G1 X70.164 Y61.035 E861.01392
G1 X69.998 Y60.526 E861.03711
G1 X69.943 Y60 E861.06001
G1 X69.998 Y59.474 E861.08291
G1 X70.164 Y58.965 E861.1061
G1 X70.427 Y58.508 E861.12893
G1 X70.785 Y58.111 E861.15208
G1 X71.216 Y57.798 E861.17515
G1 X71.697 Y57.584 E861.19795
G1 X72.223 Y57.472 E861.22124
G1 X72.747 Y57.472 E861.24393
G1 X72.772 Y57.478 E861.24504
G0 F1920 X73.273 Y57.584
M204 S2000
M205 X30 Y30
G0 F3600 X73.429 Y57.106
M204 S500
M205 X10 Y10
G1 F2400 X74.007 Y57.363 E861.27244
G1 X74.52 Y57.736 E861.2999
G1 X74.948 Y58.21 E861.32756
G1 X75.266 Y58.761 E861.35511
G1 X75.463 Y59.367 E861.3827
G1 X75.53 Y60 E861.41027
G1 X75.463 Y60.633 E861.43784
G1 X75.266 Y61.239 E861.46543
G1 X74.948 Y61.79 E861.49298
G1 X74.52 Y62.264 E861.52064
G1 X74.007 Y62.637 E861.54811
G1 X73.429 Y62.894 E861.5755
G1 X72.799 Y63.028 E861.60339
G1 X72.171 Y63.028 E861.63059
G1 X71.541 Y62.894 E861.65848
G1 X70.963 Y62.637 E861.68587
G1 X70.451 Y62.265 E861.71328
G1 X70.02 Y61.787 E861.74115
G1 X69.703 Y61.237 E861.76865
G1 X69.507 Y60.634 E861.7961
G1 X69.44 Y60 E861.82371
G1 X69.507 Y59.366 E861.85132
G1 X69.703 Y58.763 E861.87878
G1 X70.02 Y58.213 E861.90627
G1 X70.451 Y57.735 E861.93414
G1 X70.963 Y57.363 E861.96155
G1 X71.541 Y57.106 E861.98894
G1 X72.171 Y56.972 E862.01684
G1 X72.799 Y56.972 E862.04403
G1 X72.929 Y57 E862.04979
G0 F1920 X73.429 Y57.106
M204 S2000
M205 X30 Y30
G0 F3600 X73.585 Y56.628
M204 S500
M205 X10 Y10
;TYPE:WALL-OUTER
G1 F1200 X74.257 Y56.927 E862.08164
G1 X74.857 Y57.363 E862.11376
G1 X75.355 Y57.915 E862.14596
G1 X75.726 Y58.558 E862.17811
G1 X75.954 Y59.26 E862.21007
G1 X76.032 Y60 E862.24229
G1 X75.954 Y60.74 E862.27452
G1 X75.726 Y61.442 E862.30648
G1 X75.355 Y62.085 E862.33863
G1 X74.857 Y62.637 E862.37082
G1 X74.257 Y63.073 E862.40294
G1 X73.585 Y63.372 E862.4348
G1 X72.851 Y63.528 E862.46729
G1 X72.119 Y63.528 E862.49899
G1 X71.385 Y63.372 E862.53149
G1 X70.71 Y63.072 E862.56348
G1 X70.114 Y62.639 E862.59538
G1 X69.615 Y62.085 E862.62767
G1 X69.245 Y61.443 E862.65976
G1 X69.015 Y60.738 E862.69187
G1 X68.938 Y60 E862.724
G1 X69.015 Y59.262 E862.75614
G1 X69.245 Y58.557 E862.78825
G1 X69.615 Y57.915 E862.82034
G1 X70.114 Y57.361 E862.85263
G1 X70.71 Y56.928 E862.88453
G1 X71.385 Y56.628 E862.91652
G1 X72.119 Y56.472 E862.94902
G1 X72.851 Y56.472 E862.98072
G1 X73.084 Y56.522 E862.99104
G0 F960 X73.585 Y56.628
M204 S2000
M205 X30 Y30
G0 F3600 X73.813 Y56.729
G0 X73.406 Y57.643
G1 F2700 E855.99104 ; Modi
;MESH:NONMESH
G0 F600 X73.406 Y57.643 Z27.8
G0 F3600 X70.036 Y58.224
G0 X68.793 Y57.51
G0 X52.95 Y58.224
G0 X51.515 Y58.224
G0 X46.135 Y57.922
;TIME_ELAPSED:1052.110873
;LAYER:110
M204 S500
M205 X10 Y10
;TYPE:FILL
;MESH:RetractTower
G1 F2700 E862.99104
G1 F2400 X50.561 Y62.349 E863.26213
G1 X50.773 Y62.561
M204 S2000
M205 X30 Y30
G0 F3600 X50.835 Y60.265
M204 S500
M205 X10 Y10
G1 F2400 X48.369 Y57.799 E863.41316
G1 X48.157 Y57.587
M204 S2000
M205 X30 Y30
G0 F3600 X50.727 Y57.799
M204 S500
M205 X10 Y10
G1 F2400 X50.835 Y57.907 E863.41977
M204 S2000
M205 X30 Y30
G0 F3600 X48.204 Y62.349
M204 S500
M205 X10 Y10
G1 F2400 X46.135 Y60.28 E863.54649
G1 X45.923 Y60.068
M204 S2000
M205 X30 Y30
G0 F3600 X46.074 Y57.6
M204 S500
M205 X10 Y10
;TYPE:WALL-INNER
G1 F2400 X50.69 Y57.6 E863.74638
G1 X50.69 Y57.45 E863.75288
G1 X51.035 Y57.45 E863.76782
G1 X51.035 Y62.55 E863.98868
G1 X45.935 Y62.55 E864.20954
G1 X45.935 Y57.673 E864.42074
G0 F1920 X45.935 Y57.45
G0 X46.074 Y57.45
G0 X46.074 Y57.6
M204 S2000
M205 X30 Y30
G0 F3600 X46.574 Y57.1
M204 S500
M205 X10 Y10
G1 F2400 X50.19 Y57.1 E864.57733
G1 X50.19 Y56.95 E864.58383
G1 X51.535 Y56.95 E864.64208
G1 X51.535 Y63.05 E864.90624
G1 X45.435 Y63.05 E865.17041
G1 X45.435 Y56.95 E865.43457
G1 X46.212 Y56.95 E865.46822
G0 F1920 X46.574 Y56.95
G0 X46.574 Y57.1
M204 S2000
M205 X30 Y30
G0 F3600 X47.074 Y56.6
M204 S500
M205 X10 Y10
;TYPE:WALL-OUTER
G1 F1200 X49.69 Y56.6 E865.58151
G1 X49.69 Y56.45 E865.588
G1 X52.035 Y56.45 E865.68956
G1 X52.035 Y63.55 E865.99703
G1 X44.935 Y63.55 E866.3045
G1 X44.935 Y56.45 E866.61197
G1 X46.712 Y56.45 E866.68892
G0 F960 X47.074 Y56.45
G0 X47.074 Y56.6
M204 S2000
M205 X30 Y30
G0 F3600 X47.324 Y56.6
G0 X47.324 Y57.6
G1 F2700 E859.68892 ; Modi
G0 F3600 X51.515 Y58.737
G0 X52.95 Y58.737
G0 X68.099 Y59.222
G0 X69.526 Y59.37
G0 X70.524 Y58.737
M204 S500
M205 X10 Y10
;TYPE:FILL
G1 F2700 E866.68892
G1 F2400 X73.747 Y61.96 E866.88631
G1 X73.959 Y62.172
M204 S2000
M205 X30 Y30
G0 F3600 X74.738 Y60.593
M204 S500
M205 X10 Y10
G1 F2400 X71.892 Y57.747 E867.06061
G1 X71.68 Y57.535
M204 S2000
M205 X30 Y30
G0 F3600 X70.329 Y60.899
M204 S500
M205 X10 Y10
G1 F2400 X71.572 Y62.142 E867.13674
G1 X71.784 Y62.354
M204 S2000
M205 X30 Y30
G0 F3600 X73.273 Y57.584
M204 S500
M205 X10 Y10
;TYPE:WALL-INNER
G1 F2400 X73.757 Y57.799 E867.15967
G1 X74.183 Y58.109 E867.18249
G1 X74.541 Y58.505 E867.2056
G1 X74.805 Y58.963 E867.2285
G1 X74.972 Y59.475 E867.25182
G1 X75.027 Y60 E867.27468
G1 X74.972 Y60.525 E867.29754
G1 X74.805 Y61.037 E867.32086
G1 X74.541 Y61.495 E867.34375
G1 X74.183 Y61.891 E867.36687
G1 X73.757 Y62.201 E867.38969
G1 X73.273 Y62.416 E867.41262
G1 X72.747 Y62.528 E867.43591
G1 X72.223 Y62.528 E867.45861
G1 X71.697 Y62.416 E867.48189
G1 X71.216 Y62.202 E867.50469
G1 X70.785 Y61.889 E867.52776
G1 X70.427 Y61.492 E867.55091
G1 X70.164 Y61.035 E867.57374
G1 X69.998 Y60.526 E867.59693
G1 X69.943 Y60 E867.61983
G1 X69.998 Y59.474 E867.64274
G1 X70.164 Y58.965 E867.66592
G1 X70.427 Y58.508 E867.68876
G1 X70.785 Y58.111 E867.71191
G1 X71.216 Y57.798 E867.73497
G1 X71.697 Y57.584 E867.75777
G1 X72.223 Y57.472 E867.78106
G1 X72.747 Y57.472 E867.80375
G1 X72.772 Y57.478 E867.80487
G0 F1920 X73.273 Y57.584
M204 S2000
M205 X30 Y30
G0 F3600 X73.429 Y57.106
M204 S500
M205 X10 Y10
G1 F2400 X74.007 Y57.363 E867.83226
G1 X74.52 Y57.736 E867.85973
G1 X74.948 Y58.21 E867.88738
G1 X75.266 Y58.761 E867.91493
G1 X75.463 Y59.367 E867.94253
G1 X75.53 Y60 E867.9701
G1 X75.463 Y60.633 E867.99766
G1 X75.266 Y61.239 E868.02526
G1 X74.948 Y61.79 E868.05281
G1 X74.52 Y62.264 E868.08046
G1 X74.007 Y62.637 E868.10793
G1 X73.429 Y62.894 E868.13532
G1 X72.799 Y63.028 E868.16322
G1 X72.171 Y63.028 E868.19041
G1 X71.541 Y62.894 E868.21831
G1 X70.963 Y62.637 E868.2457
G1 X70.451 Y62.265 E868.27311
G1 X70.02 Y61.787 E868.30098
G1 X69.703 Y61.237 E868.32847
G1 X69.507 Y60.634 E868.35593
G1 X69.44 Y60 E868.38354
G1 X69.507 Y59.366 E868.41115
G1 X69.703 Y58.763 E868.4386
G1 X70.02 Y58.213 E868.4661
G1 X70.451 Y57.735 E868.49397
G1 X70.963 Y57.363 E868.52137
G1 X71.541 Y57.106 E868.54877
G1 X72.171 Y56.972 E868.57666
G1 X72.799 Y56.972 E868.60386
G1 X72.929 Y57 E868.60962
G0 F1920 X73.429 Y57.106
M204 S2000
M205 X30 Y30
G0 F3600 X73.585 Y56.628
M204 S500
M205 X10 Y10
;TYPE:WALL-OUTER
G1 F1200 X74.257 Y56.927 E868.64147
G1 X74.857 Y57.363 E868.67359
G1 X75.355 Y57.915 E868.70578
G1 X75.726 Y58.558 E868.73793
G1 X75.954 Y59.26 E868.76989
G1 X76.032 Y60 E868.80212
G1 X75.954 Y60.74 E868.83434
G1 X75.726 Y61.442 E868.86631
G1 X75.355 Y62.085 E868.89845
G1 X74.857 Y62.637 E868.93065
G1 X74.257 Y63.073 E868.96277
G1 X73.585 Y63.372 E868.99462
G1 X72.851 Y63.528 E869.02712
G1 X72.119 Y63.528 E869.05882
G1 X71.385 Y63.372 E869.09131
G1 X70.71 Y63.072 E869.1233
G1 X70.114 Y62.639 E869.1552
G1 X69.615 Y62.085 E869.18749
G1 X69.245 Y61.443 E869.21958
G1 X69.015 Y60.738 E869.2517
G1 X68.938 Y60 E869.28383
G1 X69.015 Y59.262 E869.31596
G1 X69.245 Y58.557 E869.34808
G1 X69.615 Y57.915 E869.38017
G1 X70.114 Y57.361 E869.41245
G1 X70.71 Y56.928 E869.44436
G1 X71.385 Y56.628 E869.47635
G1 X72.119 Y56.472 E869.50884
G1 X72.851 Y56.472 E869.54054
G1 X73.084 Y56.522 E869.55086
G0 F960 X73.585 Y56.628
M204 S2000
M205 X30 Y30
G0 F3600 X73.813 Y56.729
G0 X73.406 Y57.643
G1 F2700 E862.55086 ; Modi
;MESH:NONMESH
G0 F600 X73.406 Y57.643 Z28.05
G0 F3600 X70.036 Y58.224
G0 X68.793 Y57.51
G0 X52.95 Y58.224
G0 X51.515 Y58.224
G0 X48.054 Y57.798
;TIME_ELAPSED:1060.527518
;LAYER:111
M204 S500
M205 X10 Y10
;TYPE:FILL
;MESH:RetractTower
G1 F2700 E869.55086
G1 F2400 X46.135 Y59.718 E869.66842
G1 X45.923 Y59.93
M204 S2000
M205 X30 Y30
G0 F3600 X46.135 Y62.076
M204 S500
M205 X10 Y10
G1 F2400 X50.412 Y57.798 E869.93039
G1 X50.624 Y57.586
M204 S2000
M205 X30 Y30
G0 F3600 X50.834 Y59.734
M204 S500
M205 X10 Y10
G1 F2400 X48.219 Y62.349 E870.09054
G1 X48.007 Y62.561
M204 S2000
M205 X30 Y30
G0 F3600 X50.577 Y62.349
M204 S500
M205 X10 Y10
G1 F2400 X50.834 Y62.091 E870.10631
M204 S2000
M205 X30 Y30
G0 F3600 X46.247 Y57.6
M204 S500
M205 X10 Y10
;TYPE:WALL-INNER
G1 F2400 X50.69 Y57.6 E870.29872
G1 X50.69 Y57.45 E870.30521
G1 X51.035 Y57.45 E870.32015
G1 X51.035 Y62.55 E870.54101
G1 X45.935 Y62.55 E870.76187
G1 X45.935 Y57.5 E870.98057
G0 F1920 X45.935 Y57.45
G0 X46.247 Y57.45
G0 X46.247 Y57.6
M204 S2000
M205 X30 Y30
G0 F3600 X46.747 Y57.1
M204 S500
M205 X10 Y10
G1 F2400 X50.19 Y57.1 E871.12967
G1 X50.19 Y56.95 E871.13616
G1 X51.535 Y56.95 E871.19441
G1 X51.535 Y63.05 E871.45858
G1 X45.435 Y63.05 E871.72274
G1 X45.435 Y56.95 E871.98691
G1 X46.385 Y56.95 E872.02805
G0 F1920 X46.747 Y56.95
G0 X46.747 Y57.1
M204 S2000
M205 X30 Y30
G0 F3600 X47.247 Y56.6
M204 S500
M205 X10 Y10
;TYPE:WALL-OUTER
G1 F1200 X49.69 Y56.6 E872.13384
G1 X49.69 Y56.45 E872.14034
G1 X52.035 Y56.45 E872.24189
G1 X52.035 Y63.55 E872.54936
G1 X44.935 Y63.55 E872.85683
G1 X44.935 Y56.45 E873.1643
G1 X46.885 Y56.45 E873.24875
G0 F960 X47.247 Y56.45
G0 X47.247 Y56.6
M204 S2000
M205 X30 Y30
G0 F3600 X47.497 Y56.6
G0 X47.497 Y57.6
G1 F2700 E866.24875 ; Modi
G0 F3600 X51.515 Y59.097
G0 X52.95 Y59.097
G0 X68.034 Y59.852
G0 X69.46 Y60
G0 X70.331 Y59.097
M204 S500
M205 X10 Y10
;TYPE:FILL
G1 F2700 E873.24875
G1 F2400 X71.571 Y57.856 E873.32472
G1 X71.783 Y57.644
M204 S2000
M205 X30 Y30
G0 F3600 X73.747 Y58.038
M204 S500
M205 X10 Y10
G1 F2400 X70.524 Y61.261 E873.52211
G1 X70.312 Y61.473
M204 S2000
M205 X30 Y30
G0 F3600 X71.89 Y62.252
M204 S500
M205 X10 Y10
G1 F2400 X74.737 Y59.406 E873.69644
G1 X74.949 Y59.194
M204 S2000
M205 X30 Y30
G0 F3600 X73.273 Y57.584
M204 S500
M205 X10 Y10
;TYPE:WALL-INNER
G1 F2400 X73.757 Y57.799 E873.71937
G1 X74.183 Y58.109 E873.74219
G1 X74.541 Y58.505 E873.76531
G1 X74.805 Y58.963 E873.7882
G1 X74.972 Y59.475 E873.81152
G1 X75.027 Y60 E873.83438
G1 X74.972 Y60.525 E873.85724
G1 X74.805 Y61.037 E873.88056
G1 X74.541 Y61.495 E873.90346
G1 X74.183 Y61.891 E873.92658
G1 X73.757 Y62.201 E873.94939
G1 X73.273 Y62.416 E873.97233
G1 X72.747 Y62.528 E873.99562
G1 X72.223 Y62.528 E874.01831
G1 X71.697 Y62.416 E874.0416
G1 X71.216 Y62.202 E874.0644
G1 X70.785 Y61.889 E874.08746
G1 X70.427 Y61.492 E874.11061
G1 X70.164 Y61.035 E874.13345
G1 X69.998 Y60.526 E874.15663
G1 X69.943 Y60 E874.17954
G1 X69.998 Y59.474 E874.20244
G1 X70.164 Y58.965 E874.22562
G1 X70.427 Y58.508 E874.24846
G1 X70.785 Y58.111 E874.27161
G1 X71.216 Y57.798 E874.29468
G1 X71.697 Y57.584 E874.31747
G1 X72.223 Y57.472 E874.34076
G1 X72.747 Y57.472 E874.36346
G1 X72.772 Y57.478 E874.36457
G0 F1920 X73.273 Y57.584
M204 S2000
M205 X30 Y30
G0 F3600 X73.429 Y57.106
M204 S500
M205 X10 Y10
G1 F2400 X74.007 Y57.363 E874.39196
G1 X74.52 Y57.736 E874.41943
G1 X74.948 Y58.21 E874.44709
G1 X75.266 Y58.761 E874.47464
G1 X75.463 Y59.367 E874.50223
G1 X75.53 Y60 E874.5298
G1 X75.463 Y60.633 E874.55736
G1 X75.266 Y61.239 E874.58496
G1 X74.948 Y61.79 E874.61251
G1 X74.52 Y62.264 E874.64017
G1 X74.007 Y62.637 E874.66763
G1 X73.429 Y62.894 E874.69503
G1 X72.799 Y63.028 E874.72292
G1 X72.171 Y63.028 E874.75012
G1 X71.541 Y62.894 E874.77801
G1 X70.963 Y62.637 E874.8054
G1 X70.451 Y62.265 E874.83281
G1 X70.02 Y61.787 E874.86068
G1 X69.703 Y61.237 E874.88817
G1 X69.507 Y60.634 E874.91563
G1 X69.44 Y60 E874.94324
G1 X69.507 Y59.366 E874.97085
G1 X69.703 Y58.763 E874.99831
G1 X70.02 Y58.213 E875.0258
G1 X70.451 Y57.735 E875.05367
G1 X70.963 Y57.363 E875.08108
G1 X71.541 Y57.106 E875.10847
G1 X72.171 Y56.972 E875.13636
G1 X72.799 Y56.972 E875.16356
G1 X72.929 Y57 E875.16932
G0 F1920 X73.429 Y57.106
M204 S2000
M205 X30 Y30
G0 F3600 X73.585 Y56.628
M204 S500
M205 X10 Y10
;TYPE:WALL-OUTER
G1 F1200 X74.257 Y56.927 E875.20117
G1 X74.857 Y57.363 E875.23329
G1 X75.355 Y57.915 E875.26549
G1 X75.726 Y58.558 E875.29763
G1 X75.954 Y59.26 E875.3296
G1 X76.032 Y60 E875.36182
G1 X75.954 Y60.74 E875.39404
G1 X75.726 Y61.442 E875.42601
G1 X75.355 Y62.085 E875.45816
G1 X74.857 Y62.637 E875.49035
G1 X74.257 Y63.073 E875.52247
G1 X73.585 Y63.372 E875.55432
G1 X72.851 Y63.528 E875.58682
G1 X72.119 Y63.528 E875.61852
G1 X71.385 Y63.372 E875.65102
G1 X70.71 Y63.072 E875.683
G1 X70.114 Y62.639 E875.71491
G1 X69.615 Y62.085 E875.7472
G1 X69.245 Y61.443 E875.77928
G1 X69.015 Y60.738 E875.8114
G1 X68.938 Y60 E875.84353
G1 X69.015 Y59.262 E875.87567
G1 X69.245 Y58.557 E875.90778
G1 X69.615 Y57.915 E875.93987
G1 X70.114 Y57.361 E875.97216
G1 X70.71 Y56.928 E876.00406
G1 X71.385 Y56.628 E876.03605
G1 X72.119 Y56.472 E876.06854
G1 X72.851 Y56.472 E876.10024
G1 X73.084 Y56.522 E876.11056
G0 F960 X73.585 Y56.628
M204 S2000
M205 X30 Y30
G0 F3600 X73.813 Y56.729
G0 X73.406 Y57.643
G1 F2700 E869.11056 ; Modi
;MESH:NONMESH
G0 F600 X73.406 Y57.643 Z28.3
G0 F3600 X70.036 Y58.224
G0 X68.793 Y57.51
G0 X52.95 Y58.224
G0 X51.515 Y58.224
G0 X46.135 Y57.922
;TIME_ELAPSED:1068.934288
;LAYER:112
M204 S500
M205 X10 Y10
;TYPE:FILL
;MESH:RetractTower
G1 F2700 E876.11056
G1 F2400 X50.561 Y62.349 E876.38166
G1 X50.773 Y62.561
M204 S2000
M205 X30 Y30
G0 F3600 X50.835 Y60.265
M204 S500
M205 X10 Y10
G1 F2400 X48.369 Y57.799 E876.53269
G1 X48.157 Y57.587
M204 S2000
M205 X30 Y30
G0 F3600 X50.727 Y57.799
M204 S500
M205 X10 Y10
G1 F2400 X50.835 Y57.907 E876.5393
M204 S2000
M205 X30 Y30
G0 F3600 X48.204 Y62.349
M204 S500
M205 X10 Y10
G1 F2400 X46.135 Y60.28 E876.66601
G1 X45.923 Y60.068
M204 S2000
M205 X30 Y30
G0 F3600 X46.419 Y57.6
M204 S500
M205 X10 Y10
;TYPE:WALL-INNER
G1 F2400 X50.69 Y57.6 E876.85097
G1 X50.69 Y57.45 E876.85747
G1 X51.035 Y57.45 E876.87241
G1 X51.035 Y62.55 E877.09327
G1 X45.935 Y62.55 E877.31413
G1 X45.935 Y57.45 E877.53499
G1 X46.057 Y57.45 E877.54027
G0 F1920 X46.419 Y57.45
G0 X46.419 Y57.6
M204 S2000
M205 X30 Y30
G0 F3600 X46.919 Y57.1
M204 S500
M205 X10 Y10
G1 F2400 X50.19 Y57.1 E877.68192
G1 X50.19 Y56.95 E877.68842
G1 X51.535 Y56.95 E877.74666
G1 X51.535 Y63.05 E878.01083
G1 X45.435 Y63.05 E878.27499
G1 X45.435 Y56.95 E878.53916
G1 X46.557 Y56.95 E878.58775
G0 F1920 X46.919 Y56.95
G0 X46.919 Y57.1
M204 S2000
M205 X30 Y30
G0 F3600 X47.419 Y56.6
M204 S500
M205 X10 Y10
;TYPE:WALL-OUTER
G1 F1200 X49.69 Y56.6 E878.6861
G1 X49.69 Y56.45 E878.69259
G1 X52.035 Y56.45 E878.79414
G1 X52.035 Y63.55 E879.10161
G1 X44.935 Y63.55 E879.40908
G1 X44.935 Y56.45 E879.71656
G1 X47.057 Y56.45 E879.80845
G0 F960 X47.419 Y56.45
G0 X47.419 Y56.6
M204 S2000
M205 X30 Y30
G0 F3600 X47.669 Y56.6
G0 X47.669 Y57.6
G1 F2700 E872.80845 ; Modi
G0 F3600 X51.515 Y58.737
G0 X52.95 Y58.737
G0 X68.099 Y59.222
G0 X69.526 Y59.37
G0 X70.524 Y58.737
M204 S500
M205 X10 Y10
;TYPE:FILL
G1 F2700 E879.80845
G1 F2400 X73.747 Y61.96 E880.00584
G1 X73.959 Y62.172
M204 S2000
M205 X30 Y30
G0 F3600 X74.738 Y60.593
M204 S500
M205 X10 Y10
G1 F2400 X71.892 Y57.747 E880.18014
G1 X71.68 Y57.535
M204 S2000
M205 X30 Y30
G0 F3600 X70.329 Y60.899
M204 S500
M205 X10 Y10
G1 F2400 X71.572 Y62.142 E880.25626
G1 X71.784 Y62.354
M204 S2000
M205 X30 Y30
G0 F3600 X73.273 Y57.584
M204 S500
M205 X10 Y10
;TYPE:WALL-INNER
G1 F2400 X73.757 Y57.799 E880.2792
G1 X74.183 Y58.109 E880.30201
G1 X74.541 Y58.505 E880.32513
G1 X74.805 Y58.963 E880.34803
G1 X74.972 Y59.475 E880.37135
G1 X75.027 Y60 E880.39421
G1 X74.972 Y60.525 E880.41707
G1 X74.805 Y61.037 E880.44039
G1 X74.541 Y61.495 E880.46328
G1 X74.183 Y61.891 E880.4864
G1 X73.757 Y62.201 E880.50922
G1 X73.273 Y62.416 E880.53215
G1 X72.747 Y62.528 E880.55544
G1 X72.223 Y62.528 E880.57813
G1 X71.697 Y62.416 E880.60142
G1 X71.216 Y62.202 E880.62422
G1 X70.785 Y61.889 E880.64729
G1 X70.427 Y61.492 E880.67044
G1 X70.164 Y61.035 E880.69327
G1 X69.998 Y60.526 E880.71646
G1 X69.943 Y60 E880.73936
G1 X69.998 Y59.474 E880.76226
G1 X70.164 Y58.965 E880.78545
G1 X70.427 Y58.508 E880.80828
G1 X70.785 Y58.111 E880.83143
G1 X71.216 Y57.798 E880.8545
G1 X71.697 Y57.584 E880.8773
G1 X72.223 Y57.472 E880.90059
G1 X72.747 Y57.472 E880.92328
G1 X72.772 Y57.478 E880.92439
G0 F1920 X73.273 Y57.584
M204 S2000
M205 X30 Y30
G0 F3600 X73.429 Y57.106
M204 S500
M205 X10 Y10
G1 F2400 X74.007 Y57.363 E880.95179
G1 X74.52 Y57.736 E880.97926
G1 X74.948 Y58.21 E881.00691
G1 X75.266 Y58.761 E881.03446
G1 X75.463 Y59.367 E881.06206
G1 X75.53 Y60 E881.08962
G1 X75.463 Y60.633 E881.11719
G1 X75.266 Y61.239 E881.14478
G1 X74.948 Y61.79 E881.17233
G1 X74.52 Y62.264 E881.19999
G1 X74.007 Y62.637 E881.22746
G1 X73.429 Y62.894 E881.25485
G1 X72.799 Y63.028 E881.28275
G1 X72.171 Y63.028 E881.30994
G1 X71.541 Y62.894 E881.33783
G1 X70.963 Y62.637 E881.36523
G1 X70.451 Y62.265 E881.39263
G1 X70.02 Y61.787 E881.42051
G1 X69.703 Y61.237 E881.448
G1 X69.507 Y60.634 E881.47546
G1 X69.44 Y60 E881.50306
G1 X69.507 Y59.366 E881.53067
G1 X69.703 Y58.763 E881.55813
G1 X70.02 Y58.213 E881.58562
G1 X70.451 Y57.735 E881.6135
G1 X70.963 Y57.363 E881.6409
G1 X71.541 Y57.106 E881.6683
G1 X72.171 Y56.972 E881.69619
G1 X72.799 Y56.972 E881.72338
G1 X72.929 Y57 E881.72914
G0 F1920 X73.429 Y57.106
M204 S2000
M205 X30 Y30
G0 F3600 X73.585 Y56.628
M204 S500
M205 X10 Y10
;TYPE:WALL-OUTER
G1 F1200 X74.257 Y56.927 E881.761
G1 X74.857 Y57.363 E881.79311
G1 X75.355 Y57.915 E881.82531
G1 X75.726 Y58.558 E881.85746
G1 X75.954 Y59.26 E881.88942
G1 X76.032 Y60 E881.92165
G1 X75.954 Y60.74 E881.95387
G1 X75.726 Y61.442 E881.98583
G1 X75.355 Y62.085 E882.01798
G1 X74.857 Y62.637 E882.05018
G1 X74.257 Y63.073 E882.0823
G1 X73.585 Y63.372 E882.11415
G1 X72.851 Y63.528 E882.14665
G1 X72.119 Y63.528 E882.17834
G1 X71.385 Y63.372 E882.21084
G1 X70.71 Y63.072 E882.24283
G1 X70.114 Y62.639 E882.27473
G1 X69.615 Y62.085 E882.30702
G1 X69.245 Y61.443 E882.33911
G1 X69.015 Y60.738 E882.37122
G1 X68.938 Y60 E882.40336
G1 X69.015 Y59.262 E882.43549
G1 X69.245 Y58.557 E882.4676
G1 X69.615 Y57.915 E882.49969
G1 X70.114 Y57.361 E882.53198
G1 X70.71 Y56.928 E882.56389
G1 X71.385 Y56.628 E882.59587
G1 X72.119 Y56.472 E882.62837
G1 X72.851 Y56.472 E882.66007
G1 X73.084 Y56.522 E882.67039
G0 F960 X73.585 Y56.628
M204 S2000
M205 X30 Y30
G0 F3600 X73.813 Y56.729
G0 X73.406 Y57.643
G1 F2700 E875.67039 ; Modi
;MESH:NONMESH
G0 F600 X73.406 Y57.643 Z28.55
G0 F3600 X70.036 Y58.224
G0 X68.793 Y57.51
G0 X52.95 Y58.224
G0 X51.515 Y58.224
G0 X48.054 Y57.798
;TIME_ELAPSED:1077.366876
;LAYER:113
M204 S500
M205 X10 Y10
;TYPE:FILL
;MESH:RetractTower
G1 F2700 E882.67039
G1 F2400 X46.135 Y59.718 E882.78795
G1 X45.923 Y59.93
M204 S2000
M205 X30 Y30
G0 F3600 X46.135 Y62.076
M204 S500
M205 X10 Y10
G1 F2400 X50.412 Y57.798 E883.04992
G1 X50.624 Y57.586
M204 S2000
M205 X30 Y30
G0 F3600 X50.834 Y59.734
M204 S500
M205 X10 Y10
G1 F2400 X48.219 Y62.349 E883.21007
G1 X48.007 Y62.561
M204 S2000
M205 X30 Y30
G0 F3600 X50.577 Y62.349
M204 S500
M205 X10 Y10
G1 F2400 X50.834 Y62.091 E883.22584
M204 S2000
M205 X30 Y30
G0 F3600 X46.592 Y57.6
M204 S500
M205 X10 Y10
;TYPE:WALL-INNER
G1 F2400 X50.69 Y57.6 E883.40331
G1 X50.69 Y57.45 E883.4098
G1 X51.035 Y57.45 E883.42474
G1 X51.035 Y62.55 E883.6456
G1 X45.935 Y62.55 E883.86646
G1 X45.935 Y57.45 E884.08732
G1 X46.23 Y57.45 E884.10009
G0 F1920 X46.592 Y57.45
G0 X46.592 Y57.6
M204 S2000
M205 X30 Y30
G0 F3600 X47.092 Y57.1
M204 S500
M205 X10 Y10
G1 F2400 X50.19 Y57.1 E884.23426
G1 X50.19 Y56.95 E884.24075
G1 X51.535 Y56.95 E884.299
G1 X51.535 Y63.05 E884.56316
G1 X45.435 Y63.05 E884.82733
G1 X45.435 Y56.95 E885.09149
G1 X46.73 Y56.95 E885.14757
G0 F1920 X47.092 Y56.95
G0 X47.092 Y57.1
M204 S2000
M205 X30 Y30
G0 F3600 X47.592 Y56.6
M204 S500
M205 X10 Y10
;TYPE:WALL-OUTER
G1 F1200 X49.69 Y56.6 E885.23843
G1 X49.69 Y56.45 E885.24492
G1 X52.035 Y56.45 E885.34648
G1 X52.035 Y63.55 E885.65395
G1 X44.935 Y63.55 E885.96142
G1 X44.935 Y56.45 E886.26889
G1 X47.23 Y56.45 E886.36828
G0 F960 X47.592 Y56.45
G0 X47.592 Y56.6
M204 S2000
M205 X30 Y30
G0 F3600 X47.842 Y56.6
G0 X47.842 Y57.6
G1 F2700 E879.36828 ; Modi
G0 F3600 X51.515 Y59.097
G0 X52.95 Y59.097
G0 X68.034 Y59.852
G0 X69.46 Y60
G0 X70.331 Y59.097
M204 S500
M205 X10 Y10
;TYPE:FILL
G1 F2700 E886.36828
G1 F2400 X71.571 Y57.856 E886.44425
G1 X71.783 Y57.644
M204 S2000
M205 X30 Y30
G0 F3600 X73.747 Y58.038
M204 S500
M205 X10 Y10
G1 F2400 X70.524 Y61.261 E886.64164
G1 X70.312 Y61.473
M204 S2000
M205 X30 Y30
G0 F3600 X71.89 Y62.252
M204 S500
M205 X10 Y10
G1 F2400 X74.737 Y59.406 E886.81597
G1 X74.949 Y59.194
M204 S2000
M205 X30 Y30
G0 F3600 X73.273 Y57.584
M204 S500
M205 X10 Y10
;TYPE:WALL-INNER
G1 F2400 X73.757 Y57.799 E886.8389
G1 X74.183 Y58.109 E886.86172
G1 X74.541 Y58.505 E886.88483
G1 X74.805 Y58.963 E886.90773
G1 X74.972 Y59.475 E886.93105
G1 X75.027 Y60 E886.95391
G1 X74.972 Y60.525 E886.97677
G1 X74.805 Y61.037 E887.00009
G1 X74.541 Y61.495 E887.02299
G1 X74.183 Y61.891 E887.0461
G1 X73.757 Y62.201 E887.06892
G1 X73.273 Y62.416 E887.09185
G1 X72.747 Y62.528 E887.11514
G1 X72.223 Y62.528 E887.13784
G1 X71.697 Y62.416 E887.16113
G1 X71.216 Y62.202 E887.18392
G1 X70.785 Y61.889 E887.20699
G1 X70.427 Y61.492 E887.23014
G1 X70.164 Y61.035 E887.25298
G1 X69.998 Y60.526 E887.27616
G1 X69.943 Y60 E887.29906
G1 X69.998 Y59.474 E887.32197
G1 X70.164 Y58.965 E887.34515
G1 X70.427 Y58.508 E887.36799
G1 X70.785 Y58.111 E887.39114
G1 X71.216 Y57.798 E887.4142
G1 X71.697 Y57.584 E887.437
G1 X72.223 Y57.472 E887.46029
G1 X72.747 Y57.472 E887.48298
G1 X72.772 Y57.478 E887.4841
G0 F1920 X73.273 Y57.584
M204 S2000
M205 X30 Y30
G0 F3600 X73.429 Y57.106
M204 S500
M205 X10 Y10
G1 F2400 X74.007 Y57.363 E887.51149
G1 X74.52 Y57.736 E887.53896
G1 X74.948 Y58.21 E887.56662
G1 X75.266 Y58.761 E887.59417
G1 X75.463 Y59.367 E887.62176
G1 X75.53 Y60 E887.64933
G1 X75.463 Y60.633 E887.67689
G1 X75.266 Y61.239 E887.70449
G1 X74.948 Y61.79 E887.73204
G1 X74.52 Y62.264 E887.75969
G1 X74.007 Y62.637 E887.78716
G1 X73.429 Y62.894 E887.81455
G1 X72.799 Y63.028 E887.84245
G1 X72.171 Y63.028 E887.86964
G1 X71.541 Y62.894 E887.89754
G1 X70.963 Y62.637 E887.92493
G1 X70.451 Y62.265 E887.95234
G1 X70.02 Y61.787 E887.98021
G1 X69.703 Y61.237 E888.0077
G1 X69.507 Y60.634 E888.03516
G1 X69.44 Y60 E888.06277
G1 X69.507 Y59.366 E888.09038
G1 X69.703 Y58.763 E888.11783
G1 X70.02 Y58.213 E888.14533
G1 X70.451 Y57.735 E888.1732
G1 X70.963 Y57.363 E888.20061
G1 X71.541 Y57.106 E888.228
G1 X72.171 Y56.972 E888.25589
G1 X72.799 Y56.972 E888.28309
G1 X72.929 Y57 E888.28885
G0 F1920 X73.429 Y57.106
M204 S2000
M205 X30 Y30
G0 F3600 X73.585 Y56.628
M204 S500
M205 X10 Y10
;TYPE:WALL-OUTER
G1 F1200 X74.257 Y56.927 E888.3207
G1 X74.857 Y57.363 E888.35282
G1 X75.355 Y57.915 E888.38501
G1 X75.726 Y58.558 E888.41716
G1 X75.954 Y59.26 E888.44913
G1 X76.032 Y60 E888.48135
G1 X75.954 Y60.74 E888.51357
G1 X75.726 Y61.442 E888.54554
G1 X75.355 Y62.085 E888.57768
G1 X74.857 Y62.637 E888.60988
G1 X74.257 Y63.073 E888.642
G1 X73.585 Y63.372 E888.67385
G1 X72.851 Y63.528 E888.70635
G1 X72.119 Y63.528 E888.73805
G1 X71.385 Y63.372 E888.77054
G1 X70.71 Y63.072 E888.80253
G1 X70.114 Y62.639 E888.83444
G1 X69.615 Y62.085 E888.86672
G1 X69.245 Y61.443 E888.89881
G1 X69.015 Y60.738 E888.93093
G1 X68.938 Y60 E888.96306
G1 X69.015 Y59.262 E888.99519
G1 X69.245 Y58.557 E889.02731
G1 X69.615 Y57.915 E889.0594
G1 X70.114 Y57.361 E889.09169
G1 X70.71 Y56.928 E889.12359
G1 X71.385 Y56.628 E889.15558
G1 X72.119 Y56.472 E889.18807
G1 X72.851 Y56.472 E889.21977
G1 X73.084 Y56.522 E889.23009
G0 F960 X73.585 Y56.628
M204 S2000
M205 X30 Y30
G0 F3600 X73.813 Y56.729
G0 X73.406 Y57.643
G1 F2700 E882.23009 ; Modi
;MESH:NONMESH
G0 F600 X73.406 Y57.643 Z28.8
G0 F3600 X70.036 Y58.224
G0 X68.793 Y57.51
G0 X52.95 Y58.224
G0 X51.515 Y58.224
G0 X46.135 Y57.922
;TIME_ELAPSED:1085.779618
;LAYER:114
M204 S500
M205 X10 Y10
;TYPE:FILL
;MESH:RetractTower
G1 F2700 E889.23009
G1 F2400 X50.561 Y62.349 E889.50119
G1 X50.773 Y62.561
M204 S2000
M205 X30 Y30
G0 F3600 X50.835 Y60.265
M204 S500
M205 X10 Y10
G1 F2400 X48.369 Y57.799 E889.65221
G1 X48.157 Y57.587
M204 S2000
M205 X30 Y30
G0 F3600 X50.727 Y57.799
M204 S500
M205 X10 Y10
G1 F2400 X50.835 Y57.907 E889.65883
M204 S2000
M205 X30 Y30
G0 F3600 X48.204 Y62.349
M204 S500
M205 X10 Y10
G1 F2400 X46.135 Y60.28 E889.78554
G1 X45.923 Y60.068
M204 S2000
M205 X30 Y30
G0 F3600 X46.764 Y57.6
M204 S500
M205 X10 Y10
;TYPE:WALL-INNER
G1 F2400 X50.69 Y57.6 E889.95556
G1 X50.69 Y57.45 E889.96206
G1 X51.035 Y57.45 E889.977
G1 X51.035 Y62.55 E890.19785
G1 X45.935 Y62.55 E890.41871
G1 X45.935 Y57.45 E890.63957
G1 X46.402 Y57.45 E890.6598
G0 F1920 X46.764 Y57.45
G0 X46.764 Y57.6
M204 S2000
M205 X30 Y30
G0 F3600 X47.264 Y57.1
M204 S500
M205 X10 Y10
G1 F2400 X50.19 Y57.1 E890.78651
G1 X50.19 Y56.95 E890.79301
G1 X51.535 Y56.95 E890.85125
G1 X51.535 Y63.05 E891.11542
G1 X45.435 Y63.05 E891.37958
G1 X45.435 Y56.95 E891.64375
G1 X46.902 Y56.95 E891.70728
G0 F1920 X47.264 Y56.95
G0 X47.264 Y57.1
M204 S2000
M205 X30 Y30
G0 F3600 X47.764 Y56.6
M204 S500
M205 X10 Y10
;TYPE:WALL-OUTER
G1 F1200 X49.69 Y56.6 E891.79068
G1 X49.69 Y56.45 E891.79718
G1 X52.035 Y56.45 E891.89873
G1 X52.035 Y63.55 E892.2062
G1 X44.935 Y63.55 E892.51367
G1 X44.935 Y56.45 E892.82114
G1 X47.402 Y56.45 E892.92798
G0 F960 X47.764 Y56.45
G0 X47.764 Y56.6
M204 S2000
M205 X30 Y30
G0 F3600 X48.014 Y56.6
G0 X48.014 Y57.6
G1 F2700 E885.92798 ; Modi
G0 F3600 X51.515 Y58.737
G0 X52.95 Y58.737
G0 X68.099 Y59.222
G0 X69.526 Y59.37
G0 X70.524 Y58.737
M204 S500
M205 X10 Y10
;TYPE:FILL
G1 F2700 E892.92798
G1 F2400 X73.747 Y61.96 E893.12537
G1 X73.959 Y62.172
M204 S2000
M205 X30 Y30
G0 F3600 X74.738 Y60.593
M204 S500
M205 X10 Y10
G1 F2400 X71.892 Y57.747 E893.29967
G1 X71.68 Y57.535
M204 S2000
M205 X30 Y30
G0 F3600 X70.329 Y60.899
M204 S500
M205 X10 Y10
G1 F2400 X71.572 Y62.142 E893.37579
G1 X71.784 Y62.354
M204 S2000
M205 X30 Y30
G0 F3600 X73.273 Y57.584
M204 S500
M205 X10 Y10
;TYPE:WALL-INNER
G1 F2400 X73.757 Y57.799 E893.39873
G1 X74.183 Y58.109 E893.42154
G1 X74.541 Y58.505 E893.44466
G1 X74.805 Y58.963 E893.46755
G1 X74.972 Y59.475 E893.49088
G1 X75.027 Y60 E893.51374
G1 X74.972 Y60.525 E893.5366
G1 X74.805 Y61.037 E893.55992
G1 X74.541 Y61.495 E893.58281
G1 X74.183 Y61.891 E893.60593
G1 X73.757 Y62.201 E893.62874
G1 X73.273 Y62.416 E893.65168
G1 X72.747 Y62.528 E893.67497
G1 X72.223 Y62.528 E893.69766
G1 X71.697 Y62.416 E893.72095
G1 X71.216 Y62.202 E893.74375
G1 X70.785 Y61.889 E893.76682
G1 X70.427 Y61.492 E893.78997
G1 X70.164 Y61.035 E893.8128
G1 X69.998 Y60.526 E893.83599
G1 X69.943 Y60 E893.85889
G1 X69.998 Y59.474 E893.88179
G1 X70.164 Y58.965 E893.90498
G1 X70.427 Y58.508 E893.92781
G1 X70.785 Y58.111 E893.95096
G1 X71.216 Y57.798 E893.97403
G1 X71.697 Y57.584 E893.99683
G1 X72.223 Y57.472 E894.02012
G1 X72.747 Y57.472 E894.04281
G1 X72.772 Y57.478 E894.04392
G0 F1920 X73.273 Y57.584
M204 S2000
M205 X30 Y30
G0 F3600 X73.429 Y57.106
M204 S500
M205 X10 Y10
G1 F2400 X74.007 Y57.363 E894.07132
G1 X74.52 Y57.736 E894.09878
G1 X74.948 Y58.21 E894.12644
G1 X75.266 Y58.761 E894.15399
G1 X75.463 Y59.367 E894.18159
G1 X75.53 Y60 E894.20915
G1 X75.463 Y60.633 E894.23672
G1 X75.266 Y61.239 E894.26431
G1 X74.948 Y61.79 E894.29186
G1 X74.52 Y62.264 E894.31952
G1 X74.007 Y62.637 E894.34699
G1 X73.429 Y62.894 E894.37438
G1 X72.799 Y63.028 E894.40227
G1 X72.171 Y63.028 E894.42947
G1 X71.541 Y62.894 E894.45736
G1 X70.963 Y62.637 E894.48476
G1 X70.451 Y62.265 E894.51216
G1 X70.02 Y61.787 E894.54003
G1 X69.703 Y61.237 E894.56753
G1 X69.507 Y60.634 E894.59498
G1 X69.44 Y60 E894.62259
G1 X69.507 Y59.366 E894.6502
G1 X69.703 Y58.763 E894.67766
G1 X70.02 Y58.213 E894.70515
G1 X70.451 Y57.735 E894.73302
G1 X70.963 Y57.363 E894.76043
G1 X71.541 Y57.106 E894.78782
G1 X72.171 Y56.972 E894.81572
G1 X72.799 Y56.972 E894.84291
G1 X72.929 Y57 E894.84867
G0 F1920 X73.429 Y57.106
M204 S2000
M205 X30 Y30
G0 F3600 X73.585 Y56.628
M204 S500
M205 X10 Y10
;TYPE:WALL-OUTER
G1 F1200 X74.257 Y56.927 E894.88052
G1 X74.857 Y57.363 E894.91264
G1 X75.355 Y57.915 E894.94484
G1 X75.726 Y58.558 E894.97699
G1 X75.954 Y59.26 E895.00895
G1 X76.032 Y60 E895.04117
G1 X75.954 Y60.74 E895.0734
G1 X75.726 Y61.442 E895.10536
G1 X75.355 Y62.085 E895.13751
G1 X74.857 Y62.637 E895.16971
G1 X74.257 Y63.073 E895.20182
G1 X73.585 Y63.372 E895.23368
G1 X72.851 Y63.528 E895.26617
G1 X72.119 Y63.528 E895.29787
G1 X71.385 Y63.372 E895.33037
G1 X70.71 Y63.072 E895.36236
G1 X70.114 Y62.639 E895.39426
G1 X69.615 Y62.085 E895.42655
G1 X69.245 Y61.443 E895.45864
G1 X69.015 Y60.738 E895.49075
G1 X68.938 Y60 E895.52289
G1 X69.015 Y59.262 E895.55502
G1 X69.245 Y58.557 E895.58713
G1 X69.615 Y57.915 E895.61922
G1 X70.114 Y57.361 E895.65151
G1 X70.71 Y56.928 E895.68341
G1 X71.385 Y56.628 E895.7154
G1 X72.119 Y56.472 E895.7479
G1 X72.851 Y56.472 E895.7796
G1 X73.084 Y56.522 E895.78992
G0 F960 X73.585 Y56.628
M204 S2000
M205 X30 Y30
G0 F3600 X73.813 Y56.729
G0 X73.406 Y57.643
G1 F2700 E888.78992 ; Modi
;MESH:NONMESH
G0 F600 X73.406 Y57.643 Z29.05
G0 F3600 X70.036 Y58.224
G0 X68.793 Y57.51
G0 X52.95 Y58.224
G0 X51.515 Y58.224
G0 X48.054 Y57.798
;TIME_ELAPSED:1094.221087
;LAYER:115
M204 S500
M205 X10 Y10
;TYPE:FILL
;MESH:RetractTower
G1 F2700 E895.78992
G1 F2400 X46.135 Y59.718 E895.90747
G1 X45.923 Y59.93
M204 S2000
M205 X30 Y30
G0 F3600 X46.135 Y62.076
M204 S500
M205 X10 Y10
G1 F2400 X50.412 Y57.798 E896.16944
G1 X50.624 Y57.586
M204 S2000
M205 X30 Y30
G0 F3600 X50.834 Y59.734
M204 S500
M205 X10 Y10
G1 F2400 X48.219 Y62.349 E896.3296
G1 X48.007 Y62.561
M204 S2000
M205 X30 Y30
G0 F3600 X50.577 Y62.349
M204 S500
M205 X10 Y10
G1 F2400 X50.834 Y62.091 E896.34537
M204 S2000
M205 X30 Y30
G0 F3600 X46.937 Y57.6
M204 S500
M205 X10 Y10
;TYPE:WALL-INNER
G1 F2400 X50.69 Y57.6 E896.50789
G1 X50.69 Y57.45 E896.51439
G1 X51.035 Y57.45 E896.52933
G1 X51.035 Y62.55 E896.75019
G1 X45.935 Y62.55 E896.97105
G1 X45.935 Y57.45 E897.19191
G1 X46.575 Y57.45 E897.21962
G0 F1920 X46.937 Y57.45
G0 X46.937 Y57.6
M204 S2000
M205 X30 Y30
G0 F3600 X47.437 Y57.1
M204 S500
M205 X10 Y10
G1 F2400 X50.19 Y57.1 E897.33884
G1 X50.19 Y56.95 E897.34534
G1 X51.535 Y56.95 E897.40358
G1 X51.535 Y63.05 E897.66775
G1 X45.435 Y63.05 E897.93191
G1 X45.435 Y56.95 E898.19608
G1 X47.075 Y56.95 E898.2671
G0 F1920 X47.437 Y56.95
G0 X47.437 Y57.1
M204 S2000
M205 X30 Y30
G0 F3600 X47.937 Y56.6
M204 S500
M205 X10 Y10
;TYPE:WALL-OUTER
G1 F1200 X49.69 Y56.6 E898.34302
G1 X49.69 Y56.45 E898.34951
G1 X52.035 Y56.45 E898.45106
G1 X52.035 Y63.55 E898.75853
G1 X44.935 Y63.55 E899.06601
G1 X44.935 Y56.45 E899.37348
G1 X47.575 Y56.45 E899.4878
G0 F960 X47.937 Y56.45
G0 X47.937 Y56.6
M204 S2000
M205 X30 Y30
G0 F3600 X48.187 Y56.6
G0 X48.187 Y57.6
G1 F2700 E892.48780 ; Modi
G0 F3600 X51.515 Y59.097
G0 X52.95 Y59.097
G0 X68.034 Y59.852
G0 X69.46 Y60
G0 X70.331 Y59.097
M204 S500
M205 X10 Y10
;TYPE:FILL
G1 F2700 E899.4878
G1 F2400 X71.571 Y57.856 E899.56378
G1 X71.783 Y57.644
M204 S2000
M205 X30 Y30
G0 F3600 X73.747 Y58.038
M204 S500
M205 X10 Y10
G1 F2400 X70.524 Y61.261 E899.76116
G1 X70.312 Y61.473
M204 S2000
M205 X30 Y30
G0 F3600 X71.89 Y62.252
M204 S500
M205 X10 Y10
G1 F2400 X74.737 Y59.406 E899.93549
G1 X74.949 Y59.194
M204 S2000
M205 X30 Y30
G0 F3600 X73.273 Y57.584
M204 S500
M205 X10 Y10
;TYPE:WALL-INNER
G1 F2400 X73.757 Y57.799 E899.95843
G1 X74.183 Y58.109 E899.98124
G1 X74.541 Y58.505 E900.00436
G1 X74.805 Y58.963 E900.02726
G1 X74.972 Y59.475 E900.05058
G1 X75.027 Y60 E900.07344
G1 X74.972 Y60.525 E900.0963
G1 X74.805 Y61.037 E900.11962
G1 X74.541 Y61.495 E900.14251
G1 X74.183 Y61.891 E900.16563
G1 X73.757 Y62.201 E900.18845
G1 X73.273 Y62.416 E900.21138
G1 X72.747 Y62.528 E900.23467
G1 X72.223 Y62.528 E900.25736
G1 X71.697 Y62.416 E900.28065
G1 X71.216 Y62.202 E900.30345
G1 X70.785 Y61.889 E900.32652
G1 X70.427 Y61.492 E900.34967
G1 X70.164 Y61.035 E900.3725
G1 X69.998 Y60.526 E900.39569
G1 X69.943 Y60 E900.41859
G1 X69.998 Y59.474 E900.44149
G1 X70.164 Y58.965 E900.46468
G1 X70.427 Y58.508 E900.48751
G1 X70.785 Y58.111 E900.51066
G1 X71.216 Y57.798 E900.53373
G1 X71.697 Y57.584 E900.55653
G1 X72.223 Y57.472 E900.57982
G1 X72.747 Y57.472 E900.60251
G1 X72.772 Y57.478 E900.60363
G0 F1920 X73.273 Y57.584
M204 S2000
M205 X30 Y30
G0 F3600 X73.429 Y57.106
M204 S500
M205 X10 Y10
G1 F2400 X74.007 Y57.363 E900.63102
G1 X74.52 Y57.736 E900.65849
G1 X74.948 Y58.21 E900.68614
G1 X75.266 Y58.761 E900.71369
G1 X75.463 Y59.367 E900.74129
G1 X75.53 Y60 E900.76885
G1 X75.463 Y60.633 E900.79642
G1 X75.266 Y61.239 E900.82401
G1 X74.948 Y61.79 E900.85157
G1 X74.52 Y62.264 E900.87922
G1 X74.007 Y62.637 E900.90669
G1 X73.429 Y62.894 E900.93408
G1 X72.799 Y63.028 E900.96198
G1 X72.171 Y63.028 E900.98917
G1 X71.541 Y62.894 E901.01706
G1 X70.963 Y62.637 E901.04446
G1 X70.451 Y62.265 E901.07187
G1 X70.02 Y61.787 E901.09974
G1 X69.703 Y61.237 E901.12723
G1 X69.507 Y60.634 E901.15469
G1 X69.44 Y60 E901.1823
G1 X69.507 Y59.366 E901.2099
G1 X69.703 Y58.763 E901.23736
G1 X70.02 Y58.213 E901.26485
G1 X70.451 Y57.735 E901.29273
G1 X70.963 Y57.363 E901.32013
G1 X71.541 Y57.106 E901.34753
G1 X72.171 Y56.972 E901.37542
G1 X72.799 Y56.972 E901.40262
G1 X72.929 Y57 E901.40837
G0 F1920 X73.429 Y57.106
M204 S2000
M205 X30 Y30
G0 F3600 X73.585 Y56.628
M204 S500
M205 X10 Y10
;TYPE:WALL-OUTER
G1 F1200 X74.257 Y56.927 E901.44023
G1 X74.857 Y57.363 E901.47235
G1 X75.355 Y57.915 E901.50454
G1 X75.726 Y58.558 E901.53669
G1 X75.954 Y59.26 E901.56865
G1 X76.032 Y60 E901.60088
G1 X75.954 Y60.74 E901.6331
G1 X75.726 Y61.442 E901.66506
G1 X75.355 Y62.085 E901.69721
G1 X74.857 Y62.637 E901.72941
G1 X74.257 Y63.073 E901.76153
G1 X73.585 Y63.372 E901.79338
G1 X72.851 Y63.528 E901.82588
G1 X72.119 Y63.528 E901.85758
G1 X71.385 Y63.372 E901.89007
G1 X70.71 Y63.072 E901.92206
G1 X70.114 Y62.639 E901.95396
G1 X69.615 Y62.085 E901.98625
G1 X69.245 Y61.443 E902.01834
G1 X69.015 Y60.738 E902.05045
G1 X68.938 Y60 E902.08259
G1 X69.015 Y59.262 E902.11472
G1 X69.245 Y58.557 E902.14684
G1 X69.615 Y57.915 E902.17892
G1 X70.114 Y57.361 E902.21121
G1 X70.71 Y56.928 E902.24312
G1 X71.385 Y56.628 E902.2751
G1 X72.119 Y56.472 E902.3076
G1 X72.851 Y56.472 E902.3393
G1 X73.084 Y56.522 E902.34962
G0 F960 X73.585 Y56.628
M204 S2000
M205 X30 Y30
G0 F3600 X73.813 Y56.729
G0 X73.406 Y57.643
G1 F2700 E895.34962 ; Modi
;MESH:NONMESH
G0 F600 X73.406 Y57.643 Z29.3
G0 F3600 X70.036 Y58.224
G0 X68.793 Y57.51
G0 X52.95 Y58.224
G0 X51.515 Y58.224
G0 X46.135 Y57.922
;TIME_ELAPSED:1102.634342
;LAYER:116
M204 S500
M205 X10 Y10
;TYPE:FILL
;MESH:RetractTower
G1 F2700 E902.34962
G1 F2400 X50.561 Y62.349 E902.62071
G1 X50.773 Y62.561
M204 S2000
M205 X30 Y30
G0 F3600 X50.835 Y60.265
M204 S500
M205 X10 Y10
G1 F2400 X48.369 Y57.799 E902.77174
G1 X48.157 Y57.587
M204 S2000
M205 X30 Y30
G0 F3600 X50.727 Y57.799
M204 S500
M205 X10 Y10
G1 F2400 X50.835 Y57.907 E902.77836
M204 S2000
M205 X30 Y30
G0 F3600 X48.204 Y62.349
M204 S500
M205 X10 Y10
G1 F2400 X46.135 Y60.28 E902.90507
G1 X45.923 Y60.068
M204 S2000
M205 X30 Y30
G0 F3600 X47.11 Y57.6
M204 S500
M205 X10 Y10
;TYPE:WALL-INNER
G1 F2400 X50.69 Y57.6 E903.0601
G1 X50.69 Y57.45 E903.0666
G1 X51.035 Y57.45 E903.08154
G1 X51.035 Y62.55 E903.3024
G1 X45.935 Y62.55 E903.52326
G1 X45.935 Y57.45 E903.74412
G1 X46.748 Y57.45 E903.77932
G0 F1920 X47.11 Y57.45
G0 X47.11 Y57.6
M204 S2000
M205 X30 Y30
G0 F3600 X47.61 Y57.1
M204 S500
M205 X10 Y10
G1 F2400 X50.19 Y57.1 E903.89105
G1 X50.19 Y56.95 E903.89755
G1 X51.535 Y56.95 E903.9558
G1 X51.535 Y63.05 E904.21996
G1 X45.435 Y63.05 E904.48413
G1 X45.435 Y56.95 E904.74829
G1 X47.248 Y56.95 E904.8268
G0 F1920 X47.61 Y56.95
G0 X47.61 Y57.1
M204 S2000
M205 X30 Y30
G0 F3600 X48.11 Y56.6
M204 S500
M205 X10 Y10
;TYPE:WALL-OUTER
G1 F1200 X49.69 Y56.6 E904.89523
G1 X49.69 Y56.45 E904.90172
G1 X52.035 Y56.45 E905.00327
G1 X52.035 Y63.55 E905.31075
G1 X44.935 Y63.55 E905.61822
G1 X44.935 Y56.45 E905.92569
G1 X47.748 Y56.45 E906.04751
G0 F960 X48.11 Y56.45
G0 X48.11 Y56.6
M204 S2000
M205 X30 Y30
G0 F3600 X48.36 Y56.6
G0 X48.36 Y57.6
G1 F2700 E899.04751 ; Modi
G0 F3600 X51.515 Y58.737
G0 X52.95 Y58.737
G0 X68.099 Y59.222
G0 X69.526 Y59.37
G0 X70.524 Y58.737
M204 S500
M205 X10 Y10
;TYPE:FILL
G1 F2700 E906.04751
G1 F2400 X73.747 Y61.96 E906.24489
G1 X73.959 Y62.172
M204 S2000
M205 X30 Y30
G0 F3600 X74.738 Y60.593
M204 S500
M205 X10 Y10
G1 F2400 X71.892 Y57.747 E906.41919
G1 X71.68 Y57.535
M204 S2000
M205 X30 Y30
G0 F3600 X70.329 Y60.899
M204 S500
M205 X10 Y10
G1 F2400 X71.572 Y62.142 E906.49532
G1 X71.784 Y62.354
M204 S2000
M205 X30 Y30
G0 F3600 X73.273 Y57.584
M204 S500
M205 X10 Y10
;TYPE:WALL-INNER
G1 F2400 X73.757 Y57.799 E906.51825
G1 X74.183 Y58.109 E906.54107
G1 X74.541 Y58.505 E906.56419
G1 X74.805 Y58.963 E906.58708
G1 X74.972 Y59.475 E906.6104
G1 X75.027 Y60 E906.63326
G1 X74.972 Y60.525 E906.65612
G1 X74.805 Y61.037 E906.67945
G1 X74.541 Y61.495 E906.70234
G1 X74.183 Y61.891 E906.72546
G1 X73.757 Y62.201 E906.74827
G1 X73.273 Y62.416 E906.77121
G1 X72.747 Y62.528 E906.7945
G1 X72.223 Y62.528 E906.81719
G1 X71.697 Y62.416 E906.84048
G1 X71.216 Y62.202 E906.86328
G1 X70.785 Y61.889 E906.88634
G1 X70.427 Y61.492 E906.90949
G1 X70.164 Y61.035 E906.93233
G1 X69.998 Y60.526 E906.95551
G1 X69.943 Y60 E906.97842
G1 X69.998 Y59.474 E907.00132
G1 X70.164 Y58.965 E907.02451
G1 X70.427 Y58.508 E907.04734
G1 X70.785 Y58.111 E907.07049
G1 X71.216 Y57.798 E907.09356
G1 X71.697 Y57.584 E907.11636
G1 X72.223 Y57.472 E907.13964
G1 X72.747 Y57.472 E907.16234
G1 X72.772 Y57.478 E907.16345
G0 F1920 X73.273 Y57.584
M204 S2000
M205 X30 Y30
G0 F3600 X73.429 Y57.106
M204 S500
M205 X10 Y10
G1 F2400 X74.007 Y57.363 E907.19084
G1 X74.52 Y57.736 E907.21831
G1 X74.948 Y58.21 E907.24597
G1 X75.266 Y58.761 E907.27352
G1 X75.463 Y59.367 E907.30111
G1 X75.53 Y60 E907.32868
G1 X75.463 Y60.633 E907.35624
G1 X75.266 Y61.239 E907.38384
G1 X74.948 Y61.79 E907.41139
G1 X74.52 Y62.264 E907.43905
G1 X74.007 Y62.637 E907.46651
G1 X73.429 Y62.894 E907.49391
G1 X72.799 Y63.028 E907.5218
G1 X72.171 Y63.028 E907.549
G1 X71.541 Y62.894 E907.57689
G1 X70.963 Y62.637 E907.60428
G1 X70.451 Y62.265 E907.63169
G1 X70.02 Y61.787 E907.65956
G1 X69.703 Y61.237 E907.68705
G1 X69.507 Y60.634 E907.71451
G1 X69.44 Y60 E907.74212
G1 X69.507 Y59.366 E907.76973
G1 X69.703 Y58.763 E907.79719
G1 X70.02 Y58.213 E907.82468
G1 X70.451 Y57.735 E907.85255
G1 X70.963 Y57.363 E907.87996
G1 X71.541 Y57.106 E907.90735
G1 X72.171 Y56.972 E907.93524
G1 X72.799 Y56.972 E907.96244
G1 X72.929 Y57 E907.9682
G0 F1920 X73.429 Y57.106
M204 S2000
M205 X30 Y30
G0 F3600 X73.585 Y56.628
M204 S500
M205 X10 Y10
;TYPE:WALL-OUTER
G1 F1200 X74.257 Y56.927 E908.00005
G1 X74.857 Y57.363 E908.03217
G1 X75.355 Y57.915 E908.06437
G1 X75.726 Y58.558 E908.09651
G1 X75.954 Y59.26 E908.12848
G1 X76.032 Y60 E908.1607
G1 X75.954 Y60.74 E908.19293
G1 X75.726 Y61.442 E908.22489
G1 X75.355 Y62.085 E908.25704
G1 X74.857 Y62.637 E908.28923
G1 X74.257 Y63.073 E908.32135
G1 X73.585 Y63.372 E908.3532
G1 X72.851 Y63.528 E908.3857
G1 X72.119 Y63.528 E908.4174
G1 X71.385 Y63.372 E908.4499
G1 X70.71 Y63.072 E908.48189
G1 X70.114 Y62.639 E908.51379
G1 X69.615 Y62.085 E908.54608
G1 X69.245 Y61.443 E908.57817
G1 X69.015 Y60.738 E908.61028
G1 X68.938 Y60 E908.64241
G1 X69.015 Y59.262 E908.67455
G1 X69.245 Y58.557 E908.70666
G1 X69.615 Y57.915 E908.73875
G1 X70.114 Y57.361 E908.77104
G1 X70.71 Y56.928 E908.80294
G1 X71.385 Y56.628 E908.83493
G1 X72.119 Y56.472 E908.86743
G1 X72.851 Y56.472 E908.89913
G1 X73.084 Y56.522 E908.90945
G0 F960 X73.585 Y56.628
M204 S2000
M205 X30 Y30
G0 F3600 X73.813 Y56.729
G0 X73.406 Y57.643
G1 F2700 E901.90945 ; Modi
;MESH:NONMESH
G0 F600 X73.406 Y57.643 Z29.55
G0 F3600 X70.036 Y58.224
G0 X68.793 Y57.51
G0 X52.95 Y58.224
G0 X51.515 Y58.224
G0 X48.204 Y57.649
;TIME_ELAPSED:1111.078695
;LAYER:117
M204 S500
M205 X10 Y10
;TYPE:FILL
;MESH:RetractTower
G1 F2700 E908.90945
G1 F2400 X46.135 Y59.718 E909.03616
G1 X45.923 Y59.93
M204 S2000
M205 X30 Y30
G0 F3600 X46.135 Y62.076
M204 S500
M205 X10 Y10
G1 F2400 X50.562 Y57.649 E909.30728
G1 X50.774 Y57.437
M204 S2000
M205 X30 Y30
G0 F3600 X50.834 Y59.734
M204 S500
M205 X10 Y10
G1 F2400 X48.219 Y62.349 E909.46744
G1 X48.007 Y62.561
M204 S2000
M205 X30 Y30
G0 F3600 X50.577 Y62.349
M204 S500
M205 X10 Y10
G1 F2400 X50.834 Y62.091 E909.48321
M204 S2000
M205 X30 Y30
G0 F3600 X51.035 Y62.55
M204 S500
M205 X10 Y10
;TYPE:WALL-INNER
G1 F2400 X45.935 Y62.55 E909.70406
G1 X45.935 Y57.45 E909.92492
G1 X51.035 Y57.45 E910.14578
G1 X51.035 Y62.038 E910.34447
G0 F1920 X51.035 Y62.55
M204 S2000
M205 X30 Y30
G0 F3600 X51.535 Y63.05
M204 S500
M205 X10 Y10
G1 F2400 X45.435 Y63.05 E910.60864
G1 X45.435 Y56.95 E910.8728
G1 X51.535 Y56.95 E911.13697
G1 X51.535 Y62.538 E911.37896
G0 F1920 X51.535 Y63.05
M204 S2000
M205 X30 Y30
G0 F3600 X52.035 Y63.55
M204 S500
M205 X10 Y10
;TYPE:WALL-OUTER
G1 F1200 X44.935 Y63.55 E911.68643
G1 X44.935 Y56.45 E911.9939
G1 X52.035 Y56.45 E912.30137
G1 X52.035 Y63.038 E912.58667
G0 F960 X52.035 Y63.55
M204 S2000
M205 X30 Y30
G0 F3600 X51.785 Y63.55
G0 X51.035 Y62.697
G1 F2700 E905.58667 ; Modi
G0 F3600 X51.515 Y61.261
G0 X52.95 Y61.261
G0 X68.1 Y60.779
G0 X69.526 Y60.63
G0 X70.524 Y61.261
M204 S500
M205 X10 Y10
;TYPE:FILL
G1 F2700 E912.58667
G1 F2400 X73.747 Y58.038 E912.78406
G1 X73.959 Y57.826
M204 S2000
M205 X30 Y30
G0 F3600 X74.737 Y59.406
M204 S500
M205 X10 Y10
G1 F2400 X71.89 Y62.252 E912.95839
G1 X71.678 Y62.464
M204 S2000
M205 X30 Y30
G0 F3600 X70.331 Y59.097
M204 S500
M205 X10 Y10
G1 F2400 X71.571 Y57.856 E913.03436
G1 X71.783 Y57.644
M204 S2000
M205 X30 Y30
G0 F3600 X73.273 Y57.584
M204 S500
M205 X10 Y10
;TYPE:WALL-INNER
G1 F2400 X73.757 Y57.799 E913.05729
G1 X74.183 Y58.109 E913.08011
G1 X74.541 Y58.505 E913.10323
G1 X74.805 Y58.963 E913.12612
G1 X74.972 Y59.475 E913.14944
G1 X75.027 Y60 E913.1723
G1 X74.972 Y60.525 E913.19516
G1 X74.805 Y61.037 E913.21848
G1 X74.541 Y61.495 E913.24138
G1 X74.183 Y61.891 E913.2645
G1 X73.757 Y62.201 E913.28731
G1 X73.273 Y62.416 E913.31025
G1 X72.747 Y62.528 E913.33354
G1 X72.223 Y62.528 E913.35623
G1 X71.697 Y62.416 E913.37952
G1 X71.216 Y62.202 E913.40232
G1 X70.785 Y61.889 E913.42538
G1 X70.427 Y61.492 E913.44853
G1 X70.164 Y61.035 E913.47137
G1 X69.998 Y60.526 E913.49455
G1 X69.943 Y60 E913.51746
G1 X69.998 Y59.474 E913.54036
G1 X70.164 Y58.965 E913.56354
G1 X70.427 Y58.508 E913.58638
G1 X70.785 Y58.111 E913.60953
G1 X71.216 Y57.798 E913.6326
G1 X71.697 Y57.584 E913.65539
G1 X72.223 Y57.472 E913.67868
G1 X72.747 Y57.472 E913.70138
G1 X72.772 Y57.478 E913.70249
G0 F1920 X73.273 Y57.584
M204 S2000
M205 X30 Y30
G0 F3600 X73.429 Y57.106
M204 S500
M205 X10 Y10
G1 F2400 X74.007 Y57.363 E913.72988
G1 X74.52 Y57.736 E913.75735
G1 X74.948 Y58.21 E913.78501
G1 X75.266 Y58.761 E913.81256
G1 X75.463 Y59.367 E913.84015
G1 X75.53 Y60 E913.86772
G1 X75.463 Y60.633 E913.89528
G1 X75.266 Y61.239 E913.92288
G1 X74.948 Y61.79 E913.95043
G1 X74.52 Y62.264 E913.97809
G1 X74.007 Y62.637 E914.00555
G1 X73.429 Y62.894 E914.03295
G1 X72.799 Y63.028 E914.06084
G1 X72.171 Y63.028 E914.08804
G1 X71.541 Y62.894 E914.11593
G1 X70.963 Y62.637 E914.14332
G1 X70.451 Y62.265 E914.17073
G1 X70.02 Y61.787 E914.1986
G1 X69.703 Y61.237 E914.22609
G1 X69.507 Y60.634 E914.25355
G1 X69.44 Y60 E914.28116
G1 X69.507 Y59.366 E914.30877
G1 X69.703 Y58.763 E914.33623
G1 X70.02 Y58.213 E914.36372
G1 X70.451 Y57.735 E914.39159
G1 X70.963 Y57.363 E914.419
G1 X71.541 Y57.106 E914.44639
G1 X72.171 Y56.972 E914.47428
G1 X72.799 Y56.972 E914.50148
G1 X72.929 Y57 E914.50724
G0 F1920 X73.429 Y57.106
M204 S2000
M205 X30 Y30
G0 F3600 X73.585 Y56.628
M204 S500
M205 X10 Y10
;TYPE:WALL-OUTER
G1 F1200 X74.257 Y56.927 E914.53909
G1 X74.857 Y57.363 E914.57121
G1 X75.355 Y57.915 E914.60341
G1 X75.726 Y58.558 E914.63555
G1 X75.954 Y59.26 E914.66752
G1 X76.032 Y60 E914.69974
G1 X75.954 Y60.74 E914.73197
G1 X75.726 Y61.442 E914.76393
G1 X75.355 Y62.085 E914.79608
G1 X74.857 Y62.637 E914.82827
G1 X74.257 Y63.073 E914.86039
G1 X73.585 Y63.372 E914.89224
G1 X72.851 Y63.528 E914.92474
G1 X72.119 Y63.528 E914.95644
G1 X71.385 Y63.372 E914.98894
G1 X70.71 Y63.072 E915.02092
G1 X70.114 Y62.639 E915.05283
G1 X69.615 Y62.085 E915.08512
G1 X69.245 Y61.443 E915.11721
G1 X69.015 Y60.738 E915.14932
G1 X68.938 Y60 E915.18145
G1 X69.015 Y59.262 E915.21359
G1 X69.245 Y58.557 E915.2457
G1 X69.615 Y57.915 E915.27779
G1 X70.114 Y57.361 E915.31008
G1 X70.71 Y56.928 E915.34198
G1 X71.385 Y56.628 E915.37397
G1 X72.119 Y56.472 E915.40647
G1 X72.851 Y56.472 E915.43816
G1 X73.084 Y56.522 E915.44848
G0 F960 X73.585 Y56.628
M204 S2000
M205 X30 Y30
G0 F3600 X73.813 Y56.729
G0 X73.406 Y57.643
G1 F2700 E908.44848 ; Modi
;MESH:NONMESH
G0 F600 X73.406 Y57.643 Z29.8
G0 F3600 X70.036 Y58.224
G0 X68.793 Y57.51
G0 X52.95 Y58.224
G0 X51.515 Y58.224
G0 X46.135 Y57.922
;TIME_ELAPSED:1119.040789
;LAYER:118
M204 S500
M205 X10 Y10
;TYPE:FILL
;MESH:RetractTower
G1 F2700 E915.44848
G1 F2400 X50.561 Y62.349 E915.71958
G1 X50.773 Y62.561
M204 S2000
M205 X30 Y30
G0 F3600 X50.835 Y60.265
M204 S500
M205 X10 Y10
G1 F2400 X48.219 Y57.649 E915.87979
G1 X48.007 Y57.437
M204 S2000
M205 X30 Y30
G0 F3600 X50.577 Y57.649
M204 S500
M205 X10 Y10
G1 F2400 X50.835 Y57.907 E915.89559
M204 S2000
M205 X30 Y30
G0 F3600 X48.204 Y62.349
M204 S500
M205 X10 Y10
G1 F2400 X46.135 Y60.28 E916.02231
G1 X45.923 Y60.068
M204 S2000
M205 X30 Y30
G0 F3600 X51.035 Y62.55
M204 S500
M205 X10 Y10
;TYPE:WALL-INNER
G1 F2400 X45.935 Y62.55 E916.24317
G1 X45.935 Y57.45 E916.46402
G1 X51.035 Y57.45 E916.68488
G1 X51.035 Y62.038 E916.88357
G0 F1920 X51.035 Y62.55
M204 S2000
M205 X30 Y30
G0 F3600 X51.535 Y63.05
M204 S500
M205 X10 Y10
G1 F2400 X45.435 Y63.05 E917.14774
G1 X45.435 Y56.95 E917.4119
G1 X51.535 Y56.95 E917.67607
G1 X51.535 Y62.538 E917.91806
G0 F1920 X51.535 Y63.05
M204 S2000
M205 X30 Y30
G0 F3600 X52.035 Y63.55
M204 S500
M205 X10 Y10
;TYPE:WALL-OUTER
G1 F1200 X44.935 Y63.55 E918.22553
G1 X44.935 Y56.45 E918.533
G1 X52.035 Y56.45 E918.84047
G1 X52.035 Y63.038 E919.12577
G0 F960 X52.035 Y63.55
M204 S2000
M205 X30 Y30
G0 F3600 X51.785 Y63.55
G0 X51.035 Y62.697
G1 F2700 E912.12577 ; Modi
G0 F3600 X51.515 Y60.899
G0 X52.95 Y60.899
G0 X68.035 Y60.149
G0 X69.46 Y60
G0 X70.329 Y60.899
M204 S500
M205 X10 Y10
;TYPE:FILL
G1 F2700 E919.12577
G1 F2400 X71.572 Y62.142 E919.20189
G1 X71.784 Y62.354
M204 S2000
M205 X30 Y30
G0 F3600 X73.747 Y61.96
M204 S500
M205 X10 Y10
G1 F2400 X70.524 Y58.737 E919.39928
G1 X70.312 Y58.525
M204 S2000
M205 X30 Y30
G0 F3600 X71.892 Y57.747
M204 S500
M205 X10 Y10
G1 F2400 X74.738 Y60.593 E919.57358
G1 X74.95 Y60.805
M204 S2000
M205 X30 Y30
G0 F3600 X73.273 Y57.584
M204 S500
M205 X10 Y10
;TYPE:WALL-INNER
G1 F2400 X73.757 Y57.799 E919.59652
G1 X74.183 Y58.109 E919.61933
G1 X74.541 Y58.505 E919.64245
G1 X74.805 Y58.963 E919.66534
G1 X74.972 Y59.475 E919.68867
G1 X75.027 Y60 E919.71153
G1 X74.972 Y60.525 E919.73439
G1 X74.805 Y61.037 E919.75771
G1 X74.541 Y61.495 E919.7806
G1 X74.183 Y61.891 E919.80372
G1 X73.757 Y62.201 E919.82653
G1 X73.273 Y62.416 E919.84947
G1 X72.747 Y62.528 E919.87276
G1 X72.223 Y62.528 E919.89545
G1 X71.697 Y62.416 E919.91874
G1 X71.216 Y62.202 E919.94154
G1 X70.785 Y61.889 E919.96461
G1 X70.427 Y61.492 E919.98776
G1 X70.164 Y61.035 E920.01059
G1 X69.998 Y60.526 E920.03378
G1 X69.943 Y60 E920.05668
G1 X69.998 Y59.474 E920.07958
G1 X70.164 Y58.965 E920.10277
G1 X70.427 Y58.508 E920.1256
G1 X70.785 Y58.111 E920.14875
G1 X71.216 Y57.798 E920.17182
G1 X71.697 Y57.584 E920.19462
G1 X72.223 Y57.472 E920.21791
G1 X72.747 Y57.472 E920.2406
G1 X72.772 Y57.478 E920.24171
G0 F1920 X73.273 Y57.584
M204 S2000
M205 X30 Y30
G0 F3600 X73.429 Y57.106
M204 S500
M205 X10 Y10
G1 F2400 X74.007 Y57.363 E920.26911
G1 X74.52 Y57.736 E920.29657
G1 X74.948 Y58.21 E920.32423
G1 X75.266 Y58.761 E920.35178
G1 X75.463 Y59.367 E920.37938
G1 X75.53 Y60 E920.40694
G1 X75.463 Y60.633 E920.43451
G1 X75.266 Y61.239 E920.4621
G1 X74.948 Y61.79 E920.48965
G1 X74.52 Y62.264 E920.51731
G1 X74.007 Y62.637 E920.54478
G1 X73.429 Y62.894 E920.57217
G1 X72.799 Y63.028 E920.60006
G1 X72.171 Y63.028 E920.62726
G1 X71.541 Y62.894 E920.65515
G1 X70.963 Y62.637 E920.68255
G1 X70.451 Y62.265 E920.70995
G1 X70.02 Y61.787 E920.73783
G1 X69.703 Y61.237 E920.76532
G1 X69.507 Y60.634 E920.79277
G1 X69.44 Y60 E920.82038
G1 X69.507 Y59.366 E920.84799
G1 X69.703 Y58.763 E920.87545
G1 X70.02 Y58.213 E920.90294
G1 X70.451 Y57.735 E920.93081
G1 X70.963 Y57.363 E920.95822
G1 X71.541 Y57.106 E920.98561
G1 X72.171 Y56.972 E921.01351
G1 X72.799 Y56.972 E921.0407
G1 X72.929 Y57 E921.04646
G0 F1920 X73.429 Y57.106
M204 S2000
M205 X30 Y30
G0 F3600 X73.585 Y56.628
M204 S500
M205 X10 Y10
;TYPE:WALL-OUTER
G1 F1200 X74.257 Y56.927 E921.07831
G1 X74.857 Y57.363 E921.11043
G1 X75.355 Y57.915 E921.14263
G1 X75.726 Y58.558 E921.17478
G1 X75.954 Y59.26 E921.20674
G1 X76.032 Y60 E921.23896
G1 X75.954 Y60.74 E921.27119
G1 X75.726 Y61.442 E921.30315
G1 X75.355 Y62.085 E921.3353
G1 X74.857 Y62.637 E921.3675
G1 X74.257 Y63.073 E921.39961
G1 X73.585 Y63.372 E921.43147
G1 X72.851 Y63.528 E921.46396
G1 X72.119 Y63.528 E921.49566
G1 X71.385 Y63.372 E921.52816
G1 X70.71 Y63.072 E921.56015
G1 X70.114 Y62.639 E921.59205
G1 X69.615 Y62.085 E921.62434
G1 X69.245 Y61.443 E921.65643
G1 X69.015 Y60.738 E921.68854
G1 X68.938 Y60 E921.72068
G1 X69.015 Y59.262 E921.75281
G1 X69.245 Y58.557 E921.78492
G1 X69.615 Y57.915 E921.81701
G1 X70.114 Y57.361 E921.8493
G1 X70.71 Y56.928 E921.8812
G1 X71.385 Y56.628 E921.91319
G1 X72.119 Y56.472 E921.94569
G1 X72.851 Y56.472 E921.97739
G1 X73.084 Y56.522 E921.98771
G0 F960 X73.585 Y56.628
M204 S2000
M205 X30 Y30
G0 F3600 X73.813 Y56.729
G0 X73.406 Y57.643
G1 F2700 E914.98771 ; Modi
;MESH:NONMESH
G0 F600 X73.406 Y57.643 Z30.05
G0 F3600 X70.036 Y58.224
G0 X68.793 Y57.51
G0 X52.95 Y58.224
G0 X51.515 Y58.224
G0 X48.204 Y57.649
;TIME_ELAPSED:1127.175903
;LAYER:119
M204 S500
M205 X10 Y10
;TYPE:FILL
;MESH:RetractTower
G1 F2700 E921.98771
G1 F2400 X46.135 Y59.718 E922.11442
G1 X45.923 Y59.93
M204 S2000
M205 X30 Y30
G0 F3600 X46.135 Y62.076
M204 S500
M205 X10 Y10
G1 F2400 X50.562 Y57.649 E922.38555
G1 X50.774 Y57.437
M204 S2000
M205 X30 Y30
G0 F3600 X50.834 Y59.734
M204 S500
M205 X10 Y10
G1 F2400 X48.219 Y62.349 E922.5457
G1 X48.007 Y62.561
M204 S2000
M205 X30 Y30
G0 F3600 X50.577 Y62.349
M204 S500
M205 X10 Y10
G1 F2400 X50.834 Y62.091 E922.56147
M204 S2000
M205 X30 Y30
G0 F3600 X51.035 Y62.55
M204 S500
M205 X10 Y10
;TYPE:WALL-INNER
G1 F2400 X45.935 Y62.55 E922.78233
G1 X45.935 Y57.45 E923.00319
G1 X51.035 Y57.45 E923.22405
G1 X51.035 Y62.038 E923.42273
G0 F1920 X51.035 Y62.55
M204 S2000
M205 X30 Y30
G0 F3600 X51.535 Y63.05
M204 S500
M205 X10 Y10
G1 F2400 X45.435 Y63.05 E923.6869
G1 X45.435 Y56.95 E923.95106
G1 X51.535 Y56.95 E924.21523
G1 X51.535 Y62.538 E924.45722
G0 F1920 X51.535 Y63.05
M204 S2000
M205 X30 Y30
G0 F3600 X52.035 Y63.55
M204 S500
M205 X10 Y10
;TYPE:WALL-OUTER
G1 F1200 X44.935 Y63.55 E924.76469
G1 X44.935 Y56.45 E925.07216
G1 X52.035 Y56.45 E925.37963
G1 X52.035 Y63.038 E925.66493
G0 F960 X52.035 Y63.55
M204 S2000
M205 X30 Y30
G0 F3600 X51.785 Y63.55
G0 X51.035 Y62.697
G1 F2700 E918.66493 ; Modi
G0 F3600 X51.515 Y61.261
G0 X52.95 Y61.261
G0 X68.1 Y60.779
G0 X69.526 Y60.63
G0 X70.524 Y61.261
M204 S500
M205 X10 Y10
;TYPE:FILL
G1 F2700 E925.66493
G1 F2400 X73.747 Y58.038 E925.86232
G1 X73.959 Y57.826
M204 S2000
M205 X30 Y30
G0 F3600 X74.737 Y59.406
M204 S500
M205 X10 Y10
G1 F2400 X71.89 Y62.252 E926.03665
G1 X71.678 Y62.464
M204 S2000
M205 X30 Y30
G0 F3600 X70.331 Y59.097
M204 S500
M205 X10 Y10
G1 F2400 X71.571 Y57.856 E926.11262
G1 X71.783 Y57.644
M204 S2000
M205 X30 Y30
G0 F3600 X73.273 Y57.584
M204 S500
M205 X10 Y10
;TYPE:WALL-INNER
G1 F2400 X73.757 Y57.799 E926.13556
G1 X74.183 Y58.109 E926.15837
G1 X74.541 Y58.505 E926.18149
G1 X74.805 Y58.963 E926.20438
G1 X74.972 Y59.475 E926.2277
G1 X75.027 Y60 E926.25056
G1 X74.972 Y60.525 E926.27342
G1 X74.805 Y61.037 E926.29675
G1 X74.541 Y61.495 E926.31964
G1 X74.183 Y61.891 E926.34276
G1 X73.757 Y62.201 E926.36557
G1 X73.273 Y62.416 E926.38851
G1 X72.747 Y62.528 E926.4118
G1 X72.223 Y62.528 E926.43449
G1 X71.697 Y62.416 E926.45778
G1 X71.216 Y62.202 E926.48058
G1 X70.785 Y61.889 E926.50365
G1 X70.427 Y61.492 E926.5268
G1 X70.164 Y61.035 E926.54963
G1 X69.998 Y60.526 E926.57282
G1 X69.943 Y60 E926.59572
G1 X69.998 Y59.474 E926.61862
G1 X70.164 Y58.965 E926.64181
G1 X70.427 Y58.508 E926.66464
G1 X70.785 Y58.111 E926.68779
G1 X71.216 Y57.798 E926.71086
G1 X71.697 Y57.584 E926.73366
G1 X72.223 Y57.472 E926.75695
G1 X72.747 Y57.472 E926.77964
G1 X72.772 Y57.478 E926.78075
G0 F1920 X73.273 Y57.584
M204 S2000
M205 X30 Y30
G0 F3600 X73.429 Y57.106
M204 S500
M205 X10 Y10
G1 F2400 X74.007 Y57.363 E926.80815
G1 X74.52 Y57.736 E926.83561
G1 X74.948 Y58.21 E926.86327
G1 X75.266 Y58.761 E926.89082
G1 X75.463 Y59.367 E926.91842
G1 X75.53 Y60 E926.94598
G1 X75.463 Y60.633 E926.97355
G1 X75.266 Y61.239 E927.00114
G1 X74.948 Y61.79 E927.02869
G1 X74.52 Y62.264 E927.05635
G1 X74.007 Y62.637 E927.08382
G1 X73.429 Y62.894 E927.11121
G1 X72.799 Y63.028 E927.1391
G1 X72.171 Y63.028 E927.1663
G1 X71.541 Y62.894 E927.19419
G1 X70.963 Y62.637 E927.22159
G1 X70.451 Y62.265 E927.24899
G1 X70.02 Y61.787 E927.27686
G1 X69.703 Y61.237 E927.30436
G1 X69.507 Y60.634 E927.33181
G1 X69.44 Y60 E927.35942
G1 X69.507 Y59.366 E927.38703
G1 X69.703 Y58.763 E927.41449
G1 X70.02 Y58.213 E927.44198
G1 X70.451 Y57.735 E927.46985
G1 X70.963 Y57.363 E927.49726
G1 X71.541 Y57.106 E927.52465
G1 X72.171 Y56.972 E927.55255
G1 X72.799 Y56.972 E927.57974
G1 X72.929 Y57 E927.5855
G0 F1920 X73.429 Y57.106
M204 S2000
M205 X30 Y30
G0 F3600 X73.585 Y56.628
M204 S500
M205 X10 Y10
;TYPE:WALL-OUTER
G1 F1200 X74.257 Y56.927 E927.61735
G1 X74.857 Y57.363 E927.64947
G1 X75.355 Y57.915 E927.68167
G1 X75.726 Y58.558 E927.71382
G1 X75.954 Y59.26 E927.74578
G1 X76.032 Y60 E927.778
G1 X75.954 Y60.74 E927.81023
G1 X75.726 Y61.442 E927.84219
G1 X75.355 Y62.085 E927.87434
G1 X74.857 Y62.637 E927.90653
G1 X74.257 Y63.073 E927.93865
G1 X73.585 Y63.372 E927.97051
G1 X72.851 Y63.528 E928.003
G1 X72.119 Y63.528 E928.0347
G1 X71.385 Y63.372 E928.0672
G1 X70.71 Y63.072 E928.09919
G1 X70.114 Y62.639 E928.13109
G1 X69.615 Y62.085 E928.16338
G1 X69.245 Y61.443 E928.19547
G1 X69.015 Y60.738 E928.22758
G1 X68.938 Y60 E928.25971
G1 X69.015 Y59.262 E928.29185
G1 X69.245 Y58.557 E928.32396
G1 X69.615 Y57.915 E928.35605
G1 X70.114 Y57.361 E928.38834
G1 X70.71 Y56.928 E928.42024
G1 X71.385 Y56.628 E928.45223
G1 X72.119 Y56.472 E928.48473
G1 X72.851 Y56.472 E928.51643
G1 X73.084 Y56.522 E928.52675
G0 F960 X73.585 Y56.628
M204 S2000
M205 X30 Y30
G0 F3600 X73.813 Y56.729
G0 X73.406 Y57.643
G1 F2700 E921.52675 ; Modi
;MESH:NONMESH
G0 F600 X73.406 Y57.643 Z30.3
G0 F3600 X70.036 Y58.224
G0 X68.793 Y57.51
G0 X52.95 Y58.224
G0 X51.515 Y58.224
G0 X46.135 Y57.922
;TIME_ELAPSED:1135.137997
;LAYER:120
M204 S500
M205 X10 Y10
;TYPE:FILL
;MESH:RetractTower
G1 F2700 E928.52675
G1 F2400 X50.561 Y62.349 E928.79784
G1 X50.773 Y62.561
M204 S2000
M205 X30 Y30
G0 F3600 X50.835 Y60.265
M204 S500
M205 X10 Y10
G1 F2400 X48.219 Y57.649 E928.95805
G1 X48.007 Y57.437
M204 S2000
M205 X30 Y30
G0 F3600 X50.577 Y57.649
M204 S500
M205 X10 Y10
G1 F2400 X50.835 Y57.907 E928.97386
M204 S2000
M205 X30 Y30
G0 F3600 X48.204 Y62.349
M204 S500
M205 X10 Y10
G1 F2400 X46.135 Y60.28 E929.10057
G1 X45.923 Y60.068
M204 S2000
M205 X30 Y30
G0 F3600 X51.035 Y62.55
M204 S500
M205 X10 Y10
;TYPE:WALL-INNER
G1 F2400 X45.935 Y62.55 E929.32143
G1 X45.935 Y57.45 E929.54229
G1 X51.035 Y57.45 E929.76315
G1 X51.035 Y62.038 E929.96183
G0 F1920 X51.035 Y62.55
M204 S2000
M205 X30 Y30
G0 F3600 X51.535 Y63.05
M204 S500
M205 X10 Y10
G1 F2400 X45.435 Y63.05 E930.226
G1 X45.435 Y56.95 E930.49016
G1 X51.535 Y56.95 E930.75433
G1 X51.535 Y62.538 E930.99632
G0 F1920 X51.535 Y63.05
M204 S2000
M205 X30 Y30
G0 F3600 X52.035 Y63.55
M204 S500
M205 X10 Y10
;TYPE:WALL-OUTER
G1 F1200 X44.935 Y63.55 E931.30379
G1 X44.935 Y56.45 E931.61126
G1 X52.035 Y56.45 E931.91873
G1 X52.035 Y63.038 E932.20403
G0 F960 X52.035 Y63.55
M204 S2000
M205 X30 Y30
G0 F3600 X51.785 Y63.55
G0 X51.035 Y62.697
G1 F2700 E924.20403 ; Modi
G0 F3600 X51.515 Y60.898
G0 X52.95 Y60.898
G0 X68.035 Y60.144
G0 X69.46 Y59.995
G0 X70.328 Y60.898
M204 S500
M205 X10 Y10
;TYPE:FILL
G1 F2700 E932.20403
G1 F2400 X71.571 Y62.141 E932.28016
G1 X71.783 Y62.353
M204 S2000
M205 X30 Y30
G0 F3600 X73.747 Y61.96
M204 S500
M205 X10 Y10
G1 F2400 X70.523 Y58.735 E932.47764
G1 X70.311 Y58.523
M204 S2000
M205 X30 Y30
G0 F3600 X71.892 Y57.747
M204 S500
M205 X10 Y10
G1 F2400 X74.739 Y60.594 E932.652
G1 X74.951 Y60.806
M204 S2000
M205 X30 Y30
G0 F3600 X73.273 Y57.584
M204 S500
M205 X10 Y10
;TYPE:WALL-INNER
G1 F2400 X73.754 Y57.798 E932.6748
G1 X74.185 Y58.11 E932.69784
G1 X74.543 Y58.509 E932.72105
G1 X74.806 Y58.965 E932.74385
G1 X74.972 Y59.477 E932.76716
G1 X75.027 Y60.003 E932.79006
G1 X74.971 Y60.533 E932.81314
G1 X74.806 Y61.037 E932.83611
G1 X74.541 Y61.494 E932.85898
G1 X74.183 Y61.891 E932.88213
G1 X73.757 Y62.201 E932.90495
G1 X73.273 Y62.416 E932.92788
G1 X72.747 Y62.528 E932.95117
G1 X72.223 Y62.528 E932.97387
G1 X71.697 Y62.416 E932.99716
G1 X71.216 Y62.202 E933.01995
G1 X70.781 Y61.887 E933.04321
G1 X70.426 Y61.49 E933.06628
G1 X70.164 Y61.036 E933.08898
G1 X69.998 Y60.525 E933.11224
G1 X69.942 Y59.995 E933.13532
G1 X69.997 Y59.474 E933.15801
G1 X70.166 Y58.96 E933.18144
G1 X70.427 Y58.508 E933.20405
G1 X70.785 Y58.111 E933.2272
G1 X71.216 Y57.798 E933.25026
G1 X71.697 Y57.584 E933.27306
G1 X72.223 Y57.472 E933.29635
G1 X72.747 Y57.472 E933.31904
G1 X72.772 Y57.478 E933.32016
G0 F1920 X73.273 Y57.584
M204 S2000
M205 X30 Y30
G0 F3600 X73.429 Y57.106
M204 S500
M205 X10 Y10
G1 F2400 X74.007 Y57.363 E933.34755
G1 X74.52 Y57.735 E933.37499
G1 X74.95 Y58.214 E933.40287
G1 X75.266 Y58.762 E933.43026
G1 X75.463 Y59.37 E933.45794
G1 X75.529 Y60.003 E933.4855
G1 X75.462 Y60.638 E933.51315
G1 X75.264 Y61.244 E933.54076
G1 X74.948 Y61.79 E933.56808
G1 X74.52 Y62.264 E933.59574
G1 X74.007 Y62.637 E933.62321
G1 X73.429 Y62.894 E933.6506
G1 X72.799 Y63.028 E933.67849
G1 X72.171 Y63.028 E933.70569
G1 X71.541 Y62.894 E933.73358
G1 X70.963 Y62.637 E933.76097
G1 X70.446 Y62.262 E933.78863
G1 X70.019 Y61.785 E933.81636
G1 X69.704 Y61.239 E933.84365
G1 X69.507 Y60.632 E933.87129
G1 X69.44 Y59.995 E933.89903
G1 X69.506 Y59.368 E933.92633
G1 X69.707 Y58.755 E933.95427
G1 X70.02 Y58.213 E933.98137
G1 X70.451 Y57.735 E934.00925
G1 X70.963 Y57.363 E934.03665
G1 X71.541 Y57.106 E934.06405
G1 X72.171 Y56.972 E934.09194
G1 X72.799 Y56.972 E934.11914
G1 X72.929 Y57 E934.12489
G0 F1920 X73.429 Y57.106
M204 S2000
M205 X30 Y30
G0 F3600 X73.585 Y56.628
M204 S500
M205 X10 Y10
;TYPE:WALL-OUTER
G1 F1200 X74.257 Y56.927 E934.15675
G1 X74.857 Y57.363 E934.18887
G1 X75.357 Y57.919 E934.22125
G1 X75.726 Y58.559 E934.25324
G1 X75.954 Y59.263 E934.28529
G1 X76.032 Y60.004 E934.31755
G1 X75.953 Y60.743 E934.34974
G1 X75.722 Y61.45 E934.38195
G1 X75.355 Y62.085 E934.41371
G1 X74.857 Y62.637 E934.4459
G1 X74.257 Y63.073 E934.47802
G1 X73.585 Y63.372 E934.50988
G1 X72.851 Y63.528 E934.54237
G1 X72.119 Y63.528 E934.57407
G1 X71.385 Y63.372 E934.60657
G1 X70.71 Y63.072 E934.63856
G1 X70.111 Y62.637 E934.67062
G1 X69.612 Y62.08 E934.703
G1 X69.246 Y61.445 E934.73474
G1 X69.015 Y60.736 E934.76703
G1 X68.938 Y59.995 E934.7993
G1 X69.015 Y59.262 E934.83121
G1 X69.248 Y58.55 E934.86366
G1 X69.615 Y57.915 E934.89542
G1 X70.114 Y57.361 E934.92771
G1 X70.71 Y56.928 E934.95961
G1 X71.385 Y56.628 E934.9916
G1 X72.119 Y56.472 E935.02409
G1 X72.851 Y56.472 E935.05579
G1 X73.084 Y56.522 E935.06611
G0 F960 X73.585 Y56.628
M204 S2000
M205 X30 Y30
G0 F3600 X73.813 Y56.729
G0 X73.406 Y57.643
G1 F2700 E927.06611 ; Modi
;MESH:NONMESH
G0 F600 X73.406 Y57.643 Z30.55
G0 F3600 X70.036 Y58.224
G0 X68.796 Y57.506
G0 X52.95 Y58.224
G0 X51.515 Y58.224
G0 X48.044 Y57.809
;TIME_ELAPSED:1143.275700
;LAYER:121
M204 S500
M205 X10 Y10
;TYPE:FILL
;MESH:RetractTower
G1 F2700 E935.06611
G1 F2400 X46.294 Y59.558 E935.17326
G1 X46.082 Y59.77
M204 S2000
M205 X30 Y30
G0 F3600 X46.294 Y61.916
M204 S500
M205 X10 Y10
G1 F2400 X50.401 Y57.809 E935.42479
G1 X50.613 Y57.597
M204 S2000
M205 X30 Y30
G0 F3600 X50.674 Y59.894
M204 S500
M205 X10 Y10
G1 F2400 X48.379 Y62.189 E935.56534
G1 X48.167 Y62.401
M204 S2000
M205 X30 Y30
G0 F3600 X51.347 Y60.622
G0 X69.842 Y60.616
G0 X70.815 Y60.97
M204 S500
M205 X10 Y10
G1 F2400 X73.462 Y58.323 E935.72745
G1 X73.674 Y58.111
M204 S2000
M205 X30 Y30
G0 F3600 X74.398 Y59.745
M204 S500
M205 X10 Y10
G1 F2400 X72.225 Y61.918 E935.86053
G1 X72.013 Y62.13
M204 S2000
M205 X30 Y30
G0 F3600 X69.842 Y60.616
G0 X50.875 Y59.85
M204 S500
M205 X10 Y10
;TYPE:WALL-INNER
G1 F2400 X70.111 Y59.85 E936.69356
G1 X70.749 Y58.744 E936.74886
G1 X71.054 Y58.407 E936.76854
G1 X71.413 Y58.145 E936.78779
G1 X71.821 Y57.964 E936.80712
G1 X72.262 Y57.87 E936.82664
G1 X72.707 Y57.87 E936.84592
G1 X73.148 Y57.964 E936.86544
G1 X73.557 Y58.145 E936.88481
G1 X73.916 Y58.407 E936.90406
G1 X74.217 Y58.74 E936.9235
G1 X74.444 Y59.133 E936.94315
G1 X74.581 Y59.553 E936.96228
G1 X74.628 Y60 E936.98175
G1 X74.581 Y60.447 E937.00121
G1 X74.444 Y60.867 E937.02034
G1 X74.217 Y61.26 E937.04
G1 X73.916 Y61.593 E937.05944
G1 X73.557 Y61.855 E937.07868
G1 X73.148 Y62.036 E937.09805
G1 X72.707 Y62.13 E937.11758
G1 X72.262 Y62.13 E937.13685
G1 X71.821 Y62.036 E937.15638
G1 X71.413 Y61.855 E937.17571
G1 X71.054 Y61.593 E937.19495
G1 X70.749 Y61.256 E937.21464
G1 X70.111 Y60.15 E937.26993
G1 X50.875 Y60.15 E938.10296
G1 X50.875 Y62.39 E938.19996
G1 X46.095 Y62.39 E938.40697
G1 X46.095 Y57.61 E938.61397
G1 X50.875 Y57.61 E938.82097
G1 X50.875 Y59.338 E938.8958
G0 F1920 X50.875 Y59.85
M204 S2000
M205 X30 Y30
G0 F3600 X51.375 Y59.35
M204 S500
M205 X10 Y10
G1 F2400 X69.822 Y59.35 E939.69466
G1 X70.342 Y58.449 E939.73971
G1 X70.717 Y58.034 E939.76393
G1 X71.163 Y57.709 E939.78783
G1 X71.665 Y57.486 E939.81162
G1 X72.21 Y57.37 E939.83575
G1 X72.759 Y57.37 E939.85953
G1 X73.304 Y57.486 E939.88366
G1 X73.807 Y57.709 E939.90748
G1 X74.253 Y58.034 E939.93138
G1 X74.624 Y58.445 E939.95536
G1 X74.902 Y58.927 E939.97946
G1 X75.072 Y59.449 E940.00323
G1 X75.13 Y60 E940.02722
G1 X75.072 Y60.551 E940.05122
G1 X74.902 Y61.073 E940.07499
G1 X74.624 Y61.555 E940.09909
G1 X74.253 Y61.966 E940.12306
G1 X73.807 Y62.291 E940.14696
G1 X73.304 Y62.514 E940.17079
G1 X72.759 Y62.63 E940.19492
G1 X72.21 Y62.63 E940.2187
G1 X71.665 Y62.514 E940.24283
G1 X71.163 Y62.291 E940.26661
G1 X70.717 Y61.966 E940.29051
G1 X70.342 Y61.551 E940.31473
G1 X69.822 Y60.65 E940.35978
G1 X51.375 Y60.65 E941.15865
G1 X51.375 Y62.89 E941.25565
G1 X45.595 Y62.89 E941.50596
G1 X45.595 Y57.11 E941.75626
G1 X51.375 Y57.11 E942.00657
G1 X51.375 Y58.838 E942.0814
G0 F1920 X51.375 Y59.35
M204 S2000
M205 X30 Y30
G0 F3600 X51.875 Y58.85
M204 S500
M205 X10 Y10
;TYPE:WALL-OUTER
G1 F1200 X69.533 Y58.85 E942.8461
G1 X69.935 Y58.154 E942.8809
G1 X70.38 Y57.661 E942.90966
G1 X70.913 Y57.273 E942.93821
G1 X71.509 Y57.008 E942.96646
G1 X72.158 Y56.87 E942.9952
G1 X72.811 Y56.87 E943.02347
G1 X73.46 Y57.008 E943.05221
G1 X74.057 Y57.273 E943.08049
G1 X74.59 Y57.661 E943.10904
G1 X75.031 Y58.15 E943.13756
G1 X75.36 Y58.721 E943.1661
G1 X75.563 Y59.345 E943.19452
G1 X75.632 Y60 E943.22304
G1 X75.563 Y60.655 E943.25156
G1 X75.36 Y61.279 E943.27998
G1 X75.031 Y61.85 E943.30851
G1 X74.59 Y62.339 E943.33703
G1 X74.057 Y62.727 E943.36558
G1 X73.46 Y62.992 E943.39387
G1 X72.811 Y63.13 E943.4226
G1 X72.158 Y63.13 E943.45088
G1 X71.509 Y62.992 E943.47961
G1 X70.913 Y62.727 E943.50786
G1 X70.38 Y62.339 E943.53641
G1 X69.935 Y61.846 E943.56517
G1 X69.533 Y61.15 E943.59998
G1 X51.875 Y61.15 E944.36467
G1 X51.875 Y63.39 E944.46168
G1 X45.095 Y63.39 E944.75529
G1 X45.095 Y56.61 E945.0489
G1 X51.875 Y56.61 E945.34251
G1 X51.875 Y58.338 E945.41735
G0 F960 X51.875 Y58.85
M204 S2000
M205 X30 Y30
G0 F3600 X52.125 Y58.85
G0 X52.125 Y59.85
;MESH:NONMESH
G0 F600 X52.125 Y59.85 Z30.8
G0 F3600 X46.294 Y58.082
;TIME_ELAPSED:1153.769059
;LAYER:122
M204 S500
M205 X10 Y10
;TYPE:FILL
;MESH:RetractTower
G1 F2400 X50.401 Y62.189 E945.66887
G1 X50.613 Y62.401
M204 S2000
M205 X30 Y30
G0 F3600 X50.674 Y60.104
M204 S500
M205 X10 Y10
G1 F2400 X48.379 Y57.809 E945.80943
G1 X48.167 Y57.597
M204 S2000
M205 X30 Y30
G0 F3600 X46.294 Y60.439
M204 S500
M205 X10 Y10
G1 F2400 X48.044 Y62.189 E945.9166
G1 X48.256 Y62.401
M204 S2000
M205 X30 Y30
G0 F3600 X51.347 Y60.622
G0 X69.842 Y59.384
G0 X70.815 Y59.027
M204 S500
M205 X10 Y10
G1 F2400 X73.462 Y61.675 E946.07875
G1 X73.674 Y61.887
M204 S2000
M205 X30 Y30
G0 F3600 X74.398 Y60.253
M204 S500
M205 X10 Y10
G1 F2400 X72.227 Y58.082 E946.21171
G1 X72.015 Y57.87
M204 S2000
M205 X30 Y30
G0 F3600 X69.842 Y59.384
G0 X50.875 Y59.85
M204 S500
M205 X10 Y10
;TYPE:WALL-INNER
G1 F2400 X70.111 Y59.85 E947.04473
G1 X70.749 Y58.744 E947.10003
G1 X71.054 Y58.407 E947.11971
G1 X71.413 Y58.145 E947.13896
G1 X71.821 Y57.964 E947.15829
G1 X72.262 Y57.87 E947.17782
G1 X72.707 Y57.87 E947.19709
G1 X73.148 Y57.964 E947.21661
G1 X73.557 Y58.145 E947.23598
G1 X73.916 Y58.407 E947.25523
G1 X74.217 Y58.74 E947.27467
G1 X74.444 Y59.133 E947.29432
G1 X74.581 Y59.553 E947.31345
G1 X74.628 Y60 E947.33292
G1 X74.581 Y60.447 E947.35238
G1 X74.444 Y60.867 E947.37151
G1 X74.217 Y61.26 E947.39117
G1 X73.916 Y61.593 E947.41061
G1 X73.557 Y61.855 E947.42985
G1 X73.148 Y62.036 E947.44922
G1 X72.707 Y62.13 E947.46875
G1 X72.262 Y62.13 E947.48802
G1 X71.821 Y62.036 E947.50755
G1 X71.413 Y61.855 E947.52688
G1 X71.054 Y61.593 E947.54612
G1 X70.749 Y61.256 E947.56581
G1 X70.111 Y60.15 E947.6211
G1 X50.875 Y60.15 E948.45413
G1 X50.875 Y62.39 E948.55113
G1 X46.095 Y62.39 E948.75814
G1 X46.095 Y57.61 E948.96514
G1 X50.875 Y57.61 E949.17214
G1 X50.875 Y59.338 E949.24697
G0 F1920 X50.875 Y59.85
M204 S2000
M205 X30 Y30
G0 F3600 X51.375 Y59.35
M204 S500
M205 X10 Y10
G1 F2400 X69.822 Y59.35 E950.04583
G1 X70.342 Y58.449 E950.09088
G1 X70.717 Y58.034 E950.1151
G1 X71.163 Y57.709 E950.139
G1 X71.665 Y57.486 E950.16279
G1 X72.21 Y57.37 E950.18692
G1 X72.759 Y57.37 E950.2107
G1 X73.304 Y57.486 E950.23483
G1 X73.807 Y57.709 E950.25865
G1 X74.253 Y58.034 E950.28255
G1 X74.624 Y58.445 E950.30653
G1 X74.902 Y58.927 E950.33063
G1 X75.072 Y59.449 E950.3544
G1 X75.13 Y60 E950.37839
G1 X75.072 Y60.551 E950.40239
G1 X74.902 Y61.073 E950.42616
G1 X74.624 Y61.555 E950.45026
G1 X74.253 Y61.966 E950.47424
G1 X73.807 Y62.291 E950.49813
G1 X73.304 Y62.514 E950.52196
G1 X72.759 Y62.63 E950.54609
G1 X72.21 Y62.63 E950.56987
G1 X71.665 Y62.514 E950.594
G1 X71.163 Y62.291 E950.61778
G1 X70.717 Y61.966 E950.64168
G1 X70.342 Y61.551 E950.66591
G1 X69.822 Y60.65 E950.71096
G1 X51.375 Y60.65 E951.50982
G1 X51.375 Y62.89 E951.60682
G1 X45.595 Y62.89 E951.85713
G1 X45.595 Y57.11 E952.10744
G1 X51.375 Y57.11 E952.35774
G1 X51.375 Y58.838 E952.43258
G0 F1920 X51.375 Y59.35
M204 S2000
M205 X30 Y30
G0 F3600 X51.875 Y58.85
M204 S500
M205 X10 Y10
;TYPE:WALL-OUTER
G1 F1200 X69.533 Y58.85 E953.19727
G1 X69.935 Y58.154 E953.23208
G1 X70.38 Y57.661 E953.26084
G1 X70.913 Y57.273 E953.28939
G1 X71.509 Y57.008 E953.31763
G1 X72.158 Y56.87 E953.34637
G1 X72.811 Y56.87 E953.37464
G1 X73.46 Y57.008 E953.40338
G1 X74.057 Y57.273 E953.43166
G1 X74.59 Y57.661 E953.46021
G1 X75.031 Y58.15 E953.48873
G1 X75.36 Y58.721 E953.51727
G1 X75.563 Y59.345 E953.54569
G1 X75.632 Y60 E953.57421
G1 X75.563 Y60.655 E953.60273
G1 X75.36 Y61.279 E953.63115
G1 X75.031 Y61.85 E953.65969
G1 X74.59 Y62.339 E953.6882
G1 X74.057 Y62.727 E953.71675
G1 X73.46 Y62.992 E953.74504
G1 X72.811 Y63.13 E953.77377
G1 X72.158 Y63.13 E953.80205
G1 X71.509 Y62.992 E953.83078
G1 X70.913 Y62.727 E953.85903
G1 X70.38 Y62.339 E953.88758
G1 X69.935 Y61.846 E953.91634
G1 X69.533 Y61.15 E953.95115
G1 X51.875 Y61.15 E954.71584
G1 X51.875 Y63.39 E954.81285
G1 X45.095 Y63.39 E955.10646
G1 X45.095 Y56.61 E955.40007
G1 X51.875 Y56.61 E955.69369
G1 X51.875 Y58.338 E955.76852
G0 F960 X51.875 Y58.85
M204 S2000
M205 X30 Y30
G0 F3600 X52.125 Y58.85
G0 X52.125 Y59.85
;MESH:NONMESH
G0 F600 X52.125 Y59.85 Z31.05
G0 F3600 X48.044 Y57.809
;TIME_ELAPSED:1164.086614
;LAYER:123
M204 S500
M205 X10 Y10
;TYPE:FILL
;MESH:RetractTower
G1 F2400 X46.294 Y59.558 E955.87566
G1 X46.082 Y59.77
M204 S2000
M205 X30 Y30
G0 F3600 X46.294 Y61.916
M204 S500
M205 X10 Y10
G1 F2400 X50.401 Y57.809 E956.12719
G1 X50.613 Y57.597
M204 S2000
M205 X30 Y30
G0 F3600 X50.674 Y59.894
M204 S500
M205 X10 Y10
G1 F2400 X48.379 Y62.189 E956.26774
G1 X48.167 Y62.401
M204 S2000
M205 X30 Y30
G0 F3600 X51.347 Y60.622
G0 X69.842 Y60.616
G0 X70.815 Y60.97
M204 S500
M205 X10 Y10
G1 F2400 X73.462 Y58.323 E956.42986
G1 X73.674 Y58.111
M204 S2000
M205 X30 Y30
G0 F3600 X74.398 Y59.745
M204 S500
M205 X10 Y10
G1 F2400 X72.225 Y61.918 E956.56294
G1 X72.013 Y62.13
M204 S2000
M205 X30 Y30
G0 F3600 X69.842 Y60.616
G0 X50.875 Y59.85
M204 S500
M205 X10 Y10
;TYPE:WALL-INNER
G1 F2400 X70.111 Y59.85 E957.39597
G1 X70.749 Y58.744 E957.45126
G1 X71.054 Y58.407 E957.47094
G1 X71.413 Y58.145 E957.49019
G1 X71.821 Y57.964 E957.50952
G1 X72.262 Y57.87 E957.52905
G1 X72.707 Y57.87 E957.54832
G1 X73.148 Y57.964 E957.56785
G1 X73.557 Y58.145 E957.58721
G1 X73.916 Y58.407 E957.60646
G1 X74.217 Y58.74 E957.6259
G1 X74.444 Y59.133 E957.64555
G1 X74.581 Y59.553 E957.66469
G1 X74.628 Y60 E957.68415
G1 X74.581 Y60.447 E957.70361
G1 X74.444 Y60.867 E957.72275
G1 X74.217 Y61.26 E957.7424
G1 X73.916 Y61.593 E957.76184
G1 X73.557 Y61.855 E957.78109
G1 X73.148 Y62.036 E957.80046
G1 X72.707 Y62.13 E957.81998
G1 X72.262 Y62.13 E957.83925
G1 X71.821 Y62.036 E957.85878
G1 X71.413 Y61.855 E957.87811
G1 X71.054 Y61.593 E957.89736
G1 X70.749 Y61.256 E957.91704
G1 X70.111 Y60.15 E957.97233
G1 X50.875 Y60.15 E958.80536
G1 X50.875 Y62.39 E958.90237
G1 X46.095 Y62.39 E959.10937
G1 X46.095 Y57.61 E959.31637
G1 X50.875 Y57.61 E959.52337
G1 X50.875 Y59.338 E959.5982
G0 F1920 X50.875 Y59.85
M204 S2000
M205 X30 Y30
G0 F3600 X51.375 Y59.35
M204 S500
M205 X10 Y10
G1 F2400 X69.822 Y59.35 E960.39706
G1 X70.342 Y58.449 E960.44212
G1 X70.717 Y58.034 E960.46634
G1 X71.163 Y57.709 E960.49024
G1 X71.665 Y57.486 E960.51402
G1 X72.21 Y57.37 E960.53815
G1 X72.759 Y57.37 E960.56193
G1 X73.304 Y57.486 E960.58606
G1 X73.807 Y57.709 E960.60989
G1 X74.253 Y58.034 E960.63379
G1 X74.624 Y58.445 E960.65776
G1 X74.902 Y58.927 E960.68186
G1 X75.072 Y59.449 E960.70563
G1 X75.13 Y60 E960.72963
G1 X75.072 Y60.551 E960.75362
G1 X74.902 Y61.073 E960.77739
G1 X74.624 Y61.555 E960.80149
G1 X74.253 Y61.966 E960.82547
G1 X73.807 Y62.291 E960.84937
G1 X73.304 Y62.514 E960.87319
G1 X72.759 Y62.63 E960.89732
G1 X72.21 Y62.63 E960.9211
G1 X71.665 Y62.514 E960.94523
G1 X71.163 Y62.291 E960.96902
G1 X70.717 Y61.966 E960.99292
G1 X70.342 Y61.551 E961.01714
G1 X69.822 Y60.65 E961.06219
G1 X51.375 Y60.65 E961.86105
G1 X51.375 Y62.89 E961.95805
G1 X45.595 Y62.89 E962.20836
G1 X45.595 Y57.11 E962.45867
G1 X51.375 Y57.11 E962.70898
G1 X51.375 Y58.838 E962.78381
G0 F1920 X51.375 Y59.35
M204 S2000
M205 X30 Y30
G0 F3600 X51.875 Y58.85
M204 S500
M205 X10 Y10
;TYPE:WALL-OUTER
G1 F1200 X69.533 Y58.85 E963.5485
G1 X69.935 Y58.154 E963.58331
G1 X70.38 Y57.661 E963.61207
G1 X70.913 Y57.273 E963.64062
G1 X71.509 Y57.008 E963.66886
G1 X72.158 Y56.87 E963.6976
G1 X72.811 Y56.87 E963.72588
G1 X73.46 Y57.008 E963.75461
G1 X74.057 Y57.273 E963.7829
G1 X74.59 Y57.661 E963.81145
G1 X75.031 Y58.15 E963.83996
G1 X75.36 Y58.721 E963.8685
G1 X75.563 Y59.345 E963.89692
G1 X75.632 Y60 E963.92544
G1 X75.563 Y60.655 E963.95396
G1 X75.36 Y61.279 E963.98238
G1 X75.031 Y61.85 E964.01092
G1 X74.59 Y62.339 E964.03943
G1 X74.057 Y62.727 E964.06798
G1 X73.46 Y62.992 E964.09627
G1 X72.811 Y63.13 E964.125
G1 X72.158 Y63.13 E964.15328
G1 X71.509 Y62.992 E964.18202
G1 X70.913 Y62.727 E964.21026
G1 X70.38 Y62.339 E964.23881
G1 X69.935 Y61.846 E964.26757
G1 X69.533 Y61.15 E964.30238
G1 X51.875 Y61.15 E965.06707
G1 X51.875 Y63.39 E965.16408
G1 X45.095 Y63.39 E965.45769
G1 X45.095 Y56.61 E965.7513
G1 X51.875 Y56.61 E966.04492
G1 X51.875 Y58.338 E966.11975
G0 F960 X51.875 Y58.85
M204 S2000
M205 X30 Y30
G0 F3600 X52.125 Y58.85
G0 X52.125 Y59.85
;MESH:NONMESH
G0 F600 X52.125 Y59.85 Z31.3
G0 F3600 X46.294 Y58.082
;TIME_ELAPSED:1174.414051
;LAYER:124
M204 S500
M205 X10 Y10
;TYPE:FILL
;MESH:RetractTower
G1 F2400 X50.401 Y62.189 E966.37128
G1 X50.613 Y62.401
M204 S2000
M205 X30 Y30
G0 F3600 X50.674 Y60.104
M204 S500
M205 X10 Y10
G1 F2400 X48.379 Y57.809 E966.51183
G1 X48.167 Y57.597
M204 S2000
M205 X30 Y30
G0 F3600 X46.294 Y60.439
M204 S500
M205 X10 Y10
G1 F2400 X48.044 Y62.189 E966.61901
G1 X48.256 Y62.401
M204 S2000
M205 X30 Y30
G0 F3600 X50.875 Y62.39
M204 S500
M205 X10 Y10
;TYPE:WALL-INNER
G1 F2400 X46.095 Y62.39 E966.82601
G1 X46.095 Y57.61 E967.03301
G1 X50.875 Y57.61 E967.24001
G1 X50.875 Y61.878 E967.42484
G0 F1920 X50.875 Y62.39
M204 S2000
M205 X30 Y30
G0 F3600 X51.375 Y62.89
M204 S500
M205 X10 Y10
G1 F2400 X45.595 Y62.89 E967.67515
G1 X45.595 Y57.11 E967.92545
G1 X51.375 Y57.11 E968.17576
G1 X51.375 Y62.378 E968.4039
G0 F1920 X51.375 Y62.89
M204 S2000
M205 X30 Y30
G0 F3600 X51.875 Y63.39
M204 S500
M205 X10 Y10
;TYPE:WALL-OUTER
G1 F1200 X45.095 Y63.39 E968.69751
G1 X45.095 Y56.61 E968.99112
G1 X51.875 Y56.61 E969.28474
G1 X51.875 Y62.878 E969.55618
G0 F960 X51.875 Y63.39
M204 S2000
M205 X30 Y30
G0 F3600 X51.625 Y63.39
G0 X50.875 Y62.537
G1 F2700 E961.55618 ; Modi
G0 F3600 X51.355 Y59.027
G0 X52.79 Y59.027
G0 X68.433 Y59.852
G0 X69.86 Y60
G0 X70.815 Y59.027
M204 S500
M205 X10 Y10
;TYPE:FILL
G1 F2700 E969.55618
G1 F2400 X73.462 Y61.675 E969.71832
G1 X73.674 Y61.887
M204 S2000
M205 X30 Y30
G0 F3600 X74.398 Y60.253
M204 S500
M205 X10 Y10
G1 F2400 X72.227 Y58.082 E969.85128
G1 X72.015 Y57.87
M204 S2000
M205 X30 Y30
G0 F3600 X73.148 Y57.964
M204 S500
M205 X10 Y10
;TYPE:WALL-INNER
G1 F720 X73.557 Y58.145 E969.87065
G1 X73.916 Y58.407 E969.88989
G1 X74.217 Y58.74 E969.90933
G1 X74.444 Y59.133 E969.92899
G1 X74.581 Y59.553 E969.94812
G1 X74.628 Y60 E969.96758
G1 X74.581 Y60.447 E969.98705
G1 X74.444 Y60.867 E970.00618
G1 X74.217 Y61.26 E970.02583
G1 X73.916 Y61.593 E970.04527
G1 X73.557 Y61.855 E970.06452
G1 X73.148 Y62.036 E970.08389
G1 X72.707 Y62.13 E970.10341
G1 X72.262 Y62.13 E970.12269
G1 X71.821 Y62.036 E970.14221
G1 X71.415 Y61.856 E970.16144
G1 X71.051 Y61.59 E970.18097
G1 X70.752 Y61.26 E970.20025
G1 X70.527 Y60.87 E970.21975
G1 X70.389 Y60.445 E970.2391
G1 X70.342 Y60 E970.25848
G1 X70.389 Y59.555 E970.27786
G1 X70.527 Y59.13 E970.29721
G1 X70.752 Y58.74 E970.31671
G1 X71.051 Y58.41 E970.33599
G1 X71.415 Y58.144 E970.35552
G1 X71.821 Y57.964 E970.37475
G1 X72.262 Y57.87 E970.39428
G1 X72.645 Y57.87 E970.41086
G0 F1920 X72.707 Y57.87
G0 X73.148 Y57.964
M204 S2000
M205 X30 Y30
G0 F3600 X73.304 Y57.486
M204 S500
M205 X10 Y10
G1 F2400 X73.807 Y57.709 E970.43469
G1 X74.253 Y58.034 E970.45859
G1 X74.624 Y58.445 E970.48257
G1 X74.902 Y58.927 E970.50666
G1 X75.072 Y59.449 E970.53044
G1 X75.13 Y60 E970.55443
G1 X75.072 Y60.551 E970.57842
G1 X74.902 Y61.073 E970.6022
G1 X74.624 Y61.555 E970.62629
G1 X74.253 Y61.966 E970.65027
G1 X73.807 Y62.291 E970.67417
G1 X73.304 Y62.514 E970.698
G1 X72.759 Y62.63 E970.72213
G1 X72.21 Y62.63 E970.7459
G1 X71.665 Y62.514 E970.77003
G1 X71.163 Y62.291 E970.79382
G1 X70.716 Y61.965 E970.81778
G1 X70.345 Y61.555 E970.84172
G1 X70.067 Y61.073 E970.86582
G1 X69.898 Y60.552 E970.88954
G1 X69.84 Y60 E970.91358
G1 X69.898 Y59.448 E970.93761
G1 X70.067 Y58.927 E970.96133
G1 X70.345 Y58.445 E970.98543
G1 X70.716 Y58.035 E971.00937
G1 X71.163 Y57.709 E971.03333
G1 X71.665 Y57.486 E971.05712
G1 X72.21 Y57.37 E971.08125
G1 X72.759 Y57.37 E971.10503
G1 X72.804 Y57.38 E971.10702
G0 F1920 X73.304 Y57.486
M204 S2000
M205 X30 Y30
G0 F3600 X73.46 Y57.008
M204 S500
M205 X10 Y10
;TYPE:WALL-OUTER
G1 F1200 X74.057 Y57.273 E971.13531
G1 X74.59 Y57.661 E971.16386
G1 X75.031 Y58.15 E971.19237
G1 X75.36 Y58.721 E971.22091
G1 X75.563 Y59.345 E971.24933
G1 X75.632 Y60 E971.27785
G1 X75.563 Y60.655 E971.30637
G1 X75.36 Y61.279 E971.33479
G1 X75.031 Y61.85 E971.36333
G1 X74.59 Y62.339 E971.39185
G1 X74.057 Y62.727 E971.4204
G1 X73.46 Y62.992 E971.44868
G1 X72.811 Y63.13 E971.47742
G1 X72.158 Y63.13 E971.50569
G1 X71.509 Y62.992 E971.53443
G1 X70.913 Y62.727 E971.56267
G1 X70.379 Y62.338 E971.59129
G1 X69.938 Y61.85 E971.61977
G1 X69.609 Y61.279 E971.64831
G1 X69.406 Y60.656 E971.67668
G1 X69.338 Y60 E971.70524
G1 X69.406 Y59.344 E971.7338
G1 X69.609 Y58.721 E971.76218
G1 X69.938 Y58.15 E971.79072
G1 X70.379 Y57.662 E971.8192
G1 X70.913 Y57.273 E971.84781
G1 X71.509 Y57.008 E971.87606
G1 X72.158 Y56.87 E971.90479
G1 X72.811 Y56.87 E971.93307
G1 X72.959 Y56.902 E971.93963
G0 F960 X73.46 Y57.008
M204 S2000
M205 X30 Y30
G0 F3600 X73.688 Y57.109
G0 X73.283 Y58.023
G1 F2700 E963.93963 ; Modi
;MESH:NONMESH
G0 F600 X73.283 Y58.023 Z31.55
G0 F3600 X69.917 Y59.452
G0 X68.49 Y59.304
G0 X52.79 Y59.452
G0 X51.355 Y59.452
G0 X48.044 Y57.809
;TIME_ELAPSED:1182.348131
;LAYER:125
M204 S500
M205 X10 Y10
;TYPE:FILL
;MESH:RetractTower
G1 F2700 E971.93963
G1 F2400 X46.294 Y59.558 E972.04678
G1 X46.082 Y59.77
M204 S2000
M205 X30 Y30
G0 F3600 X46.294 Y61.916
M204 S500
M205 X10 Y10
G1 F2400 X50.401 Y57.809 E972.2983
G1 X50.613 Y57.597
M204 S2000
M205 X30 Y30
G0 F3600 X50.674 Y59.894
M204 S500
M205 X10 Y10
G1 F2400 X48.379 Y62.189 E972.43886
G1 X48.167 Y62.401
M204 S2000
M205 X30 Y30
G0 F3600 X50.875 Y62.39
M204 S500
M205 X10 Y10
;TYPE:WALL-INNER
G1 F2400 X46.095 Y62.39 E972.64586
G1 X46.095 Y57.61 E972.85286
G1 X50.875 Y57.61 E973.05986
G1 X50.875 Y61.878 E973.24469
G0 F1920 X50.875 Y62.39
M204 S2000
M205 X30 Y30
G0 F3600 X51.375 Y62.89
M204 S500
M205 X10 Y10
G1 F2400 X45.595 Y62.89 E973.495
G1 X45.595 Y57.11 E973.7453
G1 X51.375 Y57.11 E973.99561
G1 X51.375 Y62.378 E974.22375
G0 F1920 X51.375 Y62.89
M204 S2000
M205 X30 Y30
G0 F3600 X51.875 Y63.39
M204 S500
M205 X10 Y10
;TYPE:WALL-OUTER
G1 F1200 X45.095 Y63.39 E974.51736
G1 X45.095 Y56.61 E974.81097
G1 X51.875 Y56.61 E975.10458
G1 X51.875 Y62.878 E975.37602
G0 F960 X51.875 Y63.39
M204 S2000
M205 X30 Y30
G0 F3600 X51.625 Y63.39
G0 X50.875 Y62.537
G1 F2700 E967.37602 ; Modi
G0 F3600 X51.355 Y60.97
G0 X52.79 Y60.97
G0 X68.434 Y60.149
G0 X69.86 Y60
G0 X70.816 Y60.97
M204 S500
M205 X10 Y10
;TYPE:FILL
G1 F2700 E975.37602
G1 F2400 X73.462 Y58.323 E975.53811
G1 X73.674 Y58.111
M204 S2000
M205 X30 Y30
G0 F3600 X74.398 Y59.745
M204 S500
M205 X10 Y10
G1 F2400 X72.225 Y61.918 E975.67119
G1 X72.013 Y62.13
M204 S2000
M205 X30 Y30
G0 F3600 X73.148 Y57.964
M204 S500
M205 X10 Y10
;TYPE:WALL-INNER
G1 F720 X73.557 Y58.145 E975.69056
G1 X73.916 Y58.407 E975.7098
G1 X74.217 Y58.74 E975.72924
G1 X74.444 Y59.133 E975.7489
G1 X74.581 Y59.553 E975.76803
G1 X74.628 Y60 E975.78749
G1 X74.581 Y60.447 E975.80696
G1 X74.444 Y60.867 E975.82609
G1 X74.217 Y61.26 E975.84574
G1 X73.916 Y61.593 E975.86518
G1 X73.557 Y61.855 E975.88443
G1 X73.148 Y62.036 E975.9038
G1 X72.707 Y62.13 E975.92332
G1 X72.262 Y62.13 E975.9426
G1 X71.821 Y62.036 E975.96212
G1 X71.415 Y61.856 E975.98135
G1 X71.051 Y61.59 E976.00088
G1 X70.752 Y61.26 E976.02016
G1 X70.527 Y60.87 E976.03966
G1 X70.389 Y60.445 E976.05901
G1 X70.342 Y60 E976.07839
G1 X70.389 Y59.555 E976.09777
G1 X70.527 Y59.13 E976.11712
G1 X70.752 Y58.74 E976.13662
G1 X71.051 Y58.41 E976.1559
G1 X71.415 Y58.144 E976.17543
G1 X71.821 Y57.964 E976.19466
G1 X72.262 Y57.87 E976.21419
G1 X72.645 Y57.87 E976.23077
G0 F1920 X72.707 Y57.87
G0 X73.148 Y57.964
M204 S2000
M205 X30 Y30
G0 F3600 X73.304 Y57.486
M204 S500
M205 X10 Y10
G1 F2400 X73.807 Y57.709 E976.2546
G1 X74.253 Y58.034 E976.2785
G1 X74.624 Y58.445 E976.30248
G1 X74.902 Y58.927 E976.32657
G1 X75.072 Y59.449 E976.35035
G1 X75.13 Y60 E976.37434
G1 X75.072 Y60.551 E976.39833
G1 X74.902 Y61.073 E976.42211
G1 X74.624 Y61.555 E976.4462
G1 X74.253 Y61.966 E976.47018
G1 X73.807 Y62.291 E976.49408
G1 X73.304 Y62.514 E976.51791
G1 X72.759 Y62.63 E976.54204
G1 X72.21 Y62.63 E976.56581
G1 X71.665 Y62.514 E976.58994
G1 X71.163 Y62.291 E976.61373
G1 X70.716 Y61.965 E976.63769
G1 X70.345 Y61.555 E976.66163
G1 X70.067 Y61.073 E976.68573
G1 X69.898 Y60.552 E976.70945
G1 X69.84 Y60 E976.73349
G1 X69.898 Y59.448 E976.75752
G1 X70.067 Y58.927 E976.78124
G1 X70.345 Y58.445 E976.80534
G1 X70.716 Y58.035 E976.82928
G1 X71.163 Y57.709 E976.85324
G1 X71.665 Y57.486 E976.87703
G1 X72.21 Y57.37 E976.90116
G1 X72.759 Y57.37 E976.92494
G1 X72.804 Y57.38 E976.92693
G0 F1920 X73.304 Y57.486
M204 S2000
M205 X30 Y30
G0 F3600 X73.46 Y57.008
M204 S500
M205 X10 Y10
;TYPE:WALL-OUTER
G1 F1200 X74.057 Y57.273 E976.95522
G1 X74.59 Y57.661 E976.98377
G1 X75.031 Y58.15 E977.01228
G1 X75.36 Y58.721 E977.04082
G1 X75.563 Y59.345 E977.06924
G1 X75.632 Y60 E977.09776
G1 X75.563 Y60.655 E977.12628
G1 X75.36 Y61.279 E977.1547
G1 X75.031 Y61.85 E977.18324
G1 X74.59 Y62.339 E977.21176
G1 X74.057 Y62.727 E977.24031
G1 X73.46 Y62.992 E977.26859
G1 X72.811 Y63.13 E977.29733
G1 X72.158 Y63.13 E977.3256
G1 X71.509 Y62.992 E977.35434
G1 X70.913 Y62.727 E977.38258
G1 X70.379 Y62.338 E977.4112
G1 X69.938 Y61.85 E977.43968
G1 X69.609 Y61.279 E977.46822
G1 X69.406 Y60.656 E977.49659
G1 X69.338 Y60 E977.52515
G1 X69.406 Y59.344 E977.55372
G1 X69.609 Y58.721 E977.58209
G1 X69.938 Y58.15 E977.61063
G1 X70.379 Y57.662 E977.63911
G1 X70.913 Y57.273 E977.66772
G1 X71.509 Y57.008 E977.69597
G1 X72.158 Y56.87 E977.7247
G1 X72.811 Y56.87 E977.75298
G1 X72.959 Y56.902 E977.75954
G0 F960 X73.46 Y57.008
M204 S2000
M205 X30 Y30
G0 F3600 X73.688 Y57.109
G0 X73.283 Y58.023
G1 F2700 E969.75954 ; Modi
;MESH:NONMESH
G0 F600 X73.283 Y58.023 Z31.8
G0 F3600 X69.917 Y59.452
G0 X68.49 Y59.304
G0 X52.79 Y59.452
G0 X51.355 Y59.452
G0 X46.135 Y57.922
;TIME_ELAPSED:1190.489020
;LAYER:126
M204 S500
M205 X10 Y10
;TYPE:FILL
;MESH:RetractTower
G1 F2700 E977.75954
G1 F2400 X50.561 Y62.349 E978.03063
G1 X50.773 Y62.561
M204 S2000
M205 X30 Y30
G0 F3600 X50.835 Y60.265
M204 S500
M205 X10 Y10
G1 F2400 X48.219 Y57.649 E978.19085
G1 X48.007 Y57.437
M204 S2000
M205 X30 Y30
G0 F3600 X50.577 Y57.649
M204 S500
M205 X10 Y10
G1 F2400 X50.835 Y57.907 E978.20665
M204 S2000
M205 X30 Y30
G0 F3600 X48.204 Y62.349
M204 S500
M205 X10 Y10
G1 F2400 X46.135 Y60.28 E978.33336
G1 X45.923 Y60.068
M204 S2000
M205 X30 Y30
G0 F3600 X51.035 Y62.55
M204 S500
M205 X10 Y10
;TYPE:WALL-INNER
G1 F2400 X45.935 Y62.55 E978.55422
G1 X45.935 Y57.45 E978.77508
G1 X51.035 Y57.45 E978.99594
G1 X51.035 Y62.038 E979.19463
G0 F1920 X51.035 Y62.55
M204 S2000
M205 X30 Y30
G0 F3600 X51.535 Y63.05
M204 S500
M205 X10 Y10
G1 F2400 X45.435 Y63.05 E979.45879
G1 X45.435 Y56.95 E979.72296
G1 X51.535 Y56.95 E979.98712
G1 X51.535 Y62.538 E980.22911
G0 F1920 X51.535 Y63.05
M204 S2000
M205 X30 Y30
G0 F3600 X52.035 Y63.55
M204 S500
M205 X10 Y10
;TYPE:WALL-OUTER
G1 F1200 X44.935 Y63.55 E980.53658
G1 X44.935 Y56.45 E980.84405
G1 X52.035 Y56.45 E981.15153
G1 X52.035 Y63.038 E981.43682
G0 F960 X52.035 Y63.55
M204 S2000
M205 X30 Y30
G0 F3600 X51.785 Y63.55
G0 X51.035 Y62.697
G1 F2700 E973.43682 ; Modi
G0 F3600 X51.515 Y60.899
G0 X52.95 Y60.899
G0 X68.035 Y60.149
G0 X69.46 Y60
G0 X70.329 Y60.899
M204 S500
M205 X10 Y10
;TYPE:FILL
G1 F2700 E981.43682
G1 F2400 X71.572 Y62.142 E981.51295
G1 X71.784 Y62.354
M204 S2000
M205 X30 Y30
G0 F3600 X73.747 Y61.96
M204 S500
M205 X10 Y10
G1 F2400 X70.524 Y58.737 E981.71034
G1 X70.312 Y58.525
M204 S2000
M205 X30 Y30
G0 F3600 X71.892 Y57.747
M204 S500
M205 X10 Y10
G1 F2400 X74.738 Y60.593 E981.88464
G1 X74.95 Y60.805
M204 S2000
M205 X30 Y30
G0 F3600 X73.273 Y57.584
M204 S500
M205 X10 Y10
;TYPE:WALL-INNER
G1 F2400 X73.757 Y57.799 E981.90757
G1 X74.183 Y58.109 E981.93039
G1 X74.541 Y58.505 E981.95351
G1 X74.805 Y58.963 E981.9764
G1 X74.972 Y59.475 E981.99972
G1 X75.027 Y60 E982.02258
G1 X74.972 Y60.525 E982.04544
G1 X74.805 Y61.037 E982.06876
G1 X74.541 Y61.495 E982.09166
G1 X74.183 Y61.891 E982.11477
G1 X73.757 Y62.201 E982.13759
G1 X73.273 Y62.416 E982.16052
G1 X72.747 Y62.528 E982.18381
G1 X72.223 Y62.528 E982.20651
G1 X71.697 Y62.416 E982.2298
G1 X71.216 Y62.202 E982.25259
G1 X70.785 Y61.889 E982.27566
G1 X70.427 Y61.492 E982.29881
G1 X70.164 Y61.035 E982.32165
G1 X69.998 Y60.526 E982.34483
G1 X69.943 Y60 E982.36773
G1 X69.998 Y59.474 E982.39064
G1 X70.164 Y58.965 E982.41382
G1 X70.427 Y58.508 E982.43666
G1 X70.785 Y58.111 E982.45981
G1 X71.216 Y57.798 E982.48287
G1 X71.697 Y57.584 E982.50567
G1 X72.223 Y57.472 E982.52896
G1 X72.747 Y57.472 E982.55165
G1 X72.772 Y57.478 E982.55277
G0 F1920 X73.273 Y57.584
M204 S2000
M205 X30 Y30
G0 F3600 X73.429 Y57.106
M204 S500
M205 X10 Y10
G1 F2400 X74.007 Y57.363 E982.58016
G1 X74.52 Y57.736 E982.60763
G1 X74.948 Y58.21 E982.63529
G1 X75.266 Y58.761 E982.66284
G1 X75.463 Y59.367 E982.69043
G1 X75.53 Y60 E982.718
G1 X75.463 Y60.633 E982.74556
G1 X75.266 Y61.239 E982.77316
G1 X74.948 Y61.79 E982.80071
G1 X74.52 Y62.264 E982.82836
G1 X74.007 Y62.637 E982.85583
G1 X73.429 Y62.894 E982.88323
G1 X72.799 Y63.028 E982.91112
G1 X72.171 Y63.028 E982.93831
G1 X71.541 Y62.894 E982.96621
G1 X70.963 Y62.637 E982.9936
G1 X70.451 Y62.265 E983.02101
G1 X70.02 Y61.787 E983.04888
G1 X69.703 Y61.237 E983.07637
G1 X69.507 Y60.634 E983.10383
G1 X69.44 Y60 E983.13144
G1 X69.507 Y59.366 E983.15905
G1 X69.703 Y58.763 E983.18651
G1 X70.02 Y58.213 E983.214
G1 X70.451 Y57.735 E983.24187
G1 X70.963 Y57.363 E983.26928
G1 X71.541 Y57.106 E983.29667
G1 X72.171 Y56.972 E983.32456
G1 X72.799 Y56.972 E983.35176
G1 X72.929 Y57 E983.35752
G0 F1920 X73.429 Y57.106
M204 S2000
M205 X30 Y30
G0 F3600 X73.585 Y56.628
M204 S500
M205 X10 Y10
;TYPE:WALL-OUTER
G1 F1200 X74.257 Y56.927 E983.38937
G1 X74.857 Y57.363 E983.42149
G1 X75.355 Y57.915 E983.45368
G1 X75.726 Y58.558 E983.48583
G1 X75.954 Y59.26 E983.5178
G1 X76.032 Y60 E983.55002
G1 X75.954 Y60.74 E983.58224
G1 X75.726 Y61.442 E983.61421
G1 X75.355 Y62.085 E983.64636
G1 X74.857 Y62.637 E983.67855
G1 X74.257 Y63.073 E983.71067
G1 X73.585 Y63.372 E983.74252
G1 X72.851 Y63.528 E983.77502
G1 X72.119 Y63.528 E983.80672
G1 X71.385 Y63.372 E983.83921
G1 X70.71 Y63.072 E983.8712
G1 X70.114 Y62.639 E983.90311
G1 X69.615 Y62.085 E983.93539
G1 X69.245 Y61.443 E983.96748
G1 X69.015 Y60.738 E983.9996
G1 X68.938 Y60 E984.03173
G1 X69.015 Y59.262 E984.06386
G1 X69.245 Y58.557 E984.09598
G1 X69.615 Y57.915 E984.12807
G1 X70.114 Y57.361 E984.16036
G1 X70.71 Y56.928 E984.19226
G1 X71.385 Y56.628 E984.22425
G1 X72.119 Y56.472 E984.25674
G1 X72.851 Y56.472 E984.28844
G1 X73.084 Y56.522 E984.29876
G0 F960 X73.585 Y56.628
M204 S2000
M205 X30 Y30
G0 F3600 X73.813 Y56.729
G0 X73.406 Y57.643
G1 F2700 E976.29876 ; Modi
;MESH:NONMESH
G0 F600 X73.406 Y57.643 Z32.05
G0 F3600 X70.036 Y58.224
G0 X68.793 Y57.51
G0 X52.95 Y58.224
G0 X51.515 Y58.224
G0 X48.204 Y57.649
;TIME_ELAPSED:1198.624134
;LAYER:127
M204 S500
M205 X10 Y10
;TYPE:FILL
;MESH:RetractTower
G1 F2700 E984.29876
G1 F2400 X46.135 Y59.718 E984.42548
G1 X45.923 Y59.93
M204 S2000
M205 X30 Y30
G0 F3600 X46.135 Y62.076
M204 S500
M205 X10 Y10
G1 F2400 X50.562 Y57.649 E984.6966
G1 X50.774 Y57.437
M204 S2000
M205 X30 Y30
G0 F3600 X50.834 Y59.734
M204 S500
M205 X10 Y10
G1 F2400 X48.219 Y62.349 E984.85675
G1 X48.007 Y62.561
M204 S2000
M205 X30 Y30
G0 F3600 X50.577 Y62.349
M204 S500
M205 X10 Y10
G1 F2400 X50.834 Y62.091 E984.87252
M204 S2000
M205 X30 Y30
G0 F3600 X51.035 Y62.55
M204 S500
M205 X10 Y10
;TYPE:WALL-INNER
G1 F2400 X45.935 Y62.55 E985.09338
G1 X45.935 Y57.45 E985.31424
G1 X51.035 Y57.45 E985.5351
G1 X51.035 Y62.038 E985.73379
G0 F1920 X51.035 Y62.55
M204 S2000
M205 X30 Y30
G0 F3600 X51.535 Y63.05
M204 S500
M205 X10 Y10
G1 F2400 X45.435 Y63.05 E985.99795
G1 X45.435 Y56.95 E986.26212
G1 X51.535 Y56.95 E986.52628
G1 X51.535 Y62.538 E986.76828
G0 F1920 X51.535 Y63.05
M204 S2000
M205 X30 Y30
G0 F3600 X52.035 Y63.55
M204 S500
M205 X10 Y10
;TYPE:WALL-OUTER
G1 F1200 X44.935 Y63.55 E987.07575
G1 X44.935 Y56.45 E987.38322
G1 X52.035 Y56.45 E987.69069
G1 X52.035 Y63.038 E987.97599
G0 F960 X52.035 Y63.55
M204 S2000
M205 X30 Y30
G0 F3600 X51.785 Y63.55
G0 X51.035 Y62.697
G1 F2700 E979.97599 ; Modi
G0 F3600 X51.515 Y61.26
G0 X52.95 Y61.26
G0 X68.1 Y60.777
G0 X69.525 Y60.628
G0 X70.525 Y61.26
M204 S500
M205 X10 Y10
;TYPE:FILL
G1 F2700 E987.97599
G1 F2400 X73.747 Y58.038 E988.17331
G1 X73.959 Y57.826
M204 S2000
M205 X30 Y30
G0 F3600 X74.737 Y59.406
M204 S500
M205 X10 Y10
G1 F2400 X71.89 Y62.252 E988.34764
G1 X71.678 Y62.464
M204 S2000
M205 X30 Y30
G0 F3600 X70.331 Y59.097
M204 S500
M205 X10 Y10
G1 F2400 X71.571 Y57.856 E988.42361
G1 X71.783 Y57.644
M204 S2000
M205 X30 Y30
G0 F3600 X73.273 Y57.584
M204 S500
M205 X10 Y10
;TYPE:WALL-INNER
G1 F2400 X73.757 Y57.799 E988.44655
G1 X74.183 Y58.109 E988.46937
G1 X74.541 Y58.505 E988.49248
G1 X74.805 Y58.963 E988.51538
G1 X74.972 Y59.475 E988.5387
G1 X75.027 Y60 E988.56156
G1 X74.972 Y60.525 E988.58442
G1 X74.805 Y61.037 E988.60774
G1 X74.541 Y61.495 E988.63063
G1 X74.183 Y61.891 E988.65375
G1 X73.757 Y62.201 E988.67657
G1 X73.273 Y62.416 E988.6995
G1 X72.747 Y62.528 E988.72279
G1 X72.223 Y62.528 E988.74548
G1 X71.697 Y62.416 E988.76877
G1 X71.216 Y62.202 E988.79157
G1 X70.785 Y61.889 E988.81464
G1 X70.429 Y61.494 E988.83767
G1 X70.163 Y61.031 E988.86079
G1 X69.997 Y60.526 E988.88381
G1 X69.943 Y60.001 E988.90667
G1 X69.998 Y59.474 E988.92961
G1 X70.164 Y58.965 E988.9528
G1 X70.427 Y58.508 E988.97563
G1 X70.785 Y58.111 E988.99878
G1 X71.216 Y57.798 E989.02185
G1 X71.697 Y57.584 E989.04465
G1 X72.223 Y57.472 E989.06794
G1 X72.747 Y57.472 E989.09063
G1 X72.772 Y57.478 E989.09174
G0 F1920 X73.273 Y57.584
M204 S2000
M205 X30 Y30
G0 F3600 X73.429 Y57.106
M204 S500
M205 X10 Y10
G1 F2400 X74.007 Y57.363 E989.11914
G1 X74.52 Y57.736 E989.14661
G1 X74.948 Y58.21 E989.17426
G1 X75.266 Y58.761 E989.20181
G1 X75.463 Y59.367 E989.22941
G1 X75.53 Y60 E989.25697
G1 X75.463 Y60.633 E989.28454
G1 X75.266 Y61.239 E989.31213
G1 X74.948 Y61.79 E989.33968
G1 X74.52 Y62.264 E989.36734
G1 X74.007 Y62.637 E989.39481
G1 X73.429 Y62.894 E989.4222
G1 X72.799 Y63.028 E989.4501
G1 X72.171 Y63.028 E989.47729
G1 X71.541 Y62.894 E989.50518
G1 X70.963 Y62.637 E989.53258
G1 X70.448 Y62.263 E989.56014
G1 X70.022 Y61.79 E989.58771
G1 X69.705 Y61.237 E989.61531
G1 X69.506 Y60.632 E989.64289
G1 X69.44 Y60 E989.67041
G1 X69.507 Y59.366 E989.69802
G1 X69.703 Y58.763 E989.72548
G1 X70.02 Y58.213 E989.75297
G1 X70.451 Y57.735 E989.78084
G1 X70.963 Y57.363 E989.80825
G1 X71.541 Y57.106 E989.83564
G1 X72.171 Y56.972 E989.86353
G1 X72.799 Y56.972 E989.89073
G1 X72.929 Y57 E989.89649
G0 F1920 X73.429 Y57.106
M204 S2000
M205 X30 Y30
G0 F3600 X73.585 Y56.628
M204 S500
M205 X10 Y10
;TYPE:WALL-OUTER
G1 F1200 X74.257 Y56.927 E989.92834
G1 X74.857 Y57.363 E989.96046
G1 X75.355 Y57.915 E989.99266
G1 X75.726 Y58.558 E990.0248
G1 X75.954 Y59.26 E990.05677
G1 X76.032 Y60 E990.08899
G1 X75.954 Y60.74 E990.12122
G1 X75.726 Y61.442 E990.15318
G1 X75.355 Y62.085 E990.18533
G1 X74.857 Y62.637 E990.21752
G1 X74.257 Y63.073 E990.24964
G1 X73.585 Y63.372 E990.28149
G1 X72.851 Y63.528 E990.31399
G1 X72.119 Y63.528 E990.34569
G1 X71.385 Y63.372 E990.37819
G1 X70.71 Y63.072 E990.41017
G1 X70.114 Y62.639 E990.44208
G1 X69.613 Y62.083 E990.47449
G1 X69.246 Y61.443 E990.50644
G1 X69.015 Y60.738 E990.53857
G1 X68.938 Y60 E990.5707
G1 X69.015 Y59.262 E990.60283
G1 X69.245 Y58.557 E990.63495
G1 X69.615 Y57.915 E990.66703
G1 X70.114 Y57.361 E990.69932
G1 X70.71 Y56.928 E990.73123
G1 X71.385 Y56.628 E990.76321
G1 X72.119 Y56.472 E990.79571
G1 X72.851 Y56.472 E990.82741
G1 X73.084 Y56.522 E990.83773
G0 F960 X73.585 Y56.628
M204 S2000
M205 X30 Y30
G0 F3600 X73.813 Y56.729
G0 X73.406 Y57.643
G1 F2700 E982.83773 ; Modi
;MESH:NONMESH
G0 F600 X73.406 Y57.643 Z32.3
G0 F3600 X70.036 Y58.224
G0 X68.793 Y57.51
G0 X52.95 Y58.224
G0 X51.515 Y58.224
G0 X46.135 Y57.922
;TIME_ELAPSED:1206.586223
;LAYER:128
M204 S500
M205 X10 Y10
;TYPE:FILL
;MESH:RetractTower
G1 F2700 E990.83773
G1 F2400 X50.561 Y62.349 E991.10883
G1 X50.773 Y62.561
M204 S2000
M205 X30 Y30
G0 F3600 X50.835 Y60.265
M204 S500
M205 X10 Y10
G1 F2400 X48.219 Y57.649 E991.26904
G1 X48.007 Y57.437
M204 S2000
M205 X30 Y30
G0 F3600 X50.577 Y57.649
M204 S500
M205 X10 Y10
G1 F2400 X50.835 Y57.907 E991.28484
M204 S2000
M205 X30 Y30
G0 F3600 X48.204 Y62.349
M204 S500
M205 X10 Y10
G1 F2400 X46.135 Y60.28 E991.41155
G1 X45.923 Y60.068
M204 S2000
M205 X30 Y30
G0 F3600 X51.035 Y62.55
M204 S500
M205 X10 Y10
;TYPE:WALL-INNER
G1 F2400 X45.935 Y62.55 E991.63241
G1 X45.935 Y57.45 E991.85327
G1 X51.035 Y57.45 E992.07413
G1 X51.035 Y62.038 E992.27282
G0 F1920 X51.035 Y62.55
M204 S2000
M205 X30 Y30
G0 F3600 X51.535 Y63.05
M204 S500
M205 X10 Y10
G1 F2400 X45.435 Y63.05 E992.53698
G1 X45.435 Y56.95 E992.80115
G1 X51.535 Y56.95 E993.06531
G1 X51.535 Y62.538 E993.3073
G0 F1920 X51.535 Y63.05
M204 S2000
M205 X30 Y30
G0 F3600 X52.035 Y63.55
M204 S500
M205 X10 Y10
;TYPE:WALL-OUTER
G1 F1200 X44.935 Y63.55 E993.61477
G1 X44.935 Y56.45 E993.92225
G1 X52.035 Y56.45 E994.22972
G1 X52.035 Y63.038 E994.51501
G0 F960 X52.035 Y63.55
M204 S2000
M205 X30 Y30
G0 F3600 X51.785 Y63.55
G0 X51.035 Y62.697
G1 F2700 E986.51501 ; Modi
G0 F3600 X51.515 Y60.899
G0 X52.95 Y60.899
G0 X68.035 Y60.149
G0 X69.46 Y60
G0 X70.329 Y60.899
M204 S500
M205 X10 Y10
;TYPE:FILL
G1 F2700 E994.51501
G1 F2400 X71.572 Y62.142 E994.59114
G1 X71.784 Y62.354
M204 S2000
M205 X30 Y30
G0 F3600 X73.747 Y61.96
M204 S500
M205 X10 Y10
G1 F2400 X70.524 Y58.737 E994.78853
G1 X70.312 Y58.525
M204 S2000
M205 X30 Y30
G0 F3600 X71.892 Y57.747
M204 S500
M205 X10 Y10
G1 F2400 X74.738 Y60.593 E994.96283
G1 X74.95 Y60.805
M204 S2000
M205 X30 Y30
G0 F3600 X73.273 Y57.584
M204 S500
M205 X10 Y10
;TYPE:WALL-INNER
G1 F2400 X73.757 Y57.799 E994.98576
G1 X74.183 Y58.109 E995.00858
G1 X74.541 Y58.505 E995.0317
G1 X74.805 Y58.963 E995.05459
G1 X74.972 Y59.475 E995.07791
G1 X75.027 Y60 E995.10077
G1 X74.972 Y60.525 E995.12363
G1 X74.805 Y61.037 E995.14695
G1 X74.541 Y61.495 E995.16985
G1 X74.183 Y61.891 E995.19296
G1 X73.757 Y62.201 E995.21578
G1 X73.273 Y62.416 E995.23872
G1 X72.747 Y62.528 E995.26201
G1 X72.223 Y62.528 E995.2847
G1 X71.697 Y62.416 E995.30799
G1 X71.216 Y62.202 E995.33079
G1 X70.786 Y61.89 E995.35379
G1 X70.426 Y61.49 E995.3771
G1 X70.164 Y61.035 E995.39983
G1 X69.998 Y60.526 E995.42302
G1 X69.943 Y60 E995.44592
G1 X69.998 Y59.474 E995.46883
G1 X70.164 Y58.965 E995.49201
G1 X70.427 Y58.508 E995.51484
G1 X70.785 Y58.111 E995.538
G1 X71.216 Y57.798 E995.56106
G1 X71.697 Y57.584 E995.58386
G1 X72.223 Y57.472 E995.60715
G1 X72.747 Y57.472 E995.62984
G1 X72.772 Y57.478 E995.63096
G0 F1920 X73.273 Y57.584
M204 S2000
M205 X30 Y30
G0 F3600 X73.429 Y57.106
M204 S500
M205 X10 Y10
G1 F2400 X74.007 Y57.363 E995.65835
G1 X74.52 Y57.736 E995.68582
G1 X74.948 Y58.21 E995.71347
G1 X75.266 Y58.761 E995.74102
G1 X75.463 Y59.367 E995.76862
G1 X75.53 Y60 E995.79618
G1 X75.463 Y60.633 E995.82375
G1 X75.266 Y61.239 E995.85135
G1 X74.948 Y61.79 E995.8789
G1 X74.52 Y62.264 E995.90655
G1 X74.007 Y62.637 E995.93402
G1 X73.429 Y62.894 E995.96141
G1 X72.799 Y63.028 E995.98931
G1 X72.171 Y63.028 E996.0165
G1 X71.541 Y62.894 E996.0444
G1 X70.963 Y62.637 E996.07179
G1 X70.451 Y62.265 E996.0992
G1 X70.019 Y61.785 E996.12716
G1 X69.703 Y61.237 E996.15456
G1 X69.507 Y60.634 E996.18201
G1 X69.44 Y60 E996.20962
G1 X69.507 Y59.366 E996.23723
G1 X69.703 Y58.763 E996.26469
G1 X70.02 Y58.213 E996.29218
G1 X70.451 Y57.735 E996.32005
G1 X70.963 Y57.363 E996.34746
G1 X71.541 Y57.106 E996.37485
G1 X72.171 Y56.972 E996.40275
G1 X72.799 Y56.972 E996.42994
G1 X72.929 Y57 E996.4357
G0 F1920 X73.429 Y57.106
M204 S2000
M205 X30 Y30
G0 F3600 X73.585 Y56.628
M204 S500
M205 X10 Y10
;TYPE:WALL-OUTER
G1 F1200 X74.257 Y56.927 E996.46755
G1 X74.857 Y57.363 E996.49967
G1 X75.355 Y57.915 E996.53187
G1 X75.726 Y58.558 E996.56402
G1 X75.954 Y59.26 E996.59598
G1 X76.032 Y60 E996.6282
G1 X75.954 Y60.74 E996.66043
G1 X75.726 Y61.442 E996.69239
G1 X75.355 Y62.085 E996.72454
G1 X74.857 Y62.637 E996.75674
G1 X74.257 Y63.073 E996.78885
G1 X73.585 Y63.372 E996.82071
G1 X72.851 Y63.528 E996.8532
G1 X72.119 Y63.528 E996.8849
G1 X71.385 Y63.372 E996.9174
G1 X70.71 Y63.072 E996.94939
G1 X70.114 Y62.639 E996.98129
G1 X69.615 Y62.085 E997.01358
G1 X69.244 Y61.44 E997.0458
G1 X69.015 Y60.738 E997.07778
G1 X68.938 Y60 E997.10991
G1 X69.015 Y59.262 E997.14205
G1 X69.245 Y58.557 E997.17416
G1 X69.615 Y57.915 E997.20625
G1 X70.114 Y57.361 E997.23854
G1 X70.71 Y56.928 E997.27044
G1 X71.385 Y56.628 E997.30243
G1 X72.119 Y56.472 E997.33493
G1 X72.851 Y56.472 E997.36663
G1 X73.084 Y56.522 E997.37695
G0 F960 X73.585 Y56.628
M204 S2000
M205 X30 Y30
G0 F3600 X73.813 Y56.729
G0 X73.406 Y57.643
G1 F2700 E989.37695 ; Modi
;MESH:NONMESH
G0 F600 X73.406 Y57.643 Z32.55
G0 F3600 X70.036 Y58.224
G0 X68.793 Y57.51
G0 X52.95 Y58.224
G0 X51.515 Y58.224
G0 X48.204 Y57.649
;TIME_ELAPSED:1214.721331
;LAYER:129
M204 S500
M205 X10 Y10
;TYPE:FILL
;MESH:RetractTower
G1 F2700 E997.37695
G1 F2400 X46.135 Y59.718 E997.50366
G1 X45.923 Y59.93
M204 S2000
M205 X30 Y30
G0 F3600 X46.135 Y62.076
M204 S500
M205 X10 Y10
G1 F2400 X50.562 Y57.649 E997.77478
G1 X50.774 Y57.437
M204 S2000
M205 X30 Y30
G0 F3600 X50.834 Y59.734
M204 S500
M205 X10 Y10
G1 F2400 X48.219 Y62.349 E997.93494
G1 X48.007 Y62.561
M204 S2000
M205 X30 Y30
G0 F3600 X50.577 Y62.349
M204 S500
M205 X10 Y10
G1 F2400 X50.834 Y62.091 E997.95071
M204 S2000
M205 X30 Y30
G0 F3600 X51.035 Y62.55
M204 S500
M205 X10 Y10
;TYPE:WALL-INNER
G1 F2400 X45.935 Y62.55 E998.17156
G1 X45.935 Y57.45 E998.39242
G1 X51.035 Y57.45 E998.61328
G1 X51.035 Y62.038 E998.81197
G0 F1920 X51.035 Y62.55
M204 S2000
M205 X30 Y30
G0 F3600 X51.535 Y63.05
M204 S500
M205 X10 Y10
G1 F2400 X45.435 Y63.05 E999.07613
G1 X45.435 Y56.95 E999.3403
G1 X51.535 Y56.95 E999.60446
G1 X51.535 Y62.538 E999.84646
G0 F1920 X51.535 Y63.05
M204 S2000
M205 X30 Y30
G0 F3600 X52.035 Y63.55
M204 S500
M205 X10 Y10
;TYPE:WALL-OUTER
G1 F1200 X44.935 Y63.55 E1000.15393
G1 X44.935 Y56.45 E1000.4614
G1 X52.035 Y56.45 E1000.76887
G1 X52.035 Y63.038 E1001.05417
G0 F960 X52.035 Y63.55
M204 S2000
M205 X30 Y30
G0 F3600 X51.785 Y63.55
G0 X51.035 Y62.697
G1 F2700 E993.05417 ; Modi
G0 F3600 X51.515 Y61.261
G0 X52.95 Y61.261
G0 X68.1 Y60.779
G0 X69.526 Y60.63
G0 X70.524 Y61.261
M204 S500
M205 X10 Y10
;TYPE:FILL
G1 F2700 E1001.05417
G1 F2400 X73.747 Y58.038 E1001.25156
G1 X73.959 Y57.826
M204 S2000
M205 X30 Y30
G0 F3600 X74.737 Y59.406
M204 S500
M205 X10 Y10
G1 F2400 X71.89 Y62.252 E1001.42589
G1 X71.678 Y62.464
M204 S2000
M205 X30 Y30
G0 F3600 X70.331 Y59.097
M204 S500
M205 X10 Y10
G1 F2400 X71.571 Y57.856 E1001.50186
G1 X71.783 Y57.644
M204 S2000
M205 X30 Y30
G0 F3600 X73.273 Y57.584
M204 S500
M205 X10 Y10
;TYPE:WALL-INNER
G1 F2400 X73.757 Y57.799 E1001.52479
G1 X74.183 Y58.109 E1001.54761
G1 X74.541 Y58.505 E1001.57073
G1 X74.805 Y58.963 E1001.59362
G1 X74.972 Y59.475 E1001.61694
G1 X75.027 Y60 E1001.6398
G1 X74.972 Y60.525 E1001.66266
G1 X74.805 Y61.037 E1001.68598
G1 X74.541 Y61.495 E1001.70888
G1 X74.183 Y61.891 E1001.732
G1 X73.757 Y62.201 E1001.75481
G1 X73.273 Y62.416 E1001.77775
G1 X72.747 Y62.528 E1001.80104
G1 X72.223 Y62.528 E1001.82373
G1 X71.697 Y62.416 E1001.84702
G1 X71.216 Y62.202 E1001.86982
G1 X70.785 Y61.889 E1001.89288
G1 X70.429 Y61.494 E1001.91591
G1 X70.161 Y61.027 E1001.93923
G1 X69.999 Y60.53 E1001.96187
G1 X69.943 Y60 E1001.98495
G1 X69.998 Y59.474 E1002.00785
G1 X70.164 Y58.965 E1002.03103
G1 X70.427 Y58.508 E1002.05387
G1 X70.785 Y58.111 E1002.07702
G1 X71.216 Y57.798 E1002.10009
G1 X71.697 Y57.584 E1002.12288
G1 X72.223 Y57.472 E1002.14617
G1 X72.747 Y57.472 E1002.16887
G1 X72.772 Y57.478 E1002.16998
G0 F1920 X73.273 Y57.584
M204 S2000
M205 X30 Y30
G0 F3600 X73.429 Y57.106
M204 S500
M205 X10 Y10
G1 F2400 X74.007 Y57.363 E1002.19737
G1 X74.52 Y57.736 E1002.22484
G1 X74.948 Y58.21 E1002.2525
G1 X75.266 Y58.761 E1002.28005
G1 X75.463 Y59.367 E1002.30764
G1 X75.53 Y60 E1002.33521
G1 X75.463 Y60.633 E1002.36277
G1 X75.266 Y61.239 E1002.39037
G1 X74.948 Y61.79 E1002.41792
G1 X74.52 Y62.264 E1002.44558
G1 X74.007 Y62.637 E1002.47304
G1 X73.429 Y62.894 E1002.50044
G1 X72.799 Y63.028 E1002.52833
G1 X72.171 Y63.028 E1002.55553
G1 X71.541 Y62.894 E1002.58342
G1 X70.963 Y62.637 E1002.61081
G1 X70.448 Y62.263 E1002.63838
G1 X70.022 Y61.79 E1002.66594
G1 X69.703 Y61.234 E1002.6937
G1 X69.507 Y60.634 E1002.72104
G1 X69.44 Y60 E1002.74864
G1 X69.507 Y59.366 E1002.77625
G1 X69.703 Y58.763 E1002.80371
G1 X70.02 Y58.213 E1002.8312
G1 X70.451 Y57.735 E1002.85908
G1 X70.963 Y57.363 E1002.88648
G1 X71.541 Y57.106 E1002.91388
G1 X72.171 Y56.972 E1002.94177
G1 X72.799 Y56.972 E1002.96896
G1 X72.929 Y57 E1002.97472
G0 F1920 X73.429 Y57.106
M204 S2000
M205 X30 Y30
G0 F3600 X73.585 Y56.628
M204 S500
M205 X10 Y10
;TYPE:WALL-OUTER
G1 F1200 X74.257 Y56.927 E1003.00658
G1 X74.857 Y57.363 E1003.03869
G1 X75.355 Y57.915 E1003.07089
G1 X75.726 Y58.558 E1003.10304
G1 X75.954 Y59.26 E1003.135
G1 X76.032 Y60 E1003.16723
G1 X75.954 Y60.74 E1003.19945
G1 X75.726 Y61.442 E1003.23141
G1 X75.355 Y62.085 E1003.26356
G1 X74.857 Y62.637 E1003.29576
G1 X74.257 Y63.073 E1003.32788
G1 X73.585 Y63.372 E1003.35973
G1 X72.851 Y63.528 E1003.39222
G1 X72.119 Y63.528 E1003.42392
G1 X71.385 Y63.372 E1003.45642
G1 X70.71 Y63.072 E1003.48841
G1 X70.114 Y62.639 E1003.52031
G1 X69.613 Y62.083 E1003.55272
G1 X69.245 Y61.441 E1003.58477
G1 X69.015 Y60.738 E1003.6168
G1 X68.938 Y60 E1003.64893
G1 X69.015 Y59.262 E1003.68107
G1 X69.245 Y58.557 E1003.71318
G1 X69.615 Y57.915 E1003.74527
G1 X70.114 Y57.361 E1003.77756
G1 X70.71 Y56.928 E1003.80946
G1 X71.385 Y56.628 E1003.84145
G1 X72.119 Y56.472 E1003.87395
G1 X72.851 Y56.472 E1003.90565
G1 X73.084 Y56.522 E1003.91597
G0 F960 X73.585 Y56.628
M204 S2000
M205 X30 Y30
G0 F3600 X73.813 Y56.729
G0 X73.406 Y57.643
G1 F2700 E995.91597 ; Modi
;MESH:NONMESH
G0 F600 X73.406 Y57.643 Z32.8
G0 F3600 X70.036 Y58.224
G0 X68.793 Y57.51
G0 X52.95 Y58.224
G0 X51.515 Y58.224
G0 X46.135 Y57.922
;TIME_ELAPSED:1222.683413
;LAYER:130
M204 S500
M205 X10 Y10
;TYPE:FILL
;MESH:RetractTower
G1 F2700 E1003.91597
G1 F2400 X50.561 Y62.349 E1004.18706
G1 X50.773 Y62.561
M204 S2000
M205 X30 Y30
G0 F3600 X50.835 Y60.265
M204 S500
M205 X10 Y10
G1 F2400 X48.219 Y57.649 E1004.34727
G1 X48.007 Y57.437
M204 S2000
M205 X30 Y30
G0 F3600 X50.577 Y57.649
M204 S500
M205 X10 Y10
G1 F2400 X50.835 Y57.907 E1004.36308
M204 S2000
M205 X30 Y30
G0 F3600 X48.204 Y62.349
M204 S500
M205 X10 Y10
G1 F2400 X46.135 Y60.28 E1004.48979
G1 X45.923 Y60.068
M204 S2000
M205 X30 Y30
G0 F3600 X51.035 Y62.55
M204 S500
M205 X10 Y10
;TYPE:WALL-INNER
G1 F2400 X45.935 Y62.55 E1004.71065
G1 X45.935 Y57.45 E1004.93151
G1 X51.035 Y57.45 E1005.15237
G1 X51.035 Y62.038 E1005.35105
G0 F1920 X51.035 Y62.55
M204 S2000
M205 X30 Y30
G0 F3600 X51.535 Y63.05
M204 S500
M205 X10 Y10
G1 F2400 X45.435 Y63.05 E1005.61522
G1 X45.435 Y56.95 E1005.87938
G1 X51.535 Y56.95 E1006.14355
G1 X51.535 Y62.538 E1006.38554
G0 F1920 X51.535 Y63.05
M204 S2000
M205 X30 Y30
G0 F3600 X52.035 Y63.55
M204 S500
M205 X10 Y10
;TYPE:WALL-OUTER
G1 F1200 X44.935 Y63.55 E1006.69301
G1 X44.935 Y56.45 E1007.00048
G1 X52.035 Y56.45 E1007.30795
G1 X52.035 Y63.038 E1007.59325
G0 F960 X52.035 Y63.55
M204 S2000
M205 X30 Y30
G0 F3600 X51.785 Y63.55
G0 X51.035 Y62.697
G1 F2700 E999.59325 ; Modi
G0 F3600 X51.515 Y60.899
G0 X52.95 Y60.899
G0 X68.035 Y60.149
G0 X69.46 Y60
G0 X70.329 Y60.899
M204 S500
M205 X10 Y10
;TYPE:FILL
G1 F2700 E1007.59325
G1 F2400 X71.572 Y62.142 E1007.66938
G1 X71.784 Y62.354
M204 S2000
M205 X30 Y30
G0 F3600 X73.747 Y61.96
M204 S500
M205 X10 Y10
G1 F2400 X70.524 Y58.737 E1007.86676
G1 X70.312 Y58.525
M204 S2000
M205 X30 Y30
G0 F3600 X71.892 Y57.747
M204 S500
M205 X10 Y10
G1 F2400 X74.738 Y60.593 E1008.04106
G1 X74.95 Y60.805
M204 S2000
M205 X30 Y30
G0 F3600 X73.273 Y57.584
M204 S500
M205 X10 Y10
;TYPE:WALL-INNER
G1 F2400 X73.757 Y57.799 E1008.064
G1 X74.183 Y58.109 E1008.08681
G1 X74.541 Y58.505 E1008.10993
G1 X74.805 Y58.963 E1008.13283
G1 X74.972 Y59.475 E1008.15615
G1 X75.027 Y60 E1008.17901
G1 X74.972 Y60.525 E1008.20187
G1 X74.805 Y61.037 E1008.22519
G1 X74.541 Y61.495 E1008.24808
G1 X74.183 Y61.891 E1008.2712
G1 X73.757 Y62.201 E1008.29402
G1 X73.273 Y62.416 E1008.31695
G1 X72.747 Y62.528 E1008.34024
G1 X72.223 Y62.528 E1008.36293
G1 X71.697 Y62.416 E1008.38622
G1 X71.216 Y62.202 E1008.40902
G1 X70.782 Y61.887 E1008.43224
G1 X70.427 Y61.493 E1008.45521
G1 X70.163 Y61.032 E1008.47822
G1 X69.997 Y60.526 E1008.50128
G1 X69.943 Y60.001 E1008.52413
G1 X69.998 Y59.474 E1008.54708
G1 X70.164 Y58.965 E1008.57027
G1 X70.427 Y58.508 E1008.5931
G1 X70.785 Y58.111 E1008.61625
G1 X71.216 Y57.798 E1008.63932
G1 X71.697 Y57.584 E1008.66212
G1 X72.223 Y57.472 E1008.68541
G1 X72.747 Y57.472 E1008.7081
G1 X72.772 Y57.478 E1008.70921
G0 F1920 X73.273 Y57.584
M204 S2000
M205 X30 Y30
G0 F3600 X73.429 Y57.106
M204 S500
M205 X10 Y10
G1 F2400 X74.007 Y57.363 E1008.7366
G1 X74.52 Y57.736 E1008.76407
G1 X74.948 Y58.21 E1008.79173
G1 X75.266 Y58.761 E1008.81928
G1 X75.463 Y59.367 E1008.84687
G1 X75.53 Y60 E1008.87444
G1 X75.463 Y60.633 E1008.90201
G1 X75.266 Y61.239 E1008.9296
G1 X74.948 Y61.79 E1008.95715
G1 X74.52 Y62.264 E1008.98481
G1 X74.007 Y62.637 E1009.01227
G1 X73.429 Y62.894 E1009.03967
G1 X72.799 Y63.028 E1009.06756
G1 X72.171 Y63.028 E1009.09476
G1 X71.541 Y62.894 E1009.12265
G1 X70.963 Y62.637 E1009.15004
G1 X70.448 Y62.263 E1009.17761
G1 X70.02 Y61.788 E1009.2053
G1 X69.704 Y61.236 E1009.23284
G1 X69.506 Y60.632 E1009.26037
G1 X69.44 Y60 E1009.28788
G1 X69.507 Y59.366 E1009.31549
G1 X69.703 Y58.763 E1009.34295
G1 X70.02 Y58.213 E1009.37044
G1 X70.451 Y57.735 E1009.39832
G1 X70.963 Y57.363 E1009.42572
G1 X71.541 Y57.106 E1009.45312
G1 X72.171 Y56.972 E1009.48101
G1 X72.799 Y56.972 E1009.5082
G1 X72.929 Y57 E1009.51396
G0 F1920 X73.429 Y57.106
M204 S2000
M205 X30 Y30
G0 F3600 X73.585 Y56.628
M204 S500
M205 X10 Y10
;TYPE:WALL-OUTER
G1 F1200 X74.257 Y56.927 E1009.54582
G1 X74.857 Y57.363 E1009.57793
G1 X75.355 Y57.915 E1009.61013
G1 X75.726 Y58.558 E1009.64228
G1 X75.954 Y59.26 E1009.67424
G1 X76.032 Y60 E1009.70647
G1 X75.954 Y60.74 E1009.73869
G1 X75.726 Y61.442 E1009.77065
G1 X75.355 Y62.085 E1009.8028
G1 X74.857 Y62.637 E1009.835
G1 X74.257 Y63.073 E1009.86712
G1 X73.585 Y63.372 E1009.89897
G1 X72.851 Y63.528 E1009.93146
G1 X72.119 Y63.528 E1009.96316
G1 X71.385 Y63.372 E1009.99566
G1 X70.71 Y63.072 E1010.02765
G1 X70.114 Y62.639 E1010.05955
G1 X69.613 Y62.083 E1010.09196
G1 X69.245 Y61.44 E1010.12405
G1 X69.015 Y60.738 E1010.15604
G1 X68.938 Y60 E1010.18817
G1 X69.015 Y59.262 E1010.2203
G1 X69.245 Y58.557 E1010.25242
G1 X69.615 Y57.915 E1010.28451
G1 X70.114 Y57.361 E1010.3168
G1 X70.71 Y56.928 E1010.3487
G1 X71.385 Y56.628 E1010.38069
G1 X72.119 Y56.472 E1010.41318
G1 X72.851 Y56.472 E1010.44488
G1 X73.084 Y56.522 E1010.4552
G0 F960 X73.585 Y56.628
M204 S2000
M205 X30 Y30
G0 F3600 X73.813 Y56.729
G0 X73.406 Y57.643
G1 F2700 E1002.45520 ; Modi
;MESH:NONMESH
G0 F600 X73.406 Y57.643 Z33.05
G0 F3600 X70.036 Y58.224
G0 X68.793 Y57.51
G0 X52.95 Y58.224
G0 X51.515 Y58.224
G0 X48.204 Y57.649
;TIME_ELAPSED:1230.818531
;LAYER:131
M204 S500
M205 X10 Y10
;TYPE:FILL
;MESH:RetractTower
G1 F2700 E1010.4552
G1 F2400 X46.135 Y59.718 E1010.58192
G1 X45.923 Y59.93
M204 S2000
M205 X30 Y30
G0 F3600 X46.135 Y62.076
M204 S500
M205 X10 Y10
G1 F2400 X50.562 Y57.649 E1010.85304
G1 X50.774 Y57.437
M204 S2000
M205 X30 Y30
G0 F3600 X50.834 Y59.734
M204 S500
M205 X10 Y10
G1 F2400 X48.219 Y62.349 E1011.01319
G1 X48.007 Y62.561
M204 S2000
M205 X30 Y30
G0 F3600 X50.577 Y62.349
M204 S500
M205 X10 Y10
G1 F2400 X50.834 Y62.091 E1011.02896
M204 S2000
M205 X30 Y30
G0 F3600 X51.035 Y62.55
M204 S500
M205 X10 Y10
;TYPE:WALL-INNER
G1 F2400 X45.935 Y62.55 E1011.24982
G1 X45.935 Y57.45 E1011.47068
G1 X51.035 Y57.45 E1011.69154
G1 X51.035 Y62.038 E1011.89023
G0 F1920 X51.035 Y62.55
M204 S2000
M205 X30 Y30
G0 F3600 X51.535 Y63.05
M204 S500
M205 X10 Y10
G1 F2400 X45.435 Y63.05 E1012.15439
G1 X45.435 Y56.95 E1012.41856
G1 X51.535 Y56.95 E1012.68272
G1 X51.535 Y62.538 E1012.92471
G0 F1920 X51.535 Y63.05
M204 S2000
M205 X30 Y30
G0 F3600 X52.035 Y63.55
M204 S500
M205 X10 Y10
;TYPE:WALL-OUTER
G1 F1200 X44.935 Y63.55 E1013.23219
G1 X44.935 Y56.45 E1013.53966
G1 X52.035 Y56.45 E1013.84713
G1 X52.035 Y63.038 E1014.13243
G0 F960 X52.035 Y63.55
M204 S2000
M205 X30 Y30
G0 F3600 X51.785 Y63.55
G0 X51.035 Y62.697
G1 F2700 E1006.13243 ; Modi
G0 F3600 X51.515 Y61.261
G0 X52.95 Y61.261
G0 X68.1 Y60.781
G0 X69.526 Y60.632
G0 X70.524 Y61.261
M204 S500
M205 X10 Y10
;TYPE:FILL
G1 F2700 E1014.13243
G1 F2400 X73.747 Y58.038 E1014.32981
G1 X73.959 Y57.826
M204 S2000
M205 X30 Y30
G0 F3600 X74.737 Y59.406
M204 S500
M205 X10 Y10
G1 F2400 X71.89 Y62.252 E1014.50414
G1 X71.678 Y62.464
M204 S2000
M205 X30 Y30
G0 F3600 X70.331 Y59.097
M204 S500
M205 X10 Y10
G1 F2400 X71.571 Y57.856 E1014.58012
G1 X71.783 Y57.644
M204 S2000
M205 X30 Y30
G0 F3600 X73.273 Y57.584
M204 S500
M205 X10 Y10
;TYPE:WALL-INNER
G1 F2400 X73.757 Y57.799 E1014.60305
G1 X74.183 Y58.109 E1014.62587
G1 X74.541 Y58.505 E1014.64898
G1 X74.805 Y58.963 E1014.67188
G1 X74.972 Y59.475 E1014.6952
G1 X75.027 Y60 E1014.71806
G1 X74.972 Y60.525 E1014.74092
G1 X74.805 Y61.037 E1014.76424
G1 X74.541 Y61.495 E1014.78713
G1 X74.183 Y61.891 E1014.81025
G1 X73.757 Y62.201 E1014.83307
G1 X73.273 Y62.416 E1014.856
G1 X72.747 Y62.528 E1014.87929
G1 X72.223 Y62.528 E1014.90199
G1 X71.697 Y62.416 E1014.92527
G1 X71.216 Y62.202 E1014.94807
G1 X70.786 Y61.89 E1014.97108
G1 X70.426 Y61.49 E1014.99439
G1 X70.161 Y61.031 E1015.01734
G1 X69.998 Y60.529 E1015.04019
G1 X69.943 Y60.001 E1015.06318
G1 X69.998 Y59.474 E1015.08613
G1 X70.164 Y58.965 E1015.10931
G1 X70.427 Y58.508 E1015.13215
G1 X70.785 Y58.111 E1015.1553
G1 X71.216 Y57.798 E1015.17837
G1 X71.697 Y57.584 E1015.20116
G1 X72.223 Y57.472 E1015.22445
G1 X72.747 Y57.472 E1015.24715
G1 X72.772 Y57.478 E1015.24826
G0 F1920 X73.273 Y57.584
M204 S2000
M205 X30 Y30
G0 F3600 X73.429 Y57.106
M204 S500
M205 X10 Y10
G1 F2400 X74.007 Y57.363 E1015.27565
G1 X74.52 Y57.736 E1015.30312
G1 X74.948 Y58.21 E1015.33078
G1 X75.266 Y58.761 E1015.35833
G1 X75.463 Y59.367 E1015.38592
G1 X75.53 Y60 E1015.41349
G1 X75.463 Y60.633 E1015.44105
G1 X75.266 Y61.239 E1015.46865
G1 X74.948 Y61.79 E1015.4962
G1 X74.52 Y62.264 E1015.52386
G1 X74.007 Y62.637 E1015.55132
G1 X73.429 Y62.894 E1015.57872
G1 X72.799 Y63.028 E1015.60661
G1 X72.171 Y63.028 E1015.63381
G1 X71.541 Y62.894 E1015.6617
G1 X70.963 Y62.637 E1015.68909
G1 X70.451 Y62.265 E1015.7165
G1 X70.019 Y61.785 E1015.74447
G1 X69.701 Y61.234 E1015.77202
G1 X69.507 Y60.636 E1015.79924
G1 X69.44 Y60 E1015.82694
G1 X69.507 Y59.366 E1015.85454
G1 X69.703 Y58.763 E1015.882
G1 X70.02 Y58.213 E1015.90949
G1 X70.451 Y57.735 E1015.93737
G1 X70.963 Y57.363 E1015.96477
G1 X71.541 Y57.106 E1015.99217
G1 X72.171 Y56.972 E1016.02006
G1 X72.799 Y56.972 E1016.04726
G1 X72.929 Y57 E1016.05301
G0 F1920 X73.429 Y57.106
M204 S2000
M205 X30 Y30
G0 F3600 X73.585 Y56.628
M204 S500
M205 X10 Y10
;TYPE:WALL-OUTER
G1 F1200 X74.257 Y56.927 E1016.08487
G1 X74.857 Y57.363 E1016.11699
G1 X75.355 Y57.915 E1016.14918
G1 X75.726 Y58.558 E1016.18133
G1 X75.954 Y59.26 E1016.21329
G1 X76.032 Y60 E1016.24552
G1 X75.954 Y60.74 E1016.27774
G1 X75.726 Y61.442 E1016.30971
G1 X75.355 Y62.085 E1016.34185
G1 X74.857 Y62.637 E1016.37405
G1 X74.257 Y63.073 E1016.40617
G1 X73.585 Y63.372 E1016.43802
G1 X72.851 Y63.528 E1016.47052
G1 X72.119 Y63.528 E1016.50222
G1 X71.385 Y63.372 E1016.53471
G1 X70.71 Y63.072 E1016.5667
G1 X70.114 Y62.639 E1016.5986
G1 X69.615 Y62.085 E1016.63089
G1 X69.242 Y61.437 E1016.66327
G1 X69.015 Y60.74 E1016.69502
G1 X68.938 Y60 E1016.72724
G1 X69.015 Y59.262 E1016.75937
G1 X69.245 Y58.557 E1016.79148
G1 X69.615 Y57.915 E1016.82357
G1 X70.114 Y57.361 E1016.85586
G1 X70.71 Y56.928 E1016.88776
G1 X71.385 Y56.628 E1016.91975
G1 X72.119 Y56.472 E1016.95225
G1 X72.851 Y56.472 E1016.98395
G1 X73.084 Y56.522 E1016.99427
G0 F960 X73.585 Y56.628
M204 S2000
M205 X30 Y30
G0 F3600 X73.813 Y56.729
G0 X73.406 Y57.643
G1 F2700 E1008.99427 ; Modi
;MESH:NONMESH
G0 F600 X73.406 Y57.643 Z33.3
G0 F3600 X70.036 Y58.224
G0 X68.793 Y57.51
G0 X52.95 Y58.224
G0 X51.515 Y58.224
G0 X46.135 Y57.922
;TIME_ELAPSED:1238.780603
;LAYER:132
M204 S500
M205 X10 Y10
;TYPE:FILL
;MESH:RetractTower
G1 F2700 E1016.99427
G1 F2400 X50.561 Y62.349 E1017.26536
G1 X50.773 Y62.561
M204 S2000
M205 X30 Y30
G0 F3600 X50.835 Y60.265
M204 S500
M205 X10 Y10
G1 F2400 X48.219 Y57.649 E1017.42558
G1 X48.007 Y57.437
M204 S2000
M205 X30 Y30
G0 F3600 X50.577 Y57.649
M204 S500
M205 X10 Y10
G1 F2400 X50.835 Y57.907 E1017.44138
M204 S2000
M205 X30 Y30
G0 F3600 X48.204 Y62.349
M204 S500
M205 X10 Y10
G1 F2400 X46.135 Y60.28 E1017.56809
G1 X45.923 Y60.068
M204 S2000
M205 X30 Y30
G0 F3600 X51.035 Y62.55
M204 S500
M205 X10 Y10
;TYPE:WALL-INNER
G1 F2400 X45.935 Y62.55 E1017.78895
G1 X45.935 Y57.45 E1018.00981
G1 X51.035 Y57.45 E1018.23067
G1 X51.035 Y62.038 E1018.42935
G0 F1920 X51.035 Y62.55
M204 S2000
M205 X30 Y30
G0 F3600 X51.535 Y63.05
M204 S500
M205 X10 Y10
G1 F2400 X45.435 Y63.05 E1018.69352
G1 X45.435 Y56.95 E1018.95768
G1 X51.535 Y56.95 E1019.22185
G1 X51.535 Y62.538 E1019.46384
G0 F1920 X51.535 Y63.05
M204 S2000
M205 X30 Y30
G0 F3600 X52.035 Y63.55
M204 S500
M205 X10 Y10
;TYPE:WALL-OUTER
G1 F1200 X44.935 Y63.55 E1019.77131
G1 X44.935 Y56.45 E1020.07878
G1 X52.035 Y56.45 E1020.38625
G1 X52.035 Y63.038 E1020.67155
G0 F960 X52.035 Y63.55
M204 S2000
M205 X30 Y30
G0 F3600 X51.785 Y63.55
G0 X51.035 Y62.697
G1 F2700 E1012.67155 ; Modi
G0 F3600 X51.515 Y60.899
G0 X52.95 Y60.899
G0 X68.035 Y60.149
G0 X69.46 Y60
G0 X70.329 Y60.899
M204 S500
M205 X10 Y10
;TYPE:FILL
G1 F2700 E1020.67155
G1 F2400 X71.572 Y62.142 E1020.74768
G1 X71.784 Y62.354
M204 S2000
M205 X30 Y30
G0 F3600 X73.747 Y61.96
M204 S500
M205 X10 Y10
G1 F2400 X70.524 Y58.737 E1020.94506
G1 X70.312 Y58.525
M204 S2000
M205 X30 Y30
G0 F3600 X71.892 Y57.747
M204 S500
M205 X10 Y10
G1 F2400 X74.738 Y60.593 E1021.11936
G1 X74.95 Y60.805
M204 S2000
M205 X30 Y30
G0 F3600 X73.273 Y57.584
M204 S500
M205 X10 Y10
;TYPE:WALL-INNER
G1 F2400 X73.757 Y57.799 E1021.1423
G1 X74.183 Y58.109 E1021.16511
G1 X74.541 Y58.505 E1021.18823
G1 X74.805 Y58.963 E1021.21113
G1 X74.972 Y59.475 E1021.23445
G1 X75.027 Y60 E1021.25731
G1 X74.972 Y60.525 E1021.28017
G1 X74.805 Y61.037 E1021.30349
G1 X74.541 Y61.495 E1021.32638
G1 X74.183 Y61.891 E1021.3495
G1 X73.757 Y62.201 E1021.37232
G1 X73.273 Y62.416 E1021.39525
G1 X72.747 Y62.528 E1021.41854
G1 X72.223 Y62.528 E1021.44123
G1 X71.697 Y62.416 E1021.46452
G1 X71.216 Y62.202 E1021.48732
G1 X70.785 Y61.889 E1021.51039
G1 X70.427 Y61.492 E1021.53354
G1 X70.164 Y61.035 E1021.55637
G1 X69.998 Y60.526 E1021.57956
G1 X69.943 Y60 E1021.60246
G1 X69.998 Y59.474 E1021.62536
G1 X70.164 Y58.965 E1021.64855
G1 X70.427 Y58.508 E1021.67138
G1 X70.785 Y58.111 E1021.69453
G1 X71.216 Y57.798 E1021.7176
G1 X71.697 Y57.584 E1021.7404
G1 X72.223 Y57.472 E1021.76369
G1 X72.747 Y57.472 E1021.78638
G1 X72.772 Y57.478 E1021.7875
G0 F1920 X73.273 Y57.584
M204 S2000
M205 X30 Y30
G0 F3600 X73.429 Y57.106
M204 S500
M205 X10 Y10
G1 F2400 X74.007 Y57.363 E1021.81489
G1 X74.52 Y57.736 E1021.84236
G1 X74.948 Y58.21 E1021.87001
G1 X75.266 Y58.761 E1021.89756
G1 X75.463 Y59.367 E1021.92516
G1 X75.53 Y60 E1021.95272
G1 X75.463 Y60.633 E1021.98029
G1 X75.266 Y61.239 E1022.00789
G1 X74.948 Y61.79 E1022.03544
G1 X74.52 Y62.264 E1022.06309
G1 X74.007 Y62.637 E1022.09056
G1 X73.429 Y62.894 E1022.11795
G1 X72.799 Y63.028 E1022.14585
G1 X72.171 Y63.028 E1022.17304
G1 X71.541 Y62.894 E1022.20093
G1 X70.963 Y62.637 E1022.22833
G1 X70.451 Y62.265 E1022.25574
G1 X70.02 Y61.787 E1022.28361
G1 X69.703 Y61.237 E1022.3111
G1 X69.507 Y60.634 E1022.33856
G1 X69.44 Y60 E1022.36617
G1 X69.507 Y59.366 E1022.39377
G1 X69.703 Y58.763 E1022.42123
G1 X70.02 Y58.213 E1022.44872
G1 X70.451 Y57.735 E1022.4766
G1 X70.963 Y57.363 E1022.504
G1 X71.541 Y57.106 E1022.5314
G1 X72.171 Y56.972 E1022.55929
G1 X72.799 Y56.972 E1022.58649
G1 X72.929 Y57 E1022.59224
G0 F1920 X73.429 Y57.106
M204 S2000
M205 X30 Y30
G0 F3600 X73.585 Y56.628
M204 S500
M205 X10 Y10
;TYPE:WALL-OUTER
G1 F1200 X74.257 Y56.927 E1022.6241
G1 X74.857 Y57.363 E1022.65622
G1 X75.355 Y57.915 E1022.68841
G1 X75.726 Y58.558 E1022.72056
G1 X75.954 Y59.26 E1022.75252
G1 X76.032 Y60 E1022.78475
G1 X75.954 Y60.74 E1022.81697
G1 X75.726 Y61.442 E1022.84893
G1 X75.355 Y62.085 E1022.88108
G1 X74.857 Y62.637 E1022.91328
G1 X74.257 Y63.073 E1022.9454
G1 X73.585 Y63.372 E1022.97725
G1 X72.851 Y63.528 E1023.00975
G1 X72.119 Y63.528 E1023.04145
G1 X71.385 Y63.372 E1023.07394
G1 X70.71 Y63.072 E1023.10593
G1 X70.114 Y62.639 E1023.13783
G1 X69.615 Y62.085 E1023.17012
G1 X69.245 Y61.443 E1023.20221
G1 X69.015 Y60.738 E1023.23433
G1 X68.938 Y60 E1023.26646
G1 X69.015 Y59.262 E1023.29859
G1 X69.245 Y58.557 E1023.33071
G1 X69.615 Y57.915 E1023.36279
G1 X70.114 Y57.361 E1023.39508
G1 X70.71 Y56.928 E1023.42699
G1 X71.385 Y56.628 E1023.45897
G1 X72.119 Y56.472 E1023.49147
G1 X72.851 Y56.472 E1023.52317
G1 X73.084 Y56.522 E1023.53349
G0 F960 X73.585 Y56.628
M204 S2000
M205 X30 Y30
G0 F3600 X73.813 Y56.729
G0 X73.406 Y57.643
G1 F2700 E1015.53349 ; Modi
;MESH:NONMESH
G0 F600 X73.406 Y57.643 Z33.55
G0 F3600 X70.036 Y58.224
G0 X68.793 Y57.51
G0 X52.95 Y58.224
G0 X51.515 Y58.224
G0 X48.204 Y57.649
;TIME_ELAPSED:1246.915717
;LAYER:133
M204 S500
M205 X10 Y10
;TYPE:FILL
;MESH:RetractTower
G1 F2700 E1023.53349
G1 F2400 X46.135 Y59.718 E1023.6602
G1 X45.923 Y59.93
M204 S2000
M205 X30 Y30
G0 F3600 X46.135 Y62.076
M204 S500
M205 X10 Y10
G1 F2400 X50.562 Y57.649 E1023.93133
G1 X50.774 Y57.437
M204 S2000
M205 X30 Y30
G0 F3600 X50.834 Y59.734
M204 S500
M205 X10 Y10
G1 F2400 X48.219 Y62.349 E1024.09148
G1 X48.007 Y62.561
M204 S2000
M205 X30 Y30
G0 F3600 X50.577 Y62.349
M204 S500
M205 X10 Y10
G1 F2400 X50.834 Y62.091 E1024.10725
M204 S2000
M205 X30 Y30
G0 F3600 X51.035 Y62.55
M204 S500
M205 X10 Y10
;TYPE:WALL-INNER
G1 F2400 X45.935 Y62.55 E1024.32811
G1 X45.935 Y57.45 E1024.54897
G1 X51.035 Y57.45 E1024.76983
G1 X51.035 Y62.038 E1024.96852
G0 F1920 X51.035 Y62.55
M204 S2000
M205 X30 Y30
G0 F3600 X51.535 Y63.05
M204 S500
M205 X10 Y10
G1 F2400 X45.435 Y63.05 E1025.23268
G1 X45.435 Y56.95 E1025.49685
G1 X51.535 Y56.95 E1025.76101
G1 X51.535 Y62.538 E1026.003
G0 F1920 X51.535 Y63.05
M204 S2000
M205 X30 Y30
G0 F3600 X52.035 Y63.55
M204 S500
M205 X10 Y10
;TYPE:WALL-OUTER
G1 F1200 X44.935 Y63.55 E1026.31047
G1 X44.935 Y56.45 E1026.61794
G1 X52.035 Y56.45 E1026.92541
G1 X52.035 Y63.038 E1027.21071
G0 F960 X52.035 Y63.55
M204 S2000
M205 X30 Y30
G0 F3600 X51.785 Y63.55
G0 X51.035 Y62.697
G1 F2700 E1019.21071 ; Modi
G0 F3600 X51.515 Y61.261
G0 X52.95 Y61.261
G0 X68.1 Y60.779
G0 X69.526 Y60.63
G0 X70.524 Y61.261
M204 S500
M205 X10 Y10
;TYPE:FILL
G1 F2700 E1027.21071
G1 F2400 X73.747 Y58.038 E1027.4081
G1 X73.959 Y57.826
M204 S2000
M205 X30 Y30
G0 F3600 X74.737 Y59.406
M204 S500
M205 X10 Y10
G1 F2400 X71.89 Y62.252 E1027.58243
G1 X71.678 Y62.464
M204 S2000
M205 X30 Y30
G0 F3600 X70.331 Y59.097
M204 S500
M205 X10 Y10
G1 F2400 X71.571 Y57.856 E1027.6584
G1 X71.783 Y57.644
M204 S2000
M205 X30 Y30
G0 F3600 X73.273 Y57.584
M204 S500
M205 X10 Y10
;TYPE:WALL-INNER
G1 F2400 X73.757 Y57.799 E1027.68134
G1 X74.183 Y58.109 E1027.70415
G1 X74.541 Y58.505 E1027.72727
G1 X74.805 Y58.963 E1027.75017
G1 X74.972 Y59.475 E1027.77349
G1 X75.027 Y60 E1027.79635
G1 X74.972 Y60.525 E1027.81921
G1 X74.805 Y61.037 E1027.84253
G1 X74.541 Y61.495 E1027.86542
G1 X74.183 Y61.891 E1027.88854
G1 X73.757 Y62.201 E1027.91136
G1 X73.273 Y62.416 E1027.93429
G1 X72.747 Y62.528 E1027.95758
G1 X72.223 Y62.528 E1027.98027
G1 X71.697 Y62.416 E1028.00356
G1 X71.216 Y62.202 E1028.02636
G1 X70.785 Y61.889 E1028.04943
G1 X70.427 Y61.492 E1028.07258
G1 X70.164 Y61.035 E1028.09541
G1 X69.998 Y60.526 E1028.1186
G1 X69.943 Y60 E1028.1415
G1 X69.998 Y59.474 E1028.1644
G1 X70.164 Y58.965 E1028.18759
G1 X70.427 Y58.508 E1028.21042
G1 X70.785 Y58.111 E1028.23357
G1 X71.216 Y57.798 E1028.25664
G1 X71.697 Y57.584 E1028.27944
G1 X72.223 Y57.472 E1028.30273
G1 X72.747 Y57.472 E1028.32542
G1 X72.772 Y57.478 E1028.32653
G0 F1920 X73.273 Y57.584
M204 S2000
M205 X30 Y30
G0 F3600 X73.429 Y57.106
M204 S500
M205 X10 Y10
G1 F2400 X74.007 Y57.363 E1028.35393
G1 X74.52 Y57.736 E1028.3814
G1 X74.948 Y58.21 E1028.40905
G1 X75.266 Y58.761 E1028.4366
G1 X75.463 Y59.367 E1028.4642
G1 X75.53 Y60 E1028.49176
G1 X75.463 Y60.633 E1028.51933
G1 X75.266 Y61.239 E1028.54692
G1 X74.948 Y61.79 E1028.57447
G1 X74.52 Y62.264 E1028.60213
G1 X74.007 Y62.637 E1028.6296
G1 X73.429 Y62.894 E1028.65699
G1 X72.799 Y63.028 E1028.68489
G1 X72.171 Y63.028 E1028.71208
G1 X71.541 Y62.894 E1028.73997
G1 X70.963 Y62.637 E1028.76737
G1 X70.451 Y62.265 E1028.79477
G1 X70.02 Y61.787 E1028.82265
G1 X69.703 Y61.237 E1028.85014
G1 X69.507 Y60.634 E1028.8776
G1 X69.44 Y60 E1028.90521
G1 X69.507 Y59.366 E1028.93281
G1 X69.703 Y58.763 E1028.96027
G1 X70.02 Y58.213 E1028.98776
G1 X70.451 Y57.735 E1029.01564
G1 X70.963 Y57.363 E1029.04304
G1 X71.541 Y57.106 E1029.07044
G1 X72.171 Y56.972 E1029.09833
G1 X72.799 Y56.972 E1029.12553
G1 X72.929 Y57 E1029.13128
G0 F1920 X73.429 Y57.106
M204 S2000
M205 X30 Y30
G0 F3600 X73.585 Y56.628
M204 S500
M205 X10 Y10
;TYPE:WALL-OUTER
G1 F1200 X74.257 Y56.927 E1029.16314
G1 X74.857 Y57.363 E1029.19526
G1 X75.355 Y57.915 E1029.22745
G1 X75.726 Y58.558 E1029.2596
G1 X75.954 Y59.26 E1029.29156
G1 X76.032 Y60 E1029.32379
G1 X75.954 Y60.74 E1029.35601
G1 X75.726 Y61.442 E1029.38797
G1 X75.355 Y62.085 E1029.42012
G1 X74.857 Y62.637 E1029.45232
G1 X74.257 Y63.073 E1029.48444
G1 X73.585 Y63.372 E1029.51629
G1 X72.851 Y63.528 E1029.54879
G1 X72.119 Y63.528 E1029.58049
G1 X71.385 Y63.372 E1029.61298
G1 X70.71 Y63.072 E1029.64497
G1 X70.114 Y62.639 E1029.67687
G1 X69.615 Y62.085 E1029.70916
G1 X69.245 Y61.443 E1029.74125
G1 X69.015 Y60.738 E1029.77336
G1 X68.938 Y60 E1029.8055
G1 X69.015 Y59.262 E1029.83763
G1 X69.245 Y58.557 E1029.86974
G1 X69.615 Y57.915 E1029.90183
G1 X70.114 Y57.361 E1029.93412
G1 X70.71 Y56.928 E1029.96603
G1 X71.385 Y56.628 E1029.99801
G1 X72.119 Y56.472 E1030.03051
G1 X72.851 Y56.472 E1030.06221
G1 X73.084 Y56.522 E1030.07253
G0 F960 X73.585 Y56.628
M204 S2000
M205 X30 Y30
G0 F3600 X73.813 Y56.729
G0 X73.406 Y57.643
G1 F2700 E1022.07253 ; Modi
;MESH:NONMESH
G0 F600 X73.406 Y57.643 Z33.8
G0 F3600 X70.036 Y58.224
G0 X68.793 Y57.51
G0 X52.95 Y58.224
G0 X51.515 Y58.224
G0 X46.135 Y57.922
;TIME_ELAPSED:1254.877811
;LAYER:134
M204 S500
M205 X10 Y10
;TYPE:FILL
;MESH:RetractTower
G1 F2700 E1030.07253
G1 F2400 X50.561 Y62.349 E1030.34362
G1 X50.773 Y62.561
M204 S2000
M205 X30 Y30
G0 F3600 X50.835 Y60.265
M204 S500
M205 X10 Y10
G1 F2400 X48.219 Y57.649 E1030.50384
G1 X48.007 Y57.437
M204 S2000
M205 X30 Y30
G0 F3600 X50.577 Y57.649
M204 S500
M205 X10 Y10
G1 F2400 X50.835 Y57.907 E1030.51964
M204 S2000
M205 X30 Y30
G0 F3600 X48.204 Y62.349
M204 S500
M205 X10 Y10
G1 F2400 X46.135 Y60.28 E1030.64635
G1 X45.923 Y60.068
M204 S2000
M205 X30 Y30
G0 F3600 X51.035 Y62.55
M204 S500
M205 X10 Y10
;TYPE:WALL-INNER
G1 F2400 X45.935 Y62.55 E1030.86721
G1 X45.935 Y57.45 E1031.08807
G1 X51.035 Y57.45 E1031.30893
G1 X51.035 Y62.038 E1031.50762
G0 F1920 X51.035 Y62.55
M204 S2000
M205 X30 Y30
G0 F3600 X51.535 Y63.05
M204 S500
M205 X10 Y10
G1 F2400 X45.435 Y63.05 E1031.77178
G1 X45.435 Y56.95 E1032.03595
G1 X51.535 Y56.95 E1032.30011
G1 X51.535 Y62.538 E1032.5421
G0 F1920 X51.535 Y63.05
M204 S2000
M205 X30 Y30
G0 F3600 X52.035 Y63.55
M204 S500
M205 X10 Y10
;TYPE:WALL-OUTER
G1 F1200 X44.935 Y63.55 E1032.84957
G1 X44.935 Y56.45 E1033.15704
G1 X52.035 Y56.45 E1033.46452
G1 X52.035 Y63.038 E1033.74981
G0 F960 X52.035 Y63.55
M204 S2000
M205 X30 Y30
G0 F3600 X51.785 Y63.55
G0 X51.035 Y62.697
G1 F2700 E1025.74981 ; Modi
G0 F3600 X51.515 Y60.899
G0 X52.95 Y60.899
G0 X68.035 Y60.149
G0 X69.46 Y60
G0 X70.329 Y60.899
M204 S500
M205 X10 Y10
;TYPE:FILL
G1 F2700 E1033.74981
G1 F2400 X71.572 Y62.142 E1033.82594
G1 X71.784 Y62.354
M204 S2000
M205 X30 Y30
G0 F3600 X73.747 Y61.96
M204 S500
M205 X10 Y10
G1 F2400 X70.524 Y58.737 E1034.02333
G1 X70.312 Y58.525
M204 S2000
M205 X30 Y30
G0 F3600 X71.892 Y57.747
M204 S500
M205 X10 Y10
G1 F2400 X74.738 Y60.593 E1034.19763
G1 X74.95 Y60.805
M204 S2000
M205 X30 Y30
G0 F3600 X73.273 Y57.584
M204 S500
M205 X10 Y10
;TYPE:WALL-INNER
G1 F2400 X73.757 Y57.799 E1034.22056
G1 X74.183 Y58.109 E1034.24338
G1 X74.541 Y58.505 E1034.2665
G1 X74.805 Y58.963 E1034.28939
G1 X74.972 Y59.475 E1034.31271
G1 X75.027 Y60 E1034.33557
G1 X74.972 Y60.525 E1034.35843
G1 X74.805 Y61.037 E1034.38175
G1 X74.541 Y61.495 E1034.40465
G1 X74.183 Y61.891 E1034.42776
G1 X73.757 Y62.201 E1034.45058
G1 X73.273 Y62.416 E1034.47351
G1 X72.747 Y62.528 E1034.4968
G1 X72.223 Y62.528 E1034.5195
G1 X71.697 Y62.416 E1034.54279
G1 X71.216 Y62.202 E1034.56558
G1 X70.785 Y61.889 E1034.58865
G1 X70.427 Y61.492 E1034.6118
G1 X70.164 Y61.035 E1034.63464
G1 X69.998 Y60.526 E1034.65782
G1 X69.943 Y60 E1034.68072
G1 X69.998 Y59.474 E1034.70363
G1 X70.164 Y58.965 E1034.72681
G1 X70.427 Y58.508 E1034.74965
G1 X70.785 Y58.111 E1034.7728
G1 X71.216 Y57.798 E1034.79586
G1 X71.697 Y57.584 E1034.81866
G1 X72.223 Y57.472 E1034.84195
G1 X72.747 Y57.472 E1034.86464
G1 X72.772 Y57.478 E1034.86576
G0 F1920 X73.273 Y57.584
M204 S2000
M205 X30 Y30
G0 F3600 X73.429 Y57.106
M204 S500
M205 X10 Y10
G1 F2400 X74.007 Y57.363 E1034.89315
G1 X74.52 Y57.736 E1034.92062
G1 X74.948 Y58.21 E1034.94828
G1 X75.266 Y58.761 E1034.97583
G1 X75.463 Y59.367 E1035.00342
G1 X75.53 Y60 E1035.03099
G1 X75.463 Y60.633 E1035.05855
G1 X75.266 Y61.239 E1035.08615
G1 X74.948 Y61.79 E1035.1137
G1 X74.52 Y62.264 E1035.14135
G1 X74.007 Y62.637 E1035.16882
G1 X73.429 Y62.894 E1035.19622
G1 X72.799 Y63.028 E1035.22411
G1 X72.171 Y63.028 E1035.2513
G1 X71.541 Y62.894 E1035.2792
G1 X70.963 Y62.637 E1035.30659
G1 X70.451 Y62.265 E1035.334
G1 X70.02 Y61.787 E1035.36187
G1 X69.703 Y61.237 E1035.38936
G1 X69.507 Y60.634 E1035.41682
G1 X69.44 Y60 E1035.44443
G1 X69.507 Y59.366 E1035.47204
G1 X69.703 Y58.763 E1035.4995
G1 X70.02 Y58.213 E1035.52699
G1 X70.451 Y57.735 E1035.55486
G1 X70.963 Y57.363 E1035.58227
G1 X71.541 Y57.106 E1035.60966
G1 X72.171 Y56.972 E1035.63755
G1 X72.799 Y56.972 E1035.66475
G1 X72.929 Y57 E1035.67051
G0 F1920 X73.429 Y57.106
M204 S2000
M205 X30 Y30
G0 F3600 X73.585 Y56.628
M204 S500
M205 X10 Y10
;TYPE:WALL-OUTER
G1 F1200 X74.257 Y56.927 E1035.70236
G1 X74.857 Y57.363 E1035.73448
G1 X75.355 Y57.915 E1035.76667
G1 X75.726 Y58.558 E1035.79882
G1 X75.954 Y59.26 E1035.83079
G1 X76.032 Y60 E1035.86301
G1 X75.954 Y60.74 E1035.89523
G1 X75.726 Y61.442 E1035.9272
G1 X75.355 Y62.085 E1035.95935
G1 X74.857 Y62.637 E1035.99154
G1 X74.257 Y63.073 E1036.02366
G1 X73.585 Y63.372 E1036.05551
G1 X72.851 Y63.528 E1036.08801
G1 X72.119 Y63.528 E1036.11971
G1 X71.385 Y63.372 E1036.1522
G1 X70.71 Y63.072 E1036.18419
G1 X70.114 Y62.639 E1036.2161
G1 X69.615 Y62.085 E1036.24838
G1 X69.245 Y61.443 E1036.28047
G1 X69.015 Y60.738 E1036.31259
G1 X68.938 Y60 E1036.34472
G1 X69.015 Y59.262 E1036.37685
G1 X69.245 Y58.557 E1036.40897
G1 X69.615 Y57.915 E1036.44106
G1 X70.114 Y57.361 E1036.47335
G1 X70.71 Y56.928 E1036.50525
G1 X71.385 Y56.628 E1036.53724
G1 X72.119 Y56.472 E1036.56973
G1 X72.851 Y56.472 E1036.60143
G1 X73.084 Y56.522 E1036.61175
G0 F960 X73.585 Y56.628
M204 S2000
M205 X30 Y30
G0 F3600 X73.813 Y56.729
G0 X73.406 Y57.643
G1 F2700 E1028.61175 ; Modi
;MESH:NONMESH
G0 F600 X73.406 Y57.643 Z34.05
G0 F3600 X70.036 Y58.224
G0 X68.793 Y57.51
G0 X52.95 Y58.224
G0 X51.515 Y58.224
G0 X48.204 Y57.649
;TIME_ELAPSED:1263.012926
;LAYER:135
M204 S500
M205 X10 Y10
;TYPE:FILL
;MESH:RetractTower
G1 F2700 E1036.61175
G1 F2400 X46.135 Y59.718 E1036.73847
G1 X45.923 Y59.93
M204 S2000
M205 X30 Y30
G0 F3600 X46.135 Y62.076
M204 S500
M205 X10 Y10
G1 F2400 X50.562 Y57.649 E1037.00959
G1 X50.774 Y57.437
M204 S2000
M205 X30 Y30
G0 F3600 X50.834 Y59.734
M204 S500
M205 X10 Y10
G1 F2400 X48.219 Y62.349 E1037.16974
G1 X48.007 Y62.561
M204 S2000
M205 X30 Y30
G0 F3600 X50.577 Y62.349
M204 S500
M205 X10 Y10
G1 F2400 X50.834 Y62.091 E1037.18551
M204 S2000
M205 X30 Y30
G0 F3600 X51.035 Y62.55
M204 S500
M205 X10 Y10
;TYPE:WALL-INNER
G1 F2400 X45.935 Y62.55 E1037.40637
G1 X45.935 Y57.45 E1037.62723
G1 X51.035 Y57.45 E1037.84809
G1 X51.035 Y62.038 E1038.04678
G0 F1920 X51.035 Y62.55
M204 S2000
M205 X30 Y30
G0 F3600 X51.535 Y63.05
M204 S500
M205 X10 Y10
G1 F2400 X45.435 Y63.05 E1038.31094
G1 X45.435 Y56.95 E1038.57511
G1 X51.535 Y56.95 E1038.83927
G1 X51.535 Y62.538 E1039.08127
G0 F1920 X51.535 Y63.05
M204 S2000
M205 X30 Y30
G0 F3600 X52.035 Y63.55
M204 S500
M205 X10 Y10
;TYPE:WALL-OUTER
G1 F1200 X44.935 Y63.55 E1039.38874
G1 X44.935 Y56.45 E1039.69621
G1 X52.035 Y56.45 E1040.00368
G1 X52.035 Y63.038 E1040.28898
G0 F960 X52.035 Y63.55
M204 S2000
M205 X30 Y30
G0 F3600 X51.785 Y63.55
G0 X51.035 Y62.697
G1 F2700 E1032.28898 ; Modi
G0 F3600 X51.515 Y61.261
G0 X52.95 Y61.261
G0 X68.1 Y60.779
G0 X69.526 Y60.63
G0 X70.524 Y61.261
M204 S500
M205 X10 Y10
;TYPE:FILL
G1 F2700 E1040.28898
G1 F2400 X73.747 Y58.038 E1040.48636
G1 X73.959 Y57.826
M204 S2000
M205 X30 Y30
G0 F3600 X74.737 Y59.406
M204 S500
M205 X10 Y10
G1 F2400 X71.89 Y62.252 E1040.66069
G1 X71.678 Y62.464
M204 S2000
M205 X30 Y30
G0 F3600 X70.331 Y59.097
M204 S500
M205 X10 Y10
G1 F2400 X71.571 Y57.856 E1040.73667
G1 X71.783 Y57.644
M204 S2000
M205 X30 Y30
G0 F3600 X73.273 Y57.584
M204 S500
M205 X10 Y10
;TYPE:WALL-INNER
G1 F2400 X73.757 Y57.799 E1040.7596
G1 X74.183 Y58.109 E1040.78242
G1 X74.541 Y58.505 E1040.80553
G1 X74.805 Y58.963 E1040.82843
G1 X74.972 Y59.475 E1040.85175
G1 X75.027 Y60 E1040.87461
G1 X74.972 Y60.525 E1040.89747
G1 X74.805 Y61.037 E1040.92079
G1 X74.541 Y61.495 E1040.94369
G1 X74.183 Y61.891 E1040.9668
G1 X73.757 Y62.201 E1040.98962
G1 X73.273 Y62.416 E1041.01255
G1 X72.747 Y62.528 E1041.03584
G1 X72.223 Y62.528 E1041.05854
G1 X71.697 Y62.416 E1041.08183
G1 X71.216 Y62.202 E1041.10462
G1 X70.785 Y61.889 E1041.12769
G1 X70.427 Y61.492 E1041.15084
G1 X70.164 Y61.035 E1041.17368
G1 X69.998 Y60.526 E1041.19686
G1 X69.943 Y60 E1041.21976
G1 X69.998 Y59.474 E1041.24267
G1 X70.164 Y58.965 E1041.26585
G1 X70.427 Y58.508 E1041.28869
G1 X70.785 Y58.111 E1041.31184
G1 X71.216 Y57.798 E1041.3349
G1 X71.697 Y57.584 E1041.3577
G1 X72.223 Y57.472 E1041.38099
G1 X72.747 Y57.472 E1041.40368
G1 X72.772 Y57.478 E1041.4048
G0 F1920 X73.273 Y57.584
M204 S2000
M205 X30 Y30
G0 F3600 X73.429 Y57.106
M204 S500
M205 X10 Y10
G1 F2400 X74.007 Y57.363 E1041.43219
G1 X74.52 Y57.736 E1041.45966
G1 X74.948 Y58.21 E1041.48731
G1 X75.266 Y58.761 E1041.51487
G1 X75.463 Y59.367 E1041.54246
G1 X75.53 Y60 E1041.57003
G1 X75.463 Y60.633 E1041.59759
G1 X75.266 Y61.239 E1041.62519
G1 X74.948 Y61.79 E1041.65274
G1 X74.52 Y62.264 E1041.68039
G1 X74.007 Y62.637 E1041.70786
G1 X73.429 Y62.894 E1041.73525
G1 X72.799 Y63.028 E1041.76315
G1 X72.171 Y63.028 E1041.79034
G1 X71.541 Y62.894 E1041.81824
G1 X70.963 Y62.637 E1041.84563
G1 X70.451 Y62.265 E1041.87304
G1 X70.02 Y61.787 E1041.90091
G1 X69.703 Y61.237 E1041.9284
G1 X69.507 Y60.634 E1041.95586
G1 X69.44 Y60 E1041.98347
G1 X69.507 Y59.366 E1042.01108
G1 X69.703 Y58.763 E1042.03853
G1 X70.02 Y58.213 E1042.06603
G1 X70.451 Y57.735 E1042.0939
G1 X70.963 Y57.363 E1042.12131
G1 X71.541 Y57.106 E1042.1487
G1 X72.171 Y56.972 E1042.17659
G1 X72.799 Y56.972 E1042.20379
G1 X72.929 Y57 E1042.20955
G0 F1920 X73.429 Y57.106
M204 S2000
M205 X30 Y30
G0 F3600 X73.585 Y56.628
M204 S500
M205 X10 Y10
;TYPE:WALL-OUTER
G1 F1200 X74.257 Y56.927 E1042.2414
G1 X74.857 Y57.363 E1042.27352
G1 X75.355 Y57.915 E1042.30571
G1 X75.726 Y58.558 E1042.33786
G1 X75.954 Y59.26 E1042.36982
G1 X76.032 Y60 E1042.40205
G1 X75.954 Y60.74 E1042.43427
G1 X75.726 Y61.442 E1042.46624
G1 X75.355 Y62.085 E1042.49838
G1 X74.857 Y62.637 E1042.53058
G1 X74.257 Y63.073 E1042.5627
G1 X73.585 Y63.372 E1042.59455
G1 X72.851 Y63.528 E1042.62705
G1 X72.119 Y63.528 E1042.65875
G1 X71.385 Y63.372 E1042.69124
G1 X70.71 Y63.072 E1042.72323
G1 X70.114 Y62.639 E1042.75513
G1 X69.615 Y62.085 E1042.78742
G1 X69.245 Y61.443 E1042.81951
G1 X69.015 Y60.738 E1042.85163
G1 X68.938 Y60 E1042.88376
G1 X69.015 Y59.262 E1042.91589
G1 X69.245 Y58.557 E1042.94801
G1 X69.615 Y57.915 E1042.9801
G1 X70.114 Y57.361 E1043.01239
G1 X70.71 Y56.928 E1043.04429
G1 X71.385 Y56.628 E1043.07628
G1 X72.119 Y56.472 E1043.10877
G1 X72.851 Y56.472 E1043.14047
G1 X73.084 Y56.522 E1043.15079
G0 F960 X73.585 Y56.628
M204 S2000
M205 X30 Y30
G0 F3600 X73.813 Y56.729
G0 X73.406 Y57.643
G1 F2700 E1035.15079 ; Modi
;MESH:NONMESH
G0 F600 X73.406 Y57.643 Z34.3
G0 F3600 X70.036 Y58.224
G0 X68.793 Y57.51
G0 X52.95 Y58.224
G0 X51.515 Y58.224
G0 X46.135 Y57.922
;TIME_ELAPSED:1270.975020
;LAYER:136
M204 S500
M205 X10 Y10
;TYPE:FILL
;MESH:RetractTower
G1 F2700 E1043.15079
G1 F2400 X50.561 Y62.349 E1043.42189
G1 X50.773 Y62.561
M204 S2000
M205 X30 Y30
G0 F3600 X50.835 Y60.265
M204 S500
M205 X10 Y10
G1 F2400 X48.369 Y57.799 E1043.57291
G1 X48.157 Y57.587
M204 S2000
M205 X30 Y30
G0 F3600 X50.727 Y57.799
M204 S500
M205 X10 Y10
G1 F2400 X50.835 Y57.907 E1043.57953
M204 S2000
M205 X30 Y30
G0 F3600 X48.204 Y62.349
M204 S500
M205 X10 Y10
G1 F2400 X46.135 Y60.28 E1043.70624
G1 X45.923 Y60.068
M204 S2000
M205 X30 Y30
G0 F3600 X46.357 Y57.6
M204 S500
M205 X10 Y10
;TYPE:WALL-INNER
G1 F2400 X50.665 Y57.6 E1043.8928
G1 X50.665 Y57.45 E1043.8993
G1 X51.035 Y57.45 E1043.91532
G1 X51.035 Y62.55 E1044.13618
G1 X45.935 Y62.55 E1044.35704
G1 X45.935 Y57.45 E1044.5779
G1 X45.995 Y57.45 E1044.5805
G0 F1920 X46.357 Y57.45
G0 X46.357 Y57.6
M204 S2000
M205 X30 Y30
G0 F3600 X46.857 Y57.1
M204 S500
M205 X10 Y10
G1 F2400 X50.165 Y57.1 E1044.72375
G1 X50.165 Y56.95 E1044.73025
G1 X51.535 Y56.95 E1044.78958
G1 X51.535 Y63.05 E1045.05374
G1 X45.435 Y63.05 E1045.31791
G1 X45.435 Y56.95 E1045.58207
G1 X46.495 Y56.95 E1045.62798
G0 F1920 X46.857 Y56.95
G0 X46.857 Y57.1
M204 S2000
M205 X30 Y30
G0 F3600 X47.357 Y56.6
M204 S500
M205 X10 Y10
;TYPE:WALL-OUTER
G1 F1200 X49.665 Y56.6 E1045.72793
G1 X49.665 Y56.45 E1045.73442
G1 X52.035 Y56.45 E1045.83706
G1 X52.035 Y63.55 E1046.14453
G1 X44.935 Y63.55 E1046.452
G1 X44.935 Y56.45 E1046.75947
G1 X46.995 Y56.45 E1046.84868
G0 F960 X47.357 Y56.45
G0 X47.357 Y56.6
M204 S2000
M205 X30 Y30
G0 F3600 X47.607 Y56.6
G0 X47.607 Y57.6
G1 F2700 E1038.84868 ; Modi
G0 F3600 X51.515 Y58.737
G0 X52.95 Y58.737
G0 X68.099 Y59.222
G0 X69.526 Y59.37
G0 X70.524 Y58.737
M204 S500
M205 X10 Y10
;TYPE:FILL
G1 F2700 E1046.84868
G1 F2400 X73.747 Y61.96 E1047.04607
G1 X73.959 Y62.172
M204 S2000
M205 X30 Y30
G0 F3600 X74.738 Y60.593
M204 S500
M205 X10 Y10
G1 F2400 X71.892 Y57.747 E1047.22037
G1 X71.68 Y57.535
M204 S2000
M205 X30 Y30
G0 F3600 X70.329 Y60.899
M204 S500
M205 X10 Y10
G1 F2400 X71.572 Y62.142 E1047.29649
G1 X71.784 Y62.354
M204 S2000
M205 X30 Y30
G0 F3600 X73.273 Y57.584
M204 S500
M205 X10 Y10
;TYPE:WALL-INNER
G1 F2400 X73.757 Y57.799 E1047.31943
G1 X74.183 Y58.109 E1047.34224
G1 X74.541 Y58.505 E1047.36536
G1 X74.805 Y58.963 E1047.38825
G1 X74.972 Y59.475 E1047.41158
G1 X75.027 Y60 E1047.43444
G1 X74.972 Y60.525 E1047.4573
G1 X74.805 Y61.037 E1047.48062
G1 X74.541 Y61.495 E1047.50351
G1 X74.183 Y61.891 E1047.52663
G1 X73.757 Y62.201 E1047.54944
G1 X73.273 Y62.416 E1047.57238
G1 X72.747 Y62.528 E1047.59567
G1 X72.223 Y62.528 E1047.61836
G1 X71.697 Y62.416 E1047.64165
G1 X71.216 Y62.202 E1047.66445
G1 X70.785 Y61.889 E1047.68752
G1 X70.427 Y61.492 E1047.71067
G1 X70.164 Y61.035 E1047.7335
G1 X69.998 Y60.526 E1047.75669
G1 X69.943 Y60 E1047.77959
G1 X69.998 Y59.474 E1047.80249
G1 X70.164 Y58.965 E1047.82568
G1 X70.427 Y58.508 E1047.84851
G1 X70.785 Y58.111 E1047.87166
G1 X71.216 Y57.798 E1047.89473
G1 X71.697 Y57.584 E1047.91753
G1 X72.223 Y57.472 E1047.94082
G1 X72.747 Y57.472 E1047.96351
G1 X72.772 Y57.478 E1047.96462
G0 F1920 X73.273 Y57.584
M204 S2000
M205 X30 Y30
G0 F3600 X73.429 Y57.106
M204 S500
M205 X10 Y10
G1 F2400 X74.007 Y57.363 E1047.99202
G1 X74.52 Y57.736 E1048.01948
G1 X74.948 Y58.21 E1048.04714
G1 X75.266 Y58.761 E1048.07469
G1 X75.463 Y59.367 E1048.10229
G1 X75.53 Y60 E1048.12985
G1 X75.463 Y60.633 E1048.15742
G1 X75.266 Y61.239 E1048.18501
G1 X74.948 Y61.79 E1048.21256
G1 X74.52 Y62.264 E1048.24022
G1 X74.007 Y62.637 E1048.26769
G1 X73.429 Y62.894 E1048.29508
G1 X72.799 Y63.028 E1048.32297
G1 X72.171 Y63.028 E1048.35017
G1 X71.541 Y62.894 E1048.37806
G1 X70.963 Y62.637 E1048.40546
G1 X70.451 Y62.265 E1048.43286
G1 X70.02 Y61.787 E1048.46073
G1 X69.703 Y61.237 E1048.48823
G1 X69.507 Y60.634 E1048.51568
G1 X69.44 Y60 E1048.54329
G1 X69.507 Y59.366 E1048.5709
G1 X69.703 Y58.763 E1048.59836
G1 X70.02 Y58.213 E1048.62585
G1 X70.451 Y57.735 E1048.65372
G1 X70.963 Y57.363 E1048.68113
G1 X71.541 Y57.106 E1048.70852
G1 X72.171 Y56.972 E1048.73642
G1 X72.799 Y56.972 E1048.76361
G1 X72.929 Y57 E1048.76937
G0 F1920 X73.429 Y57.106
M204 S2000
M205 X30 Y30
G0 F3600 X73.585 Y56.628
M204 S500
M205 X10 Y10
;TYPE:WALL-OUTER
G1 F1200 X74.257 Y56.927 E1048.80122
G1 X74.857 Y57.363 E1048.83334
G1 X75.355 Y57.915 E1048.86554
G1 X75.726 Y58.558 E1048.89769
G1 X75.954 Y59.26 E1048.92965
G1 X76.032 Y60 E1048.96187
G1 X75.954 Y60.74 E1048.9941
G1 X75.726 Y61.442 E1049.02606
G1 X75.355 Y62.085 E1049.05821
G1 X74.857 Y62.637 E1049.09041
G1 X74.257 Y63.073 E1049.12252
G1 X73.585 Y63.372 E1049.15438
G1 X72.851 Y63.528 E1049.18687
G1 X72.119 Y63.528 E1049.21857
G1 X71.385 Y63.372 E1049.25107
G1 X70.71 Y63.072 E1049.28306
G1 X70.114 Y62.639 E1049.31496
G1 X69.615 Y62.085 E1049.34725
G1 X69.245 Y61.443 E1049.37934
G1 X69.015 Y60.738 E1049.41145
G1 X68.938 Y60 E1049.44359
G1 X69.015 Y59.262 E1049.47572
G1 X69.245 Y58.557 E1049.50783
G1 X69.615 Y57.915 E1049.53992
G1 X70.114 Y57.361 E1049.57221
G1 X70.71 Y56.928 E1049.60411
G1 X71.385 Y56.628 E1049.6361
G1 X72.119 Y56.472 E1049.6686
G1 X72.851 Y56.472 E1049.7003
G1 X73.084 Y56.522 E1049.71062
G0 F960 X73.585 Y56.628
M204 S2000
M205 X30 Y30
G0 F3600 X73.813 Y56.729
G0 X73.406 Y57.643
G1 F2700 E1041.71062 ; Modi
;MESH:NONMESH
G0 F600 X73.406 Y57.643 Z34.55
G0 F3600 X70.036 Y58.224
G0 X68.793 Y57.51
G0 X52.95 Y58.224
G0 X51.515 Y58.224
G0 X48.054 Y57.798
;TIME_ELAPSED:1279.406779
;LAYER:137
M204 S500
M205 X10 Y10
;TYPE:FILL
;MESH:RetractTower
G1 F2700 E1049.71062
G1 F2400 X46.135 Y59.718 E1049.82817
G1 X45.923 Y59.93
M204 S2000
M205 X30 Y30
G0 F3600 X46.135 Y62.076
M204 S500
M205 X10 Y10
G1 F2400 X50.412 Y57.798 E1050.09014
G1 X50.624 Y57.586
M204 S2000
M205 X30 Y30
G0 F3600 X50.834 Y59.734
M204 S500
M205 X10 Y10
G1 F2400 X48.219 Y62.349 E1050.2503
G1 X48.007 Y62.561
M204 S2000
M205 X30 Y30
G0 F3600 X50.577 Y62.349
M204 S500
M205 X10 Y10
G1 F2400 X50.834 Y62.091 E1050.26607
M204 S2000
M205 X30 Y30
G0 F3600 X50.877 Y57.6
M204 S500
M205 X10 Y10
;TYPE:WALL-INNER
G1 F2400 X50.877 Y57.45 E1050.27256
G1 X51.035 Y57.45 E1050.2794
G1 X51.035 Y62.55 E1050.50026
G1 X45.935 Y62.55 E1050.72112
G1 X45.935 Y57.45 E1050.94198
G1 X46.165 Y57.45 E1050.95194
G1 X46.166 Y57.6 E1050.95844
G1 X50.365 Y57.6 E1051.14028
G0 F1920 X50.877 Y57.6
M204 S2000
M205 X30 Y30
G0 F3600 X50.377 Y57.1
M204 S500
M205 X10 Y10
G1 F2400 X50.377 Y56.95 E1051.14677
G1 X51.535 Y56.95 E1051.19692
G1 X51.535 Y63.05 E1051.46109
G1 X45.435 Y63.05 E1051.72525
G1 X45.435 Y56.95 E1051.98942
G1 X46.662 Y56.95 E1052.04255
G1 X46.663 Y57.1 E1052.04905
G1 X49.865 Y57.1 E1052.18771
G0 F1920 X50.377 Y57.1
M204 S2000
M205 X30 Y30
G0 F3600 X49.877 Y56.6
M204 S500
M205 X10 Y10
;TYPE:WALL-OUTER
G1 F1200 X49.877 Y56.45 E1052.19421
G1 X52.035 Y56.45 E1052.28766
G1 X52.035 Y63.55 E1052.59514
G1 X44.935 Y63.55 E1052.90261
G1 X44.935 Y56.45 E1053.21008
G1 X47.159 Y56.45 E1053.30639
G1 X47.16 Y56.6 E1053.31288
G1 X49.365 Y56.6 E1053.40837
G0 F960 X49.877 Y56.6
M204 S2000
M205 X30 Y30
G0 F3600 X49.877 Y56.45
G0 X49.977 Y56.45
G0 X50.73 Y57.45
G1 F2700 E1045.40837 ; Modi
G0 F3600 X51.515 Y59.097
G0 X52.95 Y59.097
G0 X68.034 Y59.852
G0 X69.46 Y60
G0 X70.331 Y59.097
M204 S500
M205 X10 Y10
;TYPE:FILL
G1 F2700 E1053.40837
G1 F2400 X71.571 Y57.856 E1053.48435
G1 X71.783 Y57.644
M204 S2000
M205 X30 Y30
G0 F3600 X73.747 Y58.038
M204 S500
M205 X10 Y10
G1 F2400 X70.524 Y61.261 E1053.68173
G1 X70.312 Y61.473
M204 S2000
M205 X30 Y30
G0 F3600 X71.89 Y62.252
M204 S500
M205 X10 Y10
G1 F2400 X74.737 Y59.406 E1053.85606
G1 X74.949 Y59.194
M204 S2000
M205 X30 Y30
G0 F3600 X73.273 Y57.584
M204 S500
M205 X10 Y10
;TYPE:WALL-INNER
G1 F2400 X73.757 Y57.799 E1053.879
G1 X74.183 Y58.109 E1053.90181
G1 X74.541 Y58.505 E1053.92493
G1 X74.805 Y58.963 E1053.94783
G1 X74.972 Y59.475 E1053.97115
G1 X75.027 Y60 E1053.99401
G1 X74.972 Y60.525 E1054.01687
G1 X74.805 Y61.037 E1054.04019
G1 X74.541 Y61.495 E1054.06308
G1 X74.183 Y61.891 E1054.0862
G1 X73.757 Y62.201 E1054.10902
G1 X73.273 Y62.416 E1054.13195
G1 X72.747 Y62.528 E1054.15524
G1 X72.223 Y62.528 E1054.17793
G1 X71.697 Y62.416 E1054.20122
G1 X71.216 Y62.202 E1054.22402
G1 X70.785 Y61.889 E1054.24709
G1 X70.427 Y61.492 E1054.27024
G1 X70.164 Y61.035 E1054.29307
G1 X69.998 Y60.526 E1054.31626
G1 X69.943 Y60 E1054.33916
G1 X69.998 Y59.474 E1054.36207
G1 X70.164 Y58.965 E1054.38525
G1 X70.427 Y58.508 E1054.40808
G1 X70.785 Y58.111 E1054.43123
G1 X71.216 Y57.798 E1054.4543
G1 X71.697 Y57.584 E1054.4771
G1 X72.223 Y57.472 E1054.50039
G1 X72.747 Y57.472 E1054.52308
G1 X72.772 Y57.478 E1054.5242
G0 F1920 X73.273 Y57.584
M204 S2000
M205 X30 Y30
G0 F3600 X73.429 Y57.106
M204 S500
M205 X10 Y10
G1 F2400 X74.007 Y57.363 E1054.55159
G1 X74.52 Y57.736 E1054.57906
G1 X74.948 Y58.21 E1054.60671
G1 X75.266 Y58.761 E1054.63426
G1 X75.463 Y59.367 E1054.66186
G1 X75.53 Y60 E1054.68942
G1 X75.463 Y60.633 E1054.71699
G1 X75.266 Y61.239 E1054.74459
G1 X74.948 Y61.79 E1054.77214
G1 X74.52 Y62.264 E1054.79979
G1 X74.007 Y62.637 E1054.82726
G1 X73.429 Y62.894 E1054.85465
G1 X72.799 Y63.028 E1054.88255
G1 X72.171 Y63.028 E1054.90974
G1 X71.541 Y62.894 E1054.93764
G1 X70.963 Y62.637 E1054.96503
G1 X70.451 Y62.265 E1054.99244
G1 X70.02 Y61.787 E1055.02031
G1 X69.703 Y61.237 E1055.0478
G1 X69.507 Y60.634 E1055.07526
G1 X69.44 Y60 E1055.10287
G1 X69.507 Y59.366 E1055.13047
G1 X69.703 Y58.763 E1055.15793
G1 X70.02 Y58.213 E1055.18542
G1 X70.451 Y57.735 E1055.2133
G1 X70.963 Y57.363 E1055.2407
G1 X71.541 Y57.106 E1055.2681
G1 X72.171 Y56.972 E1055.29599
G1 X72.799 Y56.972 E1055.32319
G1 X72.929 Y57 E1055.32894
G0 F1920 X73.429 Y57.106
M204 S2000
M205 X30 Y30
G0 F3600 X73.585 Y56.628
M204 S500
M205 X10 Y10
;TYPE:WALL-OUTER
G1 F1200 X74.257 Y56.927 E1055.3608
G1 X74.857 Y57.363 E1055.39292
G1 X75.355 Y57.915 E1055.42511
G1 X75.726 Y58.558 E1055.45726
G1 X75.954 Y59.26 E1055.48922
G1 X76.032 Y60 E1055.52145
G1 X75.954 Y60.74 E1055.55367
G1 X75.726 Y61.442 E1055.58563
G1 X75.355 Y62.085 E1055.61778
G1 X74.857 Y62.637 E1055.64998
G1 X74.257 Y63.073 E1055.6821
G1 X73.585 Y63.372 E1055.71395
G1 X72.851 Y63.528 E1055.74645
G1 X72.119 Y63.528 E1055.77815
G1 X71.385 Y63.372 E1055.81064
G1 X70.71 Y63.072 E1055.84263
G1 X70.114 Y62.639 E1055.87453
G1 X69.615 Y62.085 E1055.90682
G1 X69.245 Y61.443 E1055.93891
G1 X69.015 Y60.738 E1055.97103
G1 X68.938 Y60 E1056.00316
G1 X69.015 Y59.262 E1056.03529
G1 X69.245 Y58.557 E1056.06741
G1 X69.615 Y57.915 E1056.09949
G1 X70.114 Y57.361 E1056.13178
G1 X70.71 Y56.928 E1056.16369
G1 X71.385 Y56.628 E1056.19567
G1 X72.119 Y56.472 E1056.22817
G1 X72.851 Y56.472 E1056.25987
G1 X73.084 Y56.522 E1056.27019
G0 F960 X73.585 Y56.628
M204 S2000
M205 X30 Y30
G0 F3600 X73.813 Y56.729
G0 X73.406 Y57.643
G1 F2700 E1048.27019 ; Modi
;MESH:NONMESH
G0 F600 X73.406 Y57.643 Z34.8
G0 F3600 X70.036 Y58.224
G0 X68.793 Y57.51
G0 X52.95 Y58.224
G0 X51.515 Y58.224
G0 X46.135 Y57.922
;TIME_ELAPSED:1287.687595
;LAYER:138
M204 S500
M205 X10 Y10
;TYPE:FILL
;MESH:RetractTower
G1 F2700 E1056.27019
G1 F2400 X50.561 Y62.349 E1056.54129
G1 X50.773 Y62.561
M204 S2000
M205 X30 Y30
G0 F3600 X50.835 Y60.265
M204 S500
M205 X10 Y10
G1 F2400 X48.369 Y57.799 E1056.69231
G1 X48.157 Y57.587
M204 S2000
M205 X30 Y30
G0 F3600 X50.727 Y57.799
M204 S500
M205 X10 Y10
G1 F2400 X50.835 Y57.907 E1056.69893
M204 S2000
M205 X30 Y30
G0 F3600 X48.204 Y62.349
M204 S500
M205 X10 Y10
G1 F2400 X46.135 Y60.28 E1056.82564
G1 X45.923 Y60.068
M204 S2000
M205 X30 Y30
G0 F3600 X50.996 Y57.6
M204 S500
M205 X10 Y10
;TYPE:WALL-INNER
G1 F2400 X50.996 Y57.45 E1056.83213
G1 X51.035 Y57.45 E1056.83382
G1 X51.035 Y62.55 E1057.05468
G1 X45.935 Y62.55 E1057.27554
G1 X45.935 Y57.45 E1057.4964
G1 X46.065 Y57.45 E1057.50203
G1 X46.066 Y57.6 E1057.50853
G1 X50.484 Y57.6 E1057.69985
G0 F1920 X50.996 Y57.6
M204 S2000
M205 X30 Y30
G0 F3600 X50.496 Y57.1
M204 S500
M205 X10 Y10
G1 F2400 X50.496 Y56.95 E1057.70635
G1 X51.535 Y56.95 E1057.75134
G1 X51.535 Y63.05 E1058.01551
G1 X45.435 Y63.05 E1058.27967
G1 X45.435 Y56.95 E1058.54384
G1 X46.562 Y56.95 E1058.59264
G1 X46.563 Y57.1 E1058.59914
G1 X49.984 Y57.1 E1058.74729
G0 F1920 X50.496 Y57.1
M204 S2000
M205 X30 Y30
G0 F3600 X49.996 Y56.6
M204 S500
M205 X10 Y10
;TYPE:WALL-OUTER
G1 F1200 X49.996 Y56.45 E1058.75378
G1 X52.035 Y56.45 E1058.84208
G1 X52.035 Y63.55 E1059.14956
G1 X44.935 Y63.55 E1059.45703
G1 X44.935 Y56.45 E1059.7645
G1 X47.059 Y56.45 E1059.85648
G1 X47.06 Y56.6 E1059.86297
G1 X49.484 Y56.6 E1059.96795
G0 F960 X49.996 Y56.6
M204 S2000
M205 X30 Y30
G0 F3600 X49.996 Y56.45
G0 X50.096 Y56.45
G0 X50.849 Y57.45
G1 F2700 E1051.96795 ; Modi
G0 F3600 X51.515 Y58.737
G0 X52.95 Y58.737
G0 X68.099 Y59.222
G0 X69.526 Y59.37
G0 X70.524 Y58.737
M204 S500
M205 X10 Y10
;TYPE:FILL
G1 F2700 E1059.96795
G1 F2400 X73.747 Y61.96 E1060.16533
G1 X73.959 Y62.172
M204 S2000
M205 X30 Y30
G0 F3600 X74.738 Y60.593
M204 S500
M205 X10 Y10
G1 F2400 X71.892 Y57.747 E1060.33963
G1 X71.68 Y57.535
M204 S2000
M205 X30 Y30
G0 F3600 X70.329 Y60.899
M204 S500
M205 X10 Y10
G1 F2400 X71.572 Y62.142 E1060.41576
G1 X71.784 Y62.354
M204 S2000
M205 X30 Y30
G0 F3600 X73.273 Y57.584
M204 S500
M205 X10 Y10
;TYPE:WALL-INNER
G1 F2400 X73.757 Y57.799 E1060.43869
G1 X74.183 Y58.109 E1060.46151
G1 X74.541 Y58.505 E1060.48463
G1 X74.805 Y58.963 E1060.50752
G1 X74.972 Y59.475 E1060.53084
G1 X75.027 Y60 E1060.5537
G1 X74.972 Y60.525 E1060.57656
G1 X74.805 Y61.037 E1060.59989
G1 X74.541 Y61.495 E1060.62278
G1 X74.183 Y61.891 E1060.6459
G1 X73.757 Y62.201 E1060.66871
G1 X73.273 Y62.416 E1060.69165
G1 X72.747 Y62.528 E1060.71494
G1 X72.223 Y62.528 E1060.73763
G1 X71.697 Y62.416 E1060.76092
G1 X71.216 Y62.202 E1060.78372
G1 X70.785 Y61.889 E1060.80679
G1 X70.427 Y61.492 E1060.82994
G1 X70.164 Y61.035 E1060.85277
G1 X69.998 Y60.526 E1060.87595
G1 X69.943 Y60 E1060.89886
G1 X69.998 Y59.474 E1060.92176
G1 X70.164 Y58.965 E1060.94495
G1 X70.427 Y58.508 E1060.96778
G1 X70.785 Y58.111 E1060.99093
G1 X71.216 Y57.798 E1061.014
G1 X71.697 Y57.584 E1061.0368
G1 X72.223 Y57.472 E1061.06009
G1 X72.747 Y57.472 E1061.08278
G1 X72.772 Y57.478 E1061.08389
G0 F1920 X73.273 Y57.584
M204 S2000
M205 X30 Y30
G0 F3600 X73.429 Y57.106
M204 S500
M205 X10 Y10
G1 F2400 X74.007 Y57.363 E1061.11128
G1 X74.52 Y57.736 E1061.13875
G1 X74.948 Y58.21 E1061.16641
G1 X75.266 Y58.761 E1061.19396
G1 X75.463 Y59.367 E1061.22155
G1 X75.53 Y60 E1061.24912
G1 X75.463 Y60.633 E1061.27669
G1 X75.266 Y61.239 E1061.30428
G1 X74.948 Y61.79 E1061.33183
G1 X74.52 Y62.264 E1061.35949
G1 X74.007 Y62.637 E1061.38696
G1 X73.429 Y62.894 E1061.41435
G1 X72.799 Y63.028 E1061.44224
G1 X72.171 Y63.028 E1061.46944
G1 X71.541 Y62.894 E1061.49733
G1 X70.963 Y62.637 E1061.52472
G1 X70.451 Y62.265 E1061.55213
G1 X70.02 Y61.787 E1061.58
G1 X69.703 Y61.237 E1061.60749
G1 X69.507 Y60.634 E1061.63495
G1 X69.44 Y60 E1061.66256
G1 X69.507 Y59.366 E1061.69017
G1 X69.703 Y58.763 E1061.71763
G1 X70.02 Y58.213 E1061.74512
G1 X70.451 Y57.735 E1061.77299
G1 X70.963 Y57.363 E1061.8004
G1 X71.541 Y57.106 E1061.82779
G1 X72.171 Y56.972 E1061.85569
G1 X72.799 Y56.972 E1061.88288
G1 X72.929 Y57 E1061.88864
G0 F1920 X73.429 Y57.106
M204 S2000
M205 X30 Y30
G0 F3600 X73.585 Y56.628
M204 S500
M205 X10 Y10
;TYPE:WALL-OUTER
G1 F1200 X74.257 Y56.927 E1061.92049
G1 X74.857 Y57.363 E1061.95261
G1 X75.355 Y57.915 E1061.98481
G1 X75.726 Y58.558 E1062.01696
G1 X75.954 Y59.26 E1062.04892
G1 X76.032 Y60 E1062.08114
G1 X75.954 Y60.74 E1062.11337
G1 X75.726 Y61.442 E1062.14533
G1 X75.355 Y62.085 E1062.17748
G1 X74.857 Y62.637 E1062.20967
G1 X74.257 Y63.073 E1062.24179
G1 X73.585 Y63.372 E1062.27365
G1 X72.851 Y63.528 E1062.30614
G1 X72.119 Y63.528 E1062.33784
G1 X71.385 Y63.372 E1062.37034
G1 X70.71 Y63.072 E1062.40233
G1 X70.114 Y62.639 E1062.43423
G1 X69.615 Y62.085 E1062.46652
G1 X69.245 Y61.443 E1062.49861
G1 X69.015 Y60.738 E1062.53072
G1 X68.938 Y60 E1062.56285
G1 X69.015 Y59.262 E1062.59499
G1 X69.245 Y58.557 E1062.6271
G1 X69.615 Y57.915 E1062.65919
G1 X70.114 Y57.361 E1062.69148
G1 X70.71 Y56.928 E1062.72338
G1 X71.385 Y56.628 E1062.75537
G1 X72.119 Y56.472 E1062.78787
G1 X72.851 Y56.472 E1062.81957
G1 X73.084 Y56.522 E1062.82989
G0 F960 X73.585 Y56.628
M204 S2000
M205 X30 Y30
G0 F3600 X73.813 Y56.729
G0 X73.406 Y57.643
G1 F2700 E1054.82989 ; Modi
;MESH:NONMESH
G0 F600 X73.406 Y57.643 Z35.05
G0 F3600 X70.036 Y58.224
G0 X68.793 Y57.51
G0 X52.95 Y58.224
G0 X51.515 Y58.224
G0 X48.054 Y57.798
;TIME_ELAPSED:1296.069725
;LAYER:139
M204 S500
M205 X10 Y10
;TYPE:FILL
;MESH:RetractTower
G1 F2700 E1062.82989
G1 F2400 X46.135 Y59.718 E1062.94744
G1 X45.923 Y59.93
M204 S2000
M205 X30 Y30
G0 F3600 X46.135 Y62.076
M204 S500
M205 X10 Y10
G1 F2400 X50.412 Y57.798 E1063.20941
G1 X50.624 Y57.586
M204 S2000
M205 X30 Y30
G0 F3600 X50.834 Y59.734
M204 S500
M205 X10 Y10
G1 F2400 X48.219 Y62.349 E1063.36956
G1 X48.007 Y62.561
M204 S2000
M205 X30 Y30
G0 F3600 X50.577 Y62.349
M204 S500
M205 X10 Y10
G1 F2400 X50.834 Y62.091 E1063.38533
M204 S2000
M205 X30 Y30
G0 F3600 X47.512 Y57.6
M204 S500
M205 X10 Y10
;TYPE:WALL-INNER
G1 F2400 X51.035 Y57.6 E1063.5379
G1 X51.035 Y62.55 E1063.75226
G1 X45.935 Y62.55 E1063.97312
G1 X45.935 Y57.45 E1064.19398
G1 X47.151 Y57.45 E1064.24664
G0 F1920 X47.513 Y57.45
G0 X47.512 Y57.6
M204 S2000
M205 X30 Y30
G0 F3600 X48.015 Y57.1
M204 S500
M205 X10 Y10
G1 F2400 X50.543 Y57.1 E1064.35612
G1 X50.543 Y56.95 E1064.36262
G1 X51.535 Y56.95 E1064.40557
G1 X51.535 Y63.05 E1064.66974
G1 X45.435 Y63.05 E1064.9339
G1 X45.435 Y56.95 E1065.19807
G1 X47.654 Y56.95 E1065.29417
G0 F1920 X48.016 Y56.95
G0 X48.015 Y57.1
M204 S2000
M205 X30 Y30
G0 F3600 X48.518 Y56.6
M204 S500
M205 X10 Y10
;TYPE:WALL-OUTER
G1 F1200 X50.043 Y56.6 E1065.36021
G1 X50.043 Y56.45 E1065.3667
G1 X52.035 Y56.45 E1065.45297
G1 X52.035 Y63.55 E1065.76044
G1 X44.935 Y63.55 E1066.06791
G1 X44.935 Y56.45 E1066.37538
G1 X48.157 Y56.45 E1066.51491
G0 F960 X48.519 Y56.45
G0 X48.518 Y56.6
M204 S2000
M205 X30 Y30
G0 F3600 X48.768 Y56.6
G0 X48.768 Y57.6
G1 F2700 E1058.51491 ; Modi
G0 F3600 X51.515 Y59.097
G0 X52.95 Y59.097
G0 X68.034 Y59.852
G0 X69.46 Y60
G0 X70.331 Y59.097
M204 S500
M205 X10 Y10
;TYPE:FILL
G1 F2700 E1066.51491
G1 F2400 X71.571 Y57.856 E1066.59088
G1 X71.783 Y57.644
M204 S2000
M205 X30 Y30
G0 F3600 X73.747 Y58.038
M204 S500
M205 X10 Y10
G1 F2400 X70.524 Y61.261 E1066.78827
G1 X70.312 Y61.473
M204 S2000
M205 X30 Y30
G0 F3600 X71.89 Y62.252
M204 S500
M205 X10 Y10
G1 F2400 X74.737 Y59.406 E1066.9626
G1 X74.949 Y59.194
M204 S2000
M205 X30 Y30
G0 F3600 X73.273 Y57.584
M204 S500
M205 X10 Y10
;TYPE:WALL-INNER
G1 F2400 X73.757 Y57.799 E1066.98554
G1 X74.183 Y58.109 E1067.00835
G1 X74.541 Y58.505 E1067.03147
G1 X74.805 Y58.963 E1067.05436
G1 X74.972 Y59.475 E1067.07768
G1 X75.027 Y60 E1067.10054
G1 X74.972 Y60.525 E1067.1234
G1 X74.805 Y61.037 E1067.14673
G1 X74.541 Y61.495 E1067.16962
G1 X74.183 Y61.891 E1067.19274
G1 X73.757 Y62.201 E1067.21555
G1 X73.273 Y62.416 E1067.23849
G1 X72.747 Y62.528 E1067.26178
G1 X72.223 Y62.528 E1067.28447
G1 X71.697 Y62.416 E1067.30776
G1 X71.216 Y62.202 E1067.33056
G1 X70.785 Y61.889 E1067.35363
G1 X70.427 Y61.492 E1067.37678
G1 X70.164 Y61.035 E1067.39961
G1 X69.998 Y60.526 E1067.4228
G1 X69.943 Y60 E1067.4457
G1 X69.998 Y59.474 E1067.4686
G1 X70.164 Y58.965 E1067.49179
G1 X70.427 Y58.508 E1067.51462
G1 X70.785 Y58.111 E1067.53777
G1 X71.216 Y57.798 E1067.56084
G1 X71.697 Y57.584 E1067.58364
G1 X72.223 Y57.472 E1067.60693
G1 X72.747 Y57.472 E1067.62962
G1 X72.772 Y57.478 E1067.63073
G0 F1920 X73.273 Y57.584
M204 S2000
M205 X30 Y30
G0 F3600 X73.429 Y57.106
M204 S500
M205 X10 Y10
G1 F2400 X74.007 Y57.363 E1067.65813
G1 X74.52 Y57.736 E1067.68559
G1 X74.948 Y58.21 E1067.71325
G1 X75.266 Y58.761 E1067.7408
G1 X75.463 Y59.367 E1067.7684
G1 X75.53 Y60 E1067.79596
G1 X75.463 Y60.633 E1067.82353
G1 X75.266 Y61.239 E1067.85112
G1 X74.948 Y61.79 E1067.87867
G1 X74.52 Y62.264 E1067.90633
G1 X74.007 Y62.637 E1067.9338
G1 X73.429 Y62.894 E1067.96119
G1 X72.799 Y63.028 E1067.98908
G1 X72.171 Y63.028 E1068.01628
G1 X71.541 Y62.894 E1068.04417
G1 X70.963 Y62.637 E1068.07157
G1 X70.451 Y62.265 E1068.09897
G1 X70.02 Y61.787 E1068.12684
G1 X69.703 Y61.237 E1068.15434
G1 X69.507 Y60.634 E1068.18179
G1 X69.44 Y60 E1068.2094
G1 X69.507 Y59.366 E1068.23701
G1 X69.703 Y58.763 E1068.26447
G1 X70.02 Y58.213 E1068.29196
G1 X70.451 Y57.735 E1068.31983
G1 X70.963 Y57.363 E1068.34724
G1 X71.541 Y57.106 E1068.37463
G1 X72.171 Y56.972 E1068.40253
G1 X72.799 Y56.972 E1068.42972
G1 X72.929 Y57 E1068.43548
G0 F1920 X73.429 Y57.106
M204 S2000
M205 X30 Y30
G0 F3600 X73.585 Y56.628
M204 S500
M205 X10 Y10
;TYPE:WALL-OUTER
G1 F1200 X74.257 Y56.927 E1068.46733
G1 X74.857 Y57.363 E1068.49945
G1 X75.355 Y57.915 E1068.53165
G1 X75.726 Y58.558 E1068.5638
G1 X75.954 Y59.26 E1068.59576
G1 X76.032 Y60 E1068.62798
G1 X75.954 Y60.74 E1068.66021
G1 X75.726 Y61.442 E1068.69217
G1 X75.355 Y62.085 E1068.72432
G1 X74.857 Y62.637 E1068.75651
G1 X74.257 Y63.073 E1068.78863
G1 X73.585 Y63.372 E1068.82049
G1 X72.851 Y63.528 E1068.85298
G1 X72.119 Y63.528 E1068.88468
G1 X71.385 Y63.372 E1068.91718
G1 X70.71 Y63.072 E1068.94917
G1 X70.114 Y62.639 E1068.98107
G1 X69.615 Y62.085 E1069.01336
G1 X69.245 Y61.443 E1069.04545
G1 X69.015 Y60.738 E1069.07756
G1 X68.938 Y60 E1069.10969
G1 X69.015 Y59.262 E1069.14183
G1 X69.245 Y58.557 E1069.17394
G1 X69.615 Y57.915 E1069.20603
G1 X70.114 Y57.361 E1069.23832
G1 X70.71 Y56.928 E1069.27022
G1 X71.385 Y56.628 E1069.30221
G1 X72.119 Y56.472 E1069.33471
G1 X72.851 Y56.472 E1069.36641
G1 X73.084 Y56.522 E1069.37673
G0 F960 X73.585 Y56.628
M204 S2000
M205 X30 Y30
G0 F3600 X73.813 Y56.729
G0 X73.406 Y57.643
G1 F2700 E1061.37673 ; Modi
;MESH:NONMESH
G0 F600 X73.406 Y57.643 Z35.3
G0 F3600 X70.036 Y58.224
G0 X68.793 Y57.51
G0 X52.95 Y58.224
G0 X51.515 Y58.224
G0 X46.135 Y57.922
;TIME_ELAPSED:1304.429743
;LAYER:140
M204 S500
M205 X10 Y10
;TYPE:FILL
;MESH:RetractTower
G1 F2700 E1069.37673
G1 F2400 X50.561 Y62.349 E1069.64782
G1 X50.773 Y62.561
M204 S2000
M205 X30 Y30
G0 F3600 X50.831 Y60.261
M204 S500
M205 X10 Y10
G1 F2400 X48.368 Y57.798 E1069.79866
G1 X48.156 Y57.586
M204 S2000
M205 X30 Y30
G0 F3600 X50.726 Y57.798
M204 S500
M205 X10 Y10
G1 F2400 X50.827 Y57.9 E1069.80488
M204 S2000
M205 X30 Y30
G0 F3600 X48.204 Y62.349
M204 S500
M205 X10 Y10
G1 F2400 X46.135 Y60.28 E1069.93159
G1 X45.923 Y60.068
M204 S2000
M205 X30 Y30
G0 F3600 X47.508 Y57.6
M204 S500
M205 X10 Y10
;TYPE:WALL-INNER
G1 F2400 X51.027 Y57.6 E1070.08399
G1 X51.035 Y62.55 E1070.29835
G1 X45.935 Y62.55 E1070.51921
G1 X45.935 Y57.45 E1070.74007
G1 X47.146 Y57.45 E1070.79251
G0 F1920 X47.508 Y57.45
G0 X47.508 Y57.6
M204 S2000
M205 X30 Y30
G0 F3600 X48.008 Y57.1
M204 S500
M205 X10 Y10
G1 F2400 X50.53 Y57.1 E1070.90173
G1 X50.531 Y56.95 E1070.90823
G1 X51.535 Y56.95 E1070.9517
G1 X51.535 Y63.05 E1071.21587
G1 X45.435 Y63.05 E1071.48003
G1 X45.435 Y56.95 E1071.7442
G1 X47.646 Y56.95 E1071.83995
G0 F1920 X48.008 Y56.95
G0 X48.008 Y57.1
M204 S2000
M205 X30 Y30
G0 F3600 X48.508 Y56.6
M204 S500
M205 X10 Y10
;TYPE:WALL-OUTER
G1 F1200 X50.033 Y56.6 E1071.90599
G1 X50.034 Y56.45 E1071.91249
G1 X52.035 Y56.45 E1071.99914
G1 X52.035 Y63.55 E1072.30661
G1 X44.935 Y63.55 E1072.61408
G1 X44.935 Y56.45 E1072.92155
G1 X48.146 Y56.45 E1073.06061
G0 F960 X48.508 Y56.45
G0 X48.508 Y56.6
M204 S2000
M205 X30 Y30
G0 F3600 X48.758 Y56.6
G0 X48.758 Y57.6
G1 F2700 E1065.06061 ; Modi
G0 F3600 X51.515 Y58.737
G0 X52.95 Y58.737
G0 X68.099 Y59.222
G0 X69.526 Y59.37
G0 X70.524 Y58.737
M204 S500
M205 X10 Y10
;TYPE:FILL
G1 F2700 E1073.06061
G1 F2400 X73.747 Y61.96 E1073.258
G1 X73.959 Y62.172
M204 S2000
M205 X30 Y30
G0 F3600 X74.738 Y60.593
M204 S500
M205 X10 Y10
G1 F2400 X71.892 Y57.747 E1073.43229
G1 X71.68 Y57.535
M204 S2000
M205 X30 Y30
G0 F3600 X70.329 Y60.899
M204 S500
M205 X10 Y10
G1 F2400 X71.572 Y62.142 E1073.50842
G1 X71.784 Y62.354
M204 S2000
M205 X30 Y30
G0 F3600 X73.273 Y57.584
M204 S500
M205 X10 Y10
;TYPE:WALL-INNER
G1 F2400 X73.757 Y57.799 E1073.53135
G1 X74.183 Y58.109 E1073.55417
G1 X74.541 Y58.505 E1073.57729
G1 X74.805 Y58.963 E1073.60018
G1 X74.972 Y59.475 E1073.6235
G1 X75.027 Y60 E1073.64636
G1 X74.972 Y60.525 E1073.66922
G1 X74.805 Y61.037 E1073.69255
G1 X74.541 Y61.495 E1073.71544
G1 X74.183 Y61.891 E1073.73856
G1 X73.757 Y62.201 E1073.76137
G1 X73.273 Y62.416 E1073.78431
G1 X72.747 Y62.528 E1073.8076
G1 X72.223 Y62.528 E1073.83029
G1 X71.697 Y62.416 E1073.85358
G1 X71.216 Y62.202 E1073.87638
G1 X70.785 Y61.889 E1073.89945
G1 X70.427 Y61.492 E1073.9226
G1 X70.164 Y61.035 E1073.94543
G1 X69.998 Y60.526 E1073.96861
G1 X69.943 Y60 E1073.99152
G1 X69.998 Y59.474 E1074.01442
G1 X70.164 Y58.965 E1074.03761
G1 X70.427 Y58.508 E1074.06044
G1 X70.785 Y58.111 E1074.08359
G1 X71.216 Y57.798 E1074.10666
G1 X71.697 Y57.584 E1074.12946
G1 X72.223 Y57.472 E1074.15275
G1 X72.747 Y57.472 E1074.17544
G1 X72.772 Y57.478 E1074.17655
G0 F1920 X73.273 Y57.584
M204 S2000
M205 X30 Y30
G0 F3600 X73.429 Y57.106
M204 S500
M205 X10 Y10
G1 F2400 X74.007 Y57.363 E1074.20394
G1 X74.52 Y57.736 E1074.23141
G1 X74.948 Y58.21 E1074.25907
G1 X75.266 Y58.761 E1074.28662
G1 X75.463 Y59.367 E1074.31421
G1 X75.53 Y60 E1074.34178
G1 X75.463 Y60.633 E1074.36935
G1 X75.266 Y61.239 E1074.39694
G1 X74.948 Y61.79 E1074.42449
G1 X74.52 Y62.264 E1074.45215
G1 X74.007 Y62.637 E1074.47962
G1 X73.429 Y62.894 E1074.50701
G1 X72.799 Y63.028 E1074.5349
G1 X72.171 Y63.028 E1074.5621
G1 X71.541 Y62.894 E1074.58999
G1 X70.963 Y62.637 E1074.61738
G1 X70.451 Y62.265 E1074.64479
G1 X70.02 Y61.787 E1074.67266
G1 X69.703 Y61.237 E1074.70015
G1 X69.507 Y60.634 E1074.72761
G1 X69.44 Y60 E1074.75522
G1 X69.507 Y59.366 E1074.78283
G1 X69.703 Y58.763 E1074.81029
G1 X70.02 Y58.213 E1074.83778
G1 X70.451 Y57.735 E1074.86565
G1 X70.963 Y57.363 E1074.89306
G1 X71.541 Y57.106 E1074.92045
G1 X72.171 Y56.972 E1074.94835
G1 X72.799 Y56.972 E1074.97554
G1 X72.929 Y57 E1074.9813
G0 F1920 X73.429 Y57.106
M204 S2000
M205 X30 Y30
G0 F3600 X73.585 Y56.628
M204 S500
M205 X10 Y10
;TYPE:WALL-OUTER
G1 F1200 X74.257 Y56.927 E1075.01315
G1 X74.857 Y57.363 E1075.04527
G1 X75.355 Y57.915 E1075.07747
G1 X75.726 Y58.558 E1075.10962
G1 X75.954 Y59.26 E1075.14158
G1 X76.032 Y60 E1075.1738
G1 X75.954 Y60.74 E1075.20603
G1 X75.726 Y61.442 E1075.23799
G1 X75.355 Y62.085 E1075.27014
G1 X74.857 Y62.637 E1075.30233
G1 X74.257 Y63.073 E1075.33445
G1 X73.585 Y63.372 E1075.36631
G1 X72.851 Y63.528 E1075.3988
G1 X72.119 Y63.528 E1075.4305
G1 X71.385 Y63.372 E1075.463
G1 X70.71 Y63.072 E1075.49499
G1 X70.114 Y62.639 E1075.52689
G1 X69.615 Y62.085 E1075.55918
G1 X69.245 Y61.443 E1075.59127
G1 X69.015 Y60.738 E1075.62338
G1 X68.938 Y60 E1075.65551
G1 X69.015 Y59.262 E1075.68765
G1 X69.245 Y58.557 E1075.71976
G1 X69.615 Y57.915 E1075.75185
G1 X70.114 Y57.361 E1075.78414
G1 X70.71 Y56.928 E1075.81604
G1 X71.385 Y56.628 E1075.84803
G1 X72.119 Y56.472 E1075.88053
G1 X72.851 Y56.472 E1075.91223
G1 X73.084 Y56.522 E1075.92255
G0 F960 X73.585 Y56.628
M204 S2000
M205 X30 Y30
G0 F3600 X73.813 Y56.729
G0 X73.406 Y57.643
G1 F2700 E1067.92255 ; Modi
;MESH:NONMESH
G0 F600 X73.406 Y57.643 Z35.55
G0 F3600 X70.036 Y58.224
G0 X68.793 Y57.51
G0 X52.95 Y58.224
G0 X51.515 Y58.224
G0 X48.054 Y57.798
;TIME_ELAPSED:1312.830709
;LAYER:141
M204 S500
M205 X10 Y10
;TYPE:FILL
;MESH:RetractTower
G1 F2700 E1075.92255
G1 F2400 X46.135 Y59.718 E1076.0401
G1 X45.923 Y59.93
M204 S2000
M205 X30 Y30
G0 F3600 X46.135 Y62.076
M204 S500
M205 X10 Y10
G1 F2400 X50.412 Y57.798 E1076.30207
G1 X50.624 Y57.586
M204 S2000
M205 X30 Y30
G0 F3600 X50.834 Y59.734
M204 S500
M205 X10 Y10
G1 F2400 X48.219 Y62.349 E1076.46222
G1 X48.007 Y62.561
M204 S2000
M205 X30 Y30
G0 F3600 X50.577 Y62.349
M204 S500
M205 X10 Y10
G1 F2400 X50.834 Y62.091 E1076.47799
M204 S2000
M205 X30 Y30
G0 F3600 X46.109 Y57.6
M204 S500
M205 X10 Y10
;TYPE:WALL-INNER
G1 F2400 X50.971 Y57.6 E1076.68855
G1 X50.972 Y57.45 E1076.69504
G1 X51.035 Y57.45 E1076.69777
G1 X51.035 Y62.55 E1076.91863
G1 X45.935 Y62.55 E1077.13949
G1 X45.935 Y57.638 E1077.35221
G0 F1920 X45.935 Y57.45
G0 X46.109 Y57.45
G0 X46.109 Y57.6
M204 S2000
M205 X30 Y30
G0 F3600 X46.609 Y57.1
M204 S500
M205 X10 Y10
G1 F2400 X50.474 Y57.1 E1077.51958
G1 X50.475 Y56.95 E1077.52608
G1 X51.535 Y56.95 E1077.57198
G1 X51.535 Y63.05 E1077.83615
G1 X45.435 Y63.05 E1078.10031
G1 X45.435 Y56.95 E1078.36448
G1 X46.247 Y56.95 E1078.39964
G0 F1920 X46.609 Y56.95
G0 X46.609 Y57.1
M204 S2000
M205 X30 Y30
G0 F3600 X47.109 Y56.6
M204 S500
M205 X10 Y10
;TYPE:WALL-OUTER
G1 F1200 X49.977 Y56.6 E1078.52384
G1 X49.978 Y56.45 E1078.53034
G1 X52.035 Y56.45 E1078.61942
G1 X52.035 Y63.55 E1078.92689
G1 X44.935 Y63.55 E1079.23436
G1 X44.935 Y56.45 E1079.54183
G1 X46.747 Y56.45 E1079.6203
G0 F960 X47.109 Y56.45
G0 X47.109 Y56.6
M204 S2000
M205 X30 Y30
G0 F3600 X47.359 Y56.6
G0 X47.359 Y57.6
G1 F2700 E1071.62030 ; Modi
G0 F3600 X51.515 Y59.097
G0 X52.95 Y59.097
G0 X68.034 Y59.852
G0 X69.46 Y60
G0 X70.331 Y59.097
M204 S500
M205 X10 Y10
;TYPE:FILL
G1 F2700 E1079.6203
G1 F2400 X71.571 Y57.856 E1079.69628
G1 X71.783 Y57.644
M204 S2000
M205 X30 Y30
G0 F3600 X73.747 Y58.038
M204 S500
M205 X10 Y10
G1 F2400 X70.524 Y61.261 E1079.89366
G1 X70.312 Y61.473
M204 S2000
M205 X30 Y30
G0 F3600 X71.89 Y62.252
M204 S500
M205 X10 Y10
G1 F2400 X74.737 Y59.406 E1080.06799
G1 X74.949 Y59.194
M204 S2000
M205 X30 Y30
G0 F3600 X73.273 Y57.584
M204 S500
M205 X10 Y10
;TYPE:WALL-INNER
G1 F2400 X73.757 Y57.799 E1080.09093
G1 X74.183 Y58.109 E1080.11374
G1 X74.541 Y58.505 E1080.13686
G1 X74.805 Y58.963 E1080.15976
G1 X74.972 Y59.475 E1080.18308
G1 X75.027 Y60 E1080.20594
G1 X74.972 Y60.525 E1080.2288
G1 X74.805 Y61.037 E1080.25212
G1 X74.541 Y61.495 E1080.27501
G1 X74.183 Y61.891 E1080.29813
G1 X73.757 Y62.201 E1080.32095
G1 X73.273 Y62.416 E1080.34388
G1 X72.747 Y62.528 E1080.36717
G1 X72.223 Y62.528 E1080.38986
G1 X71.697 Y62.416 E1080.41315
G1 X71.216 Y62.202 E1080.43595
G1 X70.785 Y61.889 E1080.45902
G1 X70.427 Y61.492 E1080.48217
G1 X70.164 Y61.035 E1080.505
G1 X69.998 Y60.526 E1080.52819
G1 X69.943 Y60 E1080.55109
G1 X69.998 Y59.474 E1080.57399
G1 X70.164 Y58.965 E1080.59718
G1 X70.427 Y58.508 E1080.62001
G1 X70.785 Y58.111 E1080.64316
G1 X71.216 Y57.798 E1080.66623
G1 X71.697 Y57.584 E1080.68903
G1 X72.223 Y57.472 E1080.71232
G1 X72.747 Y57.472 E1080.73501
G1 X72.772 Y57.478 E1080.73612
G0 F1920 X73.273 Y57.584
M204 S2000
M205 X30 Y30
G0 F3600 X73.429 Y57.106
M204 S500
M205 X10 Y10
G1 F2400 X74.007 Y57.363 E1080.76352
G1 X74.52 Y57.736 E1080.79099
G1 X74.948 Y58.21 E1080.81864
G1 X75.266 Y58.761 E1080.84619
G1 X75.463 Y59.367 E1080.87379
G1 X75.53 Y60 E1080.90135
G1 X75.463 Y60.633 E1080.92892
G1 X75.266 Y61.239 E1080.95651
G1 X74.948 Y61.79 E1080.98406
G1 X74.52 Y62.264 E1081.01172
G1 X74.007 Y62.637 E1081.03919
G1 X73.429 Y62.894 E1081.06658
G1 X72.799 Y63.028 E1081.09448
G1 X72.171 Y63.028 E1081.12167
G1 X71.541 Y62.894 E1081.14956
G1 X70.963 Y62.637 E1081.17696
G1 X70.451 Y62.265 E1081.20436
G1 X70.02 Y61.787 E1081.23224
G1 X69.703 Y61.237 E1081.25973
G1 X69.507 Y60.634 E1081.28719
G1 X69.44 Y60 E1081.31479
G1 X69.507 Y59.366 E1081.3424
G1 X69.703 Y58.763 E1081.36986
G1 X70.02 Y58.213 E1081.39735
G1 X70.451 Y57.735 E1081.42523
G1 X70.963 Y57.363 E1081.45263
G1 X71.541 Y57.106 E1081.48003
G1 X72.171 Y56.972 E1081.50792
G1 X72.799 Y56.972 E1081.53511
G1 X72.929 Y57 E1081.54087
G0 F1920 X73.429 Y57.106
M204 S2000
M205 X30 Y30
G0 F3600 X73.585 Y56.628
M204 S500
M205 X10 Y10
;TYPE:WALL-OUTER
G1 F1200 X74.257 Y56.927 E1081.57273
G1 X74.857 Y57.363 E1081.60484
G1 X75.355 Y57.915 E1081.63704
G1 X75.726 Y58.558 E1081.66919
G1 X75.954 Y59.26 E1081.70115
G1 X76.032 Y60 E1081.73338
G1 X75.954 Y60.74 E1081.7656
G1 X75.726 Y61.442 E1081.79756
G1 X75.355 Y62.085 E1081.82971
G1 X74.857 Y62.637 E1081.86191
G1 X74.257 Y63.073 E1081.89403
G1 X73.585 Y63.372 E1081.92588
G1 X72.851 Y63.528 E1081.95838
G1 X72.119 Y63.528 E1081.99007
G1 X71.385 Y63.372 E1082.02257
G1 X70.71 Y63.072 E1082.05456
G1 X70.114 Y62.639 E1082.08646
G1 X69.615 Y62.085 E1082.11875
G1 X69.245 Y61.443 E1082.15084
G1 X69.015 Y60.738 E1082.18295
G1 X68.938 Y60 E1082.21509
G1 X69.015 Y59.262 E1082.24722
G1 X69.245 Y58.557 E1082.27933
G1 X69.615 Y57.915 E1082.31142
G1 X70.114 Y57.361 E1082.34371
G1 X70.71 Y56.928 E1082.37562
G1 X71.385 Y56.628 E1082.4076
G1 X72.119 Y56.472 E1082.4401
G1 X72.851 Y56.472 E1082.4718
G1 X73.084 Y56.522 E1082.48212
G0 F960 X73.585 Y56.628
M204 S2000
M205 X30 Y30
G0 F3600 X73.813 Y56.729
G0 X73.406 Y57.643
G1 F2700 E1074.48212 ; Modi
;MESH:NONMESH
G0 F600 X73.406 Y57.643 Z35.8
G0 F3600 X70.036 Y58.224
G0 X68.793 Y57.51
G0 X52.95 Y58.224
G0 X51.515 Y58.224
G0 X46.135 Y57.922
;TIME_ELAPSED:1321.211353
;LAYER:142
M204 S500
M205 X10 Y10
;TYPE:FILL
;MESH:RetractTower
G1 F2700 E1082.48212
G1 F2400 X50.561 Y62.349 E1082.75321
G1 X50.773 Y62.561
M204 S2000
M205 X30 Y30
G0 F3600 X50.835 Y60.265
M204 S500
M205 X10 Y10
G1 F2400 X48.369 Y57.799 E1082.90424
G1 X48.157 Y57.587
M204 S2000
M205 X30 Y30
G0 F3600 X50.727 Y57.799
M204 S500
M205 X10 Y10
G1 F2400 X50.835 Y57.907 E1082.91086
M204 S2000
M205 X30 Y30
G0 F3600 X48.204 Y62.349
M204 S500
M205 X10 Y10
G1 F2400 X46.135 Y60.28 E1083.03757
G1 X45.923 Y60.068
M204 S2000
M205 X30 Y30
G0 F3600 X46.153 Y57.6
M204 S500
M205 X10 Y10
;TYPE:WALL-INNER
G1 F2400 X50.828 Y57.6 E1083.24002
G1 X50.829 Y57.45 E1083.24652
G1 X51.035 Y57.45 E1083.25544
G1 X51.035 Y62.55 E1083.4763
G1 X45.935 Y62.55 E1083.69716
G1 X45.935 Y57.594 E1083.91178
G0 F1920 X45.935 Y57.45
G0 X46.153 Y57.45
G0 X46.153 Y57.6
M204 S2000
M205 X30 Y30
G0 F3600 X46.653 Y57.1
M204 S500
M205 X10 Y10
G1 F2400 X50.331 Y57.1 E1084.07106
G1 X50.332 Y56.95 E1084.07756
G1 X51.535 Y56.95 E1084.12965
G1 X51.535 Y63.05 E1084.39382
G1 X45.435 Y63.05 E1084.65798
G1 X45.435 Y56.95 E1084.92215
G1 X46.291 Y56.95 E1084.95922
G0 F1920 X46.653 Y56.95
G0 X46.653 Y57.1
M204 S2000
M205 X30 Y30
G0 F3600 X47.153 Y56.6
M204 S500
M205 X10 Y10
;TYPE:WALL-OUTER
G1 F1200 X49.834 Y56.6 E1085.07532
G1 X49.835 Y56.45 E1085.08182
G1 X52.035 Y56.45 E1085.17709
G1 X52.035 Y63.55 E1085.48456
G1 X44.935 Y63.55 E1085.79203
G1 X44.935 Y56.45 E1086.0995
G1 X46.791 Y56.45 E1086.17988
G0 F960 X47.153 Y56.45
G0 X47.153 Y56.6
M204 S2000
M205 X30 Y30
G0 F3600 X47.403 Y56.6
G0 X47.403 Y57.6
G1 F2700 E1078.17988 ; Modi
G0 F3600 X51.515 Y58.737
G0 X52.95 Y58.737
G0 X68.099 Y59.222
G0 X69.526 Y59.37
G0 X70.524 Y58.737
M204 S500
M205 X10 Y10
;TYPE:FILL
G1 F2700 E1086.17988
G1 F2400 X73.747 Y61.96 E1086.37726
G1 X73.959 Y62.172
M204 S2000
M205 X30 Y30
G0 F3600 X74.738 Y60.593
M204 S500
M205 X10 Y10
G1 F2400 X71.892 Y57.747 E1086.55156
G1 X71.68 Y57.535
M204 S2000
M205 X30 Y30
G0 F3600 X70.329 Y60.899
M204 S500
M205 X10 Y10
G1 F2400 X71.572 Y62.142 E1086.62769
G1 X71.784 Y62.354
M204 S2000
M205 X30 Y30
G0 F3600 X73.273 Y57.584
M204 S500
M205 X10 Y10
;TYPE:WALL-INNER
G1 F2400 X73.757 Y57.799 E1086.65062
G1 X74.183 Y58.109 E1086.67344
G1 X74.541 Y58.505 E1086.69656
G1 X74.805 Y58.963 E1086.71945
G1 X74.972 Y59.475 E1086.74277
G1 X75.027 Y60 E1086.76563
G1 X74.972 Y60.525 E1086.78849
G1 X74.805 Y61.037 E1086.81182
G1 X74.541 Y61.495 E1086.83471
G1 X74.183 Y61.891 E1086.85783
G1 X73.757 Y62.201 E1086.88064
G1 X73.273 Y62.416 E1086.90358
G1 X72.747 Y62.528 E1086.92687
G1 X72.223 Y62.528 E1086.94956
G1 X71.697 Y62.416 E1086.97285
G1 X71.216 Y62.202 E1086.99565
G1 X70.785 Y61.889 E1087.01871
G1 X70.427 Y61.492 E1087.04186
G1 X70.164 Y61.035 E1087.0647
G1 X69.998 Y60.526 E1087.08788
G1 X69.943 Y60 E1087.11079
G1 X69.998 Y59.474 E1087.13369
G1 X70.164 Y58.965 E1087.15688
G1 X70.427 Y58.508 E1087.17971
G1 X70.785 Y58.111 E1087.20286
G1 X71.216 Y57.798 E1087.22593
G1 X71.697 Y57.584 E1087.24873
G1 X72.223 Y57.472 E1087.27201
G1 X72.747 Y57.472 E1087.29471
G1 X72.772 Y57.478 E1087.29582
G0 F1920 X73.273 Y57.584
M204 S2000
M205 X30 Y30
G0 F3600 X73.429 Y57.106
M204 S500
M205 X10 Y10
G1 F2400 X74.007 Y57.363 E1087.32321
G1 X74.52 Y57.736 E1087.35068
G1 X74.948 Y58.21 E1087.37834
G1 X75.266 Y58.761 E1087.40589
G1 X75.463 Y59.367 E1087.43348
G1 X75.53 Y60 E1087.46105
G1 X75.463 Y60.633 E1087.48861
G1 X75.266 Y61.239 E1087.51621
G1 X74.948 Y61.79 E1087.54376
G1 X74.52 Y62.264 E1087.57142
G1 X74.007 Y62.637 E1087.59888
G1 X73.429 Y62.894 E1087.62628
G1 X72.799 Y63.028 E1087.65417
G1 X72.171 Y63.028 E1087.68137
G1 X71.541 Y62.894 E1087.70926
G1 X70.963 Y62.637 E1087.73665
G1 X70.451 Y62.265 E1087.76406
G1 X70.02 Y61.787 E1087.79193
G1 X69.703 Y61.237 E1087.81942
G1 X69.507 Y60.634 E1087.84688
G1 X69.44 Y60 E1087.87449
G1 X69.507 Y59.366 E1087.9021
G1 X69.703 Y58.763 E1087.92956
G1 X70.02 Y58.213 E1087.95705
G1 X70.451 Y57.735 E1087.98492
G1 X70.963 Y57.363 E1088.01233
G1 X71.541 Y57.106 E1088.03972
G1 X72.171 Y56.972 E1088.06761
G1 X72.799 Y56.972 E1088.09481
G1 X72.929 Y57 E1088.10057
G0 F1920 X73.429 Y57.106
M204 S2000
M205 X30 Y30
G0 F3600 X73.585 Y56.628
M204 S500
M205 X10 Y10
;TYPE:WALL-OUTER
G1 F1200 X74.257 Y56.927 E1088.13242
G1 X74.857 Y57.363 E1088.16454
G1 X75.355 Y57.915 E1088.19674
G1 X75.726 Y58.558 E1088.22888
G1 X75.954 Y59.26 E1088.26085
G1 X76.032 Y60 E1088.29307
G1 X75.954 Y60.74 E1088.3253
G1 X75.726 Y61.442 E1088.35726
G1 X75.355 Y62.085 E1088.38941
G1 X74.857 Y62.637 E1088.4216
G1 X74.257 Y63.073 E1088.45372
G1 X73.585 Y63.372 E1088.48557
G1 X72.851 Y63.528 E1088.51807
G1 X72.119 Y63.528 E1088.54977
G1 X71.385 Y63.372 E1088.58227
G1 X70.71 Y63.072 E1088.61426
G1 X70.114 Y62.639 E1088.64616
G1 X69.615 Y62.085 E1088.67845
G1 X69.245 Y61.443 E1088.71054
G1 X69.015 Y60.738 E1088.74265
G1 X68.938 Y60 E1088.77478
G1 X69.015 Y59.262 E1088.80692
G1 X69.245 Y58.557 E1088.83903
G1 X69.615 Y57.915 E1088.87112
G1 X70.114 Y57.361 E1088.90341
G1 X70.71 Y56.928 E1088.93531
G1 X71.385 Y56.628 E1088.9673
G1 X72.119 Y56.472 E1088.9998
G1 X72.851 Y56.472 E1089.0315
G1 X73.084 Y56.522 E1089.04182
G0 F960 X73.585 Y56.628
M204 S2000
M205 X30 Y30
G0 F3600 X73.813 Y56.729
G0 X73.406 Y57.643
G1 F2700 E1081.04182 ; Modi
;MESH:NONMESH
G0 F600 X73.406 Y57.643 Z36.05
G0 F3600 X70.036 Y58.224
G0 X68.793 Y57.51
G0 X52.95 Y58.224
G0 X51.515 Y58.224
G0 X48.054 Y57.798
;TIME_ELAPSED:1329.623746
;LAYER:143
M204 S500
M205 X10 Y10
;TYPE:FILL
;MESH:RetractTower
G1 F2700 E1089.04182
G1 F2400 X46.135 Y59.718 E1089.15937
G1 X45.923 Y59.93
M204 S2000
M205 X30 Y30
G0 F3600 X46.135 Y62.076
M204 S500
M205 X10 Y10
G1 F2400 X50.412 Y57.798 E1089.42134
G1 X50.624 Y57.586
M204 S2000
M205 X30 Y30
G0 F3600 X50.834 Y59.734
M204 S500
M205 X10 Y10
G1 F2400 X48.219 Y62.349 E1089.58149
G1 X48.007 Y62.561
M204 S2000
M205 X30 Y30
G0 F3600 X50.577 Y62.349
M204 S500
M205 X10 Y10
G1 F2400 X50.834 Y62.091 E1089.59726
M204 S2000
M205 X30 Y30
G0 F3600 X46.197 Y57.6
M204 S500
M205 X10 Y10
;TYPE:WALL-INNER
G1 F2400 X50.549 Y57.6 E1089.78573
G1 X50.549 Y57.45 E1089.79223
G1 X51.035 Y57.45 E1089.81327
G1 X51.035 Y62.55 E1090.03413
G1 X45.935 Y62.55 E1090.25499
G1 X45.935 Y57.55 E1090.47152
G0 F1920 X45.935 Y57.45
G0 X46.197 Y57.45
G0 X46.197 Y57.6
M204 S2000
M205 X30 Y30
G0 F3600 X46.697 Y57.1
M204 S500
M205 X10 Y10
G1 F2400 X50.049 Y57.1 E1090.61668
G1 X50.049 Y56.95 E1090.62318
G1 X51.535 Y56.95 E1090.68753
G1 X51.535 Y63.05 E1090.95169
G1 X45.435 Y63.05 E1091.21586
G1 X45.435 Y56.95 E1091.48002
G1 X46.335 Y56.95 E1091.519
G0 F1920 X46.697 Y56.95
G0 X46.697 Y57.1
M204 S2000
M205 X30 Y30
G0 F3600 X47.197 Y56.6
M204 S500
M205 X10 Y10
;TYPE:WALL-OUTER
G1 F1200 X49.549 Y56.6 E1091.62085
G1 X49.549 Y56.45 E1091.62735
G1 X52.035 Y56.45 E1091.73501
G1 X52.035 Y63.55 E1092.04248
G1 X44.935 Y63.55 E1092.34995
G1 X44.935 Y56.45 E1092.65742
G1 X46.835 Y56.45 E1092.7397
G0 F960 X47.197 Y56.45
G0 X47.197 Y56.6
M204 S2000
M205 X30 Y30
G0 F3600 X47.447 Y56.6
G0 X47.447 Y57.6
G1 F2700 E1084.73970 ; Modi
G0 F3600 X51.515 Y59.097
G0 X52.95 Y59.097
G0 X68.034 Y59.852
G0 X69.46 Y60
G0 X70.331 Y59.097
M204 S500
M205 X10 Y10
;TYPE:FILL
G1 F2700 E1092.7397
G1 F2400 X71.571 Y57.856 E1092.81567
G1 X71.783 Y57.644
M204 S2000
M205 X30 Y30
G0 F3600 X73.747 Y58.038
M204 S500
M205 X10 Y10
G1 F2400 X70.524 Y61.261 E1093.01306
G1 X70.312 Y61.473
M204 S2000
M205 X30 Y30
G0 F3600 X71.89 Y62.252
M204 S500
M205 X10 Y10
G1 F2400 X74.737 Y59.406 E1093.18739
G1 X74.949 Y59.194
M204 S2000
M205 X30 Y30
G0 F3600 X73.273 Y57.584
M204 S500
M205 X10 Y10
;TYPE:WALL-INNER
G1 F2400 X73.757 Y57.799 E1093.21033
G1 X74.183 Y58.109 E1093.23314
G1 X74.541 Y58.505 E1093.25626
G1 X74.805 Y58.963 E1093.27915
G1 X74.972 Y59.475 E1093.30248
G1 X75.027 Y60 E1093.32534
G1 X74.972 Y60.525 E1093.3482
G1 X74.805 Y61.037 E1093.37152
G1 X74.541 Y61.495 E1093.39441
G1 X74.183 Y61.891 E1093.41753
G1 X73.757 Y62.201 E1093.44034
G1 X73.273 Y62.416 E1093.46328
G1 X72.747 Y62.528 E1093.48657
G1 X72.223 Y62.528 E1093.50926
G1 X71.697 Y62.416 E1093.53255
G1 X71.216 Y62.202 E1093.55535
G1 X70.785 Y61.889 E1093.57842
G1 X70.427 Y61.492 E1093.60157
G1 X70.164 Y61.035 E1093.6244
G1 X69.998 Y60.526 E1093.64759
G1 X69.943 Y60 E1093.67049
G1 X69.998 Y59.474 E1093.69339
G1 X70.164 Y58.965 E1093.71658
G1 X70.427 Y58.508 E1093.73941
G1 X70.785 Y58.111 E1093.76256
G1 X71.216 Y57.798 E1093.78563
G1 X71.697 Y57.584 E1093.80843
G1 X72.223 Y57.472 E1093.83172
G1 X72.747 Y57.472 E1093.85441
G1 X72.772 Y57.478 E1093.85552
G0 F1920 X73.273 Y57.584
M204 S2000
M205 X30 Y30
G0 F3600 X73.429 Y57.106
M204 S500
M205 X10 Y10
G1 F2400 X74.007 Y57.363 E1093.88292
G1 X74.52 Y57.736 E1093.91038
G1 X74.948 Y58.21 E1093.93804
G1 X75.266 Y58.761 E1093.96559
G1 X75.463 Y59.367 E1093.99319
G1 X75.53 Y60 E1094.02075
G1 X75.463 Y60.633 E1094.04832
G1 X75.266 Y61.239 E1094.07591
G1 X74.948 Y61.79 E1094.10346
G1 X74.52 Y62.264 E1094.13112
G1 X74.007 Y62.637 E1094.15859
G1 X73.429 Y62.894 E1094.18598
G1 X72.799 Y63.028 E1094.21387
G1 X72.171 Y63.028 E1094.24107
G1 X71.541 Y62.894 E1094.26896
G1 X70.963 Y62.637 E1094.29636
G1 X70.451 Y62.265 E1094.32376
G1 X70.02 Y61.787 E1094.35164
G1 X69.703 Y61.237 E1094.37913
G1 X69.507 Y60.634 E1094.40658
G1 X69.44 Y60 E1094.43419
G1 X69.507 Y59.366 E1094.4618
G1 X69.703 Y58.763 E1094.48926
G1 X70.02 Y58.213 E1094.51675
G1 X70.451 Y57.735 E1094.54462
G1 X70.963 Y57.363 E1094.57203
G1 X71.541 Y57.106 E1094.59942
G1 X72.171 Y56.972 E1094.62732
G1 X72.799 Y56.972 E1094.65451
G1 X72.929 Y57 E1094.66027
G0 F1920 X73.429 Y57.106
M204 S2000
M205 X30 Y30
G0 F3600 X73.585 Y56.628
M204 S500
M205 X10 Y10
;TYPE:WALL-OUTER
G1 F1200 X74.257 Y56.927 E1094.69212
G1 X74.857 Y57.363 E1094.72424
G1 X75.355 Y57.915 E1094.75644
G1 X75.726 Y58.558 E1094.78859
G1 X75.954 Y59.26 E1094.82055
G1 X76.032 Y60 E1094.85277
G1 X75.954 Y60.74 E1094.885
G1 X75.726 Y61.442 E1094.91696
G1 X75.355 Y62.085 E1094.94911
G1 X74.857 Y62.637 E1094.98131
G1 X74.257 Y63.073 E1095.01342
G1 X73.585 Y63.372 E1095.04528
G1 X72.851 Y63.528 E1095.07777
G1 X72.119 Y63.528 E1095.10947
G1 X71.385 Y63.372 E1095.14197
G1 X70.71 Y63.072 E1095.17396
G1 X70.114 Y62.639 E1095.20586
G1 X69.615 Y62.085 E1095.23815
G1 X69.245 Y61.443 E1095.27024
G1 X69.015 Y60.738 E1095.30235
G1 X68.938 Y60 E1095.33449
G1 X69.015 Y59.262 E1095.36662
G1 X69.245 Y58.557 E1095.39873
G1 X69.615 Y57.915 E1095.43082
G1 X70.114 Y57.361 E1095.46311
G1 X70.71 Y56.928 E1095.49501
G1 X71.385 Y56.628 E1095.527
G1 X72.119 Y56.472 E1095.5595
G1 X72.851 Y56.472 E1095.5912
G1 X73.084 Y56.522 E1095.60152
G0 F960 X73.585 Y56.628
M204 S2000
M205 X30 Y30
G0 F3600 X73.813 Y56.729
G0 X73.406 Y57.643
G1 F2700 E1087.60152 ; Modi
;MESH:NONMESH
G0 F600 X73.406 Y57.643 Z36.3
G0 F3600 X70.036 Y58.224
G0 X68.793 Y57.51
G0 X52.95 Y58.224
G0 X51.515 Y58.224
G0 X46.135 Y57.922
;TIME_ELAPSED:1338.035787
;LAYER:144
M204 S500
M205 X10 Y10
;TYPE:FILL
;MESH:RetractTower
G1 F2700 E1095.60152
G1 F2400 X50.561 Y62.349 E1095.87261
G1 X50.773 Y62.561
M204 S2000
M205 X30 Y30
G0 F3600 X50.835 Y60.265
M204 S500
M205 X10 Y10
G1 F2400 X48.369 Y57.799 E1096.02364
G1 X48.157 Y57.587
M204 S2000
M205 X30 Y30
G0 F3600 X50.576 Y57.649
M204 S500
M205 X10 Y10
G1 F2400 X50.835 Y57.907 E1096.03947
M204 S2000
M205 X30 Y30
G0 F3600 X48.204 Y62.349
M204 S500
M205 X10 Y10
G1 F2400 X46.135 Y60.28 E1096.16618
G1 X45.923 Y60.068
M204 S2000
M205 X30 Y30
G0 F3600 X46.24 Y57.6
M204 S500
M205 X10 Y10
;TYPE:WALL-INNER
G1 F2400 X49.712 Y57.6 E1096.31654
G1 X49.712 Y57.45 E1096.32304
G1 X51.035 Y57.45 E1096.38033
G1 X51.035 Y62.55 E1096.60119
G1 X45.935 Y62.55 E1096.82205
G1 X45.935 Y57.507 E1097.04044
G0 F1920 X45.935 Y57.45
G0 X46.24 Y57.45
G0 X46.24 Y57.6
M204 S2000
M205 X30 Y30
G0 F3600 X46.74 Y57.1
M204 S500
M205 X10 Y10
G1 F2400 X49.212 Y57.1 E1097.14749
G1 X49.212 Y56.95 E1097.15399
G1 X51.535 Y56.95 E1097.25459
G1 X51.535 Y63.05 E1097.51875
G1 X45.435 Y63.05 E1097.78292
G1 X45.435 Y56.95 E1098.04708
G1 X46.378 Y56.95 E1098.08792
G0 F1920 X46.74 Y56.95
G0 X46.74 Y57.1
M204 S2000
M205 X30 Y30
G0 F3600 X47.24 Y56.6
M204 S500
M205 X10 Y10
;TYPE:WALL-OUTER
G1 F1200 X48.712 Y56.6 E1098.15167
G1 X48.712 Y56.45 E1098.15816
G1 X52.035 Y56.45 E1098.30207
G1 X52.035 Y63.55 E1098.60954
G1 X44.935 Y63.55 E1098.91701
G1 X44.935 Y56.45 E1099.22448
G1 X46.878 Y56.45 E1099.30862
G0 F960 X47.24 Y56.45
G0 X47.24 Y56.6
M204 S2000
M205 X30 Y30
G0 F3600 X47.49 Y56.6
G0 X47.49 Y57.6
G1 F2700 E1091.30862 ; Modi
G0 F3600 X51.515 Y58.737
G0 X52.95 Y58.737
G0 X68.099 Y59.222
G0 X69.526 Y59.37
G0 X70.524 Y58.737
M204 S500
M205 X10 Y10
;TYPE:FILL
G1 F2700 E1099.30862
G1 F2400 X73.747 Y61.96 E1099.50601
G1 X73.959 Y62.172
M204 S2000
M205 X30 Y30
G0 F3600 X74.738 Y60.593
M204 S500
M205 X10 Y10
G1 F2400 X71.892 Y57.747 E1099.68031
G1 X71.68 Y57.535
M204 S2000
M205 X30 Y30
G0 F3600 X70.329 Y60.899
M204 S500
M205 X10 Y10
G1 F2400 X71.572 Y62.142 E1099.75643
G1 X71.784 Y62.354
M204 S2000
M205 X30 Y30
G0 F3600 X73.273 Y57.584
M204 S500
M205 X10 Y10
;TYPE:WALL-INNER
G1 F2400 X73.757 Y57.799 E1099.77937
G1 X74.183 Y58.109 E1099.80218
G1 X74.541 Y58.505 E1099.8253
G1 X74.805 Y58.963 E1099.8482
G1 X74.972 Y59.475 E1099.87152
G1 X75.027 Y60 E1099.89438
G1 X74.972 Y60.525 E1099.91724
G1 X74.805 Y61.037 E1099.94056
G1 X74.541 Y61.495 E1099.96345
G1 X74.183 Y61.891 E1099.98657
G1 X73.757 Y62.201 E1100.00939
G1 X73.273 Y62.416 E1100.03232
G1 X72.747 Y62.528 E1100.05561
G1 X72.223 Y62.528 E1100.0783
G1 X71.697 Y62.416 E1100.10159
G1 X71.216 Y62.202 E1100.12439
G1 X70.785 Y61.889 E1100.14746
G1 X70.427 Y61.492 E1100.17061
G1 X70.164 Y61.035 E1100.19344
G1 X69.998 Y60.526 E1100.21663
G1 X69.943 Y60 E1100.23953
G1 X69.998 Y59.474 E1100.26243
G1 X70.164 Y58.965 E1100.28562
G1 X70.427 Y58.508 E1100.30845
G1 X70.785 Y58.111 E1100.3316
G1 X71.216 Y57.798 E1100.35467
G1 X71.697 Y57.584 E1100.37747
G1 X72.223 Y57.472 E1100.40076
G1 X72.747 Y57.472 E1100.42345
G1 X72.772 Y57.478 E1100.42457
G0 F1920 X73.273 Y57.584
M204 S2000
M205 X30 Y30
G0 F3600 X73.429 Y57.106
M204 S500
M205 X10 Y10
G1 F2400 X74.007 Y57.363 E1100.45196
G1 X74.52 Y57.736 E1100.47943
G1 X74.948 Y58.21 E1100.50708
G1 X75.266 Y58.761 E1100.53463
G1 X75.463 Y59.367 E1100.56223
G1 X75.53 Y60 E1100.58979
G1 X75.463 Y60.633 E1100.61736
G1 X75.266 Y61.239 E1100.64495
G1 X74.948 Y61.79 E1100.67251
G1 X74.52 Y62.264 E1100.70016
G1 X74.007 Y62.637 E1100.72763
G1 X73.429 Y62.894 E1100.75502
G1 X72.799 Y63.028 E1100.78292
G1 X72.171 Y63.028 E1100.81011
G1 X71.541 Y62.894 E1100.838
G1 X70.963 Y62.637 E1100.8654
G1 X70.451 Y62.265 E1100.89281
G1 X70.02 Y61.787 E1100.92068
G1 X69.703 Y61.237 E1100.94817
G1 X69.507 Y60.634 E1100.97563
G1 X69.44 Y60 E1101.00324
G1 X69.507 Y59.366 E1101.03084
G1 X69.703 Y58.763 E1101.0583
G1 X70.02 Y58.213 E1101.08579
G1 X70.451 Y57.735 E1101.11367
G1 X70.963 Y57.363 E1101.14107
G1 X71.541 Y57.106 E1101.16847
G1 X72.171 Y56.972 E1101.19636
G1 X72.799 Y56.972 E1101.22356
G1 X72.929 Y57 E1101.22931
G0 F1920 X73.429 Y57.106
M204 S2000
M205 X30 Y30
G0 F3600 X73.585 Y56.628
M204 S500
M205 X10 Y10
;TYPE:WALL-OUTER
G1 F1200 X74.257 Y56.927 E1101.26117
G1 X74.857 Y57.363 E1101.29329
G1 X75.355 Y57.915 E1101.32548
G1 X75.726 Y58.558 E1101.35763
G1 X75.954 Y59.26 E1101.38959
G1 X76.032 Y60 E1101.42182
G1 X75.954 Y60.74 E1101.45404
G1 X75.726 Y61.442 E1101.486
G1 X75.355 Y62.085 E1101.51815
G1 X74.857 Y62.637 E1101.55035
G1 X74.257 Y63.073 E1101.58247
G1 X73.585 Y63.372 E1101.61432
G1 X72.851 Y63.528 E1101.64682
G1 X72.119 Y63.528 E1101.67852
G1 X71.385 Y63.372 E1101.71101
G1 X70.71 Y63.072 E1101.743
G1 X70.114 Y62.639 E1101.7749
G1 X69.615 Y62.085 E1101.80719
G1 X69.245 Y61.443 E1101.83928
G1 X69.015 Y60.738 E1101.8714
G1 X68.938 Y60 E1101.90353
G1 X69.015 Y59.262 E1101.93566
G1 X69.245 Y58.557 E1101.96778
G1 X69.615 Y57.915 E1101.99986
G1 X70.114 Y57.361 E1102.03215
G1 X70.71 Y56.928 E1102.06406
G1 X71.385 Y56.628 E1102.09604
G1 X72.119 Y56.472 E1102.12854
G1 X72.851 Y56.472 E1102.16024
G1 X73.084 Y56.522 E1102.17056
G0 F960 X73.585 Y56.628
M204 S2000
M205 X30 Y30
G0 F3600 X73.813 Y56.729
G0 X73.406 Y57.643
G1 F2700 E1094.17056 ; Modi
;MESH:NONMESH
G0 F600 X73.406 Y57.643 Z36.55
G0 F3600 X70.036 Y58.224
G0 X68.793 Y57.51
G0 X52.95 Y58.224
G0 X51.515 Y58.224
G0 X48.054 Y57.798
;TIME_ELAPSED:1346.497867
;LAYER:145
M204 S500
M205 X10 Y10
;TYPE:FILL
;MESH:RetractTower
G1 F2700 E1102.17056
G1 F2400 X46.135 Y59.718 E1102.28812
G1 X45.923 Y59.93
M204 S2000
M205 X30 Y30
G0 F3600 X46.135 Y62.076
M204 S500
M205 X10 Y10
G1 F2400 X50.562 Y57.649 E1102.55924
G1 X50.774 Y57.437
M204 S2000
M205 X30 Y30
G0 F3600 X50.834 Y59.734
M204 S500
M205 X10 Y10
G1 F2400 X48.219 Y62.349 E1102.71939
G1 X48.007 Y62.561
M204 S2000
M205 X30 Y30
G0 F3600 X50.577 Y62.349
M204 S500
M205 X10 Y10
G1 F2400 X50.834 Y62.091 E1102.73516
M204 S2000
M205 X30 Y30
G0 F3600 X46.284 Y57.6
M204 S500
M205 X10 Y10
;TYPE:WALL-INNER
G1 F2400 X49.645 Y57.6 E1102.88072
G1 X49.657 Y57.45 E1102.88723
G1 X51.035 Y57.45 E1102.94691
G1 X51.035 Y62.55 E1103.16777
G1 X45.935 Y62.55 E1103.38863
G1 X45.935 Y57.463 E1103.60892
G0 F1920 X45.935 Y57.45
G0 X46.284 Y57.45
G0 X46.284 Y57.6
M204 S2000
M205 X30 Y30
G0 F3600 X46.784 Y57.1
M204 S500
M205 X10 Y10
G1 F2400 X49.183 Y57.1 E1103.71281
G1 X49.195 Y56.95 E1103.71933
G1 X51.535 Y56.95 E1103.82066
G1 X51.535 Y63.05 E1104.08483
G1 X45.435 Y63.05 E1104.34899
G1 X45.435 Y56.95 E1104.61316
G1 X46.422 Y56.95 E1104.6559
G0 F1920 X46.784 Y56.95
G0 X46.784 Y57.1
M204 S2000
M205 X30 Y30
G0 F3600 X47.284 Y56.6
M204 S500
M205 X10 Y10
;TYPE:WALL-OUTER
G1 F1200 X48.721 Y56.6 E1104.71813
G1 X48.733 Y56.45 E1104.72465
G1 X52.035 Y56.45 E1104.86764
G1 X52.035 Y63.55 E1105.17512
G1 X44.935 Y63.55 E1105.48259
G1 X44.935 Y56.45 E1105.79006
G1 X46.922 Y56.45 E1105.87611
G0 F960 X47.284 Y56.45
G0 X47.284 Y56.6
M204 S2000
M205 X30 Y30
G0 F3600 X47.534 Y56.6
G0 X47.534 Y57.6
G1 F2700 E1097.87611 ; Modi
G0 F3600 X51.515 Y59.097
G0 X52.95 Y59.097
G0 X68.034 Y59.852
G0 X69.46 Y60
G0 X70.331 Y59.097
M204 S500
M205 X10 Y10
;TYPE:FILL
G1 F2700 E1105.87611
G1 F2400 X71.571 Y57.856 E1105.95208
G1 X71.783 Y57.644
M204 S2000
M205 X30 Y30
G0 F3600 X73.747 Y58.038
M204 S500
M205 X10 Y10
G1 F2400 X70.524 Y61.261 E1106.14947
G1 X70.312 Y61.473
M204 S2000
M205 X30 Y30
G0 F3600 X71.89 Y62.252
M204 S500
M205 X10 Y10
G1 F2400 X74.737 Y59.406 E1106.3238
G1 X74.949 Y59.194
M204 S2000
M205 X30 Y30
G0 F3600 X73.273 Y57.584
M204 S500
M205 X10 Y10
;TYPE:WALL-INNER
G1 F2400 X73.757 Y57.799 E1106.34673
G1 X74.183 Y58.109 E1106.36955
G1 X74.541 Y58.505 E1106.39266
G1 X74.805 Y58.963 E1106.41556
G1 X74.972 Y59.475 E1106.43888
G1 X75.027 Y60 E1106.46174
G1 X74.972 Y60.525 E1106.4846
G1 X74.805 Y61.037 E1106.50792
G1 X74.541 Y61.495 E1106.53082
G1 X74.183 Y61.891 E1106.55393
G1 X73.757 Y62.201 E1106.57675
G1 X73.273 Y62.416 E1106.59968
G1 X72.747 Y62.528 E1106.62297
G1 X72.223 Y62.528 E1106.64567
G1 X71.697 Y62.416 E1106.66896
G1 X71.216 Y62.202 E1106.69175
G1 X70.785 Y61.889 E1106.71482
G1 X70.427 Y61.492 E1106.73797
G1 X70.164 Y61.035 E1106.76081
G1 X69.998 Y60.526 E1106.78399
G1 X69.943 Y60 E1106.80689
G1 X69.998 Y59.474 E1106.8298
G1 X70.164 Y58.965 E1106.85298
G1 X70.427 Y58.508 E1106.87582
G1 X70.785 Y58.111 E1106.89897
G1 X71.216 Y57.798 E1106.92203
G1 X71.697 Y57.584 E1106.94483
G1 X72.223 Y57.472 E1106.96812
G1 X72.747 Y57.472 E1106.99081
G1 X72.772 Y57.478 E1106.99193
G0 F1920 X73.273 Y57.584
M204 S2000
M205 X30 Y30
G0 F3600 X73.429 Y57.106
M204 S500
M205 X10 Y10
G1 F2400 X74.007 Y57.363 E1107.01932
G1 X74.52 Y57.736 E1107.04679
G1 X74.948 Y58.21 E1107.07445
G1 X75.266 Y58.761 E1107.102
G1 X75.463 Y59.367 E1107.12959
G1 X75.53 Y60 E1107.15716
G1 X75.463 Y60.633 E1107.18472
G1 X75.266 Y61.239 E1107.21232
G1 X74.948 Y61.79 E1107.23987
G1 X74.52 Y62.264 E1107.26752
G1 X74.007 Y62.637 E1107.29499
G1 X73.429 Y62.894 E1107.32238
G1 X72.799 Y63.028 E1107.35028
G1 X72.171 Y63.028 E1107.37747
G1 X71.541 Y62.894 E1107.40537
G1 X70.963 Y62.637 E1107.43276
G1 X70.451 Y62.265 E1107.46017
G1 X70.02 Y61.787 E1107.48804
G1 X69.703 Y61.237 E1107.51553
G1 X69.507 Y60.634 E1107.54299
G1 X69.44 Y60 E1107.5706
G1 X69.507 Y59.366 E1107.59821
G1 X69.703 Y58.763 E1107.62566
G1 X70.02 Y58.213 E1107.65316
G1 X70.451 Y57.735 E1107.68103
G1 X70.963 Y57.363 E1107.70844
G1 X71.541 Y57.106 E1107.73583
G1 X72.171 Y56.972 E1107.76372
G1 X72.799 Y56.972 E1107.79092
G1 X72.929 Y57 E1107.79668
G0 F1920 X73.429 Y57.106
M204 S2000
M205 X30 Y30
G0 F3600 X73.585 Y56.628
M204 S500
M205 X10 Y10
;TYPE:WALL-OUTER
G1 F1200 X74.257 Y56.927 E1107.82853
G1 X74.857 Y57.363 E1107.86065
G1 X75.355 Y57.915 E1107.89284
G1 X75.726 Y58.558 E1107.92499
G1 X75.954 Y59.26 E1107.95696
G1 X76.032 Y60 E1107.98918
G1 X75.954 Y60.74 E1108.0214
G1 X75.726 Y61.442 E1108.05337
G1 X75.355 Y62.085 E1108.08551
G1 X74.857 Y62.637 E1108.11771
G1 X74.257 Y63.073 E1108.14983
G1 X73.585 Y63.372 E1108.18168
G1 X72.851 Y63.528 E1108.21418
G1 X72.119 Y63.528 E1108.24588
G1 X71.385 Y63.372 E1108.27837
G1 X70.71 Y63.072 E1108.31036
G1 X70.114 Y62.639 E1108.34226
G1 X69.615 Y62.085 E1108.37455
G1 X69.245 Y61.443 E1108.40664
G1 X69.015 Y60.738 E1108.43876
G1 X68.938 Y60 E1108.47089
G1 X69.015 Y59.262 E1108.50302
G1 X69.245 Y58.557 E1108.53514
G1 X69.615 Y57.915 E1108.56723
G1 X70.114 Y57.361 E1108.59952
G1 X70.71 Y56.928 E1108.63142
G1 X71.385 Y56.628 E1108.66341
G1 X72.119 Y56.472 E1108.6959
G1 X72.851 Y56.472 E1108.7276
G1 X73.084 Y56.522 E1108.73792
G0 F960 X73.585 Y56.628
M204 S2000
M205 X30 Y30
G0 F3600 X73.813 Y56.729
G0 X73.406 Y57.643
G1 F2700 E1100.73792 ; Modi
;MESH:NONMESH
G0 F600 X73.406 Y57.643 Z36.8
G0 F3600 X70.036 Y58.224
G0 X68.793 Y57.51
G0 X52.95 Y58.224
G0 X51.515 Y58.224
G0 X46.135 Y57.922
;TIME_ELAPSED:1354.937156
;LAYER:146
M204 S500
M205 X10 Y10
;TYPE:FILL
;MESH:RetractTower
G1 F2700 E1108.73792
G1 F2400 X50.561 Y62.349 E1109.00902
G1 X50.773 Y62.561
M204 S2000
M205 X30 Y30
G0 F3600 X50.835 Y60.265
M204 S500
M205 X10 Y10
G1 F2400 X48.369 Y57.799 E1109.16004
G1 X48.157 Y57.587
M204 S2000
M205 X30 Y30
G0 F3600 X50.727 Y57.799
M204 S500
M205 X10 Y10
G1 F2400 X50.835 Y57.907 E1109.16666
M204 S2000
M205 X30 Y30
G0 F3600 X48.204 Y62.349
M204 S500
M205 X10 Y10
G1 F2400 X46.135 Y60.28 E1109.29337
G1 X45.923 Y60.068
M204 S2000
M205 X30 Y30
G0 F3600 X46.328 Y57.6
M204 S500
M205 X10 Y10
;TYPE:WALL-INNER
G1 F2400 X50.91 Y57.6 E1109.4918
G1 X50.91 Y57.45 E1109.49829
G1 X51.035 Y57.45 E1109.50371
G1 X51.035 Y62.55 E1109.72457
G1 X45.935 Y62.55 E1109.94543
G1 X45.935 Y57.45 E1110.16628
G1 X45.966 Y57.45 E1110.16763
G0 F1920 X46.328 Y57.45
G0 X46.328 Y57.6
M204 S2000
M205 X30 Y30
G0 F3600 X46.828 Y57.1
M204 S500
M205 X10 Y10
G1 F2400 X50.41 Y57.1 E1110.32275
G1 X50.41 Y56.95 E1110.32924
G1 X51.535 Y56.95 E1110.37796
G1 X51.535 Y63.05 E1110.64213
G1 X45.435 Y63.05 E1110.90629
G1 X45.435 Y56.95 E1111.17046
G1 X46.466 Y56.95 E1111.21511
G0 F1920 X46.828 Y56.95
G0 X46.828 Y57.1
M204 S2000
M205 X30 Y30
G0 F3600 X47.328 Y56.6
M204 S500
M205 X10 Y10
;TYPE:WALL-OUTER
G1 F1200 X49.91 Y56.6 E1111.32692
G1 X49.91 Y56.45 E1111.33342
G1 X52.035 Y56.45 E1111.42544
G1 X52.035 Y63.55 E1111.73291
G1 X44.935 Y63.55 E1112.04038
G1 X44.935 Y56.45 E1112.34785
G1 X46.966 Y56.45 E1112.43581
G0 F960 X47.328 Y56.45
G0 X47.328 Y56.6
M204 S2000
M205 X30 Y30
G0 F3600 X47.578 Y56.6
G0 X47.578 Y57.6
G1 F2700 E1104.43581 ; Modi
G0 F3600 X51.515 Y58.737
G0 X52.95 Y58.737
G0 X68.099 Y59.222
G0 X69.526 Y59.37
G0 X70.524 Y58.737
M204 S500
M205 X10 Y10
;TYPE:FILL
G1 F2700 E1112.43581
G1 F2400 X73.747 Y61.96 E1112.6332
G1 X73.959 Y62.172
M204 S2000
M205 X30 Y30
G0 F3600 X74.738 Y60.593
M204 S500
M205 X10 Y10
G1 F2400 X71.892 Y57.747 E1112.8075
G1 X71.68 Y57.535
M204 S2000
M205 X30 Y30
G0 F3600 X70.329 Y60.899
M204 S500
M205 X10 Y10
G1 F2400 X71.572 Y62.142 E1112.88362
G1 X71.784 Y62.354
M204 S2000
M205 X30 Y30
G0 F3600 X73.273 Y57.584
M204 S500
M205 X10 Y10
;TYPE:WALL-INNER
G1 F2400 X73.757 Y57.799 E1112.90656
G1 X74.183 Y58.109 E1112.92937
G1 X74.541 Y58.505 E1112.95249
G1 X74.805 Y58.963 E1112.97538
G1 X74.972 Y59.475 E1112.99871
G1 X75.027 Y60 E1113.02157
G1 X74.972 Y60.525 E1113.04443
G1 X74.805 Y61.037 E1113.06775
G1 X74.541 Y61.495 E1113.09064
G1 X74.183 Y61.891 E1113.11376
G1 X73.757 Y62.201 E1113.13657
G1 X73.273 Y62.416 E1113.15951
G1 X72.747 Y62.528 E1113.1828
G1 X72.223 Y62.528 E1113.20549
G1 X71.697 Y62.416 E1113.22878
G1 X71.216 Y62.202 E1113.25158
G1 X70.785 Y61.889 E1113.27465
G1 X70.427 Y61.492 E1113.2978
G1 X70.164 Y61.035 E1113.32063
G1 X69.998 Y60.526 E1113.34382
G1 X69.943 Y60 E1113.36672
G1 X69.998 Y59.474 E1113.38962
G1 X70.164 Y58.965 E1113.41281
G1 X70.427 Y58.508 E1113.43564
G1 X70.785 Y58.111 E1113.45879
G1 X71.216 Y57.798 E1113.48186
G1 X71.697 Y57.584 E1113.50466
G1 X72.223 Y57.472 E1113.52795
G1 X72.747 Y57.472 E1113.55064
G1 X72.772 Y57.478 E1113.55175
G0 F1920 X73.273 Y57.584
M204 S2000
M205 X30 Y30
G0 F3600 X73.429 Y57.106
M204 S500
M205 X10 Y10
G1 F2400 X74.007 Y57.363 E1113.57915
G1 X74.52 Y57.736 E1113.60661
G1 X74.948 Y58.21 E1113.63427
G1 X75.266 Y58.761 E1113.66182
G1 X75.463 Y59.367 E1113.68942
G1 X75.53 Y60 E1113.71698
G1 X75.463 Y60.633 E1113.74455
G1 X75.266 Y61.239 E1113.77214
G1 X74.948 Y61.79 E1113.79969
G1 X74.52 Y62.264 E1113.82735
G1 X74.007 Y62.637 E1113.85482
G1 X73.429 Y62.894 E1113.88221
G1 X72.799 Y63.028 E1113.9101
G1 X72.171 Y63.028 E1113.9373
G1 X71.541 Y62.894 E1113.96519
G1 X70.963 Y62.637 E1113.99259
G1 X70.451 Y62.265 E1114.01999
G1 X70.02 Y61.787 E1114.04786
G1 X69.703 Y61.237 E1114.07536
G1 X69.507 Y60.634 E1114.10281
G1 X69.44 Y60 E1114.13042
G1 X69.507 Y59.366 E1114.15803
G1 X69.703 Y58.763 E1114.18549
G1 X70.02 Y58.213 E1114.21298
G1 X70.451 Y57.735 E1114.24085
G1 X70.963 Y57.363 E1114.26826
G1 X71.541 Y57.106 E1114.29565
G1 X72.171 Y56.972 E1114.32355
G1 X72.799 Y56.972 E1114.35074
G1 X72.929 Y57 E1114.3565
G0 F1920 X73.429 Y57.106
M204 S2000
M205 X30 Y30
G0 F3600 X73.585 Y56.628
M204 S500
M205 X10 Y10
;TYPE:WALL-OUTER
G1 F1200 X74.257 Y56.927 E1114.38835
G1 X74.857 Y57.363 E1114.42047
G1 X75.355 Y57.915 E1114.45267
G1 X75.726 Y58.558 E1114.48482
G1 X75.954 Y59.26 E1114.51678
G1 X76.032 Y60 E1114.549
G1 X75.954 Y60.74 E1114.58123
G1 X75.726 Y61.442 E1114.61319
G1 X75.355 Y62.085 E1114.64534
G1 X74.857 Y62.637 E1114.67754
G1 X74.257 Y63.073 E1114.70965
G1 X73.585 Y63.372 E1114.74151
G1 X72.851 Y63.528 E1114.774
G1 X72.119 Y63.528 E1114.8057
G1 X71.385 Y63.372 E1114.8382
G1 X70.71 Y63.072 E1114.87019
G1 X70.114 Y62.639 E1114.90209
G1 X69.615 Y62.085 E1114.93438
G1 X69.245 Y61.443 E1114.96647
G1 X69.015 Y60.738 E1114.99858
G1 X68.938 Y60 E1115.03072
G1 X69.015 Y59.262 E1115.06285
G1 X69.245 Y58.557 E1115.09496
G1 X69.615 Y57.915 E1115.12705
G1 X70.114 Y57.361 E1115.15934
G1 X70.71 Y56.928 E1115.19124
G1 X71.385 Y56.628 E1115.22323
G1 X72.119 Y56.472 E1115.25573
G1 X72.851 Y56.472 E1115.28743
G1 X73.084 Y56.522 E1115.29775
G0 F960 X73.585 Y56.628
M204 S2000
M205 X30 Y30
G0 F3600 X73.813 Y56.729
G0 X73.406 Y57.643
G1 F2700 E1107.29775 ; Modi
;MESH:NONMESH
G0 F600 X73.406 Y57.643 Z37.05
G0 F3600 X70.036 Y58.224
G0 X68.793 Y57.51
G0 X52.95 Y58.224
G0 X51.515 Y58.224
G0 X48.054 Y57.798
;TIME_ELAPSED:1363.351736
;LAYER:147
M204 S500
M205 X10 Y10
;TYPE:FILL
;MESH:RetractTower
G1 F2700 E1115.29775
G1 F2400 X46.135 Y59.718 E1115.4153
G1 X45.923 Y59.93
M204 S2000
M205 X30 Y30
G0 F3600 X46.135 Y62.076
M204 S500
M205 X10 Y10
G1 F2400 X50.412 Y57.798 E1115.67727
G1 X50.624 Y57.586
M204 S2000
M205 X30 Y30
G0 F3600 X50.834 Y59.734
M204 S500
M205 X10 Y10
G1 F2400 X48.219 Y62.349 E1115.83743
G1 X48.007 Y62.561
M204 S2000
M205 X30 Y30
G0 F3600 X50.577 Y62.349
M204 S500
M205 X10 Y10
G1 F2400 X50.834 Y62.091 E1115.8532
M204 S2000
M205 X30 Y30
G0 F3600 X46.371 Y57.6
M204 S500
M205 X10 Y10
;TYPE:WALL-INNER
G1 F2400 X50.91 Y57.6 E1116.04976
G1 X50.91 Y57.45 E1116.05626
G1 X51.035 Y57.45 E1116.06167
G1 X51.035 Y62.55 E1116.28253
G1 X45.935 Y62.55 E1116.50339
G1 X45.935 Y57.45 E1116.72425
G1 X46.009 Y57.45 E1116.72745
G0 F1920 X46.371 Y57.45
G0 X46.371 Y57.6
M204 S2000
M205 X30 Y30
G0 F3600 X46.871 Y57.1
M204 S500
M205 X10 Y10
G1 F2400 X50.41 Y57.1 E1116.88071
G1 X50.41 Y56.95 E1116.88721
G1 X51.535 Y56.95 E1116.93593
G1 X51.535 Y63.05 E1117.20009
G1 X45.435 Y63.05 E1117.46426
G1 X45.435 Y56.95 E1117.72842
G1 X46.509 Y56.95 E1117.77493
G0 F1920 X46.871 Y56.95
G0 X46.871 Y57.1
M204 S2000
M205 X30 Y30
G0 F3600 X47.371 Y56.6
M204 S500
M205 X10 Y10
;TYPE:WALL-OUTER
G1 F1200 X49.91 Y56.6 E1117.88488
G1 X49.91 Y56.45 E1117.89138
G1 X52.035 Y56.45 E1117.98341
G1 X52.035 Y63.55 E1118.29088
G1 X44.935 Y63.55 E1118.59835
G1 X44.935 Y56.45 E1118.90582
G1 X47.009 Y56.45 E1118.99563
G0 F960 X47.371 Y56.45
G0 X47.371 Y56.6
M204 S2000
M205 X30 Y30
G0 F3600 X47.621 Y56.6
G0 X47.621 Y57.6
G1 F2700 E1110.99563 ; Modi
G0 F3600 X51.515 Y59.097
G0 X52.95 Y59.097
G0 X68.034 Y59.852
G0 X69.46 Y60
G0 X70.331 Y59.097
M204 S500
M205 X10 Y10
;TYPE:FILL
G1 F2700 E1118.99563
G1 F2400 X71.571 Y57.856 E1119.07161
G1 X71.783 Y57.644
M204 S2000
M205 X30 Y30
G0 F3600 X73.747 Y58.038
M204 S500
M205 X10 Y10
G1 F2400 X70.524 Y61.261 E1119.26899
G1 X70.312 Y61.473
M204 S2000
M205 X30 Y30
G0 F3600 X71.89 Y62.252
M204 S500
M205 X10 Y10
G1 F2400 X74.737 Y59.406 E1119.44332
G1 X74.949 Y59.194
M204 S2000
M205 X30 Y30
G0 F3600 X73.273 Y57.584
M204 S500
M205 X10 Y10
;TYPE:WALL-INNER
G1 F2400 X73.757 Y57.799 E1119.46626
G1 X74.183 Y58.109 E1119.48907
G1 X74.541 Y58.505 E1119.51219
G1 X74.805 Y58.963 E1119.53509
G1 X74.972 Y59.475 E1119.55841
G1 X75.027 Y60 E1119.58127
G1 X74.972 Y60.525 E1119.60413
G1 X74.805 Y61.037 E1119.62745
G1 X74.541 Y61.495 E1119.65034
G1 X74.183 Y61.891 E1119.67346
G1 X73.757 Y62.201 E1119.69628
G1 X73.273 Y62.416 E1119.71921
G1 X72.747 Y62.528 E1119.7425
G1 X72.223 Y62.528 E1119.76519
G1 X71.697 Y62.416 E1119.78848
G1 X71.216 Y62.202 E1119.81128
G1 X70.785 Y61.889 E1119.83435
G1 X70.427 Y61.492 E1119.8575
G1 X70.164 Y61.035 E1119.88033
G1 X69.998 Y60.526 E1119.90352
G1 X69.943 Y60 E1119.92642
G1 X69.998 Y59.474 E1119.94932
G1 X70.164 Y58.965 E1119.97251
G1 X70.427 Y58.508 E1119.99534
G1 X70.785 Y58.111 E1120.01849
G1 X71.216 Y57.798 E1120.04156
G1 X71.697 Y57.584 E1120.06436
G1 X72.223 Y57.472 E1120.08765
G1 X72.747 Y57.472 E1120.11034
G1 X72.772 Y57.478 E1120.11146
G0 F1920 X73.273 Y57.584
M204 S2000
M205 X30 Y30
G0 F3600 X73.429 Y57.106
M204 S500
M205 X10 Y10
G1 F2400 X74.007 Y57.363 E1120.13885
G1 X74.52 Y57.736 E1120.16632
G1 X74.948 Y58.21 E1120.19397
G1 X75.266 Y58.761 E1120.22152
G1 X75.463 Y59.367 E1120.24912
G1 X75.53 Y60 E1120.27668
G1 X75.463 Y60.633 E1120.30425
G1 X75.266 Y61.239 E1120.33184
G1 X74.948 Y61.79 E1120.35939
G1 X74.52 Y62.264 E1120.38705
G1 X74.007 Y62.637 E1120.41452
G1 X73.429 Y62.894 E1120.44191
G1 X72.799 Y63.028 E1120.46981
G1 X72.171 Y63.028 E1120.497
G1 X71.541 Y62.894 E1120.52489
G1 X70.963 Y62.637 E1120.55229
G1 X70.451 Y62.265 E1120.5797
G1 X70.02 Y61.787 E1120.60757
G1 X69.703 Y61.237 E1120.63506
G1 X69.507 Y60.634 E1120.66252
G1 X69.44 Y60 E1120.69013
G1 X69.507 Y59.366 E1120.71773
G1 X69.703 Y58.763 E1120.74519
G1 X70.02 Y58.213 E1120.77268
G1 X70.451 Y57.735 E1120.80056
G1 X70.963 Y57.363 E1120.82796
G1 X71.541 Y57.106 E1120.85536
G1 X72.171 Y56.972 E1120.88325
G1 X72.799 Y56.972 E1120.91045
G1 X72.929 Y57 E1120.9162
G0 F1920 X73.429 Y57.106
M204 S2000
M205 X30 Y30
G0 F3600 X73.585 Y56.628
M204 S500
M205 X10 Y10
;TYPE:WALL-OUTER
G1 F1200 X74.257 Y56.927 E1120.94806
G1 X74.857 Y57.363 E1120.98018
G1 X75.355 Y57.915 E1121.01237
G1 X75.726 Y58.558 E1121.04452
G1 X75.954 Y59.26 E1121.07648
G1 X76.032 Y60 E1121.10871
G1 X75.954 Y60.74 E1121.14093
G1 X75.726 Y61.442 E1121.17289
G1 X75.355 Y62.085 E1121.20504
G1 X74.857 Y62.637 E1121.23724
G1 X74.257 Y63.073 E1121.26936
G1 X73.585 Y63.372 E1121.30121
G1 X72.851 Y63.528 E1121.33371
G1 X72.119 Y63.528 E1121.36541
G1 X71.385 Y63.372 E1121.3979
G1 X70.71 Y63.072 E1121.42989
G1 X70.114 Y62.639 E1121.46179
G1 X69.615 Y62.085 E1121.49408
G1 X69.245 Y61.443 E1121.52617
G1 X69.015 Y60.738 E1121.55828
G1 X68.938 Y60 E1121.59042
G1 X69.015 Y59.262 E1121.62255
G1 X69.245 Y58.557 E1121.65467
G1 X69.615 Y57.915 E1121.68675
G1 X70.114 Y57.361 E1121.71904
G1 X70.71 Y56.928 E1121.75095
G1 X71.385 Y56.628 E1121.78293
G1 X72.119 Y56.472 E1121.81543
G1 X72.851 Y56.472 E1121.84713
G1 X73.084 Y56.522 E1121.85745
G0 F960 X73.585 Y56.628
M204 S2000
M205 X30 Y30
G0 F3600 X73.813 Y56.729
G0 X73.406 Y57.643
G1 F2700 E1113.85745 ; Modi
;MESH:NONMESH
G0 F600 X73.406 Y57.643 Z37.3
G0 F3600 X70.036 Y58.224
G0 X68.793 Y57.51
G0 X52.95 Y58.224
G0 X51.515 Y58.224
G0 X46.135 Y57.922
;TIME_ELAPSED:1371.746760
;LAYER:148
M204 S500
M205 X10 Y10
;TYPE:FILL
;MESH:RetractTower
G1 F2700 E1121.85745
G1 F2400 X50.561 Y62.349 E1122.12854
G1 X50.773 Y62.561
M204 S2000
M205 X30 Y30
G0 F3600 X50.835 Y60.265
M204 S500
M205 X10 Y10
G1 F2400 X48.219 Y57.649 E1122.28876
G1 X48.007 Y57.437
M204 S2000
M205 X30 Y30
G0 F3600 X50.577 Y57.649
M204 S500
M205 X10 Y10
G1 F2400 X50.835 Y57.907 E1122.30456
M204 S2000
M205 X30 Y30
G0 F3600 X48.204 Y62.349
M204 S500
M205 X10 Y10
G1 F2400 X46.135 Y60.28 E1122.43127
G1 X45.923 Y60.068
M204 S2000
M205 X30 Y30
G0 F3600 X51.035 Y62.55
M204 S500
M205 X10 Y10
;TYPE:WALL-INNER
G1 F2400 X45.935 Y62.55 E1122.65213
G1 X45.935 Y57.45 E1122.87299
G1 X51.035 Y57.45 E1123.09385
G1 X51.035 Y62.038 E1123.29254
G0 F1920 X51.035 Y62.55
M204 S2000
M205 X30 Y30
G0 F3600 X51.535 Y63.05
M204 S500
M205 X10 Y10
G1 F2400 X45.435 Y63.05 E1123.5567
G1 X45.435 Y56.95 E1123.82087
G1 X51.535 Y56.95 E1124.08503
G1 X51.535 Y62.538 E1124.32702
G0 F1920 X51.535 Y63.05
M204 S2000
M205 X30 Y30
G0 F3600 X52.035 Y63.55
M204 S500
M205 X10 Y10
;TYPE:WALL-OUTER
G1 F1200 X44.935 Y63.55 E1124.63449
G1 X44.935 Y56.45 E1124.94196
G1 X52.035 Y56.45 E1125.24944
G1 X52.035 Y63.038 E1125.53473
G0 F960 X52.035 Y63.55
M204 S2000
M205 X30 Y30
G0 F3600 X51.785 Y63.55
G0 X51.035 Y62.697
G1 F2700 E1117.53473 ; Modi
G0 F3600 X51.515 Y60.899
G0 X52.95 Y60.899
G0 X68.035 Y60.149
G0 X69.46 Y60
G0 X70.329 Y60.899
M204 S500
M205 X10 Y10
;TYPE:FILL
G1 F2700 E1125.53473
G1 F2400 X71.572 Y62.142 E1125.61086
G1 X71.784 Y62.354
M204 S2000
M205 X30 Y30
G0 F3600 X73.747 Y61.96
M204 S500
M205 X10 Y10
G1 F2400 X70.524 Y58.737 E1125.80825
G1 X70.312 Y58.525
M204 S2000
M205 X30 Y30
G0 F3600 X71.892 Y57.747
M204 S500
M205 X10 Y10
G1 F2400 X74.738 Y60.593 E1125.98255
G1 X74.95 Y60.805
M204 S2000
M205 X30 Y30
G0 F3600 X73.273 Y57.584
M204 S500
M205 X10 Y10
;TYPE:WALL-INNER
G1 F2400 X73.757 Y57.799 E1126.00548
G1 X74.183 Y58.109 E1126.0283
G1 X74.541 Y58.505 E1126.05142
G1 X74.805 Y58.963 E1126.07431
G1 X74.972 Y59.475 E1126.09763
G1 X75.027 Y60 E1126.12049
G1 X74.972 Y60.525 E1126.14335
G1 X74.805 Y61.037 E1126.16667
G1 X74.541 Y61.495 E1126.18957
G1 X74.183 Y61.891 E1126.21268
G1 X73.757 Y62.201 E1126.2355
G1 X73.273 Y62.416 E1126.25844
G1 X72.747 Y62.528 E1126.28172
G1 X72.223 Y62.528 E1126.30442
G1 X71.697 Y62.416 E1126.32771
G1 X71.216 Y62.202 E1126.3505
G1 X70.785 Y61.889 E1126.37357
G1 X70.427 Y61.492 E1126.39672
G1 X70.164 Y61.035 E1126.41956
G1 X69.998 Y60.526 E1126.44274
G1 X69.943 Y60 E1126.46564
G1 X69.998 Y59.474 E1126.48855
G1 X70.164 Y58.965 E1126.51173
G1 X70.427 Y58.508 E1126.53457
G1 X70.785 Y58.111 E1126.55772
G1 X71.216 Y57.798 E1126.58078
G1 X71.697 Y57.584 E1126.60358
G1 X72.223 Y57.472 E1126.62687
G1 X72.747 Y57.472 E1126.64956
G1 X72.772 Y57.478 E1126.65068
G0 F1920 X73.273 Y57.584
M204 S2000
M205 X30 Y30
G0 F3600 X73.429 Y57.106
M204 S500
M205 X10 Y10
G1 F2400 X74.007 Y57.363 E1126.67807
G1 X74.52 Y57.736 E1126.70554
G1 X74.948 Y58.21 E1126.7332
G1 X75.266 Y58.761 E1126.76075
G1 X75.463 Y59.367 E1126.78834
G1 X75.53 Y60 E1126.81591
G1 X75.463 Y60.633 E1126.84347
G1 X75.266 Y61.239 E1126.87107
G1 X74.948 Y61.79 E1126.89862
G1 X74.52 Y62.264 E1126.92627
G1 X74.007 Y62.637 E1126.95374
G1 X73.429 Y62.894 E1126.98114
G1 X72.799 Y63.028 E1127.00903
G1 X72.171 Y63.028 E1127.03622
G1 X71.541 Y62.894 E1127.06412
G1 X70.963 Y62.637 E1127.09151
G1 X70.451 Y62.265 E1127.11892
G1 X70.02 Y61.787 E1127.14679
G1 X69.703 Y61.237 E1127.17428
G1 X69.507 Y60.634 E1127.20174
G1 X69.44 Y60 E1127.22935
G1 X69.507 Y59.366 E1127.25696
G1 X69.703 Y58.763 E1127.28442
G1 X70.02 Y58.213 E1127.31191
G1 X70.451 Y57.735 E1127.33978
G1 X70.963 Y57.363 E1127.36719
G1 X71.541 Y57.106 E1127.39458
G1 X72.171 Y56.972 E1127.42247
G1 X72.799 Y56.972 E1127.44967
G1 X72.929 Y57 E1127.45543
G0 F1920 X73.429 Y57.106
M204 S2000
M205 X30 Y30
G0 F3600 X73.585 Y56.628
M204 S500
M205 X10 Y10
;TYPE:WALL-OUTER
G1 F1200 X74.257 Y56.927 E1127.48728
G1 X74.857 Y57.363 E1127.5194
G1 X75.355 Y57.915 E1127.55159
G1 X75.726 Y58.558 E1127.58374
G1 X75.954 Y59.26 E1127.61571
G1 X76.032 Y60 E1127.64793
G1 X75.954 Y60.74 E1127.68015
G1 X75.726 Y61.442 E1127.71212
G1 X75.355 Y62.085 E1127.74427
G1 X74.857 Y62.637 E1127.77646
G1 X74.257 Y63.073 E1127.80858
G1 X73.585 Y63.372 E1127.84043
G1 X72.851 Y63.528 E1127.87293
G1 X72.119 Y63.528 E1127.90463
G1 X71.385 Y63.372 E1127.93712
G1 X70.71 Y63.072 E1127.96911
G1 X70.114 Y62.639 E1128.00102
G1 X69.615 Y62.085 E1128.0333
G1 X69.245 Y61.443 E1128.06539
G1 X69.015 Y60.738 E1128.09751
G1 X68.938 Y60 E1128.12964
G1 X69.015 Y59.262 E1128.16177
G1 X69.245 Y58.557 E1128.19389
G1 X69.615 Y57.915 E1128.22598
G1 X70.114 Y57.361 E1128.25827
G1 X70.71 Y56.928 E1128.29017
G1 X71.385 Y56.628 E1128.32216
G1 X72.119 Y56.472 E1128.35465
G1 X72.851 Y56.472 E1128.38635
G1 X73.084 Y56.522 E1128.39667
G0 F960 X73.585 Y56.628
M204 S2000
M205 X30 Y30
G0 F3600 X73.813 Y56.729
G0 X73.406 Y57.643
G1 F2700 E1120.39667 ; Modi
;MESH:NONMESH
G0 F600 X73.406 Y57.643 Z37.55
G0 F3600 X70.036 Y58.224
G0 X68.793 Y57.51
G0 X52.95 Y58.224
G0 X51.515 Y58.224
G0 X48.204 Y57.649
;TIME_ELAPSED:1379.881875
;LAYER:149
M204 S500
M205 X10 Y10
;TYPE:FILL
;MESH:RetractTower
G1 F2700 E1128.39667
G1 F2400 X46.135 Y59.718 E1128.52339
G1 X45.923 Y59.93
M204 S2000
M205 X30 Y30
G0 F3600 X46.135 Y62.076
M204 S500
M205 X10 Y10
G1 F2400 X50.562 Y57.649 E1128.79451
G1 X50.774 Y57.437
M204 S2000
M205 X30 Y30
G0 F3600 X50.834 Y59.734
M204 S500
M205 X10 Y10
G1 F2400 X48.219 Y62.349 E1128.95466
G1 X48.007 Y62.561
M204 S2000
M205 X30 Y30
G0 F3600 X50.577 Y62.349
M204 S500
M205 X10 Y10
G1 F2400 X50.834 Y62.091 E1128.97043
M204 S2000
M205 X30 Y30
G0 F3600 X51.035 Y62.55
M204 S500
M205 X10 Y10
;TYPE:WALL-INNER
G1 F2400 X45.935 Y62.55 E1129.19129
G1 X45.935 Y57.45 E1129.41215
G1 X51.035 Y57.45 E1129.63301
G1 X51.035 Y62.038 E1129.8317
G0 F1920 X51.035 Y62.55
M204 S2000
M205 X30 Y30
G0 F3600 X51.535 Y63.05
M204 S500
M205 X10 Y10
G1 F2400 X45.435 Y63.05 E1130.09586
G1 X45.435 Y56.95 E1130.36003
G1 X51.535 Y56.95 E1130.62419
G1 X51.535 Y62.538 E1130.86619
G0 F1920 X51.535 Y63.05
M204 S2000
M205 X30 Y30
G0 F3600 X52.035 Y63.55
M204 S500
M205 X10 Y10
;TYPE:WALL-OUTER
G1 F1200 X44.935 Y63.55 E1131.17366
G1 X44.935 Y56.45 E1131.48113
G1 X52.035 Y56.45 E1131.7886
G1 X52.035 Y63.038 E1132.0739
G0 F960 X52.035 Y63.55
M204 S2000
M205 X30 Y30
G0 F3600 X51.785 Y63.55
G0 X51.035 Y62.697
G1 F2700 E1123.07390 ; Modi
G0 F3600 X51.515 Y61.261
G0 X52.95 Y61.261
G0 X68.1 Y60.779
G0 X69.526 Y60.63
G0 X70.524 Y61.261
M204 S500
M205 X10 Y10
;TYPE:FILL
G1 F2700 E1132.0739
G1 F2400 X73.747 Y58.038 E1132.27128
G1 X73.959 Y57.826
M204 S2000
M205 X30 Y30
G0 F3600 X74.737 Y59.406
M204 S500
M205 X10 Y10
G1 F2400 X71.89 Y62.252 E1132.44561
G1 X71.678 Y62.464
M204 S2000
M205 X30 Y30
G0 F3600 X70.331 Y59.097
M204 S500
M205 X10 Y10
G1 F2400 X71.571 Y57.856 E1132.52159
G1 X71.783 Y57.644
M204 S2000
M205 X30 Y30
G0 F3600 X73.273 Y57.584
M204 S500
M205 X10 Y10
;TYPE:WALL-INNER
G1 F2400 X73.757 Y57.799 E1132.54452
G1 X74.183 Y58.109 E1132.56734
G1 X74.541 Y58.505 E1132.59046
G1 X74.805 Y58.963 E1132.61335
G1 X74.972 Y59.475 E1132.63667
G1 X75.027 Y60 E1132.65953
G1 X74.972 Y60.525 E1132.68239
G1 X74.805 Y61.037 E1132.70571
G1 X74.541 Y61.495 E1132.72861
G1 X74.183 Y61.891 E1132.75172
G1 X73.757 Y62.201 E1132.77454
G1 X73.273 Y62.416 E1132.79747
G1 X72.747 Y62.528 E1132.82076
G1 X72.223 Y62.528 E1132.84346
G1 X71.697 Y62.416 E1132.86675
G1 X71.216 Y62.202 E1132.88954
G1 X70.785 Y61.889 E1132.91261
G1 X70.427 Y61.492 E1132.93576
G1 X70.164 Y61.035 E1132.9586
G1 X69.998 Y60.526 E1132.98178
G1 X69.943 Y60 E1133.00468
G1 X69.998 Y59.474 E1133.02759
G1 X70.164 Y58.965 E1133.05077
G1 X70.427 Y58.508 E1133.07361
G1 X70.785 Y58.111 E1133.09676
G1 X71.216 Y57.798 E1133.11982
G1 X71.697 Y57.584 E1133.14262
G1 X72.223 Y57.472 E1133.16591
G1 X72.747 Y57.472 E1133.1886
G1 X72.772 Y57.478 E1133.18972
G0 F1920 X73.273 Y57.584
M204 S2000
M205 X30 Y30
G0 F3600 X73.429 Y57.106
M204 S500
M205 X10 Y10
G1 F2400 X74.007 Y57.363 E1133.21711
G1 X74.52 Y57.736 E1133.24458
G1 X74.948 Y58.21 E1133.27224
G1 X75.266 Y58.761 E1133.29979
G1 X75.463 Y59.367 E1133.32738
G1 X75.53 Y60 E1133.35495
G1 X75.463 Y60.633 E1133.38251
G1 X75.266 Y61.239 E1133.41011
G1 X74.948 Y61.79 E1133.43766
G1 X74.52 Y62.264 E1133.46531
G1 X74.007 Y62.637 E1133.49278
G1 X73.429 Y62.894 E1133.52018
G1 X72.799 Y63.028 E1133.54807
G1 X72.171 Y63.028 E1133.57526
G1 X71.541 Y62.894 E1133.60316
G1 X70.963 Y62.637 E1133.63055
G1 X70.451 Y62.265 E1133.65796
G1 X70.02 Y61.787 E1133.68583
G1 X69.703 Y61.237 E1133.71332
G1 X69.507 Y60.634 E1133.74078
G1 X69.44 Y60 E1133.76839
G1 X69.507 Y59.366 E1133.796
G1 X69.703 Y58.763 E1133.82345
G1 X70.02 Y58.213 E1133.85095
G1 X70.451 Y57.735 E1133.87882
G1 X70.963 Y57.363 E1133.90623
G1 X71.541 Y57.106 E1133.93362
G1 X72.171 Y56.972 E1133.96151
G1 X72.799 Y56.972 E1133.98871
G1 X72.929 Y57 E1133.99447
G0 F1920 X73.429 Y57.106
M204 S2000
M205 X30 Y30
G0 F3600 X73.585 Y56.628
M204 S500
M205 X10 Y10
;TYPE:WALL-OUTER
G1 F1200 X74.257 Y56.927 E1134.02632
G1 X74.857 Y57.363 E1134.05844
G1 X75.355 Y57.915 E1134.09063
G1 X75.726 Y58.558 E1134.12278
G1 X75.954 Y59.26 E1134.15475
G1 X76.032 Y60 E1134.18697
G1 X75.954 Y60.74 E1134.21919
G1 X75.726 Y61.442 E1134.25116
G1 X75.355 Y62.085 E1134.2833
G1 X74.857 Y62.637 E1134.3155
G1 X74.257 Y63.073 E1134.34762
G1 X73.585 Y63.372 E1134.37947
G1 X72.851 Y63.528 E1134.41197
G1 X72.119 Y63.528 E1134.44367
G1 X71.385 Y63.372 E1134.47616
G1 X70.71 Y63.072 E1134.50815
G1 X70.114 Y62.639 E1134.54006
G1 X69.615 Y62.085 E1134.57234
G1 X69.245 Y61.443 E1134.60443
G1 X69.015 Y60.738 E1134.63655
G1 X68.938 Y60 E1134.66868
G1 X69.015 Y59.262 E1134.70081
G1 X69.245 Y58.557 E1134.73293
G1 X69.615 Y57.915 E1134.76502
G1 X70.114 Y57.361 E1134.79731
G1 X70.71 Y56.928 E1134.82921
G1 X71.385 Y56.628 E1134.8612
G1 X72.119 Y56.472 E1134.89369
G1 X72.851 Y56.472 E1134.92539
G1 X73.084 Y56.522 E1134.93571
G0 F960 X73.585 Y56.628
M204 S2000
M205 X30 Y30
G0 F3600 X73.813 Y56.729
G0 X73.406 Y57.643
G1 F2700 E1125.93571 ; Modi
;MESH:NONMESH
G0 F600 X73.406 Y57.643 Z37.8
G0 F3600 X70.036 Y58.224
G0 X68.793 Y57.51
G0 X52.95 Y58.224
G0 X51.515 Y58.224
G0 X46.135 Y57.922
;TIME_ELAPSED:1387.843968
;LAYER:150
M204 S500
M205 X10 Y10
;TYPE:FILL
;MESH:RetractTower
G1 F2700 E1134.93571
G1 F2400 X50.561 Y62.349 E1135.20681
G1 X50.773 Y62.561
M204 S2000
M205 X30 Y30
G0 F3600 X50.835 Y60.265
M204 S500
M205 X10 Y10
G1 F2400 X48.219 Y57.649 E1135.36702
G1 X48.007 Y57.437
M204 S2000
M205 X30 Y30
G0 F3600 X50.577 Y57.649
M204 S500
M205 X10 Y10
G1 F2400 X50.835 Y57.907 E1135.38282
M204 S2000
M205 X30 Y30
G0 F3600 X48.204 Y62.349
M204 S500
M205 X10 Y10
G1 F2400 X46.135 Y60.28 E1135.50953
G1 X45.923 Y60.068
M204 S2000
M205 X30 Y30
G0 F3600 X51.035 Y62.55
M204 S500
M205 X10 Y10
;TYPE:WALL-INNER
G1 F2400 X45.935 Y62.55 E1135.73039
G1 X45.935 Y57.45 E1135.95125
G1 X51.035 Y57.45 E1136.17211
G1 X51.035 Y62.038 E1136.3708
G0 F1920 X51.035 Y62.55
M204 S2000
M205 X30 Y30
G0 F3600 X51.535 Y63.05
M204 S500
M205 X10 Y10
G1 F2400 X45.435 Y63.05 E1136.63496
G1 X45.435 Y56.95 E1136.89913
G1 X51.535 Y56.95 E1137.16329
G1 X51.535 Y62.538 E1137.40529
G0 F1920 X51.535 Y63.05
M204 S2000
M205 X30 Y30
G0 F3600 X52.035 Y63.55
M204 S500
M205 X10 Y10
;TYPE:WALL-OUTER
G1 F1200 X44.935 Y63.55 E1137.71276
G1 X44.935 Y56.45 E1138.02023
G1 X52.035 Y56.45 E1138.3277
G1 X52.035 Y63.038 E1138.613
G0 F960 X52.035 Y63.55
M204 S2000
M205 X30 Y30
G0 F3600 X51.785 Y63.55
G0 X51.035 Y62.697
G1 F2700 E1129.61300 ; Modi
G0 F3600 X51.515 Y60.899
G0 X52.95 Y60.899
G0 X68.035 Y60.149
G0 X69.46 Y60
G0 X70.329 Y60.899
M204 S500
M205 X10 Y10
;TYPE:FILL
G1 F2700 E1138.613
G1 F2400 X71.572 Y62.142 E1138.68912
G1 X71.784 Y62.354
M204 S2000
M205 X30 Y30
G0 F3600 X73.747 Y61.96
M204 S500
M205 X10 Y10
G1 F2400 X70.524 Y58.737 E1138.88651
G1 X70.312 Y58.525
M204 S2000
M205 X30 Y30
G0 F3600 X71.892 Y57.747
M204 S500
M205 X10 Y10
G1 F2400 X74.738 Y60.593 E1139.06081
G1 X74.95 Y60.805
M204 S2000
M205 X30 Y30
G0 F3600 X73.273 Y57.584
M204 S500
M205 X10 Y10
;TYPE:WALL-INNER
G1 F2400 X73.757 Y57.799 E1139.08374
G1 X74.183 Y58.109 E1139.10656
G1 X74.541 Y58.505 E1139.12968
G1 X74.805 Y58.963 E1139.15257
G1 X74.972 Y59.475 E1139.17589
G1 X75.027 Y60 E1139.19875
G1 X74.972 Y60.525 E1139.22161
G1 X74.805 Y61.037 E1139.24494
G1 X74.541 Y61.495 E1139.26783
G1 X74.183 Y61.891 E1139.29095
G1 X73.757 Y62.201 E1139.31376
G1 X73.273 Y62.416 E1139.3367
G1 X72.747 Y62.528 E1139.35999
G1 X72.223 Y62.528 E1139.38268
G1 X71.697 Y62.416 E1139.40597
G1 X71.216 Y62.202 E1139.42877
G1 X70.785 Y61.889 E1139.45183
G1 X70.427 Y61.492 E1139.47498
G1 X70.164 Y61.035 E1139.49782
G1 X69.998 Y60.526 E1139.521
G1 X69.943 Y60 E1139.54391
G1 X69.998 Y59.474 E1139.56681
G1 X70.164 Y58.965 E1139.59
G1 X70.427 Y58.508 E1139.61283
G1 X70.785 Y58.111 E1139.63598
G1 X71.216 Y57.798 E1139.65905
G1 X71.697 Y57.584 E1139.68185
G1 X72.223 Y57.472 E1139.70514
G1 X72.747 Y57.472 E1139.72783
G1 X72.772 Y57.478 E1139.72894
G0 F1920 X73.273 Y57.584
M204 S2000
M205 X30 Y30
G0 F3600 X73.429 Y57.106
M204 S500
M205 X10 Y10
G1 F2400 X74.007 Y57.363 E1139.75633
G1 X74.52 Y57.736 E1139.7838
G1 X74.948 Y58.21 E1139.81146
G1 X75.266 Y58.761 E1139.83901
G1 X75.463 Y59.367 E1139.8666
G1 X75.53 Y60 E1139.89417
G1 X75.463 Y60.633 E1139.92174
G1 X75.266 Y61.239 E1139.94933
G1 X74.948 Y61.79 E1139.97688
G1 X74.52 Y62.264 E1140.00454
G1 X74.007 Y62.637 E1140.032
G1 X73.429 Y62.894 E1140.0594
G1 X72.799 Y63.028 E1140.08729
G1 X72.171 Y63.028 E1140.11449
G1 X71.541 Y62.894 E1140.14238
G1 X70.963 Y62.637 E1140.16977
G1 X70.451 Y62.265 E1140.19718
G1 X70.02 Y61.787 E1140.22505
G1 X69.703 Y61.237 E1140.25254
G1 X69.507 Y60.634 E1140.28
G1 X69.44 Y60 E1140.30761
G1 X69.507 Y59.366 E1140.33522
G1 X69.703 Y58.763 E1140.36268
G1 X70.02 Y58.213 E1140.39017
G1 X70.451 Y57.735 E1140.41804
G1 X70.963 Y57.363 E1140.44545
G1 X71.541 Y57.106 E1140.47284
G1 X72.171 Y56.972 E1140.50073
G1 X72.799 Y56.972 E1140.52793
G1 X72.929 Y57 E1140.53369
G0 F1920 X73.429 Y57.106
M204 S2000
M205 X30 Y30
G0 F3600 X73.585 Y56.628
M204 S500
M205 X10 Y10
;TYPE:WALL-OUTER
G1 F1200 X74.257 Y56.927 E1140.56554
G1 X74.857 Y57.363 E1140.59766
G1 X75.355 Y57.915 E1140.62986
G1 X75.726 Y58.558 E1140.662
G1 X75.954 Y59.26 E1140.69397
G1 X76.032 Y60 E1140.72619
G1 X75.954 Y60.74 E1140.75842
G1 X75.726 Y61.442 E1140.79038
G1 X75.355 Y62.085 E1140.82253
G1 X74.857 Y62.637 E1140.85472
G1 X74.257 Y63.073 E1140.88684
G1 X73.585 Y63.372 E1140.91869
G1 X72.851 Y63.528 E1140.95119
G1 X72.119 Y63.528 E1140.98289
G1 X71.385 Y63.372 E1141.01539
G1 X70.71 Y63.072 E1141.04738
G1 X70.114 Y62.639 E1141.07928
G1 X69.615 Y62.085 E1141.11157
G1 X69.245 Y61.443 E1141.14366
G1 X69.015 Y60.738 E1141.17577
G1 X68.938 Y60 E1141.2079
G1 X69.015 Y59.262 E1141.24004
G1 X69.245 Y58.557 E1141.27215
G1 X69.615 Y57.915 E1141.30424
G1 X70.114 Y57.361 E1141.33653
G1 X70.71 Y56.928 E1141.36843
G1 X71.385 Y56.628 E1141.40042
G1 X72.119 Y56.472 E1141.43292
G1 X72.851 Y56.472 E1141.46462
G1 X73.084 Y56.522 E1141.47494
G0 F960 X73.585 Y56.628
M204 S2000
M205 X30 Y30
G0 F3600 X73.813 Y56.729
G0 X73.406 Y57.643
G1 F2700 E1132.47494 ; Modi
;MESH:NONMESH
G0 F600 X73.406 Y57.643 Z38.05
G0 F3600 X70.036 Y58.224
G0 X68.793 Y57.51
G0 X52.95 Y58.224
G0 X51.515 Y58.224
G0 X48.044 Y57.809
;TIME_ELAPSED:1395.981336
;LAYER:151
M204 S500
M205 X10 Y10
;TYPE:FILL
;MESH:RetractTower
G1 F2700 E1141.47494
G1 F2400 X46.294 Y59.558 E1141.58208
G1 X46.082 Y59.77
M204 S2000
M205 X30 Y30
G0 F3600 X46.294 Y61.916
M204 S500
M205 X10 Y10
G1 F2400 X50.401 Y57.809 E1141.83361
G1 X50.613 Y57.597
M204 S2000
M205 X30 Y30
G0 F3600 X50.674 Y59.894
M204 S500
M205 X10 Y10
G1 F2400 X48.379 Y62.189 E1141.97416
G1 X48.167 Y62.401
M204 S2000
M205 X30 Y30
G0 F3600 X51.347 Y60.622
G0 X69.842 Y60.616
G0 X70.815 Y60.97
M204 S500
M205 X10 Y10
G1 F2400 X73.462 Y58.323 E1142.13627
G1 X73.674 Y58.111
M204 S2000
M205 X30 Y30
G0 F3600 X74.398 Y59.745
M204 S500
M205 X10 Y10
G1 F2400 X72.225 Y61.918 E1142.26936
G1 X72.013 Y62.13
M204 S2000
M205 X30 Y30
G0 F3600 X69.842 Y60.616
G0 X50.875 Y59.85
M204 S500
M205 X10 Y10
;TYPE:WALL-INNER
G1 F2400 X70.111 Y59.85 E1143.10239
G1 X70.749 Y58.744 E1143.15768
G1 X71.054 Y58.407 E1143.17736
G1 X71.413 Y58.145 E1143.19661
G1 X71.821 Y57.964 E1143.21594
G1 X72.262 Y57.87 E1143.23547
G1 X72.707 Y57.87 E1143.25474
G1 X73.148 Y57.964 E1143.27426
G1 X73.557 Y58.145 E1143.29363
G1 X73.916 Y58.407 E1143.31288
G1 X74.217 Y58.74 E1143.33232
G1 X74.444 Y59.133 E1143.35197
G1 X74.581 Y59.553 E1143.3711
G1 X74.628 Y60 E1143.39057
G1 X74.581 Y60.447 E1143.41003
G1 X74.444 Y60.867 E1143.42916
G1 X74.217 Y61.26 E1143.44882
G1 X73.916 Y61.593 E1143.46826
G1 X73.557 Y61.855 E1143.4875
G1 X73.148 Y62.036 E1143.50687
G1 X72.707 Y62.13 E1143.5264
G1 X72.262 Y62.13 E1143.54567
G1 X71.821 Y62.036 E1143.5652
G1 X71.413 Y61.855 E1143.58453
G1 X71.054 Y61.593 E1143.60377
G1 X70.749 Y61.256 E1143.62346
G1 X70.111 Y60.15 E1143.67875
G1 X50.875 Y60.15 E1144.51178
G1 X50.875 Y62.39 E1144.60879
G1 X46.095 Y62.39 E1144.81579
G1 X46.095 Y57.61 E1145.02279
G1 X50.875 Y57.61 E1145.22979
G1 X50.875 Y59.338 E1145.30462
G0 F1920 X50.875 Y59.85
M204 S2000
M205 X30 Y30
G0 F3600 X51.375 Y59.35
M204 S500
M205 X10 Y10
G1 F2400 X69.822 Y59.35 E1146.10348
G1 X70.342 Y58.449 E1146.14853
G1 X70.717 Y58.034 E1146.17276
G1 X71.163 Y57.709 E1146.19665
G1 X71.665 Y57.486 E1146.22044
G1 X72.21 Y57.37 E1146.24457
G1 X72.759 Y57.37 E1146.26835
G1 X73.304 Y57.486 E1146.29248
G1 X73.807 Y57.709 E1146.3163
G1 X74.253 Y58.034 E1146.3402
G1 X74.624 Y58.445 E1146.36418
G1 X74.902 Y58.927 E1146.38828
G1 X75.072 Y59.449 E1146.41205
G1 X75.13 Y60 E1146.43604
G1 X75.072 Y60.551 E1146.46004
G1 X74.902 Y61.073 E1146.48381
G1 X74.624 Y61.555 E1146.50791
G1 X74.253 Y61.966 E1146.53189
G1 X73.807 Y62.291 E1146.55578
G1 X73.304 Y62.514 E1146.57961
G1 X72.759 Y62.63 E1146.60374
G1 X72.21 Y62.63 E1146.62752
G1 X71.665 Y62.514 E1146.65165
G1 X71.163 Y62.291 E1146.67544
G1 X70.717 Y61.966 E1146.69933
G1 X70.342 Y61.551 E1146.72356
G1 X69.822 Y60.65 E1146.76861
G1 X51.375 Y60.65 E1147.56747
G1 X51.375 Y62.89 E1147.66447
G1 X45.595 Y62.89 E1147.91478
G1 X45.595 Y57.11 E1148.16509
G1 X51.375 Y57.11 E1148.41539
G1 X51.375 Y58.838 E1148.49023
G0 F1920 X51.375 Y59.35
M204 S2000
M205 X30 Y30
G0 F3600 X51.875 Y58.85
M204 S500
M205 X10 Y10
;TYPE:WALL-OUTER
G1 F1200 X69.533 Y58.85 E1149.25492
G1 X69.935 Y58.154 E1149.28973
G1 X70.38 Y57.661 E1149.31849
G1 X70.913 Y57.273 E1149.34704
G1 X71.509 Y57.008 E1149.37528
G1 X72.158 Y56.87 E1149.40402
G1 X72.811 Y56.87 E1149.4323
G1 X73.46 Y57.008 E1149.46103
G1 X74.057 Y57.273 E1149.48932
G1 X74.59 Y57.661 E1149.51787
G1 X75.031 Y58.15 E1149.54638
G1 X75.36 Y58.721 E1149.57492
G1 X75.563 Y59.345 E1149.60334
G1 X75.632 Y60 E1149.63186
G1 X75.563 Y60.655 E1149.66038
G1 X75.36 Y61.279 E1149.6888
G1 X75.031 Y61.85 E1149.71734
G1 X74.59 Y62.339 E1149.74585
G1 X74.057 Y62.727 E1149.7744
G1 X73.46 Y62.992 E1149.80269
G1 X72.811 Y63.13 E1149.83142
G1 X72.158 Y63.13 E1149.8597
G1 X71.509 Y62.992 E1149.88844
G1 X70.913 Y62.727 E1149.91668
G1 X70.38 Y62.339 E1149.94523
G1 X69.935 Y61.846 E1149.97399
G1 X69.533 Y61.15 E1150.0088
G1 X51.875 Y61.15 E1150.77349
G1 X51.875 Y63.39 E1150.8705
G1 X45.095 Y63.39 E1151.16411
G1 X45.095 Y56.61 E1151.45772
G1 X51.875 Y56.61 E1151.75134
G1 X51.875 Y58.338 E1151.82617
G0 F960 X51.875 Y58.85
M204 S2000
M205 X30 Y30
G0 F3600 X52.125 Y58.85
G0 X52.125 Y59.85
;MESH:NONMESH
G0 F600 X52.125 Y59.85 Z38.3
G0 F3600 X46.294 Y58.082
;TIME_ELAPSED:1406.474695
;LAYER:152
M204 S500
M205 X10 Y10
;TYPE:FILL
;MESH:RetractTower
G1 F2400 X50.401 Y62.189 E1152.0777
G1 X50.613 Y62.401
M204 S2000
M205 X30 Y30
G0 F3600 X50.674 Y60.104
M204 S500
M205 X10 Y10
G1 F2400 X48.379 Y57.809 E1152.21825
G1 X48.167 Y57.597
M204 S2000
M205 X30 Y30
G0 F3600 X46.294 Y60.439
M204 S500
M205 X10 Y10
G1 F2400 X48.044 Y62.189 E1152.32543
G1 X48.256 Y62.401
M204 S2000
M205 X30 Y30
G0 F3600 X51.347 Y60.622
G0 X69.842 Y59.384
G0 X70.815 Y59.027
M204 S500
M205 X10 Y10
G1 F2400 X73.462 Y61.675 E1152.48757
G1 X73.674 Y61.887
M204 S2000
M205 X30 Y30
G0 F3600 X74.398 Y60.253
M204 S500
M205 X10 Y10
G1 F2400 X72.227 Y58.082 E1152.62053
G1 X72.015 Y57.87
M204 S2000
M205 X30 Y30
G0 F3600 X69.842 Y59.384
G0 X50.875 Y59.85
M204 S500
M205 X10 Y10
;TYPE:WALL-INNER
G1 F2400 X70.111 Y59.85 E1153.45356
G1 X70.749 Y58.744 E1153.50885
G1 X71.054 Y58.407 E1153.52853
G1 X71.413 Y58.145 E1153.54778
G1 X71.821 Y57.964 E1153.56711
G1 X72.262 Y57.87 E1153.58664
G1 X72.707 Y57.87 E1153.60591
G1 X73.148 Y57.964 E1153.62544
G1 X73.557 Y58.145 E1153.6448
G1 X73.916 Y58.407 E1153.66405
G1 X74.217 Y58.74 E1153.68349
G1 X74.444 Y59.133 E1153.70314
G1 X74.581 Y59.553 E1153.72228
G1 X74.628 Y60 E1153.74174
G1 X74.581 Y60.447 E1153.7612
G1 X74.444 Y60.867 E1153.78034
G1 X74.217 Y61.26 E1153.79999
G1 X73.916 Y61.593 E1153.81943
G1 X73.557 Y61.855 E1153.83868
G1 X73.148 Y62.036 E1153.85804
G1 X72.707 Y62.13 E1153.87757
G1 X72.262 Y62.13 E1153.89684
G1 X71.821 Y62.036 E1153.91637
G1 X71.413 Y61.855 E1153.9357
G1 X71.054 Y61.593 E1153.95495
G1 X70.749 Y61.256 E1153.97463
G1 X70.111 Y60.15 E1154.02992
G1 X50.875 Y60.15 E1154.86295
G1 X50.875 Y62.39 E1154.95996
G1 X46.095 Y62.39 E1155.16696
G1 X46.095 Y57.61 E1155.37396
G1 X50.875 Y57.61 E1155.58096
G1 X50.875 Y59.338 E1155.65579
G0 F1920 X50.875 Y59.85
M204 S2000
M205 X30 Y30
G0 F3600 X51.375 Y59.35
M204 S500
M205 X10 Y10
G1 F2400 X69.822 Y59.35 E1156.45465
G1 X70.342 Y58.449 E1156.4997
G1 X70.717 Y58.034 E1156.52393
G1 X71.163 Y57.709 E1156.54783
G1 X71.665 Y57.486 E1156.57161
G1 X72.21 Y57.37 E1156.59574
G1 X72.759 Y57.37 E1156.61952
G1 X73.304 Y57.486 E1156.64365
G1 X73.807 Y57.709 E1156.66748
G1 X74.253 Y58.034 E1156.69137
G1 X74.624 Y58.445 E1156.71535
G1 X74.902 Y58.927 E1156.73945
G1 X75.072 Y59.449 E1156.76322
G1 X75.13 Y60 E1156.78722
G1 X75.072 Y60.551 E1156.81121
G1 X74.902 Y61.073 E1156.83498
G1 X74.624 Y61.555 E1156.85908
G1 X74.253 Y61.966 E1156.88306
G1 X73.807 Y62.291 E1156.90696
G1 X73.304 Y62.514 E1156.93078
G1 X72.759 Y62.63 E1156.95491
G1 X72.21 Y62.63 E1156.97869
G1 X71.665 Y62.514 E1157.00282
G1 X71.163 Y62.291 E1157.02661
G1 X70.717 Y61.966 E1157.0505
G1 X70.342 Y61.551 E1157.07473
G1 X69.822 Y60.65 E1157.11978
G1 X51.375 Y60.65 E1157.91864
G1 X51.375 Y62.89 E1158.01564
G1 X45.595 Y62.89 E1158.26595
G1 X45.595 Y57.11 E1158.51626
G1 X51.375 Y57.11 E1158.76656
G1 X51.375 Y58.838 E1158.8414
G0 F1920 X51.375 Y59.35
M204 S2000
M205 X30 Y30
G0 F3600 X51.875 Y58.85
M204 S500
M205 X10 Y10
;TYPE:WALL-OUTER
G1 F1200 X69.533 Y58.85 E1159.60609
G1 X69.935 Y58.154 E1159.6409
G1 X70.38 Y57.661 E1159.66966
G1 X70.913 Y57.273 E1159.69821
G1 X71.509 Y57.008 E1159.72645
G1 X72.158 Y56.87 E1159.75519
G1 X72.811 Y56.87 E1159.78347
G1 X73.46 Y57.008 E1159.8122
G1 X74.057 Y57.273 E1159.84049
G1 X74.59 Y57.661 E1159.86904
G1 X75.031 Y58.15 E1159.89755
G1 X75.36 Y58.721 E1159.92609
G1 X75.563 Y59.345 E1159.95451
G1 X75.632 Y60 E1159.98303
G1 X75.563 Y60.655 E1160.01155
G1 X75.36 Y61.279 E1160.03997
G1 X75.031 Y61.85 E1160.06851
G1 X74.59 Y62.339 E1160.09702
G1 X74.057 Y62.727 E1160.12557
G1 X73.46 Y62.992 E1160.15386
G1 X72.811 Y63.13 E1160.18259
G1 X72.158 Y63.13 E1160.21087
G1 X71.509 Y62.992 E1160.23961
G1 X70.913 Y62.727 E1160.26785
G1 X70.38 Y62.339 E1160.2964
G1 X69.935 Y61.846 E1160.32516
G1 X69.533 Y61.15 E1160.35997
G1 X51.875 Y61.15 E1161.12466
G1 X51.875 Y63.39 E1161.22167
G1 X45.095 Y63.39 E1161.51528
G1 X45.095 Y56.61 E1161.80889
G1 X51.875 Y56.61 E1162.10251
G1 X51.875 Y58.338 E1162.17734
G0 F960 X51.875 Y58.85
M204 S2000
M205 X30 Y30
G0 F3600 X52.125 Y58.85
G0 X52.125 Y59.85
;MESH:NONMESH
G0 F600 X52.125 Y59.85 Z38.55
G0 F3600 X48.044 Y57.809
;TIME_ELAPSED:1416.792250
;LAYER:153
M204 S500
M205 X10 Y10
;TYPE:FILL
;MESH:RetractTower
G1 F2400 X46.294 Y59.558 E1162.28448
G1 X46.082 Y59.77
M204 S2000
M205 X30 Y30
G0 F3600 X46.294 Y61.916
M204 S500
M205 X10 Y10
G1 F2400 X50.401 Y57.809 E1162.53601
G1 X50.613 Y57.597
M204 S2000
M205 X30 Y30
G0 F3600 X50.674 Y59.894
M204 S500
M205 X10 Y10
G1 F2400 X48.379 Y62.189 E1162.67657
G1 X48.167 Y62.401
M204 S2000
M205 X30 Y30
G0 F3600 X51.347 Y60.622
G0 X69.842 Y60.616
G0 X70.815 Y60.97
M204 S500
M205 X10 Y10
G1 F2400 X73.462 Y58.323 E1162.83868
G1 X73.674 Y58.111
M204 S2000
M205 X30 Y30
G0 F3600 X74.398 Y59.745
M204 S500
M205 X10 Y10
G1 F2400 X72.225 Y61.918 E1162.97176
G1 X72.013 Y62.13
M204 S2000
M205 X30 Y30
G0 F3600 X69.842 Y60.616
G0 X50.875 Y59.85
M204 S500
M205 X10 Y10
;TYPE:WALL-INNER
G1 F2400 X70.111 Y59.85 E1163.80479
G1 X70.749 Y58.744 E1163.86008
G1 X71.054 Y58.407 E1163.87977
G1 X71.413 Y58.145 E1163.89901
G1 X71.821 Y57.964 E1163.91834
G1 X72.262 Y57.87 E1163.93787
G1 X72.707 Y57.87 E1163.95714
G1 X73.148 Y57.964 E1163.97667
G1 X73.557 Y58.145 E1163.99604
G1 X73.916 Y58.407 E1164.01528
G1 X74.217 Y58.74 E1164.03472
G1 X74.444 Y59.133 E1164.05438
G1 X74.581 Y59.553 E1164.07351
G1 X74.628 Y60 E1164.09297
G1 X74.581 Y60.447 E1164.11244
G1 X74.444 Y60.867 E1164.13157
G1 X74.217 Y61.26 E1164.15122
G1 X73.916 Y61.593 E1164.17066
G1 X73.557 Y61.855 E1164.18991
G1 X73.148 Y62.036 E1164.20928
G1 X72.707 Y62.13 E1164.2288
G1 X72.262 Y62.13 E1164.24807
G1 X71.821 Y62.036 E1164.2676
G1 X71.413 Y61.855 E1164.28693
G1 X71.054 Y61.593 E1164.30618
G1 X70.749 Y61.256 E1164.32586
G1 X70.111 Y60.15 E1164.38116
G1 X50.875 Y60.15 E1165.21418
G1 X50.875 Y62.39 E1165.31119
G1 X46.095 Y62.39 E1165.51819
G1 X46.095 Y57.61 E1165.72519
G1 X50.875 Y57.61 E1165.93219
G1 X50.875 Y59.338 E1166.00703
G0 F1920 X50.875 Y59.85
M204 S2000
M205 X30 Y30
G0 F3600 X51.375 Y59.35
M204 S500
M205 X10 Y10
G1 F2400 X69.822 Y59.35 E1166.80589
G1 X70.342 Y58.449 E1166.85094
G1 X70.717 Y58.034 E1166.87516
G1 X71.163 Y57.709 E1166.89906
G1 X71.665 Y57.486 E1166.92285
G1 X72.21 Y57.37 E1166.94698
G1 X72.759 Y57.37 E1166.97075
G1 X73.304 Y57.486 E1166.99488
G1 X73.807 Y57.709 E1167.01871
G1 X74.253 Y58.034 E1167.04261
G1 X74.624 Y58.445 E1167.06658
G1 X74.902 Y58.927 E1167.09068
G1 X75.072 Y59.449 E1167.11446
G1 X75.13 Y60 E1167.13845
G1 X75.072 Y60.551 E1167.16244
G1 X74.902 Y61.073 E1167.18622
G1 X74.624 Y61.555 E1167.21031
G1 X74.253 Y61.966 E1167.23429
G1 X73.807 Y62.291 E1167.25819
G1 X73.304 Y62.514 E1167.28202
G1 X72.759 Y62.63 E1167.30615
G1 X72.21 Y62.63 E1167.32992
G1 X71.665 Y62.514 E1167.35405
G1 X71.163 Y62.291 E1167.37784
G1 X70.717 Y61.966 E1167.40174
G1 X70.342 Y61.551 E1167.42596
G1 X69.822 Y60.65 E1167.47101
G1 X51.375 Y60.65 E1168.26987
G1 X51.375 Y62.89 E1168.36688
G1 X45.595 Y62.89 E1168.61718
G1 X45.595 Y57.11 E1168.86749
G1 X51.375 Y57.11 E1169.1178
G1 X51.375 Y58.838 E1169.19263
G0 F1920 X51.375 Y59.35
M204 S2000
M205 X30 Y30
G0 F3600 X51.875 Y58.85
M204 S500
M205 X10 Y10
;TYPE:WALL-OUTER
G1 F1200 X69.533 Y58.85 E1169.95732
G1 X69.935 Y58.154 E1169.99213
G1 X70.38 Y57.661 E1170.02089
G1 X70.913 Y57.273 E1170.04944
G1 X71.509 Y57.008 E1170.07769
G1 X72.158 Y56.87 E1170.10642
G1 X72.811 Y56.87 E1170.1347
G1 X73.46 Y57.008 E1170.16343
G1 X74.057 Y57.273 E1170.19172
G1 X74.59 Y57.661 E1170.22027
G1 X75.031 Y58.15 E1170.24879
G1 X75.36 Y58.721 E1170.27732
G1 X75.563 Y59.345 E1170.30574
G1 X75.632 Y60 E1170.33426
G1 X75.563 Y60.655 E1170.36278
G1 X75.36 Y61.279 E1170.3912
G1 X75.031 Y61.85 E1170.41974
G1 X74.59 Y62.339 E1170.44826
G1 X74.057 Y62.727 E1170.47681
G1 X73.46 Y62.992 E1170.50509
G1 X72.811 Y63.13 E1170.53383
G1 X72.158 Y63.13 E1170.5621
G1 X71.509 Y62.992 E1170.59084
G1 X70.913 Y62.727 E1170.61909
G1 X70.38 Y62.339 E1170.64764
G1 X69.935 Y61.846 E1170.6764
G1 X69.533 Y61.15 E1170.7112
G1 X51.875 Y61.15 E1171.4759
G1 X51.875 Y63.39 E1171.5729
G1 X45.095 Y63.39 E1171.86651
G1 X45.095 Y56.61 E1172.16013
G1 X51.875 Y56.61 E1172.45374
G1 X51.875 Y58.338 E1172.52857
G0 F960 X51.875 Y58.85
M204 S2000
M205 X30 Y30
G0 F3600 X52.125 Y58.85
G0 X52.125 Y59.85
;MESH:NONMESH
G0 F600 X52.125 Y59.85 Z38.8
G0 F3600 X50.875 Y59.85
;TIME_ELAPSED:1427.038140
;LAYER:154
M204 S500
M205 X10 Y10
;TYPE:WALL-INNER
;MESH:RetractTower
G1 F2400 X70.111 Y59.85 E1173.3616
G1 X70.749 Y58.744 E1173.41689
G1 X71.054 Y58.407 E1173.43658
G1 X71.413 Y58.145 E1173.45582
G1 X71.821 Y57.964 E1173.47515
G1 X72.262 Y57.87 E1173.49468
G1 X72.707 Y57.87 E1173.51395
G1 X73.148 Y57.964 E1173.53348
G1 X73.557 Y58.145 E1173.55285
G1 X73.916 Y58.407 E1173.57209
G1 X74.217 Y58.74 E1173.59153
G1 X74.444 Y59.133 E1173.61119
G1 X74.581 Y59.553 E1173.63032
G1 X74.628 Y60 E1173.64978
G1 X74.581 Y60.447 E1173.66925
G1 X74.444 Y60.867 E1173.68838
G1 X74.217 Y61.26 E1173.70803
G1 X73.916 Y61.593 E1173.72747
G1 X73.557 Y61.855 E1173.74672
G1 X73.148 Y62.036 E1173.76609
G1 X72.707 Y62.13 E1173.78562
G1 X72.262 Y62.13 E1173.80489
G1 X71.821 Y62.036 E1173.82441
G1 X71.413 Y61.855 E1173.84374
G1 X71.054 Y61.593 E1173.86299
G1 X70.749 Y61.256 E1173.88267
G1 X70.111 Y60.15 E1173.93797
G1 X50.875 Y60.15 E1174.771
G1 X50.875 Y62.39 E1174.868
G1 X46.095 Y62.39 E1175.075
G1 X46.095 Y57.61 E1175.282
G1 X50.875 Y57.61 E1175.48901
G1 X50.875 Y59.338 E1175.56384
G0 F1920 X50.875 Y59.85
M204 S2000
M205 X30 Y30
G0 F3600 X51.375 Y59.35
M204 S500
M205 X10 Y10
G1 F2400 X69.822 Y59.35 E1176.3627
G1 X70.342 Y58.449 E1176.40775
G1 X70.717 Y58.034 E1176.43197
G1 X71.163 Y57.709 E1176.45587
G1 X71.665 Y57.486 E1176.47966
G1 X72.21 Y57.37 E1176.50379
G1 X72.759 Y57.37 E1176.52756
G1 X73.304 Y57.486 E1176.55169
G1 X73.807 Y57.709 E1176.57552
G1 X74.253 Y58.034 E1176.59942
G1 X74.624 Y58.445 E1176.6234
G1 X74.902 Y58.927 E1176.64749
G1 X75.072 Y59.449 E1176.67127
G1 X75.13 Y60 E1176.69526
G1 X75.072 Y60.551 E1176.71925
G1 X74.902 Y61.073 E1176.74303
G1 X74.624 Y61.555 E1176.76712
G1 X74.253 Y61.966 E1176.7911
G1 X73.807 Y62.291 E1176.815
G1 X73.304 Y62.514 E1176.83883
G1 X72.759 Y62.63 E1176.86296
G1 X72.21 Y62.63 E1176.88673
G1 X71.665 Y62.514 E1176.91086
G1 X71.163 Y62.291 E1176.93465
G1 X70.717 Y61.966 E1176.95855
G1 X70.342 Y61.551 E1176.98277
G1 X69.822 Y60.65 E1177.02782
G1 X51.375 Y60.65 E1177.82668
G1 X51.375 Y62.89 E1177.92369
G1 X45.595 Y62.89 E1178.17399
G1 X45.595 Y57.11 E1178.4243
G1 X51.375 Y57.11 E1178.67461
G1 X51.375 Y58.838 E1178.74944
G0 F1920 X51.375 Y59.35
M204 S2000
M205 X30 Y30
G0 F3600 X51.875 Y58.85
M204 S500
M205 X10 Y10
;TYPE:WALL-OUTER
G1 F1200 X69.533 Y58.85 E1179.51413
G1 X69.935 Y58.154 E1179.54894
G1 X70.38 Y57.661 E1179.5777
G1 X70.913 Y57.273 E1179.60625
G1 X71.509 Y57.008 E1179.6345
G1 X72.158 Y56.87 E1179.66323
G1 X72.811 Y56.87 E1179.69151
G1 X73.46 Y57.008 E1179.72024
G1 X74.057 Y57.273 E1179.74853
G1 X74.59 Y57.661 E1179.77708
G1 X75.031 Y58.15 E1179.8056
G1 X75.36 Y58.721 E1179.83414
G1 X75.563 Y59.345 E1179.86255
G1 X75.632 Y60 E1179.89107
G1 X75.563 Y60.655 E1179.9196
G1 X75.36 Y61.279 E1179.94801
G1 X75.031 Y61.85 E1179.97655
G1 X74.59 Y62.339 E1180.00507
G1 X74.057 Y62.727 E1180.03362
G1 X73.46 Y62.992 E1180.0619
G1 X72.811 Y63.13 E1180.09064
G1 X72.158 Y63.13 E1180.11892
G1 X71.509 Y62.992 E1180.14765
G1 X70.913 Y62.727 E1180.1759
G1 X70.38 Y62.339 E1180.20445
G1 X69.935 Y61.846 E1180.23321
G1 X69.533 Y61.15 E1180.26801
G1 X51.875 Y61.15 E1181.03271
G1 X51.875 Y63.39 E1181.12971
G1 X45.095 Y63.39 E1181.42333
G1 X45.095 Y56.61 E1181.71694
G1 X51.875 Y56.61 E1182.01055
G1 X51.875 Y58.338 E1182.08538
G0 F960 X51.875 Y58.85
M204 S2000
M205 X30 Y30
G0 F3600 X52.125 Y58.85
G0 X52.125 Y59.45
G0 X51.347 Y59.378
G0 X50.385 Y58.1
M204 S500
M205 X10 Y10
;TYPE:SKIN
G1 F600 X50.385 Y61.9 E1182.28287
G1 X46.585 Y61.9 E1182.48035
G1 X46.585 Y58.1 E1182.67783
G1 X49.873 Y58.1 E1182.8487
G0 F960 X50.385 Y58.1
M204 S2000
M205 X30 Y30
G0 F3600 X50.16 Y58.645
M204 S500
M205 X10 Y10
G1 F1200 X49.839 Y58.324 E1182.8723
M204 S2000
M205 X30 Y30
G0 F3600 X49.131 Y58.324
M204 S500
M205 X10 Y10
G1 F1200 X50.16 Y59.352 E1182.94789
M204 S2000
M205 X30 Y30
G0 F3600 X50.16 Y60.059
M204 S500
M205 X10 Y10
G1 F1200 X48.424 Y58.324 E1183.07544
M204 S2000
M205 X30 Y30
G0 F3600 X47.717 Y58.324
M204 S500
M205 X10 Y10
G1 F1200 X50.16 Y60.766 E1183.25495
M204 S2000
M205 X30 Y30
G0 F3600 X50.16 Y61.473
M204 S500
M205 X10 Y10
G1 F1200 X47.01 Y58.324 E1183.48642
M204 S2000
M205 X30 Y30
G0 F3600 X46.809 Y58.83
M204 S500
M205 X10 Y10
G1 F1200 X49.653 Y61.674 E1183.69544
M204 S2000
M205 X30 Y30
G0 F3600 X48.946 Y61.674
M204 S500
M205 X10 Y10
G1 F1200 X46.809 Y59.537 E1183.8525
M204 S2000
M205 X30 Y30
G0 F3600 X46.809 Y60.244
M204 S500
M205 X10 Y10
G1 F1200 X48.239 Y61.674 E1183.9576
M204 S2000
M205 X30 Y30
G0 F3600 X47.532 Y61.674
M204 S500
M205 X10 Y10
G1 F1200 X46.809 Y60.951 E1184.01074
G1 X46.597 Y60.739
M204 S2000
M205 X30 Y30
G0 F3600 X70.59 Y60
M204 S500
M205 X10 Y10
G1 F600 X71.15 Y59.032 E1184.06885
G1 X71.384 Y58.772 E1184.08703
G1 X71.659 Y58.572 E1184.1047
G1 X71.969 Y58.435 E1184.12232
G1 X72.318 Y58.36 E1184.14087
G1 X72.651 Y58.36 E1184.15817
G1 X72.996 Y58.434 E1184.17651
G1 X73.315 Y58.575 E1184.19464
G1 X73.586 Y58.772 E1184.21205
G1 X73.82 Y59.031 E1184.23019
G1 X73.994 Y59.331 E1184.24821
G1 X74.098 Y59.653 E1184.2658
G1 X74.134 Y60 E1184.28393
G1 X74.098 Y60.347 E1184.30206
G1 X73.994 Y60.669 E1184.31964
G1 X73.82 Y60.969 E1184.33766
G1 X73.586 Y61.228 E1184.3558
G1 X73.315 Y61.425 E1184.37322
G1 X72.996 Y61.566 E1184.39134
G1 X72.651 Y61.64 E1184.40968
G1 X72.318 Y61.64 E1184.42698
G1 X71.969 Y61.565 E1184.44554
G1 X71.659 Y61.428 E1184.46315
G1 X71.384 Y61.228 E1184.48082
G1 X71.15 Y60.968 E1184.499
G1 X70.846 Y60.443 E1184.53053
G0 F960 X70.59 Y60
M204 S2000
M205 X30 Y30
G0 F3600 X71.891 Y61.284
M204 S500
M205 X10 Y10
G1 F1200 X71.18 Y60.574 E1184.58274
M204 S2000
M205 X30 Y30
G0 F3600 X71.018 Y59.705
M204 S500
M205 X10 Y10
G1 F1200 X72.711 Y61.397 E1184.70714
M204 S2000
M205 X30 Y30
G0 F3600 X73.229 Y61.208
M204 S500
M205 X10 Y10
G1 F1200 X71.278 Y59.257 E1184.85052
M204 S2000
M205 X30 Y30
G0 F3600 X71.611 Y58.883
M204 S500
M205 X10 Y10
G1 F1200 X73.602 Y60.874 E1184.99685
M204 S2000
M205 X30 Y30
G0 F3600 X73.842 Y60.407
M204 S500
M205 X10 Y10
G1 F1200 X72.076 Y58.641 E1185.12665
M204 S2000
M205 X30 Y30
G0 F3600 X72.754 Y58.612
M204 S500
M205 X10 Y10
G1 F1200 X73.88 Y59.738 E1185.2094
G1 X74.092 Y59.95
M204 S2000
M205 X30 Y30
;MESH:NONMESH
G0 F600 X74.092 Y59.95 Z39.05
G0 F3600 X51.347 Y60.622
G0 X50.875 Y62.39
;TIME_ELAPSED:1441.565034
;LAYER:155
M204 S500
M205 X10 Y10
;TYPE:WALL-INNER
;MESH:RetractTower
G1 F2400 X46.095 Y62.39 E1185.4164
G1 X46.095 Y57.61 E1185.6234
G1 X50.875 Y57.61 E1185.83041
G1 X50.875 Y61.878 E1186.01523
G0 F1920 X50.875 Y62.39
M204 S2000
M205 X30 Y30
G0 F3600 X51.375 Y62.89
M204 S500
M205 X10 Y10
G1 F2400 X45.595 Y62.89 E1186.26554
G1 X45.595 Y57.11 E1186.51585
G1 X51.375 Y57.11 E1186.76616
G1 X51.375 Y62.378 E1186.99429
G0 F1920 X51.375 Y62.89
M204 S2000
M205 X30 Y30
G0 F3600 X51.875 Y63.39
M204 S500
M205 X10 Y10
;TYPE:WALL-OUTER
G1 F1200 X45.095 Y63.39 E1187.2879
G1 X45.095 Y56.61 E1187.58152
G1 X51.875 Y56.61 E1187.87513
G1 X51.875 Y62.878 E1188.14657
G0 F960 X51.875 Y63.39
M204 S2000
M205 X30 Y30
G0 F3600 X51.625 Y63.39
G0 X51.305 Y62.82
G0 X50.385 Y61.9
M204 S500
M205 X10 Y10
;TYPE:SKIN
G1 F600 X46.585 Y61.9 E1188.34405
G1 X46.585 Y58.1 E1188.54153
G1 X50.385 Y58.1 E1188.73902
G1 X50.385 Y61.388 E1188.90989
G0 F960 X50.385 Y61.9
M204 S2000
M205 X30 Y30
G0 F3600 X50.048 Y61.674
M204 S500
M205 X10 Y10
G1 F1200 X50.16 Y61.562 E1188.91812
M204 S2000
M205 X30 Y30
G0 F3600 X50.16 Y60.855
M204 S500
M205 X10 Y10
G1 F1200 X49.341 Y61.674 E1188.97831
M204 S2000
M205 X30 Y30
G0 F3600 X48.634 Y61.674
M204 S500
M205 X10 Y10
G1 F1200 X50.16 Y60.148 E1189.09047
M204 S2000
M205 X30 Y30
G0 F3600 X50.16 Y59.441
M204 S500
M205 X10 Y10
G1 F1200 X47.926 Y61.674 E1189.25462
M204 S2000
M205 X30 Y30
G0 F3600 X47.219 Y61.674
M204 S500
M205 X10 Y10
G1 F1200 X50.16 Y58.734 E1189.47073
M204 S2000
M205 X30 Y30
G0 F3600 X49.863 Y58.324
M204 S500
M205 X10 Y10
G1 F1200 X46.809 Y61.377 E1189.69515
M204 S2000
M205 X30 Y30
G0 F3600 X46.809 Y60.67
M204 S500
M205 X10 Y10
G1 F1200 X49.155 Y58.324 E1189.86757
M204 S2000
M205 X30 Y30
G0 F3600 X48.448 Y58.324
M204 S500
M205 X10 Y10
G1 F1200 X46.809 Y59.963 E1189.98803
M204 S2000
M205 X30 Y30
G0 F3600 X46.809 Y59.256
M204 S500
M205 X10 Y10
G1 F1200 X47.741 Y58.324 E1190.05653
M204 S2000
M205 X30 Y30
G0 F3600 X47.034 Y58.324
M204 S500
M205 X10 Y10
G1 F1200 X46.809 Y58.549 E1190.07306
M204 S2000
M205 X30 Y30
G1 F2700 E1181.07306 ; Modi
G0 F3600 X51.355 Y57.964
G0 X52.79 Y57.964
G0 X69.666 Y57.089
G0 X70.729 Y58.049
G0 X73.148 Y57.964
M204 S500
M205 X10 Y10
;TYPE:WALL-INNER
G1 F2700 E1190.07306
G1 F720 X73.557 Y58.145 E1190.09243
G1 X73.916 Y58.407 E1190.11168
G1 X74.217 Y58.74 E1190.13112
G1 X74.444 Y59.133 E1190.15077
G1 X74.581 Y59.553 E1190.1699
G1 X74.628 Y60 E1190.18937
G1 X74.581 Y60.447 E1190.20883
G1 X74.444 Y60.867 E1190.22796
G1 X74.217 Y61.26 E1190.24762
G1 X73.916 Y61.593 E1190.26706
G1 X73.557 Y61.855 E1190.2863
G1 X73.148 Y62.036 E1190.30567
G1 X72.707 Y62.13 E1190.3252
G1 X72.262 Y62.13 E1190.34447
G1 X71.821 Y62.036 E1190.364
G1 X71.415 Y61.856 E1190.38323
G1 X71.051 Y61.59 E1190.40275
G1 X70.752 Y61.26 E1190.42204
G1 X70.527 Y60.87 E1190.44154
G1 X70.389 Y60.445 E1190.46089
G1 X70.342 Y60 E1190.48026
G1 X70.389 Y59.555 E1190.49964
G1 X70.527 Y59.13 E1190.51899
G1 X70.752 Y58.74 E1190.53849
G1 X71.051 Y58.41 E1190.55778
G1 X71.415 Y58.144 E1190.5773
G1 X71.821 Y57.964 E1190.59653
G1 X72.262 Y57.87 E1190.61606
G1 X72.645 Y57.87 E1190.63265
G0 F1920 X72.707 Y57.87
G0 X73.148 Y57.964
M204 S2000
M205 X30 Y30
G0 F3600 X73.304 Y57.486
M204 S500
M205 X10 Y10
G1 F2400 X73.807 Y57.709 E1190.65647
G1 X74.253 Y58.034 E1190.68037
G1 X74.624 Y58.445 E1190.70435
G1 X74.902 Y58.927 E1190.72845
G1 X75.072 Y59.449 E1190.75222
G1 X75.13 Y60 E1190.77621
G1 X75.072 Y60.551 E1190.80021
G1 X74.902 Y61.073 E1190.82398
G1 X74.624 Y61.555 E1190.84808
G1 X74.253 Y61.966 E1190.87205
G1 X73.807 Y62.291 E1190.89595
G1 X73.304 Y62.514 E1190.91978
G1 X72.759 Y62.63 E1190.94391
G1 X72.21 Y62.63 E1190.96769
G1 X71.665 Y62.514 E1190.99182
G1 X71.163 Y62.291 E1191.0156
G1 X70.716 Y61.965 E1191.03956
G1 X70.345 Y61.555 E1191.06351
G1 X70.067 Y61.073 E1191.0876
G1 X69.898 Y60.552 E1191.11132
G1 X69.84 Y60 E1191.13536
G1 X69.898 Y59.448 E1191.1594
G1 X70.067 Y58.927 E1191.18312
G1 X70.345 Y58.445 E1191.20721
G1 X70.716 Y58.035 E1191.23116
G1 X71.163 Y57.709 E1191.25512
G1 X71.665 Y57.486 E1191.2789
G1 X72.21 Y57.37 E1191.30304
G1 X72.759 Y57.37 E1191.32681
G1 X72.804 Y57.38 E1191.32881
G0 F1920 X73.304 Y57.486
M204 S2000
M205 X30 Y30
G0 F3600 X73.46 Y57.008
M204 S500
M205 X10 Y10
;TYPE:WALL-OUTER
G1 F1200 X74.057 Y57.273 E1191.35709
G1 X74.59 Y57.661 E1191.38564
G1 X75.031 Y58.15 E1191.41416
G1 X75.36 Y58.721 E1191.4427
G1 X75.563 Y59.345 E1191.47111
G1 X75.632 Y60 E1191.49964
G1 X75.563 Y60.655 E1191.52816
G1 X75.36 Y61.279 E1191.55658
G1 X75.031 Y61.85 E1191.58511
G1 X74.59 Y62.339 E1191.61363
G1 X74.057 Y62.727 E1191.64218
G1 X73.46 Y62.992 E1191.67047
G1 X72.811 Y63.13 E1191.6992
G1 X72.158 Y63.13 E1191.72748
G1 X71.509 Y62.992 E1191.75621
G1 X70.913 Y62.727 E1191.78446
G1 X70.379 Y62.338 E1191.81307
G1 X69.938 Y61.85 E1191.84155
G1 X69.609 Y61.279 E1191.87009
G1 X69.406 Y60.656 E1191.89847
G1 X69.338 Y60 E1191.92703
G1 X69.406 Y59.344 E1191.95559
G1 X69.609 Y58.721 E1191.98396
G1 X69.938 Y58.15 E1192.0125
G1 X70.379 Y57.662 E1192.04099
G1 X70.913 Y57.273 E1192.0696
G1 X71.509 Y57.008 E1192.09784
G1 X72.158 Y56.87 E1192.12658
G1 X72.811 Y56.87 E1192.15486
G1 X72.959 Y56.902 E1192.16141
G0 F960 X73.46 Y57.008
M204 S2000
M205 X30 Y30
G0 F3600 X73.688 Y57.109
G0 X73.445 Y57.657
G0 X72.996 Y58.434
M204 S500
M205 X10 Y10
;TYPE:SKIN
G1 F600 X73.315 Y58.575 E1192.17954
G1 X73.586 Y58.772 E1192.19695
G1 X73.82 Y59.031 E1192.21509
G1 X73.994 Y59.331 E1192.23311
G1 X74.098 Y59.653 E1192.2507
G1 X74.134 Y60 E1192.26883
G1 X74.098 Y60.347 E1192.28696
G1 X73.994 Y60.669 E1192.30454
G1 X73.82 Y60.969 E1192.32257
G1 X73.586 Y61.228 E1192.34071
G1 X73.315 Y61.425 E1192.35812
G1 X72.996 Y61.566 E1192.37624
G1 X72.651 Y61.64 E1192.39458
G1 X72.318 Y61.64 E1192.41189
G1 X71.969 Y61.566 E1192.43043
G1 X71.664 Y61.43 E1192.44778
G1 X71.379 Y61.222 E1192.46612
G1 X71.152 Y60.972 E1192.48367
G1 X70.976 Y60.666 E1192.50201
G1 X70.872 Y60.347 E1192.51945
G1 X70.836 Y60 E1192.53758
G1 X70.872 Y59.653 E1192.55571
G1 X70.976 Y59.334 E1192.57315
G1 X71.152 Y59.028 E1192.59149
G1 X71.379 Y58.778 E1192.60904
G1 X71.664 Y58.57 E1192.62738
G1 X71.969 Y58.434 E1192.64473
G1 X72.318 Y58.36 E1192.66327
G1 X72.491 Y58.36 E1192.67226
G0 F960 X72.651 Y58.36
G0 X72.996 Y58.434
M204 S2000
M205 X30 Y30
G0 F3600 X72.199 Y58.614
M204 S500
M205 X10 Y10
G1 F1200 X71.089 Y59.725 E1192.75388
M204 S2000
M205 X30 Y30
G0 F3600 X71.124 Y60.397
M204 S500
M205 X10 Y10
G1 F1200 X72.882 Y58.638 E1192.88312
M204 S2000
M205 X30 Y30
G0 F3600 X73.35 Y58.878
M204 S500
M205 X10 Y10
G1 F1200 X71.361 Y60.867 E1193.0293
M204 S2000
M205 X30 Y30
G0 F3600 X71.732 Y61.203
M204 S500
M205 X10 Y10
G1 F1200 X73.686 Y59.249 E1193.17291
M204 S2000
M205 X30 Y30
G0 F3600 X73.882 Y59.761
M204 S500
M205 X10 Y10
G1 F1200 X72.247 Y61.395 E1193.29304
M204 S2000
M205 X30 Y30
G0 F3600 X73.058 Y61.292
M204 S500
M205 X10 Y10
G1 F1200 X73.791 Y60.558 E1193.34695
G1 X74.003 Y60.346
M204 S2000
M205 X30 Y30
G1 F2700 E1184.34695 ; Modi
;MESH:NONMESH
G0 F600 X74.003 Y60.346 Z39.3
G0 F3600 X69.917 Y60.548
G0 X68.491 Y60.697
G0 X52.79 Y60.548
G0 X51.355 Y60.548
G0 X50.875 Y62.39
;TIME_ELAPSED:1453.612208
;LAYER:156
M204 S500
M205 X10 Y10
;TYPE:WALL-INNER
;MESH:RetractTower
G1 F2700 E1193.34695
G1 F2400 X46.095 Y62.39 E1193.55395
G1 X46.095 Y57.61 E1193.76095
G1 X50.875 Y57.61 E1193.96795
G1 X50.875 Y61.878 E1194.15278
G0 F1920 X50.875 Y62.39
M204 S2000
M205 X30 Y30
G0 F3600 X51.375 Y62.89
M204 S500
M205 X10 Y10
G1 F2400 X45.595 Y62.89 E1194.40309
G1 X45.595 Y57.11 E1194.6534
G1 X51.375 Y57.11 E1194.9037
G1 X51.375 Y62.378 E1195.13184
G0 F1920 X51.375 Y62.89
M204 S2000
M205 X30 Y30
G0 F3600 X51.875 Y63.39
M204 S500
M205 X10 Y10
;TYPE:WALL-OUTER
G1 F1200 X45.095 Y63.39 E1195.42545
G1 X45.095 Y56.61 E1195.71906
G1 X51.875 Y56.61 E1196.01268
G1 X51.875 Y62.878 E1196.28412
G0 F960 X51.875 Y63.39
M204 S2000
M205 X30 Y30
G0 F3600 X51.625 Y63.39
G0 X51.305 Y62.82
G0 X50.385 Y61.9
M204 S500
M205 X10 Y10
;TYPE:SKIN
G1 F600 X46.585 Y61.9 E1196.4816
G1 X46.585 Y58.1 E1196.67908
G1 X50.385 Y58.1 E1196.87656
G1 X50.385 Y61.388 E1197.04744
G0 F960 X50.385 Y61.9
M204 S2000
M205 X30 Y30
G0 F3600 X50.16 Y58.645
M204 S500
M205 X10 Y10
G1 F1200 X49.839 Y58.324 E1197.07103
M204 S2000
M205 X30 Y30
G0 F3600 X49.131 Y58.324
M204 S500
M205 X10 Y10
G1 F1200 X50.16 Y59.352 E1197.14662
M204 S2000
M205 X30 Y30
G0 F3600 X50.16 Y60.059
M204 S500
M205 X10 Y10
G1 F1200 X48.424 Y58.324 E1197.27417
M204 S2000
M205 X30 Y30
G0 F3600 X47.717 Y58.324
M204 S500
M205 X10 Y10
G1 F1200 X50.16 Y60.766 E1197.45368
M204 S2000
M205 X30 Y30
G0 F3600 X50.16 Y61.473
M204 S500
M205 X10 Y10
G1 F1200 X47.01 Y58.324 E1197.68516
M204 S2000
M205 X30 Y30
G0 F3600 X46.809 Y58.83
M204 S500
M205 X10 Y10
G1 F1200 X49.653 Y61.674 E1197.89418
M204 S2000
M205 X30 Y30
G0 F3600 X48.946 Y61.674
M204 S500
M205 X10 Y10
G1 F1200 X46.809 Y59.537 E1198.05123
M204 S2000
M205 X30 Y30
G0 F3600 X46.809 Y60.244
M204 S500
M205 X10 Y10
G1 F1200 X48.239 Y61.674 E1198.15633
M204 S2000
M205 X30 Y30
G0 F3600 X47.532 Y61.674
M204 S500
M205 X10 Y10
G1 F1200 X46.809 Y60.951 E1198.20947
G1 X46.597 Y60.739
M204 S2000
M205 X30 Y30
G1 F2700 E1189.20947 ; Modi
G0 F3600 X51.355 Y57.964
G0 X52.79 Y57.964
G0 X69.666 Y57.089
G0 X70.729 Y58.049
G0 X73.148 Y57.964
M204 S500
M205 X10 Y10
;TYPE:WALL-INNER
G1 F2700 E1198.20947
G1 F720 X73.557 Y58.145 E1198.22884
G1 X73.916 Y58.407 E1198.24809
G1 X74.217 Y58.74 E1198.26752
G1 X74.444 Y59.133 E1198.28718
G1 X74.581 Y59.553 E1198.30631
G1 X74.628 Y60 E1198.32577
G1 X74.581 Y60.447 E1198.34524
G1 X74.444 Y60.867 E1198.36437
G1 X74.217 Y61.26 E1198.38403
G1 X73.916 Y61.593 E1198.40346
G1 X73.557 Y61.855 E1198.42271
G1 X73.148 Y62.036 E1198.44208
G1 X72.707 Y62.13 E1198.46161
G1 X72.262 Y62.13 E1198.48088
G1 X71.821 Y62.036 E1198.5004
G1 X71.415 Y61.856 E1198.51964
G1 X71.051 Y61.59 E1198.53916
G1 X70.752 Y61.26 E1198.55845
G1 X70.527 Y60.87 E1198.57794
G1 X70.389 Y60.445 E1198.59729
G1 X70.342 Y60 E1198.61667
G1 X70.389 Y59.555 E1198.63605
G1 X70.527 Y59.13 E1198.6554
G1 X70.752 Y58.74 E1198.6749
G1 X71.051 Y58.41 E1198.69418
G1 X71.415 Y58.144 E1198.71371
G1 X71.821 Y57.964 E1198.73294
G1 X72.262 Y57.87 E1198.75247
G1 X72.645 Y57.87 E1198.76905
G0 F1920 X72.707 Y57.87
G0 X73.148 Y57.964
M204 S2000
M205 X30 Y30
G0 F3600 X73.304 Y57.486
M204 S500
M205 X10 Y10
G1 F2400 X73.807 Y57.709 E1198.79288
G1 X74.253 Y58.034 E1198.81678
G1 X74.624 Y58.445 E1198.84076
G1 X74.902 Y58.927 E1198.86485
G1 X75.072 Y59.449 E1198.88863
G1 X75.13 Y60 E1198.91262
G1 X75.072 Y60.551 E1198.93661
G1 X74.902 Y61.073 E1198.96039
G1 X74.624 Y61.555 E1198.98449
G1 X74.253 Y61.966 E1199.00846
G1 X73.807 Y62.291 E1199.03236
G1 X73.304 Y62.514 E1199.05619
G1 X72.759 Y62.63 E1199.08032
G1 X72.21 Y62.63 E1199.10409
G1 X71.665 Y62.514 E1199.12822
G1 X71.163 Y62.291 E1199.15201
G1 X70.716 Y61.965 E1199.17597
G1 X70.345 Y61.555 E1199.19992
G1 X70.067 Y61.073 E1199.22401
G1 X69.898 Y60.552 E1199.24773
G1 X69.84 Y60 E1199.27177
G1 X69.898 Y59.448 E1199.2958
G1 X70.067 Y58.927 E1199.31952
G1 X70.345 Y58.445 E1199.34362
G1 X70.716 Y58.035 E1199.36757
G1 X71.163 Y57.709 E1199.39153
G1 X71.665 Y57.486 E1199.41531
G1 X72.21 Y57.37 E1199.43944
G1 X72.759 Y57.37 E1199.46322
G1 X72.804 Y57.38 E1199.46521
G0 F1920 X73.304 Y57.486
M204 S2000
M205 X30 Y30
G0 F3600 X73.46 Y57.008
M204 S500
M205 X10 Y10
;TYPE:WALL-OUTER
G1 F1200 X74.057 Y57.273 E1199.4935
G1 X74.59 Y57.661 E1199.52205
G1 X75.031 Y58.15 E1199.55057
G1 X75.36 Y58.721 E1199.57911
G1 X75.563 Y59.345 E1199.60752
G1 X75.632 Y60 E1199.63604
G1 X75.563 Y60.655 E1199.66457
G1 X75.36 Y61.279 E1199.69298
G1 X75.031 Y61.85 E1199.72152
G1 X74.59 Y62.339 E1199.75004
G1 X74.057 Y62.727 E1199.77859
G1 X73.46 Y62.992 E1199.80687
G1 X72.811 Y63.13 E1199.83561
G1 X72.158 Y63.13 E1199.86389
G1 X71.509 Y62.992 E1199.89262
G1 X70.913 Y62.727 E1199.92087
G1 X70.379 Y62.338 E1199.94948
G1 X69.938 Y61.85 E1199.97796
G1 X69.609 Y61.279 E1200.0065
G1 X69.406 Y60.656 E1200.03488
G1 X69.338 Y60 E1200.06344
G1 X69.406 Y59.344 E1200.092
G1 X69.609 Y58.721 E1200.12037
G1 X69.938 Y58.15 E1200.14891
G1 X70.379 Y57.662 E1200.1774
G1 X70.913 Y57.273 E1200.20601
G1 X71.509 Y57.008 E1200.23425
G1 X72.158 Y56.87 E1200.26299
G1 X72.811 Y56.87 E1200.29126
G1 X72.959 Y56.902 E1200.29782
G0 F960 X73.46 Y57.008
M204 S2000
M205 X30 Y30
G0 F3600 X73.688 Y57.109
G0 X73.445 Y57.657
G0 X72.996 Y58.434
M204 S500
M205 X10 Y10
;TYPE:SKIN
G1 F600 X73.315 Y58.575 E1200.31595
G1 X73.586 Y58.772 E1200.33336
G1 X73.82 Y59.031 E1200.3515
G1 X73.994 Y59.331 E1200.36952
G1 X74.098 Y59.653 E1200.38711
G1 X74.134 Y60 E1200.40524
G1 X74.098 Y60.347 E1200.42337
G1 X73.994 Y60.669 E1200.44095
G1 X73.82 Y60.969 E1200.45898
G1 X73.586 Y61.228 E1200.47712
G1 X73.315 Y61.425 E1200.49453
G1 X72.996 Y61.566 E1200.51265
G1 X72.651 Y61.64 E1200.53099
G1 X72.318 Y61.64 E1200.5483
G1 X71.969 Y61.566 E1200.56684
G1 X71.664 Y61.43 E1200.58419
G1 X71.379 Y61.222 E1200.60253
G1 X71.152 Y60.972 E1200.62008
G1 X70.976 Y60.666 E1200.63842
G1 X70.872 Y60.347 E1200.65586
G1 X70.836 Y60 E1200.67399
G1 X70.872 Y59.653 E1200.69212
G1 X70.976 Y59.334 E1200.70955
G1 X71.152 Y59.028 E1200.7279
G1 X71.379 Y58.778 E1200.74545
G1 X71.664 Y58.57 E1200.76379
G1 X71.969 Y58.434 E1200.78114
G1 X72.318 Y58.36 E1200.79968
G1 X72.491 Y58.36 E1200.80867
G0 F960 X72.651 Y58.36
G0 X72.996 Y58.434
M204 S2000
M205 X30 Y30
G0 F3600 X72.754 Y58.612
M204 S500
M205 X10 Y10
G1 F1200 X73.88 Y59.738 E1200.89143
M204 S2000
M205 X30 Y30
G0 F3600 X73.842 Y60.407
M204 S500
M205 X10 Y10
G1 F1200 X72.076 Y58.641 E1201.02122
M204 S2000
M205 X30 Y30
G0 F3600 X71.612 Y58.885
M204 S500
M205 X10 Y10
G1 F1200 X73.602 Y60.874 E1201.16744
M204 S2000
M205 X30 Y30
G0 F3600 X73.229 Y61.208
M204 S500
M205 X10 Y10
G1 F1200 X71.278 Y59.257 E1201.31083
M204 S2000
M205 X30 Y30
G0 F3600 X71.084 Y59.77
M204 S500
M205 X10 Y10
G1 F1200 X72.711 Y61.397 E1201.4304
M204 S2000
M205 X30 Y30
G0 F3600 X71.892 Y61.286
M204 S500
M205 X10 Y10
G1 F1200 X71.185 Y60.578 E1201.4824
G1 X70.973 Y60.366
;TIME_ELAPSED:1465.230982
G1 F2700 E1192.48240 ; Modi
M140 S0
M204 S4000
M205 X20 Y20
M107
M104 S0
M140 S0
;Retract the filament
G92 E1
G1 F300 E1192.48240 ; Modi
G28 X0 Y0
M84
M82 ;absolute extrusion mode
M104 S0
;End of Gcode
;SETTING_3 {"global_quality": "[general]\\nversion = 4\\nname = 0.5-pla-hot\\nde
;SETTING_3 finition = custom\\n\\n[metadata]\\ntype = quality_changes\\nsetting_
;SETTING_3 version = 16\\nquality_type = verydraft\\n\\n[values]\\nacceleration_
;SETTING_3 enabled = True\\nadhesion_type = skirt\\njerk_enabled = True\\nlayer_
;SETTING_3 height = 0.25\\nlayer_height_0 = 0.3\\nmaterial_bed_temperature = 60\
;SETTING_3 \nmaterial_bed_temperature_layer_0 = 60\\nsupport_enable = False\\ntr
;SETTING_3 avel_retract_before_outer_wall = True\\n\\n", "extruder_quality": ["[
;SETTING_3 general]\\nversion = 4\\nname = 0.5-pla-hot\\ndefinition = custom\\n\
;SETTING_3 \n[metadata]\\nposition = 0\\ntype = quality_changes\\nsetting_versio
;SETTING_3 n = 16\\nquality_type = verydraft\\nintent_category = default\\n\\n[v
;SETTING_3 alues]\\nacceleration_print = 500\\nacceleration_travel = 2000\\nacce
;SETTING_3 leration_travel_layer_0 = 1000.0\\nbottom_layers = 3\\nbrim_outside_o
;SETTING_3 nly = False\\nbrim_width = 3\\ncoasting_enable = True\\ncoasting_spee
;SETTING_3 d = 80\\ncool_fan_full_layer = 3\\nfill_perimeter_gaps = nowhere\\nho
;SETTING_3 le_xy_offset = 0\\ninfill_pattern = lines\\ninfill_sparse_density = 3
;SETTING_3 0\\ninfill_wipe_dist = 0.3\\ninitial_layer_line_width_factor = 103.0\
;SETTING_3 \njerk_print = 10\\nline_width = 0.5\\nmaterial_final_print_temperatu
;SETTING_3 re = 190\\nmaterial_flow = 83.33\\nmaterial_flow_layer_0 = 100\\nmate
;SETTING_3 rial_initial_print_temperature = 205\\nmaterial_print_temperature = 1
;SETTING_3 90\\nmin_infill_area = 30\\nretraction_amount = 4\\nretraction_extra_
;SETTING_3 prime_amount = 0.0\\nretraction_min_travel = 1\\nretraction_speed = 4
;SETTING_3 5\\nskin_line_width = 0.5\\nskin_material_flow = 100\\nskirt_brim_mat
;SETTING_3 erial_flow = 100\\nskirt_line_count = 2\\nsmall_feature_speed_factor 
;SETTING_3 = 30\\nsmall_hole_max_size = 5\\nspeed_layer_0 = 15.0\\nspeed_print =
;SETTING_3  40\\nspeed_travel = 60\\nsupport_infill_rate = 20\\nsupport_top_dist
;SETTING_3 ance = 0.15\\nsupport_use_towers = False\\ntop_layers = 3\\ntravel_co
;SETTING_3 mpensate_overlapping_walls_enabled = False\\nwall_line_count = 3\\nwa
;SETTING_3 ll_line_width_0 = 0.5\\nwall_line_width_x = 0.5\\nxy_offset = -0.2\\n
;SETTING_3 xy_offset_layer_0 = 0\\n\\n"]}
